scenario,seed,fold,model,selected_threshold,train_seconds_including_inner_cv,predict_seconds,policy,ap,roc_auc,brier,log_loss,f1,precision,recall,mcc,tn,fp,fn,tp,fnr,fpr,rows,positives,unique_scores,recall_at_1pct,precision_at_1pct,lift_at_1pct,recall_at_3pct,precision_at_3pct,lift_at_3pct,recall_at_5pct,precision_at_5pct,lift_at_5pct,recall_at_10pct,precision_at_10pct,lift_at_10pct,recall_at_20pct,precision_at_20pct,lift_at_20pct,variant
cn7,42,0,dummy_prior,0.5,0.0003256219970353,9.232799857272768e-05,fixed_0.5,0.0123762376237623,0.5,0.0122292846606145,0.0668805073887151,0.0,0.0,0.0,0.0,399,0,5,0,1.0,0.0,404,5,1,0.0,0.0,0.0,0.0,0.0,0.0,0.0,0.0,0.0,0.0,0.0,0.0,0.2,0.0123456790123456,0.9975308641975308,baseline
cn7,42,0,dummy_prior,0.5,0.0003256219970353,9.232799857272768e-05,inner_f1,0.0123762376237623,0.5,0.0122292846606145,0.0668805073887151,0.0,0.0,0.0,0.0,399,0,5,0,1.0,0.0,404,5,1,0.0,0.0,0.0,0.0,0.0,0.0,0.0,0.0,0.0,0.0,0.0,0.0,0.2,0.0123456790123456,0.9975308641975308,baseline
cn7,42,0,logistic,0.6546037584468497,0.0141370279998227,0.0004462770011741,fixed_0.5,0.6294117647058823,0.9796992481203008,0.0066331906372556,0.0279160966303405,0.5714285714285714,1.0,0.4,0.630091204011875,399,0,3,2,0.6,0.0,404,5,203,0.6,0.6,48.48,0.6,0.2307692307692307,18.646153846153847,0.8,0.1904761904761904,15.390476190476187,1.0,0.1219512195121951,9.853658536585366,1.0,0.0617283950617283,4.987654320987653,baseline
cn7,42,0,logistic,0.6546037584468497,0.0141370279998227,0.0004462770011741,inner_f1,0.6294117647058823,0.9796992481203008,0.0066331906372556,0.0279160966303405,0.5714285714285714,1.0,0.4,0.630091204011875,399,0,3,2,0.6,0.0,404,5,203,0.6,0.6,48.48,0.6,0.2307692307692307,18.646153846153847,0.8,0.1904761904761904,15.390476190476187,1.0,0.1219512195121951,9.853658536585366,1.0,0.0617283950617283,4.987654320987653,baseline
cn7,42,0,logistic_balanced,0.999991590070514,0.013255632999062,0.0004319559993746,fixed_0.5,0.6,0.9827067669172932,0.0442989900634412,0.1533889281674504,0.2857142857142857,0.1666666666666666,1.0,0.3952516831918599,374,25,0,5,0.0,0.06265664160401,404,5,203,0.4,0.4,32.32,0.8,0.3076923076923077,24.861538461538466,0.8,0.1904761904761904,15.390476190476187,1.0,0.1219512195121951,9.853658536585366,1.0,0.0617283950617283,4.987654320987653,baseline
cn7,42,0,logistic_balanced,0.999991590070514,0.013255632999062,0.0004319559993746,inner_f1,0.6,0.9827067669172932,0.0442989900634412,0.1533889281674504,0.0,0.0,0.0,0.0,399,0,5,0,1.0,0.0,404,5,203,0.4,0.4,32.32,0.8,0.3076923076923077,24.861538461538466,0.8,0.1904761904761904,15.390476190476187,1.0,0.1219512195121951,9.853658536585366,1.0,0.0617283950617283,4.987654320987653,baseline
cn7,42,0,xgboost,0.0618699938058853,0.1904358379979385,0.0007090009967214,fixed_0.5,0.5168803418803418,0.9446115288220552,0.0110162353893288,0.0475672530496042,0.0,0.0,0.0,0.0,399,0,5,0,1.0,0.0,404,5,152,0.4,0.4,32.32,0.6,0.2307692307692307,18.646153846153847,0.6,0.1428571428571428,11.54285714285714,0.8,0.0975609756097561,7.882926829268293,0.8,0.0493827160493827,3.990123456790123,baseline
cn7,42,0,xgboost,0.0618699938058853,0.1904358379979385,0.0007090009967214,inner_f1,0.5168803418803418,0.9446115288220552,0.0110162353893288,0.0475672530496042,0.2608695652173913,0.1666666666666666,0.6,0.3013640904890551,384,15,2,3,0.4,0.037593984962406,404,5,152,0.4,0.4,32.32,0.6,0.2307692307692307,18.646153846153847,0.6,0.1428571428571428,11.54285714285714,0.8,0.0975609756097561,7.882926829268293,0.8,0.0493827160493827,3.990123456790123,baseline
cn7,42,0,xgboost_balanced,0.5426228642463684,0.0405706160017871,0.000795158000983,fixed_0.5,0.6478571428571429,0.9716791979949876,0.0142038544439135,0.0519589799001948,0.5333333333333333,0.4,0.8,0.5585630421316993,393,6,1,4,0.2,0.0150375939849624,404,5,201,0.6,0.6,48.48,0.8,0.3076923076923077,24.861538461538466,0.8,0.1904761904761904,15.390476190476187,0.8,0.0975609756097561,7.882926829268293,1.0,0.0617283950617283,4.987654320987653,baseline
cn7,42,0,xgboost_balanced,0.5426228642463684,0.0405706160017871,0.000795158000983,inner_f1,0.6478571428571429,0.9716791979949876,0.0142038544439135,0.0519589799001948,0.5333333333333333,0.4,0.8,0.5585630421316993,393,6,1,4,0.2,0.0150375939849624,404,5,201,0.6,0.6,48.48,0.8,0.3076923076923077,24.861538461538466,0.8,0.1904761904761904,15.390476190476187,0.8,0.0975609756097561,7.882926829268293,1.0,0.0617283950617283,4.987654320987653,baseline
cn7,42,0,extratrees,0.3588888888888888,1.1052150239993352,0.0656442640029126,fixed_0.5,0.5383928571428571,0.9776942355889724,0.0080848833757453,0.0315483139002949,0.5714285714285714,1.0,0.4,0.630091204011875,399,0,3,2,0.6,0.0,404,5,54,0.4,0.4,32.32,0.6,0.2307692307692307,18.646153846153847,0.8,0.1904761904761904,15.390476190476187,1.0,0.1219512195121951,9.853658536585366,1.0,0.0617283950617283,4.987654320987653,baseline
cn7,42,0,extratrees,0.3588888888888888,1.1052150239993352,0.0656442640029126,inner_f1,0.5383928571428571,0.9776942355889724,0.0080848833757453,0.0315483139002949,0.4444444444444444,0.5,0.4,0.4410570578970503,397,2,3,2,0.6,0.0050125313283208,404,5,54,0.4,0.4,32.32,0.6,0.2307692307692307,18.646153846153847,0.8,0.1904761904761904,15.390476190476187,1.0,0.1219512195121951,9.853658536585366,1.0,0.0617283950617283,4.987654320987653,baseline
cn7,42,0,extratrees_balanced,0.2796281848520247,1.1295923580000815,0.055953237999347,fixed_0.5,0.5678571428571428,0.9817042606516292,0.0235342490249522,0.0638805676436387,0.32,0.2,0.8,0.3872996827746701,383,16,1,4,0.2,0.0401002506265664,404,5,31,0.4,0.4,32.32,0.6,0.2307692307692307,18.646153846153847,0.8,0.1904761904761904,15.390476190476187,1.0,0.1219512195121951,9.853658536585366,1.0,0.0617283950617283,4.987654320987653,baseline
cn7,42,0,extratrees_balanced,0.2796281848520247,1.1295923580000815,0.055953237999347,inner_f1,0.5678571428571428,0.9817042606516292,0.0235342490249522,0.0638805676436387,0.2758620689655172,0.1666666666666666,0.8,0.350721770088585,379,20,1,4,0.2,0.050125313283208,404,5,31,0.4,0.4,32.32,0.6,0.2307692307692307,18.646153846153847,0.8,0.1904761904761904,15.390476190476187,1.0,0.1219512195121951,9.853658536585366,1.0,0.0617283950617283,4.987654320987653,baseline
cn7,42,0,catboost,0.1568110898793277,0.2795180149987573,0.0009181460009131,fixed_0.5,0.5356944444444445,0.9766917293233084,0.0071106762248296,0.031250435319038,0.5714285714285714,1.0,0.4,0.630091204011875,399,0,3,2,0.6,0.0,404,5,202,0.4,0.4,32.32,0.6,0.2307692307692307,18.646153846153847,0.8,0.1904761904761904,15.390476190476187,1.0,0.1219512195121951,9.853658536585366,1.0,0.0617283950617283,4.987654320987653,baseline
cn7,42,0,catboost,0.1568110898793277,0.2795180149987573,0.0009181460009131,inner_f1,0.5356944444444445,0.9766917293233084,0.0071106762248296,0.031250435319038,0.5714285714285714,1.0,0.4,0.630091204011875,399,0,3,2,0.6,0.0,404,5,202,0.4,0.4,32.32,0.6,0.2307692307692307,18.646153846153847,0.8,0.1904761904761904,15.390476190476187,1.0,0.1219512195121951,9.853658536585366,1.0,0.0617283950617283,4.987654320987653,baseline
cn7,42,0,catboost_balanced,0.6820946441830653,0.1216129670028749,0.0009761910005181,fixed_0.5,0.6291666666666667,0.9897243107769425,0.0175371838992839,0.0572836399543133,0.4210526315789473,0.2857142857142857,0.8,0.4684267826478821,389,10,1,4,0.2,0.025062656641604,404,5,202,0.4,0.4,32.32,0.8,0.3076923076923077,24.861538461538466,1.0,0.238095238095238,19.23809523809524,1.0,0.1219512195121951,9.853658536585366,1.0,0.0617283950617283,4.987654320987653,baseline
cn7,42,0,catboost_balanced,0.6820946441830653,0.1216129670028749,0.0009761910005181,inner_f1,0.6291666666666667,0.9897243107769425,0.0175371838992839,0.0572836399543133,0.4615384615384615,0.375,0.6,0.4661906674166375,394,5,2,3,0.4,0.012531328320802,404,5,202,0.4,0.4,32.32,0.8,0.3076923076923077,24.861538461538466,1.0,0.238095238095238,19.23809523809524,1.0,0.1219512195121951,9.853658536585366,1.0,0.0617283950617283,4.987654320987653,baseline
cn7,42,0,lightgbm,0.0373144544086181,0.193309111000417,0.0007605840000906,fixed_0.5,0.6194444444444445,0.975689223057644,0.0096247778419935,0.0370192317179402,0.0,0.0,0.0,0.0,399,0,5,0,1.0,0.0,404,5,200,0.6,0.6,48.48,0.6,0.2307692307692307,18.646153846153847,0.8,0.1904761904761904,15.390476190476187,1.0,0.1219512195121951,9.853658536585366,1.0,0.0617283950617283,4.987654320987653,baseline
cn7,42,0,lightgbm,0.0373144544086181,0.193309111000417,0.0007605840000906,inner_f1,0.6194444444444445,0.975689223057644,0.0096247778419935,0.0370192317179402,0.2962962962962963,0.1818181818181818,0.8,0.3677989626316141,381,18,1,4,0.2,0.0451127819548872,404,5,200,0.6,0.6,48.48,0.6,0.2307692307692307,18.646153846153847,0.8,0.1904761904761904,15.390476190476187,1.0,0.1219512195121951,9.853658536585366,1.0,0.0617283950617283,4.987654320987653,baseline
cn7,42,0,lightgbm_balanced,0.2552938738534634,0.0419758039970474,0.0007444770017173,fixed_0.5,0.6312500000000001,0.9837092731829572,0.0148957855777792,0.0540976134132912,0.5333333333333333,0.4,0.8,0.5585630421316993,393,6,1,4,0.2,0.0150375939849624,404,5,202,0.4,0.4,32.32,0.8,0.3076923076923077,24.861538461538466,0.8,0.1904761904761904,15.390476190476187,1.0,0.1219512195121951,9.853658536585366,1.0,0.0617283950617283,4.987654320987653,baseline
cn7,42,0,lightgbm_balanced,0.2552938738534634,0.0419758039970474,0.0007444770017173,inner_f1,0.6312500000000001,0.9837092731829572,0.0148957855777792,0.0540976134132912,0.32,0.2,0.8,0.3872996827746701,383,16,1,4,0.2,0.0401002506265664,404,5,202,0.4,0.4,32.32,0.8,0.3076923076923077,24.861538461538466,0.8,0.1904761904761904,15.390476190476187,1.0,0.1219512195121951,9.853658536585366,1.0,0.0617283950617283,4.987654320987653,baseline
cn7,42,1,dummy_prior,0.5,0.0001933630010171,6.525699791382067e-05,fixed_0.5,0.0173267326732673,0.5,0.0170508728019331,0.0883300961643208,0.0,0.0,0.0,0.0,397,0,7,0,1.0,0.0,404,7,1,0.0,0.0,0.0,0.0,0.0,0.0,0.0,0.0,0.0,0.1428571428571428,0.024390243902439,1.4076655052264808,0.2857142857142857,0.0246913580246913,1.425044091710758,baseline
cn7,42,1,dummy_prior,0.5,0.0001933630010171,6.525699791382067e-05,inner_f1,0.0173267326732673,0.5,0.0170508728019331,0.0883300961643208,0.0,0.0,0.0,0.0,397,0,7,0,1.0,0.0,404,7,1,0.0,0.0,0.0,0.0,0.0,0.0,0.0,0.0,0.0,0.1428571428571428,0.024390243902439,1.4076655052264808,0.2857142857142857,0.0246913580246913,1.425044091710758,baseline
cn7,42,1,logistic,0.5465167009404233,0.0094306929968297,0.0003960390022257,fixed_0.5,0.3853538430297492,0.9213745951781216,0.0127049048560806,0.0625736773814256,0.4444444444444444,1.0,0.2857142857142857,0.531187937969423,397,0,5,2,0.7142857142857143,0.0,404,7,203,0.2857142857142857,0.4,23.085714285714285,0.2857142857142857,0.1538461538461538,8.87912087912088,0.4285714285714285,0.1428571428571428,8.244897959183673,0.8571428571428571,0.1463414634146341,8.445993031358883,0.8571428571428571,0.074074074074074,4.2751322751322745,baseline
cn7,42,1,logistic,0.5465167009404233,0.0094306929968297,0.0003960390022257,inner_f1,0.3853538430297492,0.9213745951781216,0.0127049048560806,0.0625736773814256,0.4444444444444444,1.0,0.2857142857142857,0.531187937969423,397,0,5,2,0.7142857142857143,0.0,404,7,203,0.2857142857142857,0.4,23.085714285714285,0.2857142857142857,0.1538461538461538,8.87912087912088,0.4285714285714285,0.1428571428571428,8.244897959183673,0.8571428571428571,0.1463414634146341,8.445993031358883,0.8571428571428571,0.074074074074074,4.2751322751322745,baseline
cn7,42,1,logistic_balanced,0.7623545659844182,0.0156971469987183,0.0005598170027951,fixed_0.5,0.3947814090671233,0.9271320618927672,0.0274330882836583,0.096030920720646,0.2352941176470588,0.2,0.2857142857142857,0.223030355957391,389,8,5,2,0.7142857142857143,0.0201511335012594,404,7,204,0.2857142857142857,0.4,23.085714285714285,0.2857142857142857,0.1538461538461538,8.87912087912088,0.4285714285714285,0.1428571428571428,8.244897959183673,0.8571428571428571,0.1463414634146341,8.445993031358883,0.8571428571428571,0.074074074074074,4.2751322751322745,baseline
cn7,42,1,logistic_balanced,0.7623545659844182,0.0156971469987183,0.0005598170027951,inner_f1,0.3947814090671233,0.9271320618927672,0.0274330882836583,0.096030920720646,0.3076923076923077,0.3333333333333333,0.2857142857142857,0.2973495838419065,393,4,5,2,0.7142857142857143,0.0100755667506297,404,7,204,0.2857142857142857,0.4,23.085714285714285,0.2857142857142857,0.1538461538461538,8.87912087912088,0.4285714285714285,0.1428571428571428,8.244897959183673,0.8571428571428571,0.1463414634146341,8.445993031358883,0.8571428571428571,0.074074074074074,4.2751322751322745,baseline
cn7,42,1,xgboost,0.0288130212575197,0.0371037650002108,0.0008995409989438,fixed_0.5,0.1584830535641429,0.8882691615689097,0.016278167849389,0.0712208418923629,0.0,0.0,0.0,0.0,397,0,7,0,1.0,0.0,404,7,154,0.1428571428571428,0.2,11.542857142857144,0.1428571428571428,0.0769230769230769,4.43956043956044,0.4285714285714285,0.1428571428571428,8.244897959183673,0.5714285714285714,0.0975609756097561,5.630662020905923,0.5714285714285714,0.0493827160493827,2.850088183421516,baseline
cn7,42,1,xgboost,0.0288130212575197,0.0371037650002108,0.0008995409989438,inner_f1,0.1584830535641429,0.8882691615689097,0.016278167849389,0.0712208418923629,0.1403508771929824,0.08,0.5714285714285714,0.1805106371352993,351,46,3,4,0.4285714285714285,0.1158690176322418,404,7,154,0.1428571428571428,0.2,11.542857142857144,0.1428571428571428,0.0769230769230769,4.43956043956044,0.4285714285714285,0.1428571428571428,8.244897959183673,0.5714285714285714,0.0975609756097561,5.630662020905923,0.5714285714285714,0.0493827160493827,2.850088183421516,baseline
cn7,42,1,xgboost_balanced,0.9303063750267028,0.0424518079998961,0.0007193169985839,fixed_0.5,0.2446031746031746,0.9638359121986324,0.0195079213935555,0.064773916566949,0.2666666666666666,0.25,0.2857142857142857,0.2534433968708487,391,6,5,2,0.7142857142857143,0.0151133501259445,404,7,202,0.1428571428571428,0.2,11.542857142857144,0.4285714285714285,0.2307692307692307,13.318681318681318,0.8571428571428571,0.2857142857142857,16.489795918367346,0.8571428571428571,0.1463414634146341,8.445993031358883,1.0,0.0864197530864197,4.987654320987653,baseline
cn7,42,1,xgboost_balanced,0.9303063750267028,0.0424518079998961,0.0007193169985839,inner_f1,0.2446031746031746,0.9638359121986324,0.0195079213935555,0.064773916566949,0.0,0.0,0.0,0.0,397,0,7,0,1.0,0.0,404,7,202,0.1428571428571428,0.2,11.542857142857144,0.4285714285714285,0.2307692307692307,13.318681318681318,0.8571428571428571,0.2857142857142857,16.489795918367346,0.8571428571428571,0.1463414634146341,8.445993031358883,1.0,0.0864197530864197,4.987654320987653,baseline
cn7,42,1,extratrees,0.1691111111111111,1.0638209429998824,0.0551318030011316,fixed_0.5,0.3889862914862915,0.932169845268082,0.0130929299878975,0.0588764214246617,0.4444444444444444,1.0,0.2857142857142857,0.531187937969423,397,0,5,2,0.7142857142857143,0.0,404,7,45,0.2857142857142857,0.4,23.085714285714285,0.2857142857142857,0.1538461538461538,8.87912087912088,0.5714285714285714,0.1904761904761904,10.993197278911564,0.5714285714285714,0.0975609756097561,5.630662020905923,0.8571428571428571,0.074074074074074,4.2751322751322745,baseline
cn7,42,1,extratrees,0.1691111111111111,1.0638209429998824,0.0551318030011316,inner_f1,0.3889862914862915,0.932169845268082,0.0130929299878975,0.0588764214246617,0.3076923076923077,0.3333333333333333,0.2857142857142857,0.2973495838419065,393,4,5,2,0.7142857142857143,0.0100755667506297,404,7,45,0.2857142857142857,0.4,23.085714285714285,0.2857142857142857,0.1538461538461538,8.87912087912088,0.5714285714285714,0.1904761904761904,10.993197278911564,0.5714285714285714,0.0975609756097561,5.630662020905923,0.8571428571428571,0.074074074074074,4.2751322751322745,baseline
cn7,42,1,extratrees_balanced,0.1044030538685301,1.1544016289990395,0.0562384539989579,fixed_0.5,0.1973530670736246,0.8853904282115869,0.0257168079619746,0.1562674878149222,0.2857142857142857,0.2142857142857142,0.4285714285714285,0.2859858832193221,386,11,4,3,0.5714285714285714,0.0277078085642317,404,7,25,0.1428571428571428,0.2,11.542857142857144,0.4285714285714285,0.2307692307692307,13.318681318681318,0.5714285714285714,0.1904761904761904,10.993197278911564,0.8571428571428571,0.1463414634146341,8.445993031358883,0.8571428571428571,0.074074074074074,4.2751322751322745,baseline
cn7,42,1,extratrees_balanced,0.1044030538685301,1.1544016289990395,0.0562384539989579,inner_f1,0.1973530670736246,0.8853904282115869,0.0257168079619746,0.1562674878149222,0.2666666666666666,0.1578947368421052,0.8571428571428571,0.3471161545825479,365,32,1,6,0.1428571428571428,0.0806045340050377,404,7,25,0.1428571428571428,0.2,11.542857142857144,0.4285714285714285,0.2307692307692307,13.318681318681318,0.5714285714285714,0.1904761904761904,10.993197278911564,0.8571428571428571,0.1463414634146341,8.445993031358883,0.8571428571428571,0.074074074074074,4.2751322751322745,baseline
cn7,42,1,catboost,0.387166802343949,0.1234776739984226,0.0011557809993973,fixed_0.5,0.385229205318491,0.9408060453400504,0.0127668579726532,0.0617998038097667,0.4444444444444444,1.0,0.2857142857142857,0.531187937969423,397,0,5,2,0.7142857142857143,0.0,404,7,202,0.2857142857142857,0.4,23.085714285714285,0.2857142857142857,0.1538461538461538,8.87912087912088,0.4285714285714285,0.1428571428571428,8.244897959183673,0.7142857142857143,0.1219512195121951,7.038327526132403,1.0,0.0864197530864197,4.987654320987653,baseline
cn7,42,1,catboost,0.387166802343949,0.1234776739984226,0.0011557809993973,inner_f1,0.385229205318491,0.9408060453400504,0.0127668579726532,0.0617998038097667,0.4444444444444444,1.0,0.2857142857142857,0.531187937969423,397,0,5,2,0.7142857142857143,0.0,404,7,202,0.2857142857142857,0.4,23.085714285714285,0.2857142857142857,0.1538461538461538,8.87912087912088,0.4285714285714285,0.1428571428571428,8.244897959183673,0.7142857142857143,0.1219512195121951,7.038327526132403,1.0,0.0864197530864197,4.987654320987653,baseline
cn7,42,1,catboost_balanced,0.8467915646257116,0.1275367079979332,0.0011633549984253,fixed_0.5,0.2064023695602643,0.9587981288233176,0.0163525727550107,0.0557940200063817,0.0,0.0,0.0,-0.0093660341707454,395,2,7,0,1.0,0.0050377833753148,404,7,202,0.0,0.0,0.0,0.4285714285714285,0.2307692307692307,13.318681318681318,0.5714285714285714,0.1904761904761904,10.993197278911564,1.0,0.1707317073170731,9.853658536585366,1.0,0.0864197530864197,4.987654320987653,baseline
cn7,42,1,catboost_balanced,0.8467915646257116,0.1275367079979332,0.0011633549984253,inner_f1,0.2064023695602643,0.9587981288233176,0.0163525727550107,0.0557940200063817,0.0,0.0,0.0,0.0,397,0,7,0,1.0,0.0,404,7,202,0.0,0.0,0.0,0.4285714285714285,0.2307692307692307,13.318681318681318,0.5714285714285714,0.1904761904761904,10.993197278911564,1.0,0.1707317073170731,9.853658536585366,1.0,0.0864197530864197,4.987654320987653,baseline
cn7,42,1,lightgbm,0.0872319454099814,0.0353509509986906,0.0008945679983298,fixed_0.5,0.2215538847117794,0.9595178121626484,0.0155260964684137,0.0581408254854879,0.0,0.0,0.0,0.0,397,0,7,0,1.0,0.0,404,7,199,0.1428571428571428,0.2,11.542857142857144,0.4285714285714285,0.2307692307692307,13.318681318681318,0.4285714285714285,0.1428571428571428,8.244897959183673,1.0,0.1707317073170731,9.853658536585366,1.0,0.0864197530864197,4.987654320987653,baseline
cn7,42,1,lightgbm,0.0872319454099814,0.0353509509986906,0.0008945679983298,inner_f1,0.2215538847117794,0.9595178121626484,0.0155260964684137,0.0581408254854879,0.3157894736842105,0.25,0.4285714285714285,0.3119831722877122,388,9,4,3,0.5714285714285714,0.0226700251889168,404,7,199,0.1428571428571428,0.2,11.542857142857144,0.4285714285714285,0.2307692307692307,13.318681318681318,0.4285714285714285,0.1428571428571428,8.244897959183673,1.0,0.1707317073170731,9.853658536585366,1.0,0.0864197530864197,4.987654320987653,baseline
cn7,42,1,lightgbm_balanced,0.950657520599856,0.0392563909990713,0.0010416619988973,fixed_0.5,0.3767757102841136,0.9767902123065852,0.0167364429973478,0.0598388157687096,0.3529411764705882,0.3,0.4285714285714285,0.3451228543405699,390,7,4,3,0.5714285714285714,0.017632241813602,404,7,202,0.2857142857142857,0.4,23.085714285714285,0.5714285714285714,0.3076923076923077,17.75824175824176,0.8571428571428571,0.2857142857142857,16.489795918367346,1.0,0.1707317073170731,9.853658536585366,1.0,0.0864197530864197,4.987654320987653,baseline
cn7,42,1,lightgbm_balanced,0.950657520599856,0.0392563909990713,0.0010416619988973,inner_f1,0.3767757102841136,0.9767902123065852,0.0167364429973478,0.0598388157687096,0.0,0.0,0.0,0.0,397,0,7,0,1.0,0.0,404,7,202,0.2857142857142857,0.4,23.085714285714285,0.5714285714285714,0.3076923076923077,17.75824175824176,0.8571428571428571,0.2857142857142857,16.489795918367346,1.0,0.1707317073170731,9.853658536585366,1.0,0.0864197530864197,4.987654320987653,baseline
cn7,42,2,dummy_prior,0.5,0.0002817479980876,7.808000009390526e-05,fixed_0.5,0.0124069478908188,0.5,0.0122589912972576,0.0670062043895707,0.0,0.0,0.0,0.0,398,0,5,0,1.0,0.0,403,5,1,0.0,0.0,0.0,0.0,0.0,0.0,0.0,0.0,0.0,0.0,0.0,0.0,0.0,0.0,0.0,baseline
cn7,42,2,dummy_prior,0.5,0.0002817479980876,7.808000009390526e-05,inner_f1,0.0124069478908188,0.5,0.0122589912972576,0.0670062043895707,0.0,0.0,0.0,0.0,398,0,5,0,1.0,0.0,403,5,1,0.0,0.0,0.0,0.0,0.0,0.0,0.0,0.0,0.0,0.0,0.0,0.0,0.0,0.0,0.0,baseline
cn7,42,2,logistic,0.8874491110606724,0.0095840920002956,0.0004547969983832,fixed_0.5,0.5339729921819474,0.9489949748743718,0.0071212724859784,0.0339760219357168,0.5714285714285714,1.0,0.4,0.6300852968422277,398,0,3,2,0.6,0.0,403,5,202,0.6,0.6,48.35999999999999,0.6,0.2307692307692307,18.6,0.6,0.1428571428571428,11.514285714285712,0.6,0.073170731707317,5.897560975609755,1.0,0.0617283950617283,4.975308641975308,baseline
cn7,42,2,logistic,0.8874491110606724,0.0095840920002956,0.0004547969983832,inner_f1,0.5339729921819474,0.9489949748743718,0.0071212724859784,0.0339760219357168,0.5714285714285714,1.0,0.4,0.6300852968422277,398,0,3,2,0.6,0.0,403,5,202,0.6,0.6,48.35999999999999,0.6,0.2307692307692307,18.6,0.6,0.1428571428571428,11.514285714285712,0.6,0.073170731707317,5.897560975609755,1.0,0.0617283950617283,4.975308641975308,baseline
cn7,42,2,logistic_balanced,0.9994825444728832,0.0119704239987186,0.0005146100011188,fixed_0.5,0.588615664845173,0.9560301507537688,0.0439990886393273,0.1335495868831031,0.1935483870967742,0.1153846153846153,0.6,0.2443079262912408,375,23,2,3,0.4,0.057788944723618,403,5,203,0.6,0.6,48.35999999999999,0.6,0.2307692307692307,18.6,0.6,0.1428571428571428,11.514285714285712,0.8,0.0975609756097561,7.863414634146341,1.0,0.0617283950617283,4.975308641975308,baseline
cn7,42,2,logistic_balanced,0.9994825444728832,0.0119704239987186,0.0005146100011188,inner_f1,0.588615664845173,0.9560301507537688,0.0439990886393273,0.1335495868831031,0.0,0.0,0.0,0.0,398,0,5,0,1.0,0.0,403,5,203,0.6,0.6,48.35999999999999,0.6,0.2307692307692307,18.6,0.6,0.1428571428571428,11.514285714285712,0.8,0.0975609756097561,7.863414634146341,1.0,0.0617283950617283,4.975308641975308,baseline
cn7,42,2,xgboost,0.0922737866640091,0.0393475079981726,0.0007516699988627,fixed_0.5,0.0572649572649572,0.8701005025125628,0.0124070955126515,0.0596507265370698,0.0,0.0,0.0,0.0,398,0,5,0,1.0,0.0,403,5,176,0.0,0.0,0.0,0.0,0.0,0.0,0.2,0.0476190476190476,3.838095238095238,0.2,0.024390243902439,1.9658536585365851,1.0,0.0617283950617283,4.975308641975308,baseline
cn7,42,2,xgboost,0.0922737866640091,0.0393475079981726,0.0007516699988627,inner_f1,0.0572649572649572,0.8701005025125628,0.0124070955126515,0.0596507265370698,0.0,0.0,0.0,-0.0212633987388012,384,14,5,0,1.0,0.0351758793969849,403,5,176,0.0,0.0,0.0,0.0,0.0,0.0,0.2,0.0476190476190476,3.838095238095238,0.2,0.024390243902439,1.9658536585365851,1.0,0.0617283950617283,4.975308641975308,baseline
cn7,42,2,xgboost_balanced,0.7245494723320007,0.0422768030002771,0.0007914169982541,fixed_0.5,0.1203146853146853,0.9434673366834172,0.0273966111374209,0.0837259378305654,0.08,0.05,0.2,0.0776071447339702,379,19,4,1,0.8,0.0477386934673366,403,5,202,0.0,0.0,0.0,0.0,0.0,0.0,0.4,0.0952380952380952,7.676190476190476,1.0,0.1219512195121951,9.829268292682926,1.0,0.0617283950617283,4.975308641975308,baseline
cn7,42,2,xgboost_balanced,0.7245494723320007,0.0422768030002771,0.0007914169982541,inner_f1,0.1203146853146853,0.9434673366834172,0.0273966111374209,0.0837259378305654,0.0,0.0,0.0,-0.0137791947374427,392,6,5,0,1.0,0.0150753768844221,403,5,202,0.0,0.0,0.0,0.0,0.0,0.0,0.4,0.0952380952380952,7.676190476190476,1.0,0.1219512195121951,9.829268292682926,1.0,0.0617283950617283,4.975308641975308,baseline
cn7,42,2,extratrees,0.3675555555555556,1.037862684999709,0.0548970749987347,fixed_0.5,0.472481684981685,0.9555276381909548,0.0084009804586948,0.0346784926840352,0.5714285714285714,1.0,0.4,0.6300852968422277,398,0,3,2,0.6,0.0,403,5,42,0.4,0.4,32.24,0.4,0.1538461538461538,12.4,0.4,0.0952380952380952,7.676190476190476,0.8,0.0975609756097561,7.863414634146341,1.0,0.0617283950617283,4.975308641975308,baseline
cn7,42,2,extratrees,0.3675555555555556,1.037862684999709,0.0548970749987347,inner_f1,0.472481684981685,0.9555276381909548,0.0084009804586948,0.0346784926840352,0.5714285714285714,1.0,0.4,0.6300852968422277,398,0,3,2,0.6,0.0,403,5,42,0.4,0.4,32.24,0.4,0.1538461538461538,12.4,0.4,0.0952380952380952,7.676190476190476,0.8,0.0975609756097561,7.863414634146341,1.0,0.0617283950617283,4.975308641975308,baseline
cn7,42,2,extratrees_balanced,0.6486704226337423,1.133661462998134,0.0544287779994192,fixed_0.5,0.162312925170068,0.951005025125628,0.0279371974180453,0.0820029032935152,0.2105263157894736,0.1428571428571428,0.4,0.2235694495965392,386,12,3,2,0.6,0.0301507537688442,403,5,38,0.0,0.0,0.0,0.4,0.1538461538461538,12.4,0.6,0.1428571428571428,11.514285714285712,0.8,0.0975609756097561,7.863414634146341,1.0,0.0617283950617283,4.975308641975308,baseline
cn7,42,2,extratrees_balanced,0.6486704226337423,1.133661462998134,0.0544287779994192,inner_f1,0.162312925170068,0.951005025125628,0.0279371974180453,0.0820029032935152,0.2666666666666666,0.2,0.4,0.2703329490340776,390,8,3,2,0.6,0.0201005025125628,403,5,38,0.0,0.0,0.0,0.4,0.1538461538461538,12.4,0.6,0.1428571428571428,11.514285714285712,0.8,0.0975609756097561,7.863414634146341,1.0,0.0617283950617283,4.975308641975308,baseline
cn7,42,2,catboost,0.1027437202019627,0.1250934900017455,0.001395543997205,fixed_0.5,0.4673888888888889,0.9374371859296484,0.0077667099402092,0.0386993280932192,0.5714285714285714,1.0,0.4,0.6300852968422277,398,0,3,2,0.6,0.0,403,5,202,0.4,0.4,32.24,0.4,0.1538461538461538,12.4,0.6,0.1428571428571428,11.514285714285712,0.6,0.073170731707317,5.897560975609755,1.0,0.0617283950617283,4.975308641975308,baseline
cn7,42,2,catboost,0.1027437202019627,0.1250934900017455,0.001395543997205,inner_f1,0.4673888888888889,0.9374371859296484,0.0077667099402092,0.0386993280932192,0.4444444444444444,0.5,0.4,0.4410416094751117,396,2,3,2,0.6,0.0050251256281407,403,5,202,0.4,0.4,32.24,0.4,0.1538461538461538,12.4,0.6,0.1428571428571428,11.514285714285712,0.6,0.073170731707317,5.897560975609755,1.0,0.0617283950617283,4.975308641975308,baseline
cn7,42,2,catboost_balanced,0.6073945849220335,0.1237382190010976,0.0010679609986254,fixed_0.5,0.481060116354234,0.9625628140703516,0.0283374385773914,0.088681085771865,0.1904761904761904,0.125,0.4,0.2068209880965033,384,14,3,2,0.6,0.0351758793969849,403,5,202,0.4,0.4,32.24,0.4,0.1538461538461538,12.4,0.4,0.0952380952380952,7.676190476190476,1.0,0.1219512195121951,9.829268292682926,1.0,0.0617283950617283,4.975308641975308,baseline
cn7,42,2,catboost_balanced,0.6073945849220335,0.1237382190010976,0.0010679609986254,inner_f1,0.481060116354234,0.9625628140703516,0.0283374385773914,0.088681085771865,0.2105263157894736,0.1428571428571428,0.4,0.2235694495965392,386,12,3,2,0.6,0.0301507537688442,403,5,202,0.4,0.4,32.24,0.4,0.1538461538461538,12.4,0.4,0.0952380952380952,7.676190476190476,1.0,0.1219512195121951,9.829268292682926,1.0,0.0617283950617283,4.975308641975308,baseline
cn7,42,2,lightgbm,0.047650622758682,0.0338242600009834,0.0007082109987095,fixed_0.5,0.1121264650842115,0.9288944723618092,0.0124846308175388,0.052191786530776,0.0,0.0,0.0,0.0,398,0,5,0,1.0,0.0,403,5,200,0.0,0.0,0.0,0.0,0.0,0.0,0.4,0.0952380952380952,7.676190476190476,0.8,0.0975609756097561,7.863414634146341,1.0,0.0617283950617283,4.975308641975308,baseline
cn7,42,2,lightgbm,0.047650622758682,0.0338242600009834,0.0007082109987095,inner_f1,0.1121264650842115,0.9288944723618092,0.0124846308175388,0.052191786530776,0.2222222222222222,0.1363636363636363,0.6,0.2690898558077129,379,19,2,3,0.4,0.0477386934673366,403,5,200,0.0,0.0,0.0,0.0,0.0,0.0,0.4,0.0952380952380952,7.676190476190476,0.8,0.0975609756097561,7.863414634146341,1.0,0.0617283950617283,4.975308641975308,baseline
cn7,42,2,lightgbm_balanced,0.6943246427946214,0.0386094599998614,0.0007865990010031,fixed_0.5,0.1228770739064856,0.941959798994975,0.0320235516507261,0.0984293160488279,0.24,0.15,0.6,0.2840472723101417,381,17,2,3,0.4,0.0427135678391959,403,5,202,0.0,0.0,0.0,0.0,0.0,0.0,0.6,0.1428571428571428,11.514285714285712,0.8,0.0975609756097561,7.863414634146341,1.0,0.0617283950617283,4.975308641975308,baseline
cn7,42,2,lightgbm_balanced,0.6943246427946214,0.0386094599998614,0.0007865990010031,inner_f1,0.1228770739064856,0.941959798994975,0.0320235516507261,0.0984293160488279,0.0,0.0,0.0,-0.0212633987388012,384,14,5,0,1.0,0.0351758793969849,403,5,202,0.0,0.0,0.0,0.0,0.0,0.0,0.6,0.1428571428571428,11.514285714285712,0.8,0.0975609756097561,7.863414634146341,1.0,0.0617283950617283,4.975308641975308,baseline
cn7,1729,0,dummy_prior,0.5,0.0002172669992432,0.000103971997305,fixed_0.5,0.0074257425742574,0.5,0.0074690561467805,0.0474764309817809,0.0,0.0,0.0,0.0,401,0,3,0,1.0,0.0,404,3,1,0.0,0.0,0.0,0.0,0.0,0.0,0.0,0.0,0.0,0.0,0.0,0.0,0.3333333333333333,0.0123456790123456,1.662551440329218,baseline
cn7,1729,0,dummy_prior,0.5,0.0002172669992432,0.000103971997305,inner_f1,0.0074257425742574,0.5,0.0074690561467805,0.0474764309817809,0.0,0.0,0.0,0.0,401,0,3,0,1.0,0.0,404,3,1,0.0,0.0,0.0,0.0,0.0,0.0,0.0,0.0,0.0,0.0,0.0,0.0,0.3333333333333333,0.0123456790123456,1.662551440329218,baseline
cn7,1729,0,logistic,0.1942688801289296,0.0101616060019296,0.000471095998364,fixed_0.5,0.7051282051282051,0.9812967581047384,0.0046745377952479,0.0207946278198075,0.5714285714285714,0.5,0.6666666666666666,0.5737467820463675,399,2,1,2,0.3333333333333333,0.0049875311720698,404,3,203,0.6666666666666666,0.4,53.866666666666674,0.6666666666666666,0.1538461538461538,20.71794871794872,0.6666666666666666,0.0952380952380952,12.825396825396826,1.0,0.073170731707317,9.853658536585366,1.0,0.037037037037037,4.987654320987654,baseline
cn7,1729,0,logistic,0.1942688801289296,0.0101616060019296,0.000471095998364,inner_f1,0.7051282051282051,0.9812967581047384,0.0046745377952479,0.0207946278198075,0.3076923076923077,0.2,0.6666666666666666,0.357354020339194,393,8,1,2,0.3333333333333333,0.0199501246882793,404,3,203,0.6666666666666666,0.4,53.866666666666674,0.6666666666666666,0.1538461538461538,20.71794871794872,0.6666666666666666,0.0952380952380952,12.825396825396826,1.0,0.073170731707317,9.853658536585366,1.0,0.037037037037037,4.987654320987654,baseline
cn7,1729,0,logistic_balanced,0.8461595354219408,0.0118096580008568,0.0004178689996479,fixed_0.5,0.712121212121212,0.984621778886118,0.0365418882441824,0.1263301545996834,0.2222222222222222,0.125,1.0,0.3441712732589086,380,21,0,3,0.0,0.0523690773067331,404,3,205,0.6666666666666666,0.4,53.866666666666674,0.6666666666666666,0.1538461538461538,20.71794871794872,0.6666666666666666,0.0952380952380952,12.825396825396826,1.0,0.073170731707317,9.853658536585366,1.0,0.037037037037037,4.987654320987654,baseline
cn7,1729,0,logistic_balanced,0.8461595354219408,0.0118096580008568,0.0004178689996479,inner_f1,0.712121212121212,0.984621778886118,0.0365418882441824,0.1263301545996834,0.4444444444444444,0.3333333333333333,0.6666666666666666,0.4660978679800084,397,4,1,2,0.3333333333333333,0.0099750623441396,404,3,205,0.6666666666666666,0.4,53.866666666666674,0.6666666666666666,0.1538461538461538,20.71794871794872,0.6666666666666666,0.0952380952380952,12.825396825396826,1.0,0.073170731707317,9.853658536585366,1.0,0.037037037037037,4.987654320987654,baseline
cn7,1729,0,xgboost,0.0733467638492584,0.0390776549975271,0.0011000140002579,fixed_0.5,0.2936507936507936,0.984621778886118,0.0066402044506987,0.0313395889302991,0.0,0.0,0.0,0.0,401,0,3,0,1.0,0.0,404,3,174,0.3333333333333333,0.2,26.933333333333337,0.6666666666666666,0.1538461538461538,20.71794871794872,1.0,0.1428571428571428,19.23809523809524,1.0,0.073170731707317,9.853658536585366,1.0,0.037037037037037,4.987654320987654,baseline
cn7,1729,0,xgboost,0.0733467638492584,0.0390776549975271,0.0011000140002579,inner_f1,0.2936507936507936,0.984621778886118,0.0066402044506987,0.0313395889302991,0.3529411764705882,0.2142857142857142,1.0,0.4565167604231014,390,11,0,3,0.0,0.027431421446384,404,3,174,0.3333333333333333,0.2,26.933333333333337,0.6666666666666666,0.1538461538461538,20.71794871794872,1.0,0.1428571428571428,19.23809523809524,1.0,0.073170731707317,9.853658536585366,1.0,0.037037037037037,4.987654320987654,baseline
cn7,1729,0,xgboost_balanced,0.2556703090667724,0.0474540939976577,0.0008261349976237,fixed_0.5,0.7916666666666666,0.9962593516209476,0.011079065995106,0.0441783906485631,0.4444444444444444,0.3333333333333333,0.6666666666666666,0.4660978679800084,397,4,1,2,0.3333333333333333,0.0099750623441396,404,3,202,0.6666666666666666,0.4,53.866666666666674,1.0,0.2307692307692307,31.07692307692308,1.0,0.1428571428571428,19.23809523809524,1.0,0.073170731707317,9.853658536585366,1.0,0.037037037037037,4.987654320987654,baseline
cn7,1729,0,xgboost_balanced,0.2556703090667724,0.0474540939976577,0.0008261349976237,inner_f1,0.7916666666666666,0.9962593516209476,0.011079065995106,0.0441783906485631,0.2608695652173913,0.15,1.0,0.3789998651129192,384,17,0,3,0.0,0.0423940149625935,404,3,202,0.6666666666666666,0.4,53.866666666666674,1.0,0.2307692307692307,31.07692307692308,1.0,0.1428571428571428,19.23809523809524,1.0,0.073170731707317,9.853658536585366,1.0,0.037037037037037,4.987654320987654,baseline
cn7,1729,0,extratrees,0.3783333333333333,1.0534147929975006,0.0558189809999021,fixed_0.5,0.712121212121212,0.984621778886118,0.004438370837726,0.0201116529932764,0.8,1.0,0.6666666666666666,0.8154804055732814,401,0,1,2,0.3333333333333333,0.0,404,3,49,0.6666666666666666,0.4,53.866666666666674,0.6666666666666666,0.1538461538461538,20.71794871794872,0.6666666666666666,0.0952380952380952,12.825396825396826,1.0,0.073170731707317,9.853658536585366,1.0,0.037037037037037,4.987654320987654,baseline
cn7,1729,0,extratrees,0.3783333333333333,1.0534147929975006,0.0558189809999021,inner_f1,0.712121212121212,0.984621778886118,0.004438370837726,0.0201116529932764,0.5714285714285714,0.5,0.6666666666666666,0.5737467820463675,399,2,1,2,0.3333333333333333,0.0049875311720698,404,3,49,0.6666666666666666,0.4,53.866666666666674,0.6666666666666666,0.1538461538461538,20.71794871794872,0.6666666666666666,0.0952380952380952,12.825396825396826,1.0,0.073170731707317,9.853658536585366,1.0,0.037037037037037,4.987654320987654,baseline
cn7,1729,0,extratrees_balanced,0.0370349620606718,1.1462631829999737,0.0558909120009047,fixed_0.5,0.7916666666666666,0.9962593516209476,0.0176517315921165,0.0510669500189766,0.2857142857142857,0.1666666666666666,1.0,0.4005399514425238,386,15,0,3,0.0,0.0374064837905236,404,3,27,0.6666666666666666,0.4,53.866666666666674,1.0,0.2307692307692307,31.07692307692308,1.0,0.1428571428571428,19.23809523809524,1.0,0.073170731707317,9.853658536585366,1.0,0.037037037037037,4.987654320987654,baseline
cn7,1729,0,extratrees_balanced,0.0370349620606718,1.1462631829999737,0.0558909120009047,inner_f1,0.7916666666666666,0.9962593516209476,0.0176517315921165,0.0510669500189766,0.1463414634146341,0.0789473684210526,1.0,0.268433791379508,366,35,0,3,0.0,0.0872817955112219,404,3,27,0.6666666666666666,0.4,53.866666666666674,1.0,0.2307692307692307,31.07692307692308,1.0,0.1428571428571428,19.23809523809524,1.0,0.073170731707317,9.853658536585366,1.0,0.037037037037037,4.987654320987654,baseline
cn7,1729,0,catboost,0.0896042460395301,0.119301192000421,0.0011543879991222,fixed_0.5,0.7291666666666666,0.989609310058188,0.0025750042290631,0.0155692445097059,0.8,1.0,0.6666666666666666,0.8154804055732814,401,0,1,2,0.3333333333333333,0.0,404,3,202,0.6666666666666666,0.4,53.866666666666674,0.6666666666666666,0.1538461538461538,20.71794871794872,1.0,0.1428571428571428,19.23809523809524,1.0,0.073170731707317,9.853658536585366,1.0,0.037037037037037,4.987654320987654,baseline
cn7,1729,0,catboost,0.0896042460395301,0.119301192000421,0.0011543879991222,inner_f1,0.7291666666666666,0.989609310058188,0.0025750042290631,0.0155692445097059,0.5714285714285714,0.5,0.6666666666666666,0.5737467820463675,399,2,1,2,0.3333333333333333,0.0049875311720698,404,3,202,0.6666666666666666,0.4,53.866666666666674,0.6666666666666666,0.1538461538461538,20.71794871794872,1.0,0.1428571428571428,19.23809523809524,1.0,0.073170731707317,9.853658536585366,1.0,0.037037037037037,4.987654320987654,baseline
cn7,1729,0,catboost_balanced,0.2596405554864117,0.1173305160009476,0.0010347159986849,fixed_0.5,0.75,0.9929343308395676,0.0191976299278067,0.0639249386902768,0.2857142857142857,0.1666666666666666,1.0,0.4005399514425238,386,15,0,3,0.0,0.0374064837905236,404,3,202,0.6666666666666666,0.4,53.866666666666674,1.0,0.2307692307692307,31.07692307692308,1.0,0.1428571428571428,19.23809523809524,1.0,0.073170731707317,9.853658536585366,1.0,0.037037037037037,4.987654320987654,baseline
cn7,1729,0,catboost_balanced,0.2596405554864117,0.1173305160009476,0.0010347159986849,inner_f1,0.75,0.9929343308395676,0.0191976299278067,0.0639249386902768,0.2222222222222222,0.125,1.0,0.3441712732589086,380,21,0,3,0.0,0.0523690773067331,404,3,202,0.6666666666666666,0.4,53.866666666666674,1.0,0.2307692307692307,31.07692307692308,1.0,0.1428571428571428,19.23809523809524,1.0,0.073170731707317,9.853658536585366,1.0,0.037037037037037,4.987654320987654,baseline
cn7,1729,0,lightgbm,0.0329936357239989,0.0341980410012183,0.0010433980023663,fixed_0.5,0.7666666666666666,0.9945968412302576,0.0046064434040754,0.019003036753679,0.0,0.0,0.0,0.0,401,0,3,0,1.0,0.0,404,3,202,0.6666666666666666,0.4,53.866666666666674,1.0,0.2307692307692307,31.07692307692308,1.0,0.1428571428571428,19.23809523809524,1.0,0.073170731707317,9.853658536585366,1.0,0.037037037037037,4.987654320987654,baseline
cn7,1729,0,lightgbm,0.0329936357239989,0.0341980410012183,0.0010433980023663,inner_f1,0.7666666666666666,0.9945968412302576,0.0046064434040754,0.019003036753679,0.2608695652173913,0.15,1.0,0.3789998651129192,384,17,0,3,0.0,0.0423940149625935,404,3,202,0.6666666666666666,0.4,53.866666666666674,1.0,0.2307692307692307,31.07692307692308,1.0,0.1428571428571428,19.23809523809524,1.0,0.073170731707317,9.853658536585366,1.0,0.037037037037037,4.987654320987654,baseline
cn7,1729,0,lightgbm_balanced,0.2474923350124894,0.0337668339998344,0.0006927359972905,fixed_0.5,0.7666666666666666,0.9945968412302576,0.0149534462751122,0.0562271086008708,0.4,0.25,1.0,0.494357186082514,392,9,0,3,0.0,0.0224438902743142,404,3,202,0.6666666666666666,0.4,53.866666666666674,1.0,0.2307692307692307,31.07692307692308,1.0,0.1428571428571428,19.23809523809524,1.0,0.073170731707317,9.853658536585366,1.0,0.037037037037037,4.987654320987654,baseline
cn7,1729,0,lightgbm_balanced,0.2474923350124894,0.0337668339998344,0.0006927359972905,inner_f1,0.7666666666666666,0.9945968412302576,0.0149534462751122,0.0562271086008708,0.24,0.1363636363636363,1.0,0.3604199168139606,382,19,0,3,0.0,0.0473815461346633,404,3,202,0.6666666666666666,0.4,53.866666666666674,1.0,0.2307692307692307,31.07692307692308,1.0,0.1428571428571428,19.23809523809524,1.0,0.073170731707317,9.853658536585366,1.0,0.037037037037037,4.987654320987654,baseline
cn7,1729,1,dummy_prior,0.5,0.0002790840007946,0.0001035620007314,fixed_0.5,0.0247524752475247,0.5,0.0243983043154441,0.1260065341320366,0.0,0.0,0.0,0.0,394,0,10,0,1.0,0.0,404,10,1,0.0,0.0,0.0,0.0,0.0,0.0,0.0,0.0,0.0,0.1,0.024390243902439,0.9853658536585366,0.2,0.0246913580246913,0.9975308641975308,baseline
cn7,1729,1,dummy_prior,0.5,0.0002790840007946,0.0001035620007314,inner_f1,0.0247524752475247,0.5,0.0243983043154441,0.1260065341320366,0.0,0.0,0.0,0.0,394,0,10,0,1.0,0.0,404,10,1,0.0,0.0,0.0,0.0,0.0,0.0,0.0,0.0,0.0,0.1,0.024390243902439,0.9853658536585366,0.2,0.0246913580246913,0.9975308641975308,baseline
cn7,1729,1,logistic,0.3121482876789908,0.0107415380007296,0.0004071149996889,fixed_0.5,0.3509608425733275,0.9111675126903552,0.0191321954433905,0.0961373642258277,0.3333333333333333,1.0,0.2,0.4427413471740723,394,0,8,2,0.8,0.0,404,10,204,0.2,0.4,16.16,0.3,0.2307692307692307,9.323076923076924,0.4,0.1904761904761904,7.6952380952380945,0.5,0.1219512195121951,4.926829268292683,0.8,0.0987654320987654,3.990123456790123,baseline
cn7,1729,1,logistic,0.3121482876789908,0.0107415380007296,0.0004071149996889,inner_f1,0.3509608425733275,0.9111675126903552,0.0191321954433905,0.0961373642258277,0.3333333333333333,1.0,0.2,0.4427413471740723,394,0,8,2,0.8,0.0,404,10,204,0.2,0.4,16.16,0.3,0.2307692307692307,9.323076923076924,0.4,0.1904761904761904,7.6952380952380945,0.5,0.1219512195121951,4.926829268292683,0.8,0.0987654320987654,3.990123456790123,baseline
cn7,1729,1,logistic_balanced,0.4803286081123751,0.0108671909983968,0.000415160000557,fixed_0.5,0.3804643012876018,0.902030456852792,0.030819527919656,0.118417827813878,0.3,0.3,0.3,0.282233502538071,387,7,7,3,0.7,0.0177664974619289,404,10,203,0.3,0.6,24.24,0.4,0.3076923076923077,12.430769230769233,0.4,0.1904761904761904,7.6952380952380945,0.6,0.1463414634146341,5.9121951219512185,0.8,0.0987654320987654,3.990123456790123,baseline
cn7,1729,1,logistic_balanced,0.4803286081123751,0.0108671909983968,0.000415160000557,inner_f1,0.3804643012876018,0.902030456852792,0.030819527919656,0.118417827813878,0.2727272727272727,0.25,0.3,0.2536535068214958,385,9,7,3,0.7,0.0228426395939086,404,10,203,0.3,0.6,24.24,0.4,0.3076923076923077,12.430769230769233,0.4,0.1904761904761904,7.6952380952380945,0.6,0.1463414634146341,5.9121951219512185,0.8,0.0987654320987654,3.990123456790123,baseline
cn7,1729,1,xgboost,0.0200635474175214,0.0368282599993108,0.0009195650018227,fixed_0.5,0.1473760914227016,0.9081218274111676,0.0236629386136373,0.1029334539275753,0.0,0.0,0.0,0.0,394,0,10,0,1.0,0.0,404,10,68,0.1,0.2,8.08,0.2,0.1538461538461538,6.215384615384616,0.3,0.1428571428571428,5.7714285714285705,0.5,0.1219512195121951,4.926829268292683,0.9,0.1111111111111111,4.488888888888888,baseline
cn7,1729,1,xgboost,0.0200635474175214,0.0368282599993108,0.0009195650018227,inner_f1,0.1473760914227016,0.9081218274111676,0.0236629386136373,0.1029334539275753,0.1923076923076923,0.119047619047619,0.5,0.2067249717616191,357,37,5,5,0.5,0.0939086294416243,404,10,68,0.1,0.2,8.08,0.2,0.1538461538461538,6.215384615384616,0.3,0.1428571428571428,5.7714285714285705,0.5,0.1219512195121951,4.926829268292683,0.9,0.1111111111111111,4.488888888888888,baseline
cn7,1729,1,xgboost_balanced,0.6056020259857178,0.0437585319996287,0.0013306649998412,fixed_0.5,0.1613595779220779,0.8598984771573606,0.0329234070514617,0.1115020641036639,0.1818181818181818,0.1666666666666666,0.2,0.1598110006347886,384,10,8,2,0.8,0.0253807106598984,404,10,201,0.0,0.0,0.0,0.2,0.1538461538461538,6.215384615384616,0.2,0.0952380952380952,3.8476190476190473,0.7,0.1707317073170731,6.897560975609756,0.9,0.1111111111111111,4.488888888888888,baseline
cn7,1729,1,xgboost_balanced,0.6056020259857178,0.0437585319996287,0.0013306649998412,inner_f1,0.1613595779220779,0.8598984771573606,0.0329234070514617,0.1115020641036639,0.1111111111111111,0.125,0.1,0.0917073856227363,387,7,9,1,0.9,0.0177664974619289,404,10,201,0.0,0.0,0.0,0.2,0.1538461538461538,6.215384615384616,0.2,0.0952380952380952,3.8476190476190473,0.7,0.1707317073170731,6.897560975609756,0.9,0.1111111111111111,4.488888888888888,baseline
cn7,1729,1,extratrees,0.4477777777777779,1.0383581489986682,0.0549258110004302,fixed_0.5,0.3120386904761905,0.9098984771573604,0.0202537114044737,0.0993579652584887,0.3333333333333333,1.0,0.2,0.4427413471740723,394,0,8,2,0.8,0.0,404,10,36,0.2,0.4,16.16,0.3,0.2307692307692307,9.323076923076924,0.3,0.1428571428571428,5.7714285714285705,0.5,0.1219512195121951,4.926829268292683,1.0,0.1234567901234567,4.987654320987653,baseline
cn7,1729,1,extratrees,0.4477777777777779,1.0383581489986682,0.0549258110004302,inner_f1,0.3120386904761905,0.9098984771573604,0.0202537114044737,0.0993579652584887,0.3333333333333333,1.0,0.2,0.4427413471740723,394,0,8,2,0.8,0.0,404,10,36,0.2,0.4,16.16,0.3,0.2307692307692307,9.323076923076924,0.3,0.1428571428571428,5.7714285714285705,0.5,0.1219512195121951,4.926829268292683,1.0,0.1234567901234567,4.987654320987653,baseline
cn7,1729,1,extratrees_balanced,0.3829586671520442,1.1338643290000618,0.0545605269981024,fixed_0.5,0.3656547705168395,0.9431472081218274,0.0231340410650961,0.0834428759696105,0.2222222222222222,0.25,0.2,0.2060585701646668,388,6,8,2,0.8,0.015228426395939,404,10,33,0.2,0.4,16.16,0.3,0.2307692307692307,9.323076923076924,0.4,0.1904761904761904,7.6952380952380945,0.7,0.1707317073170731,6.897560975609756,1.0,0.1234567901234567,4.987654320987653,baseline
cn7,1729,1,extratrees_balanced,0.3829586671520442,1.1338643290000618,0.0545605269981024,inner_f1,0.3656547705168395,0.9431472081218274,0.0231340410650961,0.0834428759696105,0.25,0.2142857142857142,0.3,0.2311268248292477,383,11,7,3,0.7,0.0279187817258883,404,10,33,0.2,0.4,16.16,0.3,0.2307692307692307,9.323076923076924,0.4,0.1904761904761904,7.6952380952380945,0.7,0.1707317073170731,6.897560975609756,1.0,0.1234567901234567,4.987654320987653,baseline
cn7,1729,1,catboost,0.7264524499403455,0.125584486999287,0.0008144860003085,fixed_0.5,0.2993969456469456,0.8786802030456853,0.0204408998284796,0.1203476611270101,0.3333333333333333,1.0,0.2,0.4427413471740723,394,0,8,2,0.8,0.0,404,10,202,0.2,0.4,16.16,0.2,0.1538461538461538,6.215384615384616,0.4,0.1904761904761904,7.6952380952380945,0.5,0.1219512195121951,4.926829268292683,0.7,0.0864197530864197,3.491358024691358,baseline
cn7,1729,1,catboost,0.7264524499403455,0.125584486999287,0.0008144860003085,inner_f1,0.2993969456469456,0.8786802030456853,0.0204408998284796,0.1203476611270101,0.0,0.0,0.0,0.0,394,0,10,0,1.0,0.0,404,10,202,0.2,0.4,16.16,0.2,0.1538461538461538,6.215384615384616,0.4,0.1904761904761904,7.6952380952380945,0.5,0.1219512195121951,4.926829268292683,0.7,0.0864197530864197,3.491358024691358,baseline
cn7,1729,1,catboost_balanced,0.722077637641994,0.1168373129985411,0.0008287989985547,fixed_0.5,0.3856388604085972,0.9451776649746192,0.0206974138701753,0.0750099843921575,0.3333333333333333,1.0,0.2,0.4427413471740723,394,0,8,2,0.8,0.0,404,10,202,0.2,0.4,16.16,0.3,0.2307692307692307,9.323076923076924,0.5,0.238095238095238,9.61904761904762,0.7,0.1707317073170731,6.897560975609756,1.0,0.1234567901234567,4.987654320987653,baseline
cn7,1729,1,catboost_balanced,0.722077637641994,0.1168373129985411,0.0008287989985547,inner_f1,0.3856388604085972,0.9451776649746192,0.0206974138701753,0.0750099843921575,0.0,0.0,0.0,0.0,394,0,10,0,1.0,0.0,404,10,202,0.2,0.4,16.16,0.3,0.2307692307692307,9.323076923076924,0.5,0.238095238095238,9.61904761904762,0.7,0.1707317073170731,6.897560975609756,1.0,0.1234567901234567,4.987654320987653,baseline
cn7,1729,1,lightgbm,0.2376922849425815,0.0306877749972045,0.0007306000006792,fixed_0.5,0.1825595238095237,0.9197969543147207,0.0238023790813579,0.1041090425745349,0.0,0.0,0.0,0.0,394,0,10,0,1.0,0.0,404,10,111,0.1,0.2,8.08,0.2,0.1538461538461538,6.215384615384616,0.4,0.1904761904761904,7.6952380952380945,0.7,0.1707317073170731,6.897560975609756,0.9,0.1111111111111111,4.488888888888888,baseline
cn7,1729,1,lightgbm,0.2376922849425815,0.0306877749972045,0.0007306000006792,inner_f1,0.1825595238095237,0.9197969543147207,0.0238023790813579,0.1041090425745349,0.0,0.0,0.0,-0.0112370900297987,392,2,10,0,1.0,0.0050761421319796,404,10,111,0.1,0.2,8.08,0.2,0.1538461538461538,6.215384615384616,0.4,0.1904761904761904,7.6952380952380945,0.7,0.1707317073170731,6.897560975609756,0.9,0.1111111111111111,4.488888888888888,baseline
cn7,1729,1,lightgbm_balanced,0.7117781664528563,0.0338179020000097,0.0009924510013661,fixed_0.5,0.2094298670885358,0.9187817258883249,0.02907118536658,0.0995902516581309,0.0,0.0,0.0,-0.0195607714263123,388,6,10,0,1.0,0.015228426395939,404,10,175,0.0,0.0,0.0,0.3,0.2307692307692307,9.323076923076924,0.5,0.238095238095238,9.61904761904762,0.8,0.1951219512195122,7.882926829268293,0.9,0.1111111111111111,4.488888888888888,baseline
cn7,1729,1,lightgbm_balanced,0.7117781664528563,0.0338179020000097,0.0009924510013661,inner_f1,0.2094298670885358,0.9187817258883249,0.02907118536658,0.0995902516581309,0.0,0.0,0.0,-0.0195607714263123,388,6,10,0,1.0,0.015228426395939,404,10,175,0.0,0.0,0.0,0.3,0.2307692307692307,9.323076923076924,0.5,0.238095238095238,9.61904761904762,0.8,0.1951219512195122,7.882926829268293,0.9,0.1111111111111111,4.488888888888888,baseline
cn7,1729,2,dummy_prior,0.5,0.0001980360029847,6.179000047268346e-05,fixed_0.5,0.009925558312655,0.5,0.0098650309608141,0.0570476635411336,0.0,0.0,0.0,0.0,399,0,4,0,1.0,0.0,403,4,1,0.0,0.0,0.0,0.0,0.0,0.0,0.0,0.0,0.0,0.0,0.0,0.0,0.0,0.0,0.0,baseline
cn7,1729,2,dummy_prior,0.5,0.0001980360029847,6.179000047268346e-05,inner_f1,0.009925558312655,0.5,0.0098650309608141,0.0570476635411336,0.0,0.0,0.0,0.0,399,0,4,0,1.0,0.0,403,4,1,0.0,0.0,0.0,0.0,0.0,0.0,0.0,0.0,0.0,0.0,0.0,0.0,0.0,0.0,0.0,baseline
cn7,1729,2,logistic,0.9268321289713158,0.0094534079980803,0.0004518259993346,fixed_0.5,0.7102272727272727,0.974937343358396,0.0046677917764683,0.0226418194606593,0.6666666666666666,1.0,0.5,0.7053412184283328,399,0,2,2,0.5,0.0,403,4,204,0.75,0.6,60.45,0.75,0.2307692307692307,23.25,0.75,0.1428571428571428,14.392857142857142,0.75,0.073170731707317,7.371951219512194,1.0,0.0493827160493827,4.9753086419753085,baseline
cn7,1729,2,logistic,0.9268321289713158,0.0094534079980803,0.0004518259993346,inner_f1,0.7102272727272727,0.974937343358396,0.0046677917764683,0.0226418194606593,0.6666666666666666,1.0,0.5,0.7053412184283328,399,0,2,2,0.5,0.0,403,4,204,0.75,0.6,60.45,0.75,0.2307692307692307,23.25,0.75,0.1428571428571428,14.392857142857142,0.75,0.073170731707317,7.371951219512194,1.0,0.0493827160493827,4.9753086419753085,baseline
cn7,1729,2,logistic_balanced,0.9970855335556712,0.0111656409972056,0.0004023049987154,fixed_0.5,0.7024253731343284,0.9605263157894736,0.0432216428177752,0.1319215159684194,0.2,0.1153846153846153,0.75,0.2793756078721991,376,23,1,3,0.25,0.0576441102756892,403,4,203,0.75,0.6,60.45,0.75,0.2307692307692307,23.25,0.75,0.1428571428571428,14.392857142857142,0.75,0.073170731707317,7.371951219512194,1.0,0.0493827160493827,4.9753086419753085,baseline
cn7,1729,2,logistic_balanced,0.9970855335556712,0.0111656409972056,0.0004023049987154,inner_f1,0.7024253731343284,0.9605263157894736,0.0432216428177752,0.1319215159684194,0.6666666666666666,1.0,0.5,0.7053412184283328,399,0,2,2,0.5,0.0,403,4,203,0.75,0.6,60.45,0.75,0.2307692307692307,23.25,0.75,0.1428571428571428,14.392857142857142,0.75,0.073170731707317,7.371951219512194,1.0,0.0493827160493827,4.9753086419753085,baseline
cn7,1729,2,xgboost,0.0482670031487941,0.0366873279999708,0.0006790840016037,fixed_0.5,0.0631166881166881,0.8972431077694235,0.0100129868914922,0.0475869903969218,0.0,0.0,0.0,0.0,399,0,4,0,1.0,0.0,403,4,187,0.0,0.0,0.0,0.0,0.0,0.0,0.25,0.0476190476190476,4.797619047619048,0.5,0.048780487804878,4.914634146341464,1.0,0.0493827160493827,4.9753086419753085,baseline
cn7,1729,2,xgboost,0.0482670031487941,0.0366873279999708,0.0006790840016037,inner_f1,0.0631166881166881,0.8972431077694235,0.0100129868914922,0.0475869903969218,0.12,0.0652173913043478,0.75,0.2002139795600225,356,43,1,3,0.25,0.1077694235588972,403,4,187,0.0,0.0,0.0,0.0,0.0,0.0,0.25,0.0476190476190476,4.797619047619048,0.5,0.048780487804878,4.914634146341464,1.0,0.0493827160493827,4.9753086419753085,baseline
cn7,1729,2,xgboost_balanced,0.2533482611179352,0.0416249219997553,0.0008400749975407,fixed_0.5,0.31875,0.9699248120300752,0.0232410659093628,0.0736914303348981,0.2222222222222222,0.1428571428571428,0.5,0.2543934946744443,387,12,2,2,0.5,0.0300751879699248,403,4,202,0.5,0.4,40.3,0.5,0.1538461538461538,15.5,0.75,0.1428571428571428,14.392857142857142,1.0,0.0975609756097561,9.829268292682928,1.0,0.0493827160493827,4.9753086419753085,baseline
cn7,1729,2,xgboost_balanced,0.2533482611179352,0.0416249219997553,0.0008400749975407,inner_f1,0.31875,0.9699248120300752,0.0232410659093628,0.0736914303348981,0.1875,0.1071428571428571,0.75,0.2679757743422414,374,25,1,3,0.25,0.06265664160401,403,4,202,0.5,0.4,40.3,0.5,0.1538461538461538,15.5,0.75,0.1428571428571428,14.392857142857142,1.0,0.0975609756097561,9.829268292682928,1.0,0.0493827160493827,4.9753086419753085,baseline
cn7,1729,2,extratrees,0.3744444444444449,1.016114917001687,0.0556263129983563,fixed_0.5,0.5645604395604396,0.9711779448621556,0.0055694944483622,0.024698163887984,0.6666666666666666,1.0,0.5,0.7053412184283328,399,0,2,2,0.5,0.0,403,4,37,0.5,0.4,40.3,0.5,0.1538461538461538,15.5,0.5,0.0952380952380952,9.595238095238097,1.0,0.0975609756097561,9.829268292682928,1.0,0.0493827160493827,4.9753086419753085,baseline
cn7,1729,2,extratrees,0.3744444444444449,1.016114917001687,0.0556263129983563,inner_f1,0.5645604395604396,0.9711779448621556,0.0055694944483622,0.024698163887984,0.6666666666666666,1.0,0.5,0.7053412184283328,399,0,2,2,0.5,0.0,403,4,37,0.5,0.4,40.3,0.5,0.1538461538461538,15.5,0.5,0.0952380952380952,9.595238095238097,1.0,0.0975609756097561,9.829268292682928,1.0,0.0493827160493827,4.9753086419753085,baseline
cn7,1729,2,extratrees_balanced,0.5207371993231222,1.1354356160009047,0.0551247249968582,fixed_0.5,0.31875,0.9699248120300752,0.0268888737463251,0.077382211640296,0.2,0.125,0.5,0.236032598685504,385,14,2,2,0.5,0.0350877192982456,403,4,29,0.5,0.4,40.3,0.5,0.1538461538461538,15.5,0.75,0.1428571428571428,14.392857142857142,1.0,0.0975609756097561,9.829268292682928,1.0,0.0493827160493827,4.9753086419753085,baseline
cn7,1729,2,extratrees_balanced,0.5207371993231222,1.1354356160009047,0.0551247249968582,inner_f1,0.31875,0.9699248120300752,0.0268888737463251,0.077382211640296,0.2,0.125,0.5,0.236032598685504,385,14,2,2,0.5,0.0350877192982456,403,4,29,0.5,0.4,40.3,0.5,0.1538461538461538,15.5,0.75,0.1428571428571428,14.392857142857142,1.0,0.0975609756097561,9.829268292682928,1.0,0.0493827160493827,4.9753086419753085,baseline
cn7,1729,2,catboost,0.1575166772483356,0.1166025460006494,0.0007319319993257,fixed_0.5,0.5748480243161094,0.9667919799498744,0.0049918700186339,0.0247632719081661,0.6666666666666666,1.0,0.5,0.7053412184283328,399,0,2,2,0.5,0.0,403,4,202,0.5,0.4,40.3,0.5,0.1538461538461538,15.5,0.75,0.1428571428571428,14.392857142857142,0.75,0.073170731707317,7.371951219512194,1.0,0.0493827160493827,4.9753086419753085,baseline
cn7,1729,2,catboost,0.1575166772483356,0.1166025460006494,0.0007319319993257,inner_f1,0.5748480243161094,0.9667919799498744,0.0049918700186339,0.0247632719081661,0.6666666666666666,1.0,0.5,0.7053412184283328,399,0,2,2,0.5,0.0,403,4,202,0.5,0.4,40.3,0.5,0.1538461538461538,15.5,0.75,0.1428571428571428,14.392857142857142,0.75,0.073170731707317,7.371951219512194,1.0,0.0493827160493827,4.9753086419753085,baseline
cn7,1729,2,catboost_balanced,0.6729852282476071,0.117139624999254,0.0007513259988627,fixed_0.5,0.5653409090909091,0.9711779448621553,0.0207060981176943,0.0672712785689429,0.2222222222222222,0.1428571428571428,0.5,0.2543934946744443,387,12,2,2,0.5,0.0300751879699248,403,4,202,0.5,0.4,40.3,0.5,0.1538461538461538,15.5,0.5,0.0952380952380952,9.595238095238097,1.0,0.0975609756097561,9.829268292682928,1.0,0.0493827160493827,4.9753086419753085,baseline
cn7,1729,2,catboost_balanced,0.6729852282476071,0.117139624999254,0.0007513259988627,inner_f1,0.5653409090909091,0.9711779448621553,0.0207060981176943,0.0672712785689429,0.5,0.5,0.5,0.4949874686716792,397,2,2,2,0.5,0.0050125313283208,403,4,202,0.5,0.4,40.3,0.5,0.1538461538461538,15.5,0.5,0.0952380952380952,9.595238095238097,1.0,0.0975609756097561,9.829268292682928,1.0,0.0493827160493827,4.9753086419753085,baseline
cn7,1729,2,lightgbm,0.0420654168393629,0.0337467589997686,0.0010637449995556,fixed_0.5,0.5660569105691057,0.9680451127819548,0.0079998843632743,0.0326817894982683,0.0,0.0,0.0,0.0,399,0,4,0,1.0,0.0,403,4,200,0.5,0.4,40.3,0.5,0.1538461538461538,15.5,0.75,0.1428571428571428,14.392857142857142,1.0,0.0975609756097561,9.829268292682928,1.0,0.0493827160493827,4.9753086419753085,baseline
cn7,1729,2,lightgbm,0.0420654168393629,0.0337467589997686,0.0010637449995556,inner_f1,0.5660569105691057,0.9680451127819548,0.0079998843632743,0.0326817894982683,0.1875,0.1071428571428571,0.75,0.2679757743422414,374,25,1,3,0.25,0.06265664160401,403,4,200,0.5,0.4,40.3,0.5,0.1538461538461538,15.5,0.75,0.1428571428571428,14.392857142857142,1.0,0.0975609756097561,9.829268292682928,1.0,0.0493827160493827,4.9753086419753085,baseline
cn7,1729,2,lightgbm_balanced,0.3735531945621227,0.0337759430003643,0.0007363400000031,fixed_0.5,0.575,0.974937343358396,0.0264406967596683,0.0825444693397238,0.2727272727272727,0.1666666666666666,0.75,0.3418829194413419,384,15,1,3,0.25,0.037593984962406,403,4,201,0.5,0.4,40.3,0.5,0.1538461538461538,15.5,0.75,0.1428571428571428,14.392857142857142,1.0,0.0975609756097561,9.829268292682928,1.0,0.0493827160493827,4.9753086419753085,baseline
cn7,1729,2,lightgbm_balanced,0.3735531945621227,0.0337759430003643,0.0007363400000031,inner_f1,0.575,0.974937343358396,0.0264406967596683,0.0825444693397238,0.2307692307692307,0.1363636363636363,0.75,0.3064893166476864,380,19,1,3,0.25,0.0476190476190476,403,4,201,0.5,0.4,40.3,0.5,0.1538461538461538,15.5,0.75,0.1428571428571428,14.392857142857142,1.0,0.0975609756097561,9.829268292682928,1.0,0.0493827160493827,4.9753086419753085,baseline
cn7,2026,0,dummy_prior,0.5,0.0002340149985684,7.10259992047213e-05,fixed_0.5,0.0099009900990099,0.5,0.0098415004502619,0.0569544060701952,0.0,0.0,0.0,0.0,400,0,4,0,1.0,0.0,404,4,1,0.0,0.0,0.0,0.0,0.0,0.0,0.0,0.0,0.0,0.0,0.0,0.0,0.25,0.0123456790123456,1.2469135802469136,baseline
cn7,2026,0,dummy_prior,0.5,0.0002340149985684,7.10259992047213e-05,inner_f1,0.0099009900990099,0.5,0.0098415004502619,0.0569544060701952,0.0,0.0,0.0,0.0,400,0,4,0,1.0,0.0,404,4,1,0.0,0.0,0.0,0.0,0.0,0.0,0.0,0.0,0.0,0.0,0.0,0.0,0.25,0.0123456790123456,1.2469135802469136,baseline
cn7,2026,0,logistic,0.8987624382286107,0.0099721170008706,0.000413526999182,fixed_0.5,0.6607142857142857,0.98375,0.0053285643357245,0.0219962906265734,0.6666666666666666,1.0,0.5,0.7053456158585982,400,0,2,2,0.5,0.0,404,4,203,0.75,0.6,60.6,0.75,0.2307692307692307,23.30769230769231,0.75,0.1428571428571428,14.428571428571429,1.0,0.0975609756097561,9.853658536585366,1.0,0.0493827160493827,4.987654320987654,baseline
cn7,2026,0,logistic,0.8987624382286107,0.0099721170008706,0.000413526999182,inner_f1,0.6607142857142857,0.98375,0.0053285643357245,0.0219962906265734,0.6666666666666666,1.0,0.5,0.7053456158585982,400,0,2,2,0.5,0.0,404,4,203,0.75,0.6,60.6,0.75,0.2307692307692307,23.30769230769231,0.75,0.1428571428571428,14.428571428571429,1.0,0.0975609756097561,9.853658536585366,1.0,0.0493827160493827,4.987654320987654,baseline
cn7,2026,0,logistic_balanced,0.9925424404728462,0.0118073459998413,0.0004266159994585,fixed_0.5,0.675,0.98875,0.0409425560998502,0.1415748438281633,0.2666666666666666,0.1538461538461538,1.0,0.3812933455813455,378,22,0,4,0.0,0.055,404,4,205,0.75,0.6,60.6,0.75,0.2307692307692307,23.30769230769231,1.0,0.1904761904761904,19.23809523809524,1.0,0.0975609756097561,9.853658536585366,1.0,0.0493827160493827,4.987654320987654,baseline
cn7,2026,0,logistic_balanced,0.9925424404728462,0.0118073459998413,0.0004266159994585,inner_f1,0.675,0.98875,0.0409425560998502,0.1415748438281633,0.5,0.5,0.5,0.495,398,2,2,2,0.5,0.005,404,4,205,0.75,0.6,60.6,0.75,0.2307692307692307,23.30769230769231,1.0,0.1904761904761904,19.23809523809524,1.0,0.0975609756097561,9.853658536585366,1.0,0.0493827160493827,4.987654320987654,baseline
cn7,2026,0,xgboost,0.0214565452188253,0.0318176010005117,0.0006953449992579,fixed_0.5,0.1410412757973733,0.9275,0.0093869020222643,0.0432192894595186,0.0,0.0,0.0,0.0,400,0,4,0,1.0,0.0,404,4,173,0.0,0.0,0.0,0.5,0.1538461538461538,15.538461538461538,0.5,0.0952380952380952,9.61904761904762,0.75,0.073170731707317,7.390243902439024,1.0,0.0493827160493827,4.987654320987654,baseline
cn7,2026,0,xgboost,0.0214565452188253,0.0318176010005117,0.0006953449992579,inner_f1,0.1410412757973733,0.9275,0.0093869020222643,0.0432192894595186,0.073170731707317,0.0384615384615384,0.75,0.1410998060307525,325,75,1,3,0.25,0.1875,404,4,173,0.0,0.0,0.0,0.5,0.1538461538461538,15.538461538461538,0.5,0.0952380952380952,9.61904761904762,0.75,0.073170731707317,7.390243902439024,1.0,0.0493827160493827,4.987654320987654,baseline
cn7,2026,0,xgboost_balanced,0.139279305934906,0.0412973480015352,0.0010391200012236,fixed_0.5,0.6339285714285714,0.98875,0.0145304099595105,0.051444850945468,0.2857142857142857,0.2,0.5,0.3058814341810397,392,8,2,2,0.5,0.02,404,4,202,0.5,0.4,40.4,0.75,0.2307692307692307,23.30769230769231,1.0,0.1904761904761904,19.23809523809524,1.0,0.0975609756097561,9.853658536585366,1.0,0.0493827160493827,4.987654320987654,baseline
cn7,2026,0,xgboost_balanced,0.139279305934906,0.0412973480015352,0.0010391200012236,inner_f1,0.6339285714285714,0.98875,0.0145304099595105,0.051444850945468,0.2857142857142857,0.1666666666666666,1.0,0.3979112128771107,380,20,0,4,0.0,0.05,404,4,202,0.5,0.4,40.4,0.75,0.2307692307692307,23.30769230769231,1.0,0.1904761904761904,19.23809523809524,1.0,0.0975609756097561,9.853658536585366,1.0,0.0493827160493827,4.987654320987654,baseline
cn7,2026,0,extratrees,0.3922222222222223,1.0896244780014968,0.0555600900006538,fixed_0.5,0.6125,0.985,0.0058246875969266,0.0237466986107807,0.6666666666666666,1.0,0.5,0.7053456158585982,400,0,2,2,0.5,0.0,404,4,51,0.5,0.4,40.4,0.75,0.2307692307692307,23.30769230769231,1.0,0.1904761904761904,19.23809523809524,1.0,0.0975609756097561,9.853658536585366,1.0,0.0493827160493827,4.987654320987654,baseline
cn7,2026,0,extratrees,0.3922222222222223,1.0896244780014968,0.0555600900006538,inner_f1,0.6125,0.985,0.0058246875969266,0.0237466986107807,0.5,0.5,0.5,0.495,398,2,2,2,0.5,0.005,404,4,51,0.5,0.4,40.4,0.75,0.2307692307692307,23.30769230769231,1.0,0.1904761904761904,19.23809523809524,1.0,0.0975609756097561,9.853658536585366,1.0,0.0493827160493827,4.987654320987654,baseline
cn7,2026,0,extratrees_balanced,0.2628887870832345,1.109536219999427,0.0554305500008922,fixed_0.5,0.6134615384615385,0.9825,0.0191959708219404,0.0593863249330916,0.4285714285714285,0.3,0.75,0.4667878136200242,393,7,1,3,0.25,0.0175,404,4,34,0.5,0.4,40.4,0.75,0.2307692307692307,23.30769230769231,0.75,0.1428571428571428,14.428571428571429,1.0,0.0975609756097561,9.853658536585366,1.0,0.0493827160493827,4.987654320987654,baseline
cn7,2026,0,extratrees_balanced,0.2628887870832345,1.109536219999427,0.0554305500008922,inner_f1,0.6134615384615385,0.9825,0.0191959708219404,0.0593863249330916,0.2142857142857142,0.125,0.75,0.2921506010334576,379,21,1,3,0.25,0.0525,404,4,34,0.5,0.4,40.4,0.75,0.2307692307692307,23.30769230769231,0.75,0.1428571428571428,14.428571428571429,1.0,0.0975609756097561,9.853658536585366,1.0,0.0493827160493827,4.987654320987654,baseline
cn7,2026,0,catboost,0.3382498395401568,0.1142371509995427,0.000945011001022,fixed_0.5,0.5696022727272727,0.9675,0.0048784294575286,0.0248663853310998,0.6666666666666666,1.0,0.5,0.7053456158585982,400,0,2,2,0.5,0.0,404,4,202,0.5,0.4,40.4,0.5,0.1538461538461538,15.538461538461538,0.75,0.1428571428571428,14.428571428571429,0.75,0.073170731707317,7.390243902439024,1.0,0.0493827160493827,4.987654320987654,baseline
cn7,2026,0,catboost,0.3382498395401568,0.1142371509995427,0.000945011001022,inner_f1,0.5696022727272727,0.9675,0.0048784294575286,0.0248663853310998,0.6666666666666666,1.0,0.5,0.7053456158585982,400,0,2,2,0.5,0.0,404,4,202,0.5,0.4,40.4,0.5,0.1538461538461538,15.538461538461538,0.75,0.1428571428571428,14.428571428571429,0.75,0.073170731707317,7.390243902439024,1.0,0.0493827160493827,4.987654320987654,baseline
cn7,2026,0,catboost_balanced,0.4890819236076679,0.117124407999654,0.0008164589999068,fixed_0.5,0.6107142857142858,0.98125,0.0182374141131179,0.0612510463665576,0.4285714285714285,0.3,0.75,0.4667878136200242,393,7,1,3,0.25,0.0175,404,4,202,0.5,0.4,40.4,0.75,0.2307692307692307,23.30769230769231,0.75,0.1428571428571428,14.428571428571429,1.0,0.0975609756097561,9.853658536585366,1.0,0.0493827160493827,4.987654320987654,baseline
cn7,2026,0,catboost_balanced,0.4890819236076679,0.117124407999654,0.0008164589999068,inner_f1,0.6107142857142858,0.98125,0.0182374141131179,0.0612510463665576,0.375,0.25,0.75,0.4242866161606576,391,9,1,3,0.25,0.0225,404,4,202,0.5,0.4,40.4,0.75,0.2307692307692307,23.30769230769231,0.75,0.1428571428571428,14.428571428571429,1.0,0.0975609756097561,9.853658536585366,1.0,0.0493827160493827,4.987654320987654,baseline
cn7,2026,0,lightgbm,0.014815932254402,0.0378597300004912,0.0008494350004184,fixed_0.5,0.592032967032967,0.98,0.007947470158033,0.0311980023339113,0.0,0.0,0.0,0.0,400,0,4,0,1.0,0.0,404,4,201,0.5,0.4,40.4,0.5,0.1538461538461538,15.538461538461538,0.75,0.1428571428571428,14.428571428571429,1.0,0.0975609756097561,9.853658536585366,1.0,0.0493827160493827,4.987654320987654,baseline
cn7,2026,0,lightgbm,0.014815932254402,0.0378597300004912,0.0008494350004184,inner_f1,0.592032967032967,0.98,0.007947470158033,0.0311980023339113,0.2,0.1111111111111111,1.0,0.3197221015541813,368,32,0,4,0.0,0.08,404,4,201,0.5,0.4,40.4,0.5,0.1538461538461538,15.538461538461538,0.75,0.1428571428571428,14.428571428571429,1.0,0.0975609756097561,9.853658536585366,1.0,0.0493827160493827,4.987654320987654,baseline
cn7,2026,0,lightgbm_balanced,0.186684584226571,0.0366119150021404,0.0009071230015251,fixed_0.5,0.6125,0.985,0.0166002552314773,0.0584107902120295,0.2857142857142857,0.2,0.5,0.3058814341810397,392,8,2,2,0.5,0.02,404,4,202,0.5,0.4,40.4,0.75,0.2307692307692307,23.30769230769231,1.0,0.1904761904761904,19.23809523809524,1.0,0.0975609756097561,9.853658536585366,1.0,0.0493827160493827,4.987654320987654,baseline
cn7,2026,0,lightgbm_balanced,0.186684584226571,0.0366119150021404,0.0009071230015251,inner_f1,0.6125,0.985,0.0166002552314773,0.0584107902120295,0.3076923076923077,0.1818181818181818,1.0,0.4166969685951214,382,18,0,4,0.0,0.045,404,4,202,0.5,0.4,40.4,0.75,0.2307692307692307,23.30769230769231,1.0,0.1904761904761904,19.23809523809524,1.0,0.0975609756097561,9.853658536585366,1.0,0.0493827160493827,4.987654320987654,baseline
cn7,2026,1,dummy_prior,0.5,0.0001984449991141,6.427600237657316e-05,fixed_0.5,0.0148514851485148,0.5,0.0146324087778383,0.0773141445005066,0.0,0.0,0.0,0.0,398,0,6,0,1.0,0.0,404,6,1,0.0,0.0,0.0,0.0,0.0,0.0,0.0,0.0,0.0,0.1666666666666666,0.024390243902439,1.6422764227642277,0.3333333333333333,0.0246913580246913,1.662551440329218,baseline
cn7,2026,1,dummy_prior,0.5,0.0001984449991141,6.427600237657316e-05,inner_f1,0.0148514851485148,0.5,0.0146324087778383,0.0773141445005066,0.0,0.0,0.0,0.0,398,0,6,0,1.0,0.0,404,6,1,0.0,0.0,0.0,0.0,0.0,0.0,0.0,0.0,0.0,0.1666666666666666,0.024390243902439,1.6422764227642277,0.3333333333333333,0.0246913580246913,1.662551440329218,baseline
cn7,2026,1,logistic,0.9320473808628648,0.0097007399999711,0.0004085319997102,fixed_0.5,0.4754544290834613,0.9463986599664992,0.0096336000280579,0.0445298271216934,0.5,1.0,0.3333333333333333,0.5744706987722934,398,0,4,2,0.6666666666666666,0.0,404,6,203,0.3333333333333333,0.4,26.933333333333337,0.5,0.2307692307692307,15.53846153846154,0.5,0.1428571428571428,9.61904761904762,0.6666666666666666,0.0975609756097561,6.569105691056911,1.0,0.074074074074074,4.987654320987654,baseline
cn7,2026,1,logistic,0.9320473808628648,0.0097007399999711,0.0004085319997102,inner_f1,0.4754544290834613,0.9463986599664992,0.0096336000280579,0.0445298271216934,0.5,1.0,0.3333333333333333,0.5744706987722934,398,0,4,2,0.6666666666666666,0.0,404,6,203,0.3333333333333333,0.4,26.933333333333337,0.5,0.2307692307692307,15.53846153846154,0.5,0.1428571428571428,9.61904761904762,0.6666666666666666,0.0975609756097561,6.569105691056911,1.0,0.074074074074074,4.987654320987654,baseline
cn7,2026,1,logistic_balanced,0.998247466242888,0.0137282249997952,0.000414981997892,fixed_0.5,0.4594911469911469,0.9472361809045228,0.0445294825829294,0.1438545408039348,0.2352941176470588,0.1428571428571428,0.6666666666666666,0.288787547463825,374,24,2,4,0.3333333333333333,0.0603015075376884,404,6,204,0.3333333333333333,0.4,26.933333333333337,0.5,0.2307692307692307,15.53846153846154,0.6666666666666666,0.1904761904761904,12.825396825396826,0.6666666666666666,0.0975609756097561,6.569105691056911,1.0,0.074074074074074,4.987654320987654,baseline
cn7,2026,1,logistic_balanced,0.998247466242888,0.0137282249997952,0.000414981997892,inner_f1,0.4594911469911469,0.9472361809045228,0.0445294825829294,0.1438545408039348,0.5,1.0,0.3333333333333333,0.5744706987722934,398,0,4,2,0.6666666666666666,0.0,404,6,204,0.3333333333333333,0.4,26.933333333333337,0.5,0.2307692307692307,15.53846153846154,0.6666666666666666,0.1904761904761904,12.825396825396826,0.6666666666666666,0.0975609756097561,6.569105691056911,1.0,0.074074074074074,4.987654320987654,baseline
cn7,2026,1,xgboost,0.0204185470938682,0.0394388460008485,0.0010996140008501,fixed_0.5,0.0816148566148566,0.8919597989949748,0.014609875802034,0.0675529911632341,0.0,0.0,0.0,0.0,398,0,6,0,1.0,0.0,404,6,122,0.0,0.0,0.0,0.1666666666666666,0.0769230769230769,5.17948717948718,0.1666666666666666,0.0476190476190476,3.2063492063492065,0.3333333333333333,0.048780487804878,3.2845528455284554,1.0,0.074074074074074,4.987654320987654,baseline
cn7,2026,1,xgboost,0.0204185470938682,0.0394388460008485,0.0010996140008501,inner_f1,0.0816148566148566,0.8919597989949748,0.014609875802034,0.0675529911632341,0.1379310344827586,0.0769230769230769,0.6666666666666666,0.1972365632741851,350,48,2,4,0.3333333333333333,0.1206030150753768,404,6,122,0.0,0.0,0.0,0.1666666666666666,0.0769230769230769,5.17948717948718,0.1666666666666666,0.0476190476190476,3.2063492063492065,0.3333333333333333,0.048780487804878,3.2845528455284554,1.0,0.074074074074074,4.987654320987654,baseline
cn7,2026,1,xgboost_balanced,0.3321617841720581,0.0441077750001568,0.0013075470014882,fixed_0.5,0.4041843877370193,0.9195979899497486,0.0402414878318607,0.1186764039757363,0.1875,0.1153846153846153,0.5,0.217978762685904,375,23,3,3,0.5,0.057788944723618,404,6,202,0.3333333333333333,0.4,26.933333333333337,0.3333333333333333,0.1538461538461538,10.35897435897436,0.5,0.1428571428571428,9.61904761904762,0.8333333333333334,0.1219512195121951,8.211382113821138,0.8333333333333334,0.0617283950617283,4.156378600823046,baseline
cn7,2026,1,xgboost_balanced,0.3321617841720581,0.0441077750001568,0.0013075470014882,inner_f1,0.4041843877370193,0.9195979899497486,0.0402414878318607,0.1186764039757363,0.1764705882352941,0.1071428571428571,0.5,0.2082142262101059,373,25,3,3,0.5,0.0628140703517587,404,6,202,0.3333333333333333,0.4,26.933333333333337,0.3333333333333333,0.1538461538461538,10.35897435897436,0.5,0.1428571428571428,9.61904761904762,0.8333333333333334,0.1219512195121951,8.211382113821138,0.8333333333333334,0.0617283950617283,4.156378600823046,baseline
cn7,2026,1,extratrees,0.4416666666666667,1.0465132310018816,0.0550418320017342,fixed_0.5,0.4081701631701631,0.9413735343383584,0.0115067719789156,0.047105742994364,0.5,1.0,0.3333333333333333,0.5744706987722934,398,0,4,2,0.6666666666666666,0.0,404,6,50,0.3333333333333333,0.4,26.933333333333337,0.3333333333333333,0.1538461538461538,10.35897435897436,0.3333333333333333,0.0952380952380952,6.412698412698413,0.6666666666666666,0.0975609756097561,6.569105691056911,1.0,0.074074074074074,4.987654320987654,baseline
cn7,2026,1,extratrees,0.4416666666666667,1.0465132310018816,0.0550418320017342,inner_f1,0.4081701631701631,0.9413735343383584,0.0115067719789156,0.047105742994364,0.5,1.0,0.3333333333333333,0.5744706987722934,398,0,4,2,0.6666666666666666,0.0,404,6,50,0.3333333333333333,0.4,26.933333333333337,0.3333333333333333,0.1538461538461538,10.35897435897436,0.3333333333333333,0.0952380952380952,6.412698412698413,0.6666666666666666,0.0975609756097561,6.569105691056911,1.0,0.074074074074074,4.987654320987654,baseline
cn7,2026,1,extratrees_balanced,0.1945107378706908,1.1415459950003424,0.0570394890019088,fixed_0.5,0.1338880925837447,0.940536013400335,0.0345216039514985,0.0978626540739234,0.2307692307692307,0.15,0.5,0.2549910088078878,381,17,3,3,0.5,0.0427135678391959,404,6,36,0.0,0.0,0.0,0.0,0.0,0.0,0.5,0.1428571428571428,9.61904761904762,0.6666666666666666,0.0975609756097561,6.569105691056911,1.0,0.074074074074074,4.987654320987654,baseline
cn7,2026,1,extratrees_balanced,0.1945107378706908,1.1415459950003424,0.0570394890019088,inner_f1,0.1338880925837447,0.940536013400335,0.0345216039514985,0.0978626540739234,0.1818181818181818,0.1052631578947368,0.6666666666666666,0.2408462916978361,364,34,2,4,0.3333333333333333,0.0854271356783919,404,6,36,0.0,0.0,0.0,0.0,0.0,0.0,0.5,0.1428571428571428,9.61904761904762,0.6666666666666666,0.0975609756097561,6.569105691056911,1.0,0.074074074074074,4.987654320987654,baseline
cn7,2026,1,catboost,0.1829268747032696,0.1145958529996278,0.0007592450019728,fixed_0.5,0.3986286536972512,0.9229480737018426,0.0107045503844075,0.0511688115582992,0.5,1.0,0.3333333333333333,0.5744706987722934,398,0,4,2,0.6666666666666666,0.0,404,6,202,0.3333333333333333,0.4,26.933333333333337,0.3333333333333333,0.1538461538461538,10.35897435897436,0.3333333333333333,0.0952380952380952,6.412698412698413,0.6666666666666666,0.0975609756097561,6.569105691056911,0.8333333333333334,0.0617283950617283,4.156378600823046,baseline
cn7,2026,1,catboost,0.1829268747032696,0.1145958529996278,0.0007592450019728,inner_f1,0.3986286536972512,0.9229480737018426,0.0107045503844075,0.0511688115582992,0.4,0.5,0.3333333333333333,0.4010872994443284,396,2,4,2,0.6666666666666666,0.0050251256281407,404,6,202,0.3333333333333333,0.4,26.933333333333337,0.3333333333333333,0.1538461538461538,10.35897435897436,0.3333333333333333,0.0952380952380952,6.412698412698413,0.6666666666666666,0.0975609756097561,6.569105691056911,0.8333333333333334,0.0617283950617283,4.156378600823046,baseline
cn7,2026,1,catboost_balanced,0.7074352746002305,0.1232555089991365,0.0014625700023316,fixed_0.5,0.1967314118629908,0.9472361809045226,0.0291308808499567,0.0902194851824532,0.2,0.1428571428571428,0.3333333333333333,0.2005049429865288,386,12,4,2,0.6666666666666666,0.0301507537688442,404,6,202,0.1666666666666666,0.2,13.466666666666669,0.3333333333333333,0.1538461538461538,10.35897435897436,0.3333333333333333,0.0952380952380952,6.412698412698413,1.0,0.1463414634146341,9.853658536585366,1.0,0.074074074074074,4.987654320987654,baseline
cn7,2026,1,catboost_balanced,0.7074352746002305,0.1232555089991365,0.0014625700023316,inner_f1,0.1967314118629908,0.9472361809045226,0.0291308808499567,0.0902194851824532,0.25,0.2,0.3333333333333333,0.2438576171146945,390,8,4,2,0.6666666666666666,0.0201005025125628,404,6,202,0.1666666666666666,0.2,13.466666666666669,0.3333333333333333,0.1538461538461538,10.35897435897436,0.3333333333333333,0.0952380952380952,6.412698412698413,1.0,0.1463414634146341,9.853658536585366,1.0,0.074074074074074,4.987654320987654,baseline
cn7,2026,1,lightgbm,0.0434937033227406,0.0369686769990948,0.0010634630016284,fixed_0.5,0.1102838338132455,0.9112227805695142,0.0145681017323029,0.0623111675703935,0.0,0.0,0.0,0.0,398,0,6,0,1.0,0.0,404,6,198,0.0,0.0,0.0,0.1666666666666666,0.0769230769230769,5.17948717948718,0.3333333333333333,0.0952380952380952,6.412698412698413,0.6666666666666666,0.0975609756097561,6.569105691056911,0.8333333333333334,0.0617283950617283,4.156378600823046,baseline
cn7,2026,1,lightgbm,0.0434937033227406,0.0369686769990948,0.0010634630016284,inner_f1,0.1102838338132455,0.9112227805695142,0.0145681017323029,0.0623111675703935,0.1666666666666666,0.1,0.5,0.1993728915587067,371,27,3,3,0.5,0.0678391959798995,404,6,198,0.0,0.0,0.0,0.1666666666666666,0.0769230769230769,5.17948717948718,0.3333333333333333,0.0952380952380952,6.412698412698413,0.6666666666666666,0.0975609756097561,6.569105691056911,0.8333333333333334,0.0617283950617283,4.156378600823046,baseline
cn7,2026,1,lightgbm_balanced,0.2258904390082633,0.0337086299987277,0.0007643720018677,fixed_0.5,0.4063087406015037,0.9137353433835846,0.0428387762645084,0.1282849354121081,0.1875,0.1153846153846153,0.5,0.217978762685904,375,23,3,3,0.5,0.057788944723618,404,6,199,0.3333333333333333,0.4,26.933333333333337,0.3333333333333333,0.1538461538461538,10.35897435897436,0.5,0.1428571428571428,9.61904761904762,0.6666666666666666,0.0975609756097561,6.569105691056911,0.8333333333333334,0.0617283950617283,4.156378600823046,baseline
cn7,2026,1,lightgbm_balanced,0.2258904390082633,0.0337086299987277,0.0007643720018677,inner_f1,0.4063087406015037,0.9137353433835846,0.0428387762645084,0.1282849354121081,0.1818181818181818,0.1052631578947368,0.6666666666666666,0.2408462916978361,364,34,2,4,0.3333333333333333,0.0854271356783919,404,6,199,0.3333333333333333,0.4,26.933333333333337,0.3333333333333333,0.1538461538461538,10.35897435897436,0.5,0.1428571428571428,9.61904761904762,0.6666666666666666,0.0975609756097561,6.569105691056911,0.8333333333333334,0.0617283950617283,4.156378600823046,baseline
cn7,2026,2,dummy_prior,0.5,0.0002198349975515,7.978100256877951e-05,fixed_0.5,0.0173697270471464,0.5,0.0170929545660754,0.0885245889402453,0.0,0.0,0.0,0.0,396,0,7,0,1.0,0.0,403,7,1,0.0,0.0,0.0,0.0,0.0,0.0,0.0,0.0,0.0,0.0,0.0,0.0,0.0,0.0,0.0,baseline
cn7,2026,2,dummy_prior,0.5,0.0002198349975515,7.978100256877951e-05,inner_f1,0.0173697270471464,0.5,0.0170929545660754,0.0885245889402453,0.0,0.0,0.0,0.0,396,0,7,0,1.0,0.0,403,7,1,0.0,0.0,0.0,0.0,0.0,0.0,0.0,0.0,0.0,0.0,0.0,0.0,0.0,0.0,0.0,baseline
cn7,2026,2,logistic,0.9170871143780523,0.0103966220012807,0.0005347219994291,fixed_0.5,0.4336423301715052,0.9518398268398268,0.0121381101553967,0.0539125304561396,0.4444444444444444,1.0,0.2857142857142857,0.531179596227605,396,0,5,2,0.7142857142857143,0.0,403,7,203,0.2857142857142857,0.4,23.02857142857143,0.5714285714285714,0.3076923076923077,17.714285714285715,0.5714285714285714,0.1904761904761904,10.965986394557822,0.7142857142857143,0.1219512195121951,7.020905923344947,1.0,0.0864197530864197,4.9753086419753085,baseline
cn7,2026,2,logistic,0.9170871143780523,0.0103966220012807,0.0005347219994291,inner_f1,0.4336423301715052,0.9518398268398268,0.0121381101553967,0.0539125304561396,0.4444444444444444,1.0,0.2857142857142857,0.531179596227605,396,0,5,2,0.7142857142857143,0.0,403,7,203,0.2857142857142857,0.4,23.02857142857143,0.5714285714285714,0.3076923076923077,17.714285714285715,0.5714285714285714,0.1904761904761904,10.965986394557822,0.7142857142857143,0.1219512195121951,7.020905923344947,1.0,0.0864197530864197,4.9753086419753085,baseline
cn7,2026,2,logistic_balanced,0.998273019296772,0.0152955999983532,0.000604768996709,fixed_0.5,0.4225943127301165,0.9139610389610388,0.0264861512134755,0.099731805690537,0.3478260869565217,0.25,0.5714285714285714,0.3620588538411306,384,12,3,4,0.4285714285714285,0.0303030303030303,403,7,203,0.2857142857142857,0.4,23.02857142857143,0.4285714285714285,0.2307692307692307,13.285714285714286,0.5714285714285714,0.1904761904761904,10.965986394557822,0.7142857142857143,0.1219512195121951,7.020905923344947,0.8571428571428571,0.074074074074074,4.264550264550264,baseline
cn7,2026,2,logistic_balanced,0.998273019296772,0.0152955999983532,0.000604768996709,inner_f1,0.4225943127301165,0.9139610389610388,0.0264861512134755,0.099731805690537,0.0,0.0,0.0,0.0,396,0,7,0,1.0,0.0,403,7,203,0.2857142857142857,0.4,23.02857142857143,0.4285714285714285,0.2307692307692307,13.285714285714286,0.5714285714285714,0.1904761904761904,10.965986394557822,0.7142857142857143,0.1219512195121951,7.020905923344947,0.8571428571428571,0.074074074074074,4.264550264550264,baseline
cn7,2026,2,xgboost,0.0307733807712793,0.0394799370005785,0.0009066140009963,fixed_0.5,0.2665429808286951,0.9738455988455988,0.0158804900791016,0.0634001816304933,0.0,0.0,0.0,0.0,396,0,7,0,1.0,0.0,403,7,130,0.1428571428571428,0.2,11.514285714285714,0.2857142857142857,0.1538461538461538,8.857142857142858,1.0,0.3333333333333333,19.19047619047619,1.0,0.1707317073170731,9.829268292682928,1.0,0.0864197530864197,4.9753086419753085,baseline
cn7,2026,2,xgboost,0.0307733807712793,0.0394799370005785,0.0009066140009963,inner_f1,0.2665429808286951,0.9738455988455988,0.0158804900791016,0.0634001816304933,0.2456140350877192,0.14,1.0,0.3532675753561028,353,43,0,7,0.0,0.1085858585858585,403,7,130,0.1428571428571428,0.2,11.514285714285714,0.2857142857142857,0.1538461538461538,8.857142857142858,1.0,0.3333333333333333,19.19047619047619,1.0,0.1707317073170731,9.829268292682928,1.0,0.0864197530864197,4.9753086419753085,baseline
cn7,2026,2,xgboost_balanced,0.0425434075295925,0.0409051589995215,0.0008023199989111,fixed_0.5,0.5736394557823129,0.978896103896104,0.0138300654439981,0.0496477920339147,0.4,0.375,0.4285714285714285,0.3895732720338461,391,5,4,3,0.5714285714285714,0.0126262626262626,403,7,202,0.4285714285714285,0.6,34.54285714285714,0.5714285714285714,0.3076923076923077,17.714285714285715,0.8571428571428571,0.2857142857142857,16.448979591836732,1.0,0.1707317073170731,9.829268292682928,1.0,0.0864197530864197,4.9753086419753085,baseline
cn7,2026,2,xgboost_balanced,0.0425434075295925,0.0409051589995215,0.0008023199989111,inner_f1,0.5736394557823129,0.978896103896104,0.0138300654439981,0.0496477920339147,0.2745098039215686,0.1590909090909091,1.0,0.3797714502877055,359,37,0,7,0.0,0.0934343434343434,403,7,202,0.4285714285714285,0.6,34.54285714285714,0.5714285714285714,0.3076923076923077,17.714285714285715,0.8571428571428571,0.2857142857142857,16.448979591836732,1.0,0.1707317073170731,9.829268292682928,1.0,0.0864197530864197,4.9753086419753085,baseline
cn7,2026,2,extratrees,0.3494444444444445,1.044246925997868,0.0558524669977487,fixed_0.5,0.5497452738832049,0.979978354978355,0.0111867756717255,0.0411619434721496,0.4444444444444444,1.0,0.2857142857142857,0.531179596227605,396,0,5,2,0.7142857142857143,0.0,403,7,44,0.2857142857142857,0.4,23.02857142857143,0.7142857142857143,0.3846153846153846,22.142857142857142,0.7142857142857143,0.238095238095238,13.707482993197278,1.0,0.1707317073170731,9.829268292682928,1.0,0.0864197530864197,4.9753086419753085,baseline
cn7,2026,2,extratrees,0.3494444444444445,1.044246925997868,0.0558524669977487,inner_f1,0.5497452738832049,0.979978354978355,0.0111867756717255,0.0411619434721496,0.4444444444444444,1.0,0.2857142857142857,0.531179596227605,396,0,5,2,0.7142857142857143,0.0,403,7,44,0.2857142857142857,0.4,23.02857142857143,0.7142857142857143,0.3846153846153846,22.142857142857142,0.7142857142857143,0.238095238095238,13.707482993197278,1.0,0.1707317073170731,9.829268292682928,1.0,0.0864197530864197,4.9753086419753085,baseline
cn7,2026,2,extratrees_balanced,0.0656407228985735,1.151785371999722,0.0541919179995602,fixed_0.5,0.1515248317017083,0.9363275613275612,0.02976501480189,0.0918779724575939,0.0952380952380952,0.0714285714285714,0.1428571428571428,0.078499051257044,383,13,6,1,0.8571428571428571,0.0328282828282828,403,7,23,0.0,0.0,0.0,0.1428571428571428,0.0769230769230769,4.428571428571429,0.5714285714285714,0.1904761904761904,10.965986394557822,0.7142857142857143,0.1219512195121951,7.020905923344947,1.0,0.0864197530864197,4.9753086419753085,baseline
cn7,2026,2,extratrees_balanced,0.0656407228985735,1.151785371999722,0.0541919179995602,inner_f1,0.1515248317017083,0.9363275613275612,0.02976501480189,0.0918779724575939,0.3448275862068966,0.2272727272727272,0.7142857142857143,0.3860787797382771,379,17,2,5,0.2857142857142857,0.0429292929292929,403,7,23,0.0,0.0,0.0,0.1428571428571428,0.0769230769230769,4.428571428571429,0.5714285714285714,0.1904761904761904,10.965986394557822,0.7142857142857143,0.1219512195121951,7.020905923344947,1.0,0.0864197530864197,4.9753086419753085,baseline
cn7,2026,2,catboost,0.2510080874817346,0.1148188699989987,0.0007863000028009,fixed_0.5,0.4346750874045051,0.9460678210678212,0.0120833588851484,0.0553003051606505,0.4444444444444444,1.0,0.2857142857142857,0.531179596227605,396,0,5,2,0.7142857142857143,0.0,403,7,202,0.2857142857142857,0.4,23.02857142857143,0.4285714285714285,0.2307692307692307,13.285714285714286,0.4285714285714285,0.1428571428571428,8.224489795918366,0.5714285714285714,0.0975609756097561,5.616724738675958,1.0,0.0864197530864197,4.9753086419753085,baseline
cn7,2026,2,catboost,0.2510080874817346,0.1148188699989987,0.0007863000028009,inner_f1,0.4346750874045051,0.9460678210678212,0.0120833588851484,0.0553003051606505,0.4444444444444444,1.0,0.2857142857142857,0.531179596227605,396,0,5,2,0.7142857142857143,0.0,403,7,202,0.2857142857142857,0.4,23.02857142857143,0.4285714285714285,0.2307692307692307,13.285714285714286,0.4285714285714285,0.1428571428571428,8.224489795918366,0.5714285714285714,0.0975609756097561,5.616724738675958,1.0,0.0864197530864197,4.9753086419753085,baseline
cn7,2026,2,catboost_balanced,0.3448681219330891,0.1166147610019834,0.0008032540026761,fixed_0.5,0.4703002413086447,0.9738455988455988,0.0127085781614338,0.047805087437242,0.4444444444444444,1.0,0.2857142857142857,0.531179596227605,396,0,5,2,0.7142857142857143,0.0,403,7,202,0.2857142857142857,0.4,23.02857142857143,0.4285714285714285,0.2307692307692307,13.285714285714286,0.7142857142857143,0.238095238095238,13.707482993197278,1.0,0.1707317073170731,9.829268292682928,1.0,0.0864197530864197,4.9753086419753085,baseline
cn7,2026,2,catboost_balanced,0.3448681219330891,0.1166147610019834,0.0008032540026761,inner_f1,0.4703002413086447,0.9738455988455988,0.0127085781614338,0.047805087437242,0.3809523809523809,0.2857142857142857,0.5714285714285714,0.3896641429611955,386,10,3,4,0.4285714285714285,0.0252525252525252,403,7,202,0.2857142857142857,0.4,23.02857142857143,0.4285714285714285,0.2307692307692307,13.285714285714286,0.7142857142857143,0.238095238095238,13.707482993197278,1.0,0.1707317073170731,9.829268292682928,1.0,0.0864197530864197,4.9753086419753085,baseline
cn7,2026,2,lightgbm,0.0220065123418648,0.0339697609997529,0.0007574060000479,fixed_0.5,0.5681122448979592,0.977092352092352,0.0136098722583964,0.0490081995967173,0.0,0.0,0.0,0.0,396,0,7,0,1.0,0.0,403,7,197,0.4285714285714285,0.6,34.54285714285714,0.5714285714285714,0.3076923076923077,17.714285714285715,0.7142857142857143,0.238095238095238,13.707482993197278,1.0,0.1707317073170731,9.829268292682928,1.0,0.0864197530864197,4.9753086419753085,baseline
cn7,2026,2,lightgbm,0.0220065123418648,0.0339697609997529,0.0007574060000479,inner_f1,0.5681122448979592,0.977092352092352,0.0136098722583964,0.0490081995967173,0.3157894736842105,0.1935483870967742,0.8571428571428571,0.38928808618453,371,25,1,6,0.1428571428571428,0.0631313131313131,403,7,197,0.4285714285714285,0.6,34.54285714285714,0.5714285714285714,0.3076923076923077,17.714285714285715,0.7142857142857143,0.238095238095238,13.707482993197278,1.0,0.1707317073170731,9.829268292682928,1.0,0.0864197530864197,4.9753086419753085,baseline
cn7,2026,2,lightgbm_balanced,0.3780722975302302,0.0339320839993888,0.0007790439995005,fixed_0.5,0.5688775510204082,0.9839466089466088,0.015175855626736,0.0548361780079568,0.4705882352941176,0.4,0.5714285714285714,0.4671877917585706,390,6,3,4,0.4285714285714285,0.0151515151515151,403,7,200,0.2857142857142857,0.4,23.02857142857143,0.5714285714285714,0.3076923076923077,17.714285714285715,0.8571428571428571,0.2857142857142857,16.448979591836732,1.0,0.1707317073170731,9.829268292682928,1.0,0.0864197530864197,4.9753086419753085,baseline
cn7,2026,2,lightgbm_balanced,0.3780722975302302,0.0339320839993888,0.0007790439995005,inner_f1,0.5688775510204082,0.9839466089466088,0.015175855626736,0.0548361780079568,0.4761904761904761,0.3571428571428571,0.7142857142857143,0.4933858401959127,387,9,2,5,0.2857142857142857,0.0227272727272727,403,7,200,0.2857142857142857,0.4,23.02857142857143,0.5714285714285714,0.3076923076923077,17.714285714285715,0.8571428571428571,0.2857142857142857,16.448979591836732,1.0,0.1707317073170731,9.829268292682928,1.0,0.0864197530864197,4.9753086419753085,baseline
rg3,42,0,dummy_prior,0.5,0.0005057039998064,9.786700320546517e-05,fixed_0.5,0.0177664974619289,0.5,0.0174766162488082,0.089838872722487,0.0,0.0,0.0,0.0,387,0,7,0,1.0,0.0,394,7,1,0.0,0.0,0.0,0.0,0.0,0.0,0.1428571428571428,0.05,2.814285714285714,0.1428571428571428,0.025,1.407142857142857,0.2857142857142857,0.0253164556962025,1.4249547920433996,baseline
rg3,42,0,dummy_prior,0.5,0.0005057039998064,9.786700320546517e-05,inner_f1,0.0177664974619289,0.5,0.0174766162488082,0.089838872722487,0.0,0.0,0.0,0.0,387,0,7,0,1.0,0.0,394,7,1,0.0,0.0,0.0,0.0,0.0,0.0,0.1428571428571428,0.05,2.814285714285714,0.1428571428571428,0.025,1.407142857142857,0.2857142857142857,0.0253164556962025,1.4249547920433996,baseline
rg3,42,0,logistic,0.0026583729865346,0.0096108129982894,0.0003916899986506,fixed_0.5,0.0187102093539396,0.4195275009228497,0.0185295424266955,0.1010011338699158,0.0,0.0,0.0,0.0,387,0,7,0,1.0,0.0,394,7,197,0.0,0.0,0.0,0.0,0.0,0.0,0.0,0.0,0.0,0.1428571428571428,0.025,1.407142857142857,0.1428571428571428,0.0126582278481012,0.7124773960216998,baseline
rg3,42,0,logistic,0.0026583729865346,0.0096108129982894,0.0003916899986506,inner_f1,0.0187102093539396,0.4195275009228497,0.0185295424266955,0.1010011338699158,0.035264483627204,0.0179487179487179,1.0,0.0136204428924404,4,383,0,7,0.0,0.9896640826873384,394,7,197,0.0,0.0,0.0,0.0,0.0,0.0,0.0,0.0,0.0,0.1428571428571428,0.025,1.407142857142857,0.1428571428571428,0.0126582278481012,0.7124773960216998,baseline
rg3,42,0,logistic_balanced,0.1510449017702735,0.0155274259996076,0.0004342989996075,fixed_0.5,0.0179936250638429,0.4387227759320782,0.2306122482726902,0.6988732759842001,0.0150375939849624,0.0079365079365079,0.1428571428571428,-0.0510226075635223,262,125,6,1,0.8571428571428571,0.3229974160206718,394,7,197,0.0,0.0,0.0,0.0,0.0,0.0,0.0,0.0,0.0,0.0,0.0,0.0,0.1428571428571428,0.0126582278481012,0.7124773960216998,baseline
rg3,42,0,logistic_balanced,0.1510449017702735,0.0155274259996076,0.0004342989996075,inner_f1,0.0179936250638429,0.4387227759320782,0.2306122482726902,0.6988732759842001,0.0349854227405247,0.0178571428571428,0.8571428571428571,0.0016515552545389,57,330,1,6,0.1428571428571428,0.8527131782945736,394,7,197,0.0,0.0,0.0,0.0,0.0,0.0,0.0,0.0,0.0,0.0,0.0,0.0,0.1428571428571428,0.0126582278481012,0.7124773960216998,baseline
rg3,42,0,xgboost,0.058322250843048,0.0364953830030572,0.0012143349995312,fixed_0.5,0.0147471969168755,0.3501291989664082,0.0178740514996349,0.097392552147748,0.0,0.0,0.0,0.0,387,0,7,0,1.0,0.0,394,7,197,0.0,0.0,0.0,0.0,0.0,0.0,0.0,0.0,0.0,0.0,0.0,0.0,0.0,0.0,0.0,baseline
rg3,42,0,xgboost,0.058322250843048,0.0364953830030572,0.0012143349995312,inner_f1,0.0147471969168755,0.3501291989664082,0.0178740514996349,0.097392552147748,0.0,0.0,0.0,-0.0193617620580592,379,8,7,0,1.0,0.020671834625323,394,7,197,0.0,0.0,0.0,0.0,0.0,0.0,0.0,0.0,0.0,0.0,0.0,0.0,0.0,0.0,0.0,baseline
rg3,42,0,xgboost_balanced,0.403391033411026,0.0437858089971996,0.000737639998988,fixed_0.5,0.0219856973016268,0.517718715393134,0.0566682450901715,0.2156408569801204,0.0,0.0,0.0,-0.0276699025050973,371,16,7,0,1.0,0.041343669250646,394,7,197,0.0,0.0,0.0,0.0,0.0,0.0,0.0,0.0,0.0,0.1428571428571428,0.025,1.407142857142857,0.1428571428571428,0.0126582278481012,0.7124773960216998,baseline
rg3,42,0,xgboost_balanced,0.403391033411026,0.0437858089971996,0.000737639998988,inner_f1,0.0219856973016268,0.517718715393134,0.0566682450901715,0.2156408569801204,0.0,0.0,0.0,-0.0342529749006616,363,24,7,0,1.0,0.0620155038759689,394,7,197,0.0,0.0,0.0,0.0,0.0,0.0,0.0,0.0,0.0,0.1428571428571428,0.025,1.407142857142857,0.1428571428571428,0.0126582278481012,0.7124773960216998,baseline
rg3,42,0,extratrees,0.0160331653430042,1.0024759849984548,0.0572446260011929,fixed_0.5,0.0179812107539799,0.4726836471022517,0.0181044935819746,0.0961374171749153,0.0,0.0,0.0,0.0,387,0,7,0,1.0,0.0,394,7,197,0.0,0.0,0.0,0.0,0.0,0.0,0.0,0.0,0.0,0.0,0.0,0.0,0.0,0.0,0.0,baseline
rg3,42,0,extratrees,0.0160331653430042,1.0024759849984548,0.0572446260011929,inner_f1,0.0179812107539799,0.4726836471022517,0.0181044935819746,0.0961374171749153,0.0244897959183673,0.0126050420168067,0.4285714285714285,-0.0482603071275607,152,235,4,3,0.5714285714285714,0.6072351421188631,394,7,197,0.0,0.0,0.0,0.0,0.0,0.0,0.0,0.0,0.0,0.0,0.0,0.0,0.0,0.0,0.0,baseline
rg3,42,0,extratrees_balanced,0.3766968750825198,1.0955171340028755,0.0549761239999497,fixed_0.5,0.02832456555857,0.5524178663713547,0.0491196414441696,0.2179277929718715,0.0,0.0,0.0,0.0,387,0,7,0,1.0,0.0,394,7,197,0.0,0.0,0.0,0.0,0.0,0.0,0.1428571428571428,0.05,2.814285714285714,0.1428571428571428,0.025,1.407142857142857,0.2857142857142857,0.0253164556962025,1.4249547920433996,baseline
rg3,42,0,extratrees_balanced,0.3766968750825198,1.0955171340028755,0.0549761239999497,inner_f1,0.02832456555857,0.5524178663713547,0.0491196414441696,0.2179277929718715,0.0,0.0,0.0,-0.0217034075288531,377,10,7,0,1.0,0.0258397932816537,394,7,197,0.0,0.0,0.0,0.0,0.0,0.0,0.1428571428571428,0.05,2.814285714285714,0.1428571428571428,0.025,1.407142857142857,0.2857142857142857,0.0253164556962025,1.4249547920433996,baseline
rg3,42,0,catboost,0.0059181594844461,0.1147302850004052,0.0007288960005098,fixed_0.5,0.0212439867767791,0.5258397932816536,0.0175776874563669,0.0907221541557906,0.0,0.0,0.0,0.0,387,0,7,0,1.0,0.0,394,7,197,0.0,0.0,0.0,0.0,0.0,0.0,0.0,0.0,0.0,0.0,0.0,0.0,0.2857142857142857,0.0253164556962025,1.4249547920433996,baseline
rg3,42,0,catboost,0.0059181594844461,0.1147302850004052,0.0007288960005098,inner_f1,0.0212439867767791,0.5258397932816536,0.0175776874563669,0.0907221541557906,0.0349127182044887,0.0177664974619289,1.0,0.0,0,387,0,7,0.0,1.0,394,7,197,0.0,0.0,0.0,0.0,0.0,0.0,0.0,0.0,0.0,0.0,0.0,0.0,0.2857142857142857,0.0253164556962025,1.4249547920433996,baseline
rg3,42,0,catboost_balanced,0.3789826777106165,0.1155542849992343,0.0008438799995929,fixed_0.5,0.0195451427245213,0.4970468807678109,0.0693437323825148,0.2601748190555222,0.0,0.0,0.0,-0.0294263141822636,369,18,7,0,1.0,0.0465116279069767,394,7,197,0.0,0.0,0.0,0.0,0.0,0.0,0.0,0.0,0.0,0.0,0.0,0.0,0.1428571428571428,0.0126582278481012,0.7124773960216998,baseline
rg3,42,0,catboost_balanced,0.3789826777106165,0.1155542849992343,0.0008438799995929,inner_f1,0.0195451427245213,0.4970468807678109,0.0693437323825148,0.2601748190555222,0.0,0.0,0.0,-0.0524423514024729,335,52,7,0,1.0,0.1343669250645995,394,7,197,0.0,0.0,0.0,0.0,0.0,0.0,0.0,0.0,0.0,0.0,0.0,0.0,0.1428571428571428,0.0126582278481012,0.7124773960216998,baseline
rg3,42,0,lightgbm,0.0717955987005891,0.0412085709976963,0.0008334019985341,fixed_0.5,0.0182231664089305,0.479328165374677,0.0179602762308617,0.0959661231814476,0.0,0.0,0.0,0.0,387,0,7,0,1.0,0.0,394,7,197,0.0,0.0,0.0,0.0,0.0,0.0,0.0,0.0,0.0,0.0,0.0,0.0,0.0,0.0,0.0,baseline
rg3,42,0,lightgbm,0.0717955987005891,0.0412085709976963,0.0008334019985341,inner_f1,0.0182231664089305,0.479328165374677,0.0179602762308617,0.0959661231814476,0.0,0.0,0.0,-0.0217034075288531,377,10,7,0,1.0,0.0258397932816537,394,7,197,0.0,0.0,0.0,0.0,0.0,0.0,0.0,0.0,0.0,0.0,0.0,0.0,0.0,0.0,0.0,baseline
rg3,42,0,lightgbm_balanced,0.750828178500926,0.036178161000862,0.0007296340008906,fixed_0.5,0.0289740350229388,0.5900701365817644,0.0619672307879499,0.2345361955206125,0.0,0.0,0.0,-0.0327064500123836,365,22,7,0,1.0,0.0568475452196382,394,7,197,0.0,0.0,0.0,0.0,0.0,0.0,0.0,0.0,0.0,0.1428571428571428,0.025,1.407142857142857,0.4285714285714285,0.0379746835443038,2.1374321880650995,baseline
rg3,42,0,lightgbm_balanced,0.750828178500926,0.036178161000862,0.0007296340008906,inner_f1,0.0289740350229388,0.5900701365817644,0.0619672307879499,0.2345361955206125,0.0,0.0,0.0,-0.0096065069617372,385,2,7,0,1.0,0.0051679586563307,394,7,197,0.0,0.0,0.0,0.0,0.0,0.0,0.0,0.0,0.0,0.1428571428571428,0.025,1.407142857142857,0.4285714285714285,0.0379746835443038,2.1374321880650995,baseline
rg3,42,1,dummy_prior,0.5,0.0002052849995379,6.858199776615947e-05,fixed_0.5,0.0253807106598984,0.5,0.024776791465897,0.1192756110035843,0.0,0.0,0.0,0.0,384,0,10,0,1.0,0.0,394,10,1,0.0,0.0,0.0,0.0,0.0,0.0,0.0,0.0,0.0,0.0,0.0,0.0,0.2,0.0253164556962025,0.9974683544303796,baseline
rg3,42,1,dummy_prior,0.5,0.0002052849995379,6.858199776615947e-05,inner_f1,0.0253807106598984,0.5,0.024776791465897,0.1192756110035843,0.0,0.0,0.0,0.0,384,0,10,0,1.0,0.0,394,10,1,0.0,0.0,0.0,0.0,0.0,0.0,0.0,0.0,0.0,0.0,0.0,0.0,0.2,0.0253164556962025,0.9974683544303796,baseline
rg3,42,1,logistic,0.0139183386285333,0.009928375002346,0.0007208479983091,fixed_0.5,0.0195635159682134,0.3328125,0.0271866711762949,0.1505263442689267,0.0,0.0,0.0,0.0,384,0,10,0,1.0,0.0,394,10,197,0.0,0.0,0.0,0.0,0.0,0.0,0.0,0.0,0.0,0.0,0.0,0.0,0.0,0.0,0.0,baseline
rg3,42,1,logistic,0.0139183386285333,0.009928375002346,0.0007208479983091,inner_f1,0.0195635159682134,0.3328125,0.0271866711762949,0.1505263442689267,0.010752688172043,0.0056818181818181,0.1,-0.1125383404302363,209,175,9,1,0.9,0.4557291666666667,394,10,197,0.0,0.0,0.0,0.0,0.0,0.0,0.0,0.0,0.0,0.0,0.0,0.0,0.0,0.0,0.0,baseline
rg3,42,1,logistic_balanced,0.7109521453241904,0.0126091890015231,0.0004223119976813,fixed_0.5,0.0195662528799026,0.328125,0.2128312044769793,0.6680410098853955,0.0,0.0,0.0,-0.0979018901379978,278,106,10,0,1.0,0.2760416666666667,394,10,197,0.0,0.0,0.0,0.0,0.0,0.0,0.0,0.0,0.0,0.0,0.0,0.0,0.0,0.0,0.0,baseline
rg3,42,1,logistic_balanced,0.7109521453241904,0.0126091890015231,0.0004223119976813,inner_f1,0.0195662528799026,0.328125,0.2128312044769793,0.6680410098853955,0.0,0.0,0.0,-0.0586710258307339,338,46,10,0,1.0,0.1197916666666666,394,10,197,0.0,0.0,0.0,0.0,0.0,0.0,0.0,0.0,0.0,0.0,0.0,0.0,0.0,0.0,0.0,baseline
rg3,42,1,xgboost,0.0358432047069072,0.0359807720014941,0.0010996390010404,fixed_0.5,0.0186839090093472,0.3036458333333333,0.0251551890216948,0.1287917823242569,0.0,0.0,0.0,0.0,384,0,10,0,1.0,0.0,394,10,197,0.0,0.0,0.0,0.0,0.0,0.0,0.0,0.0,0.0,0.0,0.0,0.0,0.0,0.0,0.0,baseline
rg3,42,1,xgboost,0.0358432047069072,0.0359807720014941,0.0010996390010404,inner_f1,0.0186839090093472,0.3036458333333333,0.0251551890216948,0.1287917823242569,0.0,0.0,0.0,-0.0463280822913188,354,30,10,0,1.0,0.078125,394,10,197,0.0,0.0,0.0,0.0,0.0,0.0,0.0,0.0,0.0,0.0,0.0,0.0,0.0,0.0,0.0,baseline
rg3,42,1,xgboost_balanced,0.3202588558197021,0.0444438720005564,0.0007777430000714,fixed_0.5,0.0374218940703088,0.4786458333333334,0.053792039974975,0.2148747486919661,0.0,0.0,0.0,-0.0260416666666666,374,10,10,0,1.0,0.0260416666666666,394,10,197,0.0,0.0,0.0,0.1,0.0833333333333333,3.283333333333333,0.1,0.05,1.97,0.2,0.05,1.97,0.2,0.0253164556962025,0.9974683544303796,baseline
rg3,42,1,xgboost_balanced,0.3202588558197021,0.0444438720005564,0.0007777430000714,inner_f1,0.0374218940703088,0.4786458333333334,0.053792039974975,0.2148747486919661,0.0909090909090909,0.0588235294117647,0.2,0.0653464039213071,352,32,8,2,0.8,0.0833333333333333,394,10,197,0.0,0.0,0.0,0.1,0.0833333333333333,3.283333333333333,0.1,0.05,1.97,0.2,0.05,1.97,0.2,0.0253164556962025,0.9974683544303796,baseline
rg3,42,1,extratrees,0.045,1.0087143819982884,0.0549648519991023,fixed_0.5,0.0300458763576562,0.4760416666666666,0.0252844092850039,0.13338310146573,0.0,0.0,0.0,0.0,384,0,10,0,1.0,0.0,394,10,197,0.0,0.0,0.0,0.0,0.0,0.0,0.1,0.05,1.97,0.1,0.025,0.985,0.2,0.0253164556962025,0.9974683544303796,baseline
rg3,42,1,extratrees,0.045,1.0087143819982884,0.0549648519991023,inner_f1,0.0300458763576562,0.4760416666666666,0.0252844092850039,0.13338310146573,0.0476190476190476,0.03125,0.1,0.0110952433792399,353,31,9,1,0.9,0.0807291666666666,394,10,197,0.0,0.0,0.0,0.0,0.0,0.0,0.1,0.05,1.97,0.1,0.025,0.985,0.2,0.0253164556962025,0.9974683544303796,baseline
rg3,42,1,extratrees_balanced,0.37194972375412,1.1059133710004971,0.0649158509986591,fixed_0.5,0.0236749396150341,0.4223958333333333,0.06903582763164,0.2698514491557185,0.0,0.0,0.0,-0.0260416666666666,374,10,10,0,1.0,0.0260416666666666,394,10,195,0.0,0.0,0.0,0.0,0.0,0.0,0.0,0.0,0.0,0.0,0.0,0.0,0.1,0.0126582278481012,0.4987341772151898,baseline
rg3,42,1,extratrees_balanced,0.37194972375412,1.1059133710004971,0.0649158509986591,inner_f1,0.0236749396150341,0.4223958333333333,0.06903582763164,0.2698514491557185,0.0,0.0,0.0,-0.0527231302600621,346,38,10,0,1.0,0.0989583333333333,394,10,195,0.0,0.0,0.0,0.0,0.0,0.0,0.0,0.0,0.0,0.0,0.0,0.0,0.1,0.0126582278481012,0.4987341772151898,baseline
rg3,42,1,catboost,0.0231429004734167,0.1132412100014335,0.0008403930005442,fixed_0.5,0.0215095762950744,0.3604166666666666,0.0251800593014624,0.1329151934310525,0.0,0.0,0.0,0.0,384,0,10,0,1.0,0.0,394,10,197,0.0,0.0,0.0,0.0,0.0,0.0,0.0,0.0,0.0,0.0,0.0,0.0,0.2,0.0253164556962025,0.9974683544303796,baseline
rg3,42,1,catboost,0.0231429004734167,0.1132412100014335,0.0008403930005442,inner_f1,0.0215095762950744,0.3604166666666666,0.0251800593014624,0.1329151934310525,0.0263157894736842,0.0151515151515151,0.1,-0.0291747494343614,319,65,9,1,0.9,0.1692708333333333,394,10,197,0.0,0.0,0.0,0.0,0.0,0.0,0.0,0.0,0.0,0.0,0.0,0.0,0.2,0.0253164556962025,0.9974683544303796,baseline
rg3,42,1,catboost_balanced,0.1941032737831321,0.122570938001445,0.0008363789966097,fixed_0.5,0.0218849246049932,0.4026041666666666,0.07008340653399,0.2648169621532101,0.0,0.0,0.0,-0.0332007947037331,368,16,10,0,1.0,0.0416666666666666,394,10,197,0.0,0.0,0.0,0.0,0.0,0.0,0.0,0.0,0.0,0.0,0.0,0.0,0.0,0.0,0.0,baseline
rg3,42,1,catboost_balanced,0.1941032737831321,0.122570938001445,0.0008363789966097,inner_f1,0.0218849246049932,0.4026041666666666,0.07008340653399,0.2648169621532101,0.0289855072463768,0.015625,0.2,-0.0430282504134971,258,126,8,2,0.8,0.328125,394,10,197,0.0,0.0,0.0,0.0,0.0,0.0,0.0,0.0,0.0,0.0,0.0,0.0,0.0,0.0,0.0,baseline
rg3,42,1,lightgbm,0.0391074748189007,0.0366955230019812,0.0007374769993475,fixed_0.5,0.0256505257906893,0.4463541666666667,0.0255131438335521,0.1320441821439301,0.0,0.0,0.0,0.0,384,0,10,0,1.0,0.0,394,10,197,0.0,0.0,0.0,0.0,0.0,0.0,0.0,0.0,0.0,0.0,0.0,0.0,0.2,0.0253164556962025,0.9974683544303796,baseline
rg3,42,1,lightgbm,0.0391074748189007,0.0366955230019812,0.0007374769993475,inner_f1,0.0256505257906893,0.4463541666666667,0.0255131438335521,0.1320441821439301,0.0,0.0,0.0,-0.0410997468263393,360,24,10,0,1.0,0.0625,394,10,197,0.0,0.0,0.0,0.0,0.0,0.0,0.0,0.0,0.0,0.0,0.0,0.0,0.2,0.0253164556962025,0.9974683544303796,baseline
rg3,42,1,lightgbm_balanced,0.5528494590497423,0.044342160999804,0.0008281139998871,fixed_0.5,0.0369968000675447,0.4770833333333334,0.0617772487514553,0.2417018351556206,0.0,0.0,0.0,-0.0260416666666666,374,10,10,0,1.0,0.0260416666666666,394,10,197,0.0,0.0,0.0,0.0,0.0,0.0,0.2,0.1,3.94,0.2,0.05,1.97,0.2,0.0253164556962025,0.9974683544303796,baseline
rg3,42,1,lightgbm_balanced,0.5528494590497423,0.044342160999804,0.0008281139998871,inner_f1,0.0369968000675447,0.4770833333333334,0.0617772487514553,0.2417018351556206,0.0,0.0,0.0,-0.023231953458229,376,8,10,0,1.0,0.0208333333333333,394,10,197,0.0,0.0,0.0,0.0,0.0,0.0,0.2,0.1,3.94,0.2,0.05,1.97,0.2,0.0253164556962025,0.9974683544303796,baseline
rg3,42,2,dummy_prior,0.5,0.0002653000010468,9.932600005413406e-05,fixed_0.5,0.0203045685279187,0.5,0.0198939034759978,0.0992609859292118,0.0,0.0,0.0,0.0,386,0,8,0,1.0,0.0,394,8,1,0.0,0.0,0.0,0.0,0.0,0.0,0.0,0.0,0.0,0.0,0.0,0.0,0.0,0.0,0.0,baseline
rg3,42,2,dummy_prior,0.5,0.0002653000010468,9.932600005413406e-05,inner_f1,0.0203045685279187,0.5,0.0198939034759978,0.0992609859292118,0.0,0.0,0.0,0.0,386,0,8,0,1.0,0.0,394,8,1,0.0,0.0,0.0,0.0,0.0,0.0,0.0,0.0,0.0,0.0,0.0,0.0,0.0,0.0,0.0,baseline
rg3,42,2,logistic,0.0144323518357403,0.0095473620021948,0.000421359000029,fixed_0.5,0.0341799036277485,0.4643782383419689,0.0205232663741299,0.1150234343264275,0.0,0.0,0.0,0.0,386,0,8,0,1.0,0.0,394,8,197,0.0,0.0,0.0,0.125,0.0833333333333333,4.104166666666667,0.125,0.05,2.4625000000000004,0.125,0.025,1.2312500000000002,0.125,0.0126582278481012,0.6234177215189873,baseline
rg3,42,2,logistic,0.0144323518357403,0.0095473620021948,0.000421359000029,inner_f1,0.0341799036277485,0.4643782383419689,0.0205232663741299,0.1150234343264275,0.0309278350515463,0.0161290322580645,0.375,-0.0279959133756843,203,183,5,3,0.625,0.4740932642487047,394,8,197,0.0,0.0,0.0,0.125,0.0833333333333333,4.104166666666667,0.125,0.05,2.4625000000000004,0.125,0.025,1.2312500000000002,0.125,0.0126582278481012,0.6234177215189873,baseline
rg3,42,2,logistic_balanced,0.4677322774668542,0.0139890259997628,0.0004567049982142,fixed_0.5,0.0482921618810231,0.4274611398963731,0.2014684310244054,0.6005073819484746,0.032258064516129,0.0172413793103448,0.25,-0.014029364448468,272,114,6,2,0.75,0.2953367875647668,394,8,197,0.125,0.25,12.312500000000002,0.125,0.0833333333333333,4.104166666666667,0.125,0.05,2.4625000000000004,0.125,0.025,1.2312500000000002,0.125,0.0126582278481012,0.6234177215189873,baseline
rg3,42,2,logistic_balanced,0.4677322774668542,0.0139890259997628,0.0004567049982142,inner_f1,0.0482921618810231,0.4274611398963731,0.2014684310244054,0.6005073819484746,0.0294117647058823,0.015625,0.25,-0.0230158783799914,260,126,6,2,0.75,0.3264248704663212,394,8,197,0.125,0.25,12.312500000000002,0.125,0.0833333333333333,4.104166666666667,0.125,0.05,2.4625000000000004,0.125,0.025,1.2312500000000002,0.125,0.0126582278481012,0.6234177215189873,baseline
rg3,42,2,xgboost,0.013775429688394,0.0342564249986026,0.00072047499998,fixed_0.5,0.0769156419544583,0.3432642487046632,0.0199860665089615,0.1039360941485053,0.0,0.0,0.0,0.0,386,0,8,0,1.0,0.0,394,8,197,0.125,0.25,12.312500000000002,0.125,0.0833333333333333,4.104166666666667,0.125,0.05,2.4625000000000004,0.125,0.025,1.2312500000000002,0.125,0.0126582278481012,0.6234177215189873,baseline
rg3,42,2,xgboost,0.013775429688394,0.0342564249986026,0.00072047499998,inner_f1,0.0769156419544583,0.3432642487046632,0.0199860665089615,0.1039360941485053,0.0301204819277108,0.015432098765432,0.625,-0.0743241949415262,67,319,3,5,0.375,0.8264248704663213,394,8,197,0.125,0.25,12.312500000000002,0.125,0.0833333333333333,4.104166666666667,0.125,0.05,2.4625000000000004,0.125,0.025,1.2312500000000002,0.125,0.0126582278481012,0.6234177215189873,baseline
rg3,42,2,xgboost_balanced,0.613593339920044,0.043664914999681,0.0009058260002348,fixed_0.5,0.0277760825004795,0.3827720207253886,0.0425636688908422,0.1893022592889536,0.0,0.0,0.0,-0.0207253886010362,378,8,8,0,1.0,0.0207253886010362,394,8,197,0.0,0.0,0.0,0.125,0.0833333333333333,4.104166666666667,0.125,0.05,2.4625000000000004,0.125,0.025,1.2312500000000002,0.25,0.0253164556962025,1.2468354430379749,baseline
rg3,42,2,xgboost_balanced,0.613593339920044,0.043664914999681,0.0009058260002348,inner_f1,0.0277760825004795,0.3827720207253886,0.0425636688908422,0.1893022592889536,0.0,0.0,0.0,-0.0145797149566017,382,4,8,0,1.0,0.0103626943005181,394,8,197,0.0,0.0,0.0,0.125,0.0833333333333333,4.104166666666667,0.125,0.05,2.4625000000000004,0.125,0.025,1.2312500000000002,0.25,0.0253164556962025,1.2468354430379749,baseline
rg3,42,2,extratrees,0.0266851542177629,1.0195114079979248,0.0548893550003413,fixed_0.5,0.0279002280509484,0.5252590673575129,0.0201754810584754,0.1042959120848426,0.0,0.0,0.0,0.0,386,0,8,0,1.0,0.0,394,8,197,0.0,0.0,0.0,0.0,0.0,0.0,0.0,0.0,0.0,0.125,0.025,1.2312500000000002,0.25,0.0253164556962025,1.2468354430379749,baseline
rg3,42,2,extratrees,0.0266851542177629,1.0195114079979248,0.0548893550003413,inner_f1,0.0279002280509484,0.5252590673575129,0.0201754810584754,0.1042959120848426,0.0483870967741935,0.0258620689655172,0.375,0.0254532754993634,273,113,5,3,0.625,0.2927461139896373,394,8,197,0.0,0.0,0.0,0.0,0.0,0.0,0.0,0.0,0.0,0.125,0.025,1.2312500000000002,0.25,0.0253164556962025,1.2468354430379749,baseline
rg3,42,2,extratrees_balanced,0.6173481266071196,1.121147893001762,0.0653485889997682,fixed_0.5,0.0184756785097371,0.4255181347150258,0.0600932879924999,0.2470467959836844,0.0,0.0,0.0,0.0,386,0,8,0,1.0,0.0,394,8,197,0.0,0.0,0.0,0.0,0.0,0.0,0.0,0.0,0.0,0.0,0.0,0.0,0.0,0.0,0.0,baseline
rg3,42,2,extratrees_balanced,0.6173481266071196,1.121147893001762,0.0653485889997682,inner_f1,0.0184756785097371,0.4255181347150258,0.0600932879924999,0.2470467959836844,0.0,0.0,0.0,0.0,386,0,8,0,1.0,0.0,394,8,197,0.0,0.0,0.0,0.0,0.0,0.0,0.0,0.0,0.0,0.0,0.0,0.0,0.0,0.0,0.0,baseline
rg3,42,2,catboost,0.0104026993538953,0.113552733000688,0.0008240249990194,fixed_0.5,0.030873864719496,0.4255181347150259,0.0200012509535596,0.103147965019842,0.0,0.0,0.0,0.0,386,0,8,0,1.0,0.0,394,8,197,0.0,0.0,0.0,0.125,0.0833333333333333,4.104166666666667,0.125,0.05,2.4625000000000004,0.125,0.025,1.2312500000000002,0.25,0.0253164556962025,1.2468354430379749,baseline
rg3,42,2,catboost,0.0104026993538953,0.113552733000688,0.0008240249990194,inner_f1,0.030873864719496,0.4255181347150259,0.0200012509535596,0.103147965019842,0.031055900621118,0.0159235668789808,0.625,-0.0615390550399076,77,309,3,5,0.375,0.8005181347150259,394,8,197,0.0,0.0,0.0,0.125,0.0833333333333333,4.104166666666667,0.125,0.05,2.4625000000000004,0.125,0.025,1.2312500000000002,0.25,0.0253164556962025,1.2468354430379749,baseline
rg3,42,2,catboost_balanced,0.5439989274636424,0.1147004150006978,0.0008466459985356,fixed_0.5,0.031331094051882,0.4624352331606217,0.0453624170364855,0.1996919049797437,0.0,0.0,0.0,-0.0207253886010362,378,8,8,0,1.0,0.0207253886010362,394,8,197,0.0,0.0,0.0,0.125,0.0833333333333333,4.104166666666667,0.125,0.05,2.4625000000000004,0.125,0.025,1.2312500000000002,0.25,0.0253164556962025,1.2468354430379749,baseline
rg3,42,2,catboost_balanced,0.5439989274636424,0.1147004150006978,0.0008466459985356,inner_f1,0.031331094051882,0.4624352331606217,0.0453624170364855,0.1996919049797437,0.0,0.0,0.0,-0.0145797149566017,382,4,8,0,1.0,0.0103626943005181,394,8,197,0.0,0.0,0.0,0.125,0.0833333333333333,4.104166666666667,0.125,0.05,2.4625000000000004,0.125,0.025,1.2312500000000002,0.25,0.0253164556962025,1.2468354430379749,baseline
rg3,42,2,lightgbm,0.0187128237261519,0.0384749969998665,0.0007626000005984,fixed_0.5,0.0312029104531794,0.322538860103627,0.020236350879177,0.111304881272782,0.0,0.0,0.0,0.0,386,0,8,0,1.0,0.0,394,8,197,0.0,0.0,0.0,0.125,0.0833333333333333,4.104166666666667,0.125,0.05,2.4625000000000004,0.125,0.025,1.2312500000000002,0.25,0.0253164556962025,1.2468354430379749,baseline
rg3,42,2,lightgbm,0.0187128237261519,0.0384749969998665,0.0007626000005984,inner_f1,0.0312029104531794,0.322538860103627,0.020236350879177,0.111304881272782,0.0363636363636363,0.0196078431372549,0.25,-0.002919630379219,286,100,6,2,0.75,0.2590673575129533,394,8,197,0.0,0.0,0.0,0.125,0.0833333333333333,4.104166666666667,0.125,0.05,2.4625000000000004,0.125,0.025,1.2312500000000002,0.25,0.0253164556962025,1.2468354430379749,baseline
rg3,42,2,lightgbm_balanced,0.659876822229724,0.0347240129995043,0.0007230230003187,fixed_0.5,0.0322105974375527,0.3581606217616581,0.0475782174739994,0.2068534030039168,0.1111111111111111,0.1,0.125,0.0911854173235489,377,9,7,1,0.875,0.0233160621761658,394,8,197,0.0,0.0,0.0,0.125,0.0833333333333333,4.104166666666667,0.125,0.05,2.4625000000000004,0.125,0.025,1.2312500000000002,0.25,0.0253164556962025,1.2468354430379749,baseline
rg3,42,2,lightgbm_balanced,0.659876822229724,0.0347240129995043,0.0007230230003187,inner_f1,0.0322105974375527,0.3581606217616581,0.0475782174739994,0.2068534030039168,0.0,0.0,0.0,-0.0145797149566017,382,4,8,0,1.0,0.0103626943005181,394,8,197,0.0,0.0,0.0,0.125,0.0833333333333333,4.104166666666667,0.125,0.05,2.4625000000000004,0.125,0.025,1.2312500000000002,0.25,0.0253164556962025,1.2468354430379749,baseline
rg3,1729,0,dummy_prior,0.5,0.0002414640002825,9.339399912278168e-05,fixed_0.5,0.0279187817258883,0.5,0.0272423922286067,0.1299507339933275,0.0,0.0,0.0,0.0,383,0,11,0,1.0,0.0,394,11,1,0.0,0.0,0.0,0.0,0.0,0.0,0.0,0.0,0.0,0.0,0.0,0.0,0.2727272727272727,0.0379746835443038,1.3601841196777906,baseline
rg3,1729,0,dummy_prior,0.5,0.0002414640002825,9.339399912278168e-05,inner_f1,0.0279187817258883,0.5,0.0272423922286067,0.1299507339933275,0.0,0.0,0.0,0.0,383,0,11,0,1.0,0.0,394,11,1,0.0,0.0,0.0,0.0,0.0,0.0,0.0,0.0,0.0,0.0,0.0,0.0,0.2727272727272727,0.0379746835443038,1.3601841196777906,baseline
rg3,1729,0,logistic,0.000238590523603,0.0102335269984905,0.0003998149986728,fixed_0.5,0.0282133432536065,0.5023736055067648,0.0276232900771534,0.1383362870831321,0.0,0.0,0.0,0.0,383,0,11,0,1.0,0.0,394,11,197,0.0,0.0,0.0,0.0,0.0,0.0,0.0,0.0,0.0,0.0,0.0,0.0,0.0909090909090909,0.0126582278481012,0.4533947065592635,baseline
rg3,1729,0,logistic,0.000238590523603,0.0102335269984905,0.0003998149986728,inner_f1,0.0282133432536065,0.5023736055067648,0.0276232900771534,0.1383362870831321,0.0543209876543209,0.0279187817258883,1.0,0.0,0,383,0,11,0.0,1.0,394,11,197,0.0,0.0,0.0,0.0,0.0,0.0,0.0,0.0,0.0,0.0,0.0,0.0,0.0909090909090909,0.0126582278481012,0.4533947065592635,baseline
rg3,1729,0,logistic_balanced,5.594428275653735e-06,0.0137682390013651,0.0005142920017533,fixed_0.5,0.0273910672156457,0.4838594825539996,0.1844222755711498,0.5704093480034389,0.0,0.0,0.0,-0.0935378531254576,291,92,11,0,1.0,0.2402088772845953,394,11,197,0.0,0.0,0.0,0.0,0.0,0.0,0.0,0.0,0.0,0.0,0.0,0.0,0.0,0.0,0.0,baseline
rg3,1729,0,logistic_balanced,5.594428275653735e-06,0.0137682390013651,0.0005142920017533,inner_f1,0.0273910672156457,0.4838594825539996,0.1844222755711498,0.5704093480034389,0.0545905707196029,0.0280612244897959,1.0,0.0121051150075574,2,381,0,11,0.0,0.9947780678851176,394,11,197,0.0,0.0,0.0,0.0,0.0,0.0,0.0,0.0,0.0,0.0,0.0,0.0,0.0,0.0,0.0,baseline
rg3,1729,0,xgboost,0.010093493387103,0.0369619279990729,0.0010830700011865,fixed_0.5,0.0345894863210054,0.5431996202231189,0.0272398446090018,0.1299994159110555,0.0,0.0,0.0,0.0,383,0,11,0,1.0,0.0,394,11,197,0.0,0.0,0.0,0.0,0.0,0.0,0.0,0.0,0.0,0.1818181818181818,0.05,1.790909090909091,0.1818181818181818,0.0253164556962025,0.906789413118527,baseline
rg3,1729,0,xgboost,0.010093493387103,0.0369619279990729,0.0010830700011865,inner_f1,0.0345894863210054,0.5431996202231189,0.0272398446090018,0.1299994159110555,0.0568475452196382,0.0292553191489361,1.0,0.0370799624508264,18,365,0,11,0.0,0.9530026109660574,394,11,197,0.0,0.0,0.0,0.0,0.0,0.0,0.0,0.0,0.0,0.1818181818181818,0.05,1.790909090909091,0.1818181818181818,0.0253164556962025,0.906789413118527,baseline
rg3,1729,0,xgboost_balanced,0.0032410197891294,0.0427369409990205,0.0009369590006826,fixed_0.5,0.1108482356619821,0.6609304533586517,0.0409700431007241,0.1731306637956189,0.1333333333333333,0.25,0.0909090909090909,0.1365243179659563,380,3,10,1,0.9090909090909092,0.0078328981723237,394,11,197,0.0909090909090909,0.25,8.954545454545455,0.0909090909090909,0.0833333333333333,2.9848484848484844,0.1818181818181818,0.1,3.581818181818182,0.3636363636363636,0.1,3.581818181818182,0.5454545454545454,0.0759493670886076,2.7203682393555813,baseline
rg3,1729,0,xgboost_balanced,0.0032410197891294,0.0427369409990205,0.0009369590006826,inner_f1,0.1108482356619821,0.6609304533586517,0.0409700431007241,0.1731306637956189,0.0543209876543209,0.0279187817258883,1.0,0.0,0,383,0,11,0.0,1.0,394,11,197,0.0909090909090909,0.25,8.954545454545455,0.0909090909090909,0.0833333333333333,2.9848484848484844,0.1818181818181818,0.1,3.581818181818182,0.3636363636363636,0.1,3.581818181818182,0.5454545454545454,0.0759493670886076,2.7203682393555813,baseline
rg3,1729,0,extratrees,0.0,1.019144251000398,0.0555037759986589,fixed_0.5,0.0607551153757285,0.5887728459530026,0.027090250045214,0.1307915852493119,0.0,0.0,0.0,0.0,383,0,11,0,1.0,0.0,394,11,197,0.0,0.0,0.0,0.0909090909090909,0.0833333333333333,2.9848484848484844,0.1818181818181818,0.1,3.581818181818182,0.1818181818181818,0.05,1.790909090909091,0.4545454545454545,0.0632911392405063,2.266973532796318,baseline
rg3,1729,0,extratrees,0.0,1.019144251000398,0.0555037759986589,inner_f1,0.0607551153757285,0.5887728459530026,0.027090250045214,0.1307915852493119,0.0543209876543209,0.0279187817258883,1.0,0.0,0,383,0,11,0.0,1.0,394,11,197,0.0,0.0,0.0,0.0909090909090909,0.0833333333333333,2.9848484848484844,0.1818181818181818,0.1,3.581818181818182,0.1818181818181818,0.05,1.790909090909091,0.4545454545454545,0.0632911392405063,2.266973532796318,baseline
rg3,1729,0,extratrees_balanced,0.0,1.096190062999085,0.0559984379979141,fixed_0.5,0.0679176755623625,0.5887728459530026,0.0659667832301802,0.2608035636690857,0.0,0.0,0.0,-0.0210744727460383,377,6,11,0,1.0,0.0156657963446475,394,11,197,0.0,0.0,0.0,0.0909090909090909,0.0833333333333333,2.9848484848484844,0.1818181818181818,0.1,3.581818181818182,0.3636363636363636,0.1,3.581818181818182,0.4545454545454545,0.0632911392405063,2.266973532796318,baseline
rg3,1729,0,extratrees_balanced,0.0,1.096190062999085,0.0559984379979141,inner_f1,0.0679176755623625,0.5887728459530026,0.0659667832301802,0.2608035636690857,0.0543209876543209,0.0279187817258883,1.0,0.0,0,383,0,11,0.0,1.0,394,11,197,0.0,0.0,0.0,0.0909090909090909,0.0833333333333333,2.9848484848484844,0.1818181818181818,0.1,3.581818181818182,0.3636363636363636,0.1,3.581818181818182,0.4545454545454545,0.0632911392405063,2.266973532796318,baseline
rg3,1729,0,catboost,0.0017947320056517,0.1217382020004151,0.0008223160002671,fixed_0.5,0.0335108640791722,0.5379776881082364,0.0273990676703282,0.1338988520427383,0.0,0.0,0.0,0.0,383,0,11,0,1.0,0.0,394,11,197,0.0,0.0,0.0,0.0,0.0,0.0,0.0,0.0,0.0,0.0909090909090909,0.025,0.8954545454545455,0.2727272727272727,0.0379746835443038,1.3601841196777906,baseline
rg3,1729,0,catboost,0.0017947320056517,0.1217382020004151,0.0008223160002671,inner_f1,0.0335108640791722,0.5379776881082364,0.0273990676703282,0.1338988520427383,0.0543209876543209,0.0279187817258883,1.0,0.0,0,383,0,11,0.0,1.0,394,11,197,0.0,0.0,0.0,0.0,0.0,0.0,0.0,0.0,0.0,0.0909090909090909,0.025,0.8954545454545455,0.2727272727272727,0.0379746835443038,1.3601841196777906,baseline
rg3,1729,0,catboost_balanced,0.0013676700277511,0.1160068390017841,0.001225396998052,fixed_0.5,0.0432266232394557,0.5721576074056491,0.0448494050783104,0.189098080724539,0.0,0.0,0.0,-0.027348363483114,373,10,11,0,1.0,0.0261096605744125,394,11,197,0.0,0.0,0.0,0.0,0.0,0.0,0.0,0.0,0.0,0.0909090909090909,0.025,0.8954545454545455,0.4545454545454545,0.0632911392405063,2.266973532796318,baseline
rg3,1729,0,catboost_balanced,0.0013676700277511,0.1160068390017841,0.001225396998052,inner_f1,0.0432266232394557,0.5721576074056491,0.0448494050783104,0.189098080724539,0.0543209876543209,0.0279187817258883,1.0,0.0,0,383,0,11,0.0,1.0,394,11,197,0.0,0.0,0.0,0.0,0.0,0.0,0.0,0.0,0.0,0.0909090909090909,0.025,0.8954545454545455,0.4545454545454545,0.0632911392405063,2.266973532796318,baseline
rg3,1729,0,lightgbm,0.001902788951927,0.0378224779997253,0.0008556559987482,fixed_0.5,0.1072958804727457,0.6822929029195347,0.0270236897771093,0.1277795923662171,0.0,0.0,0.0,0.0,383,0,11,0,1.0,0.0,394,11,197,0.0909090909090909,0.25,8.954545454545455,0.1818181818181818,0.1666666666666666,5.969696969696969,0.1818181818181818,0.1,3.581818181818182,0.2727272727272727,0.075,2.686363636363636,0.3636363636363636,0.050632911392405,1.813578826237054,baseline
rg3,1729,0,lightgbm,0.001902788951927,0.0378224779997253,0.0008556559987482,inner_f1,0.1072958804727457,0.6822929029195347,0.0270236897771093,0.1277795923662171,0.0543209876543209,0.0279187817258883,1.0,0.0,0,383,0,11,0.0,1.0,394,11,197,0.0909090909090909,0.25,8.954545454545455,0.1818181818181818,0.1666666666666666,5.969696969696969,0.1818181818181818,0.1,3.581818181818182,0.2727272727272727,0.075,2.686363636363636,0.3636363636363636,0.050632911392405,1.813578826237054,baseline
rg3,1729,0,lightgbm_balanced,0.0050777935236319,0.0427065840012801,0.0007714390012552,fixed_0.5,0.09119839178665,0.6324471872774746,0.0470217743273032,0.1983324903337283,0.1176470588235294,0.1666666666666666,0.0909090909090909,0.104733743343948,378,5,10,1,0.9090909090909092,0.0130548302872062,394,11,197,0.0909090909090909,0.25,8.954545454545455,0.0909090909090909,0.0833333333333333,2.9848484848484844,0.0909090909090909,0.05,1.790909090909091,0.1818181818181818,0.05,1.790909090909091,0.4545454545454545,0.0632911392405063,2.266973532796318,baseline
rg3,1729,0,lightgbm_balanced,0.0050777935236319,0.0427065840012801,0.0007714390012552,inner_f1,0.09119839178665,0.6324471872774746,0.0470217743273032,0.1983324903337283,0.0543209876543209,0.0279187817258883,1.0,0.0,0,383,0,11,0.0,1.0,394,11,197,0.0909090909090909,0.25,8.954545454545455,0.0909090909090909,0.0833333333333333,2.9848484848484844,0.0909090909090909,0.05,1.790909090909091,0.1818181818181818,0.05,1.790909090909091,0.4545454545454545,0.0632911392405063,2.266973532796318,baseline
rg3,1729,1,dummy_prior,0.5,0.0002013999983319,0.0001456339996366,fixed_0.5,0.0177664974619289,0.5,0.0174766162488082,0.089838872722487,0.0,0.0,0.0,0.0,387,0,7,0,1.0,0.0,394,7,1,0.0,0.0,0.0,0.0,0.0,0.0,0.0,0.0,0.0,0.0,0.0,0.0,0.1428571428571428,0.0126582278481012,0.7124773960216998,baseline
rg3,1729,1,dummy_prior,0.5,0.0002013999983319,0.0001456339996366,inner_f1,0.0177664974619289,0.5,0.0174766162488082,0.089838872722487,0.0,0.0,0.0,0.0,387,0,7,0,1.0,0.0,394,7,1,0.0,0.0,0.0,0.0,0.0,0.0,0.0,0.0,0.0,0.0,0.0,0.0,0.1428571428571428,0.0126582278481012,0.7124773960216998,baseline
rg3,1729,1,logistic,0.1180498096997526,0.0114194540001335,0.0006996189986239,fixed_0.5,0.0219787318796653,0.4638242894056847,0.0179860103883487,0.0976439705462979,0.0,0.0,0.0,0.0,387,0,7,0,1.0,0.0,394,7,197,0.0,0.0,0.0,0.0,0.0,0.0,0.0,0.0,0.0,0.1428571428571428,0.025,1.407142857142857,0.1428571428571428,0.0126582278481012,0.7124773960216998,baseline
rg3,1729,1,logistic,0.1180498096997526,0.0114194540001335,0.0006996189986239,inner_f1,0.0219787318796653,0.4638242894056847,0.0179860103883487,0.0976439705462979,0.0,0.0,0.0,-0.0136204428924404,383,4,7,0,1.0,0.0103359173126615,394,7,197,0.0,0.0,0.0,0.0,0.0,0.0,0.0,0.0,0.0,0.1428571428571428,0.025,1.407142857142857,0.1428571428571428,0.0126582278481012,0.7124773960216998,baseline
rg3,1729,1,logistic_balanced,0.8479411241284703,0.0139863009972032,0.0004240500020387,fixed_0.5,0.0241266902629627,0.4970468807678109,0.2304599933634862,0.6752161246625323,0.0279720279720279,0.0147058823529411,0.2857142857142857,-0.0168213186705608,253,134,5,2,0.7142857142857143,0.3462532299741602,394,7,197,0.0,0.0,0.0,0.0,0.0,0.0,0.0,0.0,0.0,0.1428571428571428,0.025,1.407142857142857,0.2857142857142857,0.0253164556962025,1.4249547920433996,baseline
rg3,1729,1,logistic_balanced,0.8479411241284703,0.0139863009972032,0.0004240500020387,inner_f1,0.0241266902629627,0.4970468807678109,0.2304599933634862,0.6752161246625323,0.0606060606060606,0.0384615384615384,0.1428571428571428,0.041640964009206,362,25,6,1,0.8571428571428571,0.0645994832041343,394,7,197,0.0,0.0,0.0,0.0,0.0,0.0,0.0,0.0,0.0,0.1428571428571428,0.025,1.407142857142857,0.2857142857142857,0.0253164556962025,1.4249547920433996,baseline
rg3,1729,1,xgboost,0.0198720525950193,0.0416054899978917,0.0012717760000668,fixed_0.5,0.0148566748263873,0.3582502768549279,0.0180261214556773,0.0992943860856246,0.0,0.0,0.0,0.0,387,0,7,0,1.0,0.0,394,7,197,0.0,0.0,0.0,0.0,0.0,0.0,0.0,0.0,0.0,0.0,0.0,0.0,0.0,0.0,0.0,baseline
rg3,1729,1,xgboost,0.0198720525950193,0.0416054899978917,0.0012717760000668,inner_f1,0.0148566748263873,0.3582502768549279,0.0180261214556773,0.0992943860856246,0.0203045685279187,0.0105263157894736,0.2857142857142857,-0.0528935723799441,199,188,5,2,0.7142857142857143,0.4857881136950904,394,7,197,0.0,0.0,0.0,0.0,0.0,0.0,0.0,0.0,0.0,0.0,0.0,0.0,0.0,0.0,0.0,baseline
rg3,1729,1,xgboost_balanced,0.6998082995414734,0.0453985640015162,0.0007524089996877,fixed_0.5,0.0194589521594783,0.4143595422665189,0.0571739447525581,0.2200563440092329,0.0,0.0,0.0,-0.0311008840574157,367,20,7,0,1.0,0.0516795865633074,394,7,197,0.0,0.0,0.0,0.0,0.0,0.0,0.0,0.0,0.0,0.0,0.0,0.0,0.2857142857142857,0.0253164556962025,1.4249547920433996,baseline
rg3,1729,1,xgboost_balanced,0.6998082995414734,0.0453985640015162,0.0007524089996877,inner_f1,0.0194589521594783,0.4143595422665189,0.0571739447525581,0.2200563440092329,0.0,0.0,0.0,-0.0136204428924404,383,4,7,0,1.0,0.0103359173126615,394,7,197,0.0,0.0,0.0,0.0,0.0,0.0,0.0,0.0,0.0,0.0,0.0,0.0,0.2857142857142857,0.0253164556962025,1.4249547920433996,baseline
rg3,1729,1,extratrees,0.0538387948108536,1.0108837660009158,0.056530969999585,fixed_0.5,0.0161647988143166,0.387781469176818,0.0186064953064827,0.1882052421341582,0.0,0.0,0.0,0.0,387,0,7,0,1.0,0.0,394,7,190,0.0,0.0,0.0,0.0,0.0,0.0,0.0,0.0,0.0,0.0,0.0,0.0,0.0,0.0,0.0,baseline
rg3,1729,1,extratrees,0.0538387948108536,1.0108837660009158,0.056530969999585,inner_f1,0.0161647988143166,0.387781469176818,0.0186064953064827,0.1882052421341582,0.0,0.0,0.0,-0.0700087516409668,303,84,7,0,1.0,0.2170542635658914,394,7,190,0.0,0.0,0.0,0.0,0.0,0.0,0.0,0.0,0.0,0.0,0.0,0.0,0.0,0.0,0.0,baseline
rg3,1729,1,extratrees_balanced,0.3377226482765079,1.1086400040003357,0.055847638999694,fixed_0.5,0.0149790097450629,0.35234403839055,0.0709215225786289,0.3458343300516133,0.0,0.0,0.0,-0.0327064500123836,365,22,7,0,1.0,0.0568475452196382,394,7,181,0.0,0.0,0.0,0.0,0.0,0.0,0.0,0.0,0.0,0.0,0.0,0.0,0.1428571428571428,0.0126582278481012,0.7124773960216998,baseline
rg3,1729,1,extratrees_balanced,0.3377226482765079,1.1086400040003357,0.055847638999694,inner_f1,0.0149790097450629,0.35234403839055,0.0709215225786289,0.3458343300516133,0.0229885057471264,0.0125,0.1428571428571428,-0.0201230482252465,308,79,6,1,0.8571428571428571,0.2041343669250646,394,7,181,0.0,0.0,0.0,0.0,0.0,0.0,0.0,0.0,0.0,0.0,0.0,0.0,0.1428571428571428,0.0126582278481012,0.7124773960216998,baseline
rg3,1729,1,catboost,0.0107062765722007,0.1209166040025593,0.0008147369990183,fixed_0.5,0.0153778832117425,0.3626799557032115,0.0178564125627201,0.1001846155482377,0.0,0.0,0.0,0.0,387,0,7,0,1.0,0.0,394,7,197,0.0,0.0,0.0,0.0,0.0,0.0,0.0,0.0,0.0,0.0,0.0,0.0,0.0,0.0,0.0,baseline
rg3,1729,1,catboost,0.0107062765722007,0.1209166040025593,0.0008147369990183,inner_f1,0.0153778832117425,0.3626799557032115,0.0178564125627201,0.1001846155482377,0.0223048327137546,0.0114503816793893,0.4285714285714285,-0.0673605278861168,128,259,4,3,0.5714285714285714,0.6692506459948321,394,7,197,0.0,0.0,0.0,0.0,0.0,0.0,0.0,0.0,0.0,0.0,0.0,0.0,0.0,0.0,0.0,baseline
rg3,1729,1,catboost_balanced,0.2687745479434871,0.1145699869994132,0.0007563520011899,fixed_0.5,0.0175425010371105,0.4246954595791805,0.0704188500963566,0.2573173971032381,0.0,0.0,0.0,-0.0357483747626202,361,26,7,0,1.0,0.0671834625322997,394,7,197,0.0,0.0,0.0,0.0,0.0,0.0,0.0,0.0,0.0,0.0,0.0,0.0,0.1428571428571428,0.0126582278481012,0.7124773960216998,baseline
rg3,1729,1,catboost_balanced,0.2687745479434871,0.1145699869994132,0.0007563520011899,inner_f1,0.0175425010371105,0.4246954595791805,0.0704188500963566,0.2573173971032381,0.0202020202020202,0.0108695652173913,0.1428571428571428,-0.0288162936410395,296,91,6,1,0.8571428571428571,0.2351421188630491,394,7,197,0.0,0.0,0.0,0.0,0.0,0.0,0.0,0.0,0.0,0.0,0.0,0.0,0.1428571428571428,0.0126582278481012,0.7124773960216998,baseline
rg3,1729,1,lightgbm,0.0598544425902229,0.0440711970004485,0.0009742160000314,fixed_0.5,0.0179955941720665,0.3759689922480619,0.0181671826456402,0.1046901905822148,0.0,0.0,0.0,0.0,387,0,7,0,1.0,0.0,394,7,197,0.0,0.0,0.0,0.0,0.0,0.0,0.0,0.0,0.0,0.0,0.0,0.0,0.2857142857142857,0.0253164556962025,1.4249547920433996,baseline
rg3,1729,1,lightgbm,0.0598544425902229,0.0440711970004485,0.0009742160000314,inner_f1,0.0179955941720665,0.3759689922480619,0.0181671826456402,0.1046901905822148,0.0,0.0,0.0,-0.0276699025050973,371,16,7,0,1.0,0.041343669250646,394,7,197,0.0,0.0,0.0,0.0,0.0,0.0,0.0,0.0,0.0,0.0,0.0,0.0,0.2857142857142857,0.0253164556962025,1.4249547920433996,baseline
rg3,1729,1,lightgbm_balanced,0.7962991967499073,0.0384107360005145,0.0008239279995905,fixed_0.5,0.0218088159484164,0.399593946105574,0.0627783726781851,0.2408127470250027,0.0,0.0,0.0,-0.0327064500123836,365,22,7,0,1.0,0.0568475452196382,394,7,197,0.0,0.0,0.0,0.0,0.0,0.0,0.0,0.0,0.0,0.1428571428571428,0.025,1.407142857142857,0.2857142857142857,0.0253164556962025,1.4249547920433996,baseline
rg3,1729,1,lightgbm_balanced,0.7962991967499073,0.0384107360005145,0.0008239279995905,inner_f1,0.0218088159484164,0.399593946105574,0.0627783726781851,0.2408127470250027,0.0,0.0,0.0,0.0,387,0,7,0,1.0,0.0,394,7,197,0.0,0.0,0.0,0.0,0.0,0.0,0.0,0.0,0.0,0.1428571428571428,0.025,1.407142857142857,0.2857142857142857,0.0253164556962025,1.4249547920433996,baseline
rg3,1729,2,dummy_prior,0.5,0.0005197450009291,0.0001038640002661,fixed_0.5,0.0177664974619289,0.5,0.0174766162488082,0.089838872722487,0.0,0.0,0.0,0.0,387,0,7,0,1.0,0.0,394,7,1,0.0,0.0,0.0,0.0,0.0,0.0,0.1428571428571428,0.05,2.814285714285714,0.1428571428571428,0.025,1.407142857142857,0.1428571428571428,0.0126582278481012,0.7124773960216998,baseline
rg3,1729,2,dummy_prior,0.5,0.0005197450009291,0.0001038640002661,inner_f1,0.0177664974619289,0.5,0.0174766162488082,0.089838872722487,0.0,0.0,0.0,0.0,387,0,7,0,1.0,0.0,394,7,1,0.0,0.0,0.0,0.0,0.0,0.0,0.1428571428571428,0.05,2.814285714285714,0.1428571428571428,0.025,1.407142857142857,0.1428571428571428,0.0126582278481012,0.7124773960216998,baseline
rg3,1729,2,logistic,0.0779355061694547,0.0108626500004902,0.0004633940006897,fixed_0.5,0.0145429767408226,0.340531561461794,0.0183933414607301,0.1080466377339724,0.0,0.0,0.0,0.0,387,0,7,0,1.0,0.0,394,7,197,0.0,0.0,0.0,0.0,0.0,0.0,0.0,0.0,0.0,0.0,0.0,0.0,0.0,0.0,0.0,baseline
rg3,1729,2,logistic,0.0779355061694547,0.0108626500004902,0.0004633940006897,inner_f1,0.0145429767408226,0.340531561461794,0.0183933414607301,0.1080466377339724,0.0,0.0,0.0,-0.0217034075288531,377,10,7,0,1.0,0.0258397932816537,394,7,197,0.0,0.0,0.0,0.0,0.0,0.0,0.0,0.0,0.0,0.0,0.0,0.0,0.0,0.0,0.0,baseline
rg3,1729,2,logistic_balanced,0.0011956099213267,0.0133673919990542,0.0004249829980835,fixed_0.5,0.0139259761084601,0.3198597268364709,0.2044416858776339,0.6004692386097377,0.0,0.0,0.0,-0.0858157391465651,273,114,7,0,1.0,0.2945736434108527,394,7,197,0.0,0.0,0.0,0.0,0.0,0.0,0.0,0.0,0.0,0.0,0.0,0.0,0.0,0.0,0.0,baseline
rg3,1729,2,logistic_balanced,0.0011956099213267,0.0133673919990542,0.0004249829980835,inner_f1,0.0139259761084601,0.3198597268364709,0.2044416858776339,0.6004692386097377,0.0349127182044887,0.0177664974619289,1.0,0.0,0,387,0,7,0.0,1.0,394,7,197,0.0,0.0,0.0,0.0,0.0,0.0,0.0,0.0,0.0,0.0,0.0,0.0,0.0,0.0,0.0,baseline
rg3,1729,2,xgboost,0.0483206212520599,0.0373465880002186,0.0007920499992906,fixed_0.5,0.0132068541423243,0.278516057585825,0.0178540196152216,0.0988843748802262,0.0,0.0,0.0,0.0,387,0,7,0,1.0,0.0,394,7,197,0.0,0.0,0.0,0.0,0.0,0.0,0.0,0.0,0.0,0.0,0.0,0.0,0.0,0.0,0.0,baseline
rg3,1729,2,xgboost,0.0483206212520599,0.0373465880002186,0.0007920499992906,inner_f1,0.0132068541423243,0.278516057585825,0.0178540196152216,0.0988843748802262,0.0,0.0,0.0,-0.0238370484423877,375,12,7,0,1.0,0.0310077519379844,394,7,197,0.0,0.0,0.0,0.0,0.0,0.0,0.0,0.0,0.0,0.0,0.0,0.0,0.0,0.0,0.0,baseline
rg3,1729,2,xgboost_balanced,0.3170638680458069,0.0465818539996689,0.0008046729999477,fixed_0.5,0.0144378349951232,0.3434846806939829,0.053718488707592,0.2120999331425054,0.0,0.0,0.0,-0.0258146212221417,373,14,7,0,1.0,0.0361757105943152,394,7,197,0.0,0.0,0.0,0.0,0.0,0.0,0.0,0.0,0.0,0.0,0.0,0.0,0.0,0.0,0.0,baseline
rg3,1729,2,xgboost_balanced,0.3170638680458069,0.0465818539996689,0.0008046729999477,inner_f1,0.0144378349951232,0.3434846806939829,0.053718488707592,0.2120999331425054,0.0,0.0,0.0,-0.043940028757668,349,38,7,0,1.0,0.0981912144702842,394,7,197,0.0,0.0,0.0,0.0,0.0,0.0,0.0,0.0,0.0,0.0,0.0,0.0,0.0,0.0,0.0,baseline
rg3,1729,2,extratrees,0.0383648758648758,1.008373931999813,0.0553048330002639,fixed_0.5,0.0171585757636795,0.437984496124031,0.0179502649313429,0.1005686057914662,0.0,0.0,0.0,0.0,387,0,7,0,1.0,0.0,394,7,197,0.0,0.0,0.0,0.0,0.0,0.0,0.0,0.0,0.0,0.0,0.0,0.0,0.0,0.0,0.0,baseline
rg3,1729,2,extratrees,0.0383648758648758,1.008373931999813,0.0553048330002639,inner_f1,0.0171585757636795,0.437984496124031,0.0179502649313429,0.1005686057914662,0.0,0.0,0.0,-0.0464565389051661,345,42,7,0,1.0,0.1085271317829457,394,7,197,0.0,0.0,0.0,0.0,0.0,0.0,0.0,0.0,0.0,0.0,0.0,0.0,0.0,0.0,0.0,baseline
rg3,1729,2,extratrees_balanced,0.4730823331377741,1.0917373420015792,0.0551533969992306,fixed_0.5,0.0200106151659343,0.4815430047988187,0.0629757893473567,0.257947968562941,0.0,0.0,0.0,-0.0136204428924404,383,4,7,0,1.0,0.0103359173126615,394,7,197,0.0,0.0,0.0,0.0,0.0,0.0,0.0,0.0,0.0,0.0,0.0,0.0,0.1428571428571428,0.0126582278481012,0.7124773960216998,baseline
rg3,1729,2,extratrees_balanced,0.4730823331377741,1.0917373420015792,0.0551533969992306,inner_f1,0.0200106151659343,0.4815430047988187,0.0629757893473567,0.257947968562941,0.0,0.0,0.0,-0.0217034075288531,377,10,7,0,1.0,0.0258397932816537,394,7,197,0.0,0.0,0.0,0.0,0.0,0.0,0.0,0.0,0.0,0.0,0.0,0.0,0.1428571428571428,0.0126582278481012,0.7124773960216998,baseline
rg3,1729,2,catboost,0.0545744845924247,0.1140262330009136,0.0007483720000891,fixed_0.5,0.0153339516069978,0.3767072720561092,0.0176123808909683,0.0941147631792136,0.0,0.0,0.0,0.0,387,0,7,0,1.0,0.0,394,7,197,0.0,0.0,0.0,0.0,0.0,0.0,0.0,0.0,0.0,0.0,0.0,0.0,0.0,0.0,0.0,baseline
rg3,1729,2,catboost,0.0545744845924247,0.1140262330009136,0.0007483720000891,inner_f1,0.0153339516069978,0.3767072720561092,0.0176123808909683,0.0941147631792136,0.0,0.0,0.0,0.0,387,0,7,0,1.0,0.0,394,7,197,0.0,0.0,0.0,0.0,0.0,0.0,0.0,0.0,0.0,0.0,0.0,0.0,0.0,0.0,0.0,baseline
rg3,1729,2,catboost_balanced,0.3379084968641838,0.1201560259978578,0.0012557219997688,fixed_0.5,0.0168220233365081,0.3995939461055739,0.0721226421477464,0.2744796919687182,0.0,0.0,0.0,-0.0294263141822636,369,18,7,0,1.0,0.0465116279069767,394,7,197,0.0,0.0,0.0,0.0,0.0,0.0,0.0,0.0,0.0,0.0,0.0,0.0,0.1428571428571428,0.0126582278481012,0.7124773960216998,baseline
rg3,1729,2,catboost_balanced,0.3379084968641838,0.1201560259978578,0.0012557219997688,inner_f1,0.0168220233365081,0.3995939461055739,0.0721226421477464,0.2744796919687182,0.0253164556962025,0.0138888888888888,0.1428571428571428,-0.0138801448576147,316,71,6,1,0.8571428571428571,0.1834625322997416,394,7,197,0.0,0.0,0.0,0.0,0.0,0.0,0.0,0.0,0.0,0.0,0.0,0.0,0.1428571428571428,0.0126582278481012,0.7124773960216998,baseline
rg3,1729,2,lightgbm,0.0886428760718054,0.0394971690002421,0.0008712690032552,fixed_0.5,0.0139471673028857,0.308047249907715,0.0179255598594692,0.102950411207277,0.0,0.0,0.0,0.0,387,0,7,0,1.0,0.0,394,7,197,0.0,0.0,0.0,0.0,0.0,0.0,0.0,0.0,0.0,0.0,0.0,0.0,0.0,0.0,0.0,baseline
rg3,1729,2,lightgbm,0.0886428760718054,0.0394971690002421,0.0008712690032552,inner_f1,0.0139471673028857,0.308047249907715,0.0179255598594692,0.102950411207277,0.0,0.0,0.0,-0.0096065069617372,385,2,7,0,1.0,0.0051679586563307,394,7,197,0.0,0.0,0.0,0.0,0.0,0.0,0.0,0.0,0.0,0.0,0.0,0.0,0.0,0.0,0.0,baseline
rg3,1729,2,lightgbm_balanced,0.369900584775486,0.0367167179974785,0.0007384839991573,fixed_0.5,0.0153346967708978,0.375968992248062,0.0593244519883098,0.2300356777949035,0.0,0.0,0.0,-0.0276699025050973,371,16,7,0,1.0,0.041343669250646,394,7,197,0.0,0.0,0.0,0.0,0.0,0.0,0.0,0.0,0.0,0.0,0.0,0.0,0.0,0.0,0.0,baseline
rg3,1729,2,lightgbm_balanced,0.369900584775486,0.0367167179974785,0.0007384839991573,inner_f1,0.0153346967708978,0.375968992248062,0.0593244519883098,0.2300356777949035,0.0,0.0,0.0,-0.0426484522205571,351,36,7,0,1.0,0.0930232558139534,394,7,197,0.0,0.0,0.0,0.0,0.0,0.0,0.0,0.0,0.0,0.0,0.0,0.0,0.0,0.0,0.0,baseline
rg3,2026,0,dummy_prior,0.5,0.0002072569986921,6.999600009294227e-05,fixed_0.5,0.0177664974619289,0.5,0.0174766162488082,0.089838872722487,0.0,0.0,0.0,0.0,387,0,7,0,1.0,0.0,394,7,1,0.0,0.0,0.0,0.0,0.0,0.0,0.0,0.0,0.0,0.0,0.0,0.0,0.0,0.0,0.0,baseline
rg3,2026,0,dummy_prior,0.5,0.0002072569986921,6.999600009294227e-05,inner_f1,0.0177664974619289,0.5,0.0174766162488082,0.089838872722487,0.0,0.0,0.0,0.0,387,0,7,0,1.0,0.0,394,7,1,0.0,0.0,0.0,0.0,0.0,0.0,0.0,0.0,0.0,0.0,0.0,0.0,0.0,0.0,0.0,baseline
rg3,2026,0,logistic,0.001177430852597,0.0092509549976966,0.0010580859998299,fixed_0.5,0.0226323969038419,0.4985234403839054,0.0178088258802568,0.0932901043645148,0.0,0.0,0.0,0.0,387,0,7,0,1.0,0.0,394,7,197,0.0,0.0,0.0,0.0,0.0,0.0,0.0,0.0,0.0,0.1428571428571428,0.025,1.407142857142857,0.2857142857142857,0.0253164556962025,1.4249547920433996,baseline
rg3,2026,0,logistic,0.001177430852597,0.0092509549976966,0.0010580859998299,inner_f1,0.0226323969038419,0.4985234403839054,0.0178088258802568,0.0932901043645148,0.0349127182044887,0.0177664974619289,1.0,0.0,0,387,0,7,0.0,1.0,394,7,197,0.0,0.0,0.0,0.0,0.0,0.0,0.0,0.0,0.0,0.1428571428571428,0.025,1.407142857142857,0.2857142857142857,0.0253164556962025,1.4249547920433996,baseline
rg3,2026,0,logistic_balanced,0.0147916331286125,0.0141808009975648,0.0004149440028413,fixed_0.5,0.0210619883563001,0.4881875230712439,0.2455755626054664,0.6918195120481953,0.0377358490566037,0.0197368421052631,0.4285714285714285,0.0118208315299106,238,149,4,3,0.5714285714285714,0.3850129198966408,394,7,197,0.0,0.0,0.0,0.0,0.0,0.0,0.0,0.0,0.0,0.0,0.0,0.0,0.1428571428571428,0.0126582278481012,0.7124773960216998,baseline
rg3,2026,0,logistic_balanced,0.0147916331286125,0.0141808009975648,0.0004149440028413,inner_f1,0.0210619883563001,0.4881875230712439,0.2455755626054664,0.6918195120481953,0.0349127182044887,0.0177664974619289,1.0,0.0,0,387,0,7,0.0,1.0,394,7,197,0.0,0.0,0.0,0.0,0.0,0.0,0.0,0.0,0.0,0.0,0.0,0.0,0.1428571428571428,0.0126582278481012,0.7124773960216998,baseline
rg3,2026,0,xgboost,0.0116534009575843,0.0427047069970285,0.001092687001801,fixed_0.5,0.0132639952989268,0.2770394979697305,0.0178522527088177,0.0968323872046883,0.0,0.0,0.0,0.0,387,0,7,0,1.0,0.0,394,7,197,0.0,0.0,0.0,0.0,0.0,0.0,0.0,0.0,0.0,0.0,0.0,0.0,0.0,0.0,0.0,baseline
rg3,2026,0,xgboost,0.0116534009575843,0.0427047069970285,0.001092687001801,inner_f1,0.0132639952989268,0.2770394979697305,0.0178522527088177,0.0968323872046883,0.0373333333333333,0.0190217391304347,1.0,0.0357483747626202,26,361,0,7,0.0,0.9328165374677002,394,7,197,0.0,0.0,0.0,0.0,0.0,0.0,0.0,0.0,0.0,0.0,0.0,0.0,0.0,0.0,0.0,baseline
rg3,2026,0,xgboost_balanced,0.2244531512260437,0.0415321740001672,0.0008334430021932,fixed_0.5,0.0459117343632546,0.5538944259874492,0.0763522742401551,0.26677909199437,0.0888888888888888,0.0526315789473684,0.2857142857142857,0.0862281767349725,351,36,5,2,0.7142857142857143,0.0930232558139534,394,7,197,0.0,0.0,0.0,0.1428571428571428,0.0833333333333333,4.69047619047619,0.1428571428571428,0.05,2.814285714285714,0.2857142857142857,0.05,2.814285714285714,0.2857142857142857,0.0253164556962025,1.4249547920433996,baseline
rg3,2026,0,xgboost_balanced,0.2244531512260437,0.0415321740001672,0.0008334430021932,inner_f1,0.0459117343632546,0.5538944259874492,0.0763522742401551,0.26677909199437,0.032520325203252,0.0172413793103448,0.2857142857142857,-0.0025677654240718,273,114,5,2,0.7142857142857143,0.2945736434108527,394,7,197,0.0,0.0,0.0,0.1428571428571428,0.0833333333333333,4.69047619047619,0.1428571428571428,0.05,2.814285714285714,0.2857142857142857,0.05,2.814285714285714,0.2857142857142857,0.0253164556962025,1.4249547920433996,baseline
rg3,2026,0,extratrees,0.1115538118322951,0.9954557240016584,0.0543998870016366,fixed_0.5,0.0208374993540645,0.4874492432631967,0.0181703172085743,0.0981742396975275,0.0,0.0,0.0,0.0,387,0,7,0,1.0,0.0,394,7,197,0.0,0.0,0.0,0.0,0.0,0.0,0.0,0.0,0.0,0.0,0.0,0.0,0.1428571428571428,0.0126582278481012,0.7124773960216998,baseline
rg3,2026,0,extratrees,0.1115538118322951,0.9954557240016584,0.0543998870016366,inner_f1,0.0208374993540645,0.4874492432631967,0.0181703172085743,0.0981742396975275,0.0,0.0,0.0,-0.0136204428924404,383,4,7,0,1.0,0.0103359173126615,394,7,197,0.0,0.0,0.0,0.0,0.0,0.0,0.0,0.0,0.0,0.0,0.0,0.0,0.1428571428571428,0.0126582278481012,0.7124773960216998,baseline
rg3,2026,0,extratrees_balanced,0.0168652606480065,1.093890290998388,0.0544561089991475,fixed_0.5,0.0222173062575539,0.5014765596160945,0.0744343326049017,0.2861270825228577,0.0,0.0,0.0,-0.0217034075288531,377,10,7,0,1.0,0.0258397932816537,394,7,197,0.0,0.0,0.0,0.0,0.0,0.0,0.0,0.0,0.0,0.0,0.0,0.0,0.2857142857142857,0.0253164556962025,1.4249547920433996,baseline
rg3,2026,0,extratrees_balanced,0.0168652606480065,1.093890290998388,0.0544561089991475,inner_f1,0.0222173062575539,0.5014765596160945,0.0744343326049017,0.2861270825228577,0.0350877192982456,0.0178571428571428,1.0,0.0096065069617372,2,385,0,7,0.0,0.9948320413436692,394,7,197,0.0,0.0,0.0,0.0,0.0,0.0,0.0,0.0,0.0,0.0,0.0,0.0,0.2857142857142857,0.0253164556962025,1.4249547920433996,baseline
rg3,2026,0,catboost,0.0046169038443775,0.1193000390012457,0.0008865370000421,fixed_0.5,0.018468443223888,0.4837578442229605,0.0176897508922113,0.0926900798666501,0.0,0.0,0.0,0.0,387,0,7,0,1.0,0.0,394,7,197,0.0,0.0,0.0,0.0,0.0,0.0,0.0,0.0,0.0,0.0,0.0,0.0,0.0,0.0,0.0,baseline
rg3,2026,0,catboost,0.0046169038443775,0.1193000390012457,0.0008865370000421,inner_f1,0.018468443223888,0.4837578442229605,0.0176897508922113,0.0926900798666501,0.0349127182044887,0.0177664974619289,1.0,0.0,0,387,0,7,0.0,1.0,394,7,197,0.0,0.0,0.0,0.0,0.0,0.0,0.0,0.0,0.0,0.0,0.0,0.0,0.0,0.0,0.0,baseline
rg3,2026,0,catboost_balanced,0.0121463455692274,0.112225960001524,0.0008152459995471,fixed_0.5,0.0353613893487229,0.541343669250646,0.0750207157750647,0.2765806270672134,0.064516129032258,0.0416666666666666,0.1428571428571428,0.0460784067116044,364,23,6,1,0.8571428571428571,0.0594315245478036,394,7,197,0.0,0.0,0.0,0.1428571428571428,0.0833333333333333,4.69047619047619,0.1428571428571428,0.05,2.814285714285714,0.1428571428571428,0.025,1.407142857142857,0.4285714285714285,0.0379746835443038,2.1374321880650995,baseline
rg3,2026,0,catboost_balanced,0.0121463455692274,0.112225960001524,0.0008152459995471,inner_f1,0.0353613893487229,0.541343669250646,0.0750207157750647,0.2765806270672134,0.0350877192982456,0.0178571428571428,1.0,0.0096065069617372,2,385,0,7,0.0,0.9948320413436692,394,7,197,0.0,0.0,0.0,0.1428571428571428,0.0833333333333333,4.69047619047619,0.1428571428571428,0.05,2.814285714285714,0.1428571428571428,0.025,1.407142857142857,0.4285714285714285,0.0379746835443038,2.1374321880650995,baseline
rg3,2026,0,lightgbm,0.0361356182711941,0.0381844260009529,0.0008057939994614,fixed_0.5,0.0251278125317269,0.5789959394610557,0.0176789688609491,0.0909725240665772,0.0,0.0,0.0,0.0,387,0,7,0,1.0,0.0,394,7,197,0.0,0.0,0.0,0.0,0.0,0.0,0.0,0.0,0.0,0.1428571428571428,0.025,1.407142857142857,0.1428571428571428,0.0126582278481012,0.7124773960216998,baseline
rg3,2026,0,lightgbm,0.0361356182711941,0.0381844260009529,0.0008057939994614,inner_f1,0.0251278125317269,0.5789959394610557,0.0176789688609491,0.0909725240665772,0.0273972602739726,0.0151515151515151,0.1428571428571428,-0.0088796433056123,322,65,6,1,0.8571428571428571,0.1679586563307493,394,7,197,0.0,0.0,0.0,0.0,0.0,0.0,0.0,0.0,0.0,0.1428571428571428,0.025,1.407142857142857,0.1428571428571428,0.0126582278481012,0.7124773960216998,baseline
rg3,2026,0,lightgbm_balanced,0.4575707232625901,0.0351104299988946,0.0007411659971694,fixed_0.5,0.030388932853902,0.5930232558139534,0.0769894014293879,0.2732333900703402,0.0930232558139534,0.0555555555555555,0.2857142857142857,0.090712580913566,353,34,5,2,0.7142857142857143,0.0878552971576227,394,7,197,0.0,0.0,0.0,0.0,0.0,0.0,0.0,0.0,0.0,0.2857142857142857,0.05,2.814285714285714,0.2857142857142857,0.0253164556962025,1.4249547920433996,baseline
rg3,2026,0,lightgbm_balanced,0.4575707232625901,0.0351104299988946,0.0007411659971694,inner_f1,0.030388932853902,0.5930232558139534,0.0769894014293879,0.2732333900703402,0.0816326530612244,0.0476190476190476,0.2857142857142857,0.0780596265957553,347,40,5,2,0.7142857142857143,0.1033591731266149,394,7,197,0.0,0.0,0.0,0.0,0.0,0.0,0.0,0.0,0.0,0.2857142857142857,0.05,2.814285714285714,0.2857142857142857,0.0253164556962025,1.4249547920433996,baseline
rg3,2026,1,dummy_prior,0.5,0.000213638999412,6.857900007162243e-05,fixed_0.5,0.0228426395939086,0.5,0.0223272952150274,0.1090606526505266,0.0,0.0,0.0,0.0,385,0,9,0,1.0,0.0,394,9,1,0.0,0.0,0.0,0.0,0.0,0.0,0.1111111111111111,0.05,2.188888888888889,0.1111111111111111,0.025,1.0944444444444446,0.1111111111111111,0.0126582278481012,0.5541490857946554,baseline
rg3,2026,1,dummy_prior,0.5,0.000213638999412,6.857900007162243e-05,inner_f1,0.0228426395939086,0.5,0.0223272952150274,0.1090606526505266,0.0,0.0,0.0,0.0,385,0,9,0,1.0,0.0,394,9,1,0.0,0.0,0.0,0.0,0.0,0.0,0.1111111111111111,0.05,2.188888888888889,0.1111111111111111,0.025,1.0944444444444446,0.1111111111111111,0.0126582278481012,0.5541490857946554,baseline
rg3,2026,1,logistic,0.0180719942534996,0.0101669879986729,0.0004153279987804,fixed_0.5,0.0338455261996454,0.4515151515151515,0.0225777166737755,0.1175981421325374,0.0,0.0,0.0,0.0,385,0,9,0,1.0,0.0,394,9,197,0.0,0.0,0.0,0.1111111111111111,0.0833333333333333,3.648148148148148,0.1111111111111111,0.05,2.188888888888889,0.1111111111111111,0.025,1.0944444444444446,0.1111111111111111,0.0126582278481012,0.5541490857946554,baseline
rg3,2026,1,logistic,0.0180719942534996,0.0101669879986729,0.0004153279987804,inner_f1,0.0338455261996454,0.4515151515151515,0.0225777166737755,0.1175981421325374,0.0377358490566037,0.02,0.3333333333333333,-0.0149182238514265,238,147,6,3,0.6666666666666666,0.3818181818181818,394,9,197,0.0,0.0,0.0,0.1111111111111111,0.0833333333333333,3.648148148148148,0.1111111111111111,0.05,2.188888888888889,0.1111111111111111,0.025,1.0944444444444446,0.1111111111111111,0.0126582278481012,0.5541490857946554,baseline
rg3,2026,1,logistic_balanced,0.6581148195479544,0.0127717420000408,0.0004159999989497,fixed_0.5,0.0268748498254255,0.4272727272727272,0.1982760145081337,0.5824761021200042,0.0330578512396694,0.0178571428571428,0.2222222222222222,-0.0210299139599537,275,110,7,2,0.7777777777777778,0.2857142857142857,394,9,197,0.0,0.0,0.0,0.0,0.0,0.0,0.1111111111111111,0.05,2.188888888888889,0.1111111111111111,0.025,1.0944444444444446,0.2222222222222222,0.0253164556962025,1.1082981715893108,baseline
rg3,2026,1,logistic_balanced,0.6581148195479544,0.0127717420000408,0.0004159999989497,inner_f1,0.0268748498254255,0.4272727272727272,0.1982760145081337,0.5824761021200042,0.0597014925373134,0.0344827586206896,0.2222222222222222,0.0323702744585881,329,56,7,2,0.7777777777777778,0.1454545454545454,394,9,197,0.0,0.0,0.0,0.0,0.0,0.0,0.1111111111111111,0.05,2.188888888888889,0.1111111111111111,0.025,1.0944444444444446,0.2222222222222222,0.0253164556962025,1.1082981715893108,baseline
rg3,2026,1,xgboost,0.014817894436419,0.0456796010003017,0.0009229999996023,fixed_0.5,0.0263284727488251,0.4642135642135642,0.0224769240283329,0.1126919396726431,0.0,0.0,0.0,0.0,385,0,9,0,1.0,0.0,394,9,197,0.0,0.0,0.0,0.0,0.0,0.0,0.0,0.0,0.0,0.1111111111111111,0.025,1.0944444444444446,0.2222222222222222,0.0253164556962025,1.1082981715893108,baseline
rg3,2026,1,xgboost,0.014817894436419,0.0456796010003017,0.0009229999996023,inner_f1,0.0263284727488251,0.4642135642135642,0.0224769240283329,0.1126919396726431,0.0395256916996047,0.0204918032786885,0.5555555555555556,-0.0200685630382285,146,239,4,5,0.4444444444444444,0.6207792207792208,394,9,197,0.0,0.0,0.0,0.0,0.0,0.0,0.0,0.0,0.0,0.1111111111111111,0.025,1.0944444444444446,0.2222222222222222,0.0253164556962025,1.1082981715893108,baseline
rg3,2026,1,xgboost_balanced,0.544589102268219,0.0434806410012242,0.0007743399983155,fixed_0.5,0.0428526004440256,0.607936507936508,0.0486462137716107,0.1938330997345511,0.0952380952380952,0.0833333333333333,0.1111111111111111,0.0717615993359675,374,11,8,1,0.8888888888888888,0.0285714285714285,394,9,197,0.0,0.0,0.0,0.1111111111111111,0.0833333333333333,3.648148148148148,0.1111111111111111,0.05,2.188888888888889,0.1111111111111111,0.025,1.0944444444444446,0.3333333333333333,0.0379746835443038,1.6624472573839664,baseline
rg3,2026,1,xgboost_balanced,0.544589102268219,0.0434806410012242,0.0007743399983155,inner_f1,0.0428526004440256,0.607936507936508,0.0486462137716107,0.1938330997345511,0.0,0.0,0.0,-0.0220111245432982,377,8,9,0,1.0,0.0207792207792207,394,9,197,0.0,0.0,0.0,0.1111111111111111,0.0833333333333333,3.648148148148148,0.1111111111111111,0.05,2.188888888888889,0.1111111111111111,0.025,1.0944444444444446,0.3333333333333333,0.0379746835443038,1.6624472573839664,baseline
rg3,2026,1,extratrees,0.0188194444444444,0.9932559900007618,0.0541563220031093,fixed_0.5,0.0389350029156733,0.5750360750360751,0.0224881659276619,0.11407131597369,0.0,0.0,0.0,0.0,385,0,9,0,1.0,0.0,394,9,197,0.0,0.0,0.0,0.0,0.0,0.0,0.0,0.0,0.0,0.1111111111111111,0.025,1.0944444444444446,0.4444444444444444,0.050632911392405,2.216596343178621,baseline
rg3,2026,1,extratrees,0.0188194444444444,0.9932559900007618,0.0541563220031093,inner_f1,0.0389350029156733,0.5750360750360751,0.0224881659276619,0.11407131597369,0.0558659217877094,0.0294117647058823,0.5555555555555556,0.0383047460257068,220,165,4,5,0.4444444444444444,0.4285714285714285,394,9,197,0.0,0.0,0.0,0.0,0.0,0.0,0.0,0.0,0.0,0.1111111111111111,0.025,1.0944444444444446,0.4444444444444444,0.050632911392405,2.216596343178621,baseline
rg3,2026,1,extratrees_balanced,0.0658079235190806,1.1041315689981277,0.0567438149992085,fixed_0.5,0.0315663393084023,0.5011544011544011,0.0526732380161316,0.2248517522772811,0.0,0.0,0.0,-0.0190130001821691,379,6,9,0,1.0,0.0155844155844155,394,9,193,0.0,0.0,0.0,0.0,0.0,0.0,0.1111111111111111,0.05,2.188888888888889,0.1111111111111111,0.025,1.0944444444444446,0.2222222222222222,0.0253164556962025,1.1082981715893108,baseline
rg3,2026,1,extratrees_balanced,0.0658079235190806,1.1041315689981277,0.0567438149992085,inner_f1,0.0315663393084023,0.5011544011544011,0.0526732380161316,0.2248517522772811,0.0353356890459364,0.0182481751824817,0.5555555555555556,-0.0464690883703856,116,269,4,5,0.4444444444444444,0.6987012987012987,394,9,193,0.0,0.0,0.0,0.0,0.0,0.0,0.1111111111111111,0.05,2.188888888888889,0.1111111111111111,0.025,1.0944444444444446,0.2222222222222222,0.0253164556962025,1.1082981715893108,baseline
rg3,2026,1,catboost,0.0231392988616725,0.1105215059978945,0.0008155790019372,fixed_0.5,0.0376471132681737,0.5404040404040403,0.0225973069469057,0.1127249558400489,0.0,0.0,0.0,0.0,385,0,9,0,1.0,0.0,394,9,197,0.0,0.0,0.0,0.1111111111111111,0.0833333333333333,3.648148148148148,0.1111111111111111,0.05,2.188888888888889,0.1111111111111111,0.025,1.0944444444444446,0.3333333333333333,0.0379746835443038,1.6624472573839664,baseline
rg3,2026,1,catboost,0.0231392988616725,0.1105215059978945,0.0008155790019372,inner_f1,0.0376471132681737,0.5404040404040403,0.0225973069469057,0.1127249558400489,0.0493827160493827,0.0277777777777777,0.2222222222222222,0.0156200432532092,315,70,7,2,0.7777777777777778,0.1818181818181818,394,9,197,0.0,0.0,0.0,0.1111111111111111,0.0833333333333333,3.648148148148148,0.1111111111111111,0.05,2.188888888888889,0.1111111111111111,0.025,1.0944444444444446,0.3333333333333333,0.0379746835443038,1.6624472573839664,baseline
rg3,2026,1,catboost_balanced,0.0778490999486222,0.1202495899997302,0.0009036019982886,fixed_0.5,0.0389691355924615,0.5721500721500722,0.0539958679318938,0.2199296277436748,0.0,0.0,0.0,-0.0246731885609913,375,10,9,0,1.0,0.0259740259740259,394,9,197,0.0,0.0,0.0,0.1111111111111111,0.0833333333333333,3.648148148148148,0.1111111111111111,0.05,2.188888888888889,0.1111111111111111,0.025,1.0944444444444446,0.3333333333333333,0.0379746835443038,1.6624472573839664,baseline
rg3,2026,1,catboost_balanced,0.0778490999486222,0.1202495899997302,0.0009036019982886,inner_f1,0.0389691355924615,0.5721500721500722,0.0539958679318938,0.2199296277436748,0.0553359683794466,0.0286885245901639,0.7777777777777778,0.0499050107410816,148,237,2,7,0.2222222222222222,0.6155844155844156,394,9,197,0.0,0.0,0.0,0.1111111111111111,0.0833333333333333,3.648148148148148,0.1111111111111111,0.05,2.188888888888889,0.1111111111111111,0.025,1.0944444444444446,0.3333333333333333,0.0379746835443038,1.6624472573839664,baseline
rg3,2026,1,lightgbm,0.0087634637924721,0.0386257650025072,0.0007973060019139,fixed_0.5,0.0428474182091147,0.5415584415584416,0.0223257863659507,0.1130461598277106,0.0,0.0,0.0,0.0,385,0,9,0,1.0,0.0,394,9,197,0.0,0.0,0.0,0.1111111111111111,0.0833333333333333,3.648148148148148,0.1111111111111111,0.05,2.188888888888889,0.2222222222222222,0.05,2.188888888888889,0.3333333333333333,0.0379746835443038,1.6624472573839664,baseline
rg3,2026,1,lightgbm,0.0087634637924721,0.0386257650025072,0.0007973060019139,inner_f1,0.0428474182091147,0.5415584415584416,0.0223257863659507,0.1130461598277106,0.043010752688172,0.0222222222222222,0.6666666666666666,-0.0061277295801246,121,264,3,6,0.3333333333333333,0.6857142857142857,394,9,197,0.0,0.0,0.0,0.1111111111111111,0.0833333333333333,3.648148148148148,0.1111111111111111,0.05,2.188888888888889,0.2222222222222222,0.05,2.188888888888889,0.3333333333333333,0.0379746835443038,1.6624472573839664,baseline
rg3,2026,1,lightgbm_balanced,0.5254217663428463,0.036679090000689,0.0007524459979322,fixed_0.5,0.0570479471491844,0.5640692640692642,0.061080660682075,0.2304038763392887,0.1379310344827586,0.1,0.2222222222222222,0.1194266254302169,367,18,7,2,0.7777777777777778,0.0467532467532467,394,9,197,0.0,0.0,0.0,0.2222222222222222,0.1666666666666666,7.296296296296296,0.2222222222222222,0.1,4.377777777777778,0.2222222222222222,0.05,2.188888888888889,0.2222222222222222,0.0253164556962025,1.1082981715893108,baseline
rg3,2026,1,lightgbm_balanced,0.5254217663428463,0.036679090000689,0.0007524459979322,inner_f1,0.0570479471491844,0.5640692640692642,0.061080660682075,0.2304038763392887,0.1481481481481481,0.1111111111111111,0.2222222222222222,0.1292684491999455,369,16,7,2,0.7777777777777778,0.0415584415584415,394,9,197,0.0,0.0,0.0,0.2222222222222222,0.1666666666666666,7.296296296296296,0.2222222222222222,0.1,4.377777777777778,0.2222222222222222,0.05,2.188888888888889,0.2222222222222222,0.0253164556962025,1.1082981715893108,baseline
rg3,2026,2,dummy_prior,0.5,0.0001927490011439,6.610399941564538e-05,fixed_0.5,0.0228426395939086,0.5,0.0223272952150274,0.1090606526505266,0.0,0.0,0.0,0.0,385,0,9,0,1.0,0.0,394,9,1,0.0,0.0,0.0,0.0,0.0,0.0,0.0,0.0,0.0,0.0,0.0,0.0,0.2222222222222222,0.0253164556962025,1.1082981715893108,baseline
rg3,2026,2,dummy_prior,0.5,0.0001927490011439,6.610399941564538e-05,inner_f1,0.0228426395939086,0.5,0.0223272952150274,0.1090606526505266,0.0,0.0,0.0,0.0,385,0,9,0,1.0,0.0,394,9,1,0.0,0.0,0.0,0.0,0.0,0.0,0.0,0.0,0.0,0.0,0.0,0.0,0.2222222222222222,0.0253164556962025,1.1082981715893108,baseline
rg3,2026,2,logistic,0.0427543593761126,0.0100526499991246,0.000464856999315,fixed_0.5,0.0446252373967592,0.3597402597402597,0.0228083096623123,0.1298297751921798,0.0,0.0,0.0,0.0,385,0,9,0,1.0,0.0,394,9,197,0.1111111111111111,0.25,10.944444444444445,0.1111111111111111,0.0833333333333333,3.648148148148148,0.1111111111111111,0.05,2.188888888888889,0.1111111111111111,0.025,1.0944444444444446,0.1111111111111111,0.0126582278481012,0.5541490857946554,baseline
rg3,2026,2,logistic,0.0427543593761126,0.0100526499991246,0.000464856999315,inner_f1,0.0446252373967592,0.3597402597402597,0.0228083096623123,0.1298297751921798,0.0392156862745098,0.0238095238095238,0.1111111111111111,0.0022354882229191,344,41,8,1,0.8888888888888888,0.1064935064935064,394,9,197,0.1111111111111111,0.25,10.944444444444445,0.1111111111111111,0.0833333333333333,3.648148148148148,0.1111111111111111,0.05,2.188888888888889,0.1111111111111111,0.025,1.0944444444444446,0.1111111111111111,0.0126582278481012,0.5541490857946554,baseline
rg3,2026,2,logistic_balanced,0.7789642411411245,0.0134419459973287,0.0004682850012613,fixed_0.5,0.0227982292200305,0.3643578643578643,0.1850779629565498,0.562205769597882,0.0206185567010309,0.0113636363636363,0.1111111111111111,-0.0412030536051683,298,87,8,1,0.8888888888888888,0.2259740259740259,394,9,197,0.0,0.0,0.0,0.0,0.0,0.0,0.1111111111111111,0.05,2.188888888888889,0.1111111111111111,0.025,1.0944444444444446,0.1111111111111111,0.0126582278481012,0.5541490857946554,baseline
rg3,2026,2,logistic_balanced,0.7789642411411245,0.0134419459973287,0.0004682850012613,inner_f1,0.0227982292200305,0.3643578643578643,0.1850779629565498,0.562205769597882,0.0425531914893617,0.0263157894736842,0.1111111111111111,0.0075951250178779,348,37,8,1,0.8888888888888888,0.0961038961038961,394,9,197,0.0,0.0,0.0,0.0,0.0,0.0,0.1111111111111111,0.05,2.188888888888889,0.1111111111111111,0.025,1.0944444444444446,0.1111111111111111,0.0126582278481012,0.5541490857946554,baseline
rg3,2026,2,xgboost,0.0227740500122308,0.0336075670020363,0.0010971360024996,fixed_0.5,0.0246948250668376,0.4226551226551225,0.0225005458617544,0.1134226470947941,0.0,0.0,0.0,0.0,385,0,9,0,1.0,0.0,394,9,197,0.0,0.0,0.0,0.0,0.0,0.0,0.0,0.0,0.0,0.0,0.0,0.0,0.2222222222222222,0.0253164556962025,1.1082981715893108,baseline
rg3,2026,2,xgboost,0.0227740500122308,0.0336075670020363,0.0010971360024996,inner_f1,0.0246948250668376,0.4226551226551225,0.0225005458617544,0.1134226470947941,0.048780487804878,0.0263157894736842,0.3333333333333333,0.0148334283282876,274,111,6,3,0.6666666666666666,0.2883116883116883,394,9,197,0.0,0.0,0.0,0.0,0.0,0.0,0.0,0.0,0.0,0.0,0.0,0.0,0.2222222222222222,0.0253164556962025,1.1082981715893108,baseline
rg3,2026,2,xgboost_balanced,0.2120208889245987,0.0456048790001659,0.0009889620014291,fixed_0.5,0.0236699490158309,0.4226551226551226,0.0428693015427627,0.1942647781018895,0.0,0.0,0.0,-0.0154841932227752,381,4,9,0,1.0,0.0103896103896103,394,9,197,0.0,0.0,0.0,0.0,0.0,0.0,0.0,0.0,0.0,0.1111111111111111,0.025,1.0944444444444446,0.2222222222222222,0.0253164556962025,1.1082981715893108,baseline
rg3,2026,2,xgboost_balanced,0.2120208889245987,0.0456048790001659,0.0009889620014291,inner_f1,0.0236699490158309,0.4226551226551226,0.0428693015427627,0.1942647781018895,0.056338028169014,0.032258064516129,0.2222222222222222,0.0272339935294789,325,60,7,2,0.7777777777777778,0.1558441558441558,394,9,197,0.0,0.0,0.0,0.0,0.0,0.0,0.0,0.0,0.0,0.1111111111111111,0.025,1.0944444444444446,0.2222222222222222,0.0253164556962025,1.1082981715893108,baseline
rg3,2026,2,extratrees,0.0149377842755035,1.003687323001941,0.0554957290005404,fixed_0.5,0.0231003531463252,0.4792207792207791,0.0228296577459913,0.1182244222852656,0.0,0.0,0.0,0.0,385,0,9,0,1.0,0.0,394,9,197,0.0,0.0,0.0,0.0,0.0,0.0,0.0,0.0,0.0,0.0,0.0,0.0,0.0,0.0,0.0,baseline
rg3,2026,2,extratrees,0.0149377842755035,1.003687323001941,0.0554957290005404,inner_f1,0.0231003531463252,0.4792207792207791,0.0228296577459913,0.1182244222852656,0.0284360189573459,0.0148514851485148,0.3333333333333333,-0.0548629551840584,186,199,6,3,0.6666666666666666,0.5168831168831168,394,9,197,0.0,0.0,0.0,0.0,0.0,0.0,0.0,0.0,0.0,0.0,0.0,0.0,0.0,0.0,0.0,baseline
rg3,2026,2,extratrees_balanced,0.1086860027990512,1.100898065000365,0.0560474039994005,fixed_0.5,0.0400891666978986,0.4601731601731601,0.0564509457935288,0.2403579641669499,0.1176470588235294,0.125,0.1111111111111111,0.0984386403186395,378,7,8,1,0.8888888888888888,0.0181818181818181,394,9,195,0.0,0.0,0.0,0.1111111111111111,0.0833333333333333,3.648148148148148,0.1111111111111111,0.05,2.188888888888889,0.1111111111111111,0.025,1.0944444444444446,0.2222222222222222,0.0253164556962025,1.1082981715893108,baseline
rg3,2026,2,extratrees_balanced,0.1086860027990512,1.100898065000365,0.0560474039994005,inner_f1,0.0400891666978986,0.4601731601731601,0.0564509457935288,0.2403579641669499,0.0429184549356223,0.0223214285714285,0.5555555555555556,-0.0040045870845057,166,219,4,5,0.4444444444444444,0.5688311688311688,394,9,195,0.0,0.0,0.0,0.1111111111111111,0.0833333333333333,3.648148148148148,0.1111111111111111,0.05,2.188888888888889,0.1111111111111111,0.025,1.0944444444444446,0.2222222222222222,0.0253164556962025,1.1082981715893108,baseline
rg3,2026,2,catboost,0.0134128510214249,0.1129271909994713,0.0007248660003824,fixed_0.5,0.0224909977068639,0.3972582972582972,0.0225378801344071,0.1161306089325069,0.0,0.0,0.0,0.0,385,0,9,0,1.0,0.0,394,9,197,0.0,0.0,0.0,0.0,0.0,0.0,0.0,0.0,0.0,0.1111111111111111,0.025,1.0944444444444446,0.2222222222222222,0.0253164556962025,1.1082981715893108,baseline
rg3,2026,2,catboost,0.0134128510214249,0.1129271909994713,0.0007248660003824,inner_f1,0.0224909977068639,0.3972582972582972,0.0225378801344071,0.1161306089325069,0.0306513409961685,0.0158730158730158,0.4444444444444444,-0.0621455494906314,137,248,5,4,0.5555555555555556,0.6441558441558441,394,9,197,0.0,0.0,0.0,0.0,0.0,0.0,0.0,0.0,0.0,0.1111111111111111,0.025,1.0944444444444446,0.2222222222222222,0.0253164556962025,1.1082981715893108,baseline
rg3,2026,2,catboost_balanced,0.219045604318529,0.1104590599970833,0.0007937109985505,fixed_0.5,0.0358445833932456,0.4786435786435786,0.0594686334607661,0.2432772253859918,0.1052631578947368,0.1,0.1111111111111111,0.0833405480282374,376,9,8,1,0.8888888888888888,0.0233766233766233,394,9,197,0.0,0.0,0.0,0.1111111111111111,0.0833333333333333,3.648148148148148,0.1111111111111111,0.05,2.188888888888889,0.1111111111111111,0.025,1.0944444444444446,0.1111111111111111,0.0126582278481012,0.5541490857946554,baseline
rg3,2026,2,catboost_balanced,0.219045604318529,0.1104590599970833,0.0007937109985505,inner_f1,0.0358445833932456,0.4786435786435786,0.0594686334607661,0.2432772253859918,0.0176991150442477,0.0096153846153846,0.1111111111111111,-0.0530190569251028,282,103,8,1,0.8888888888888888,0.2675324675324675,394,9,197,0.0,0.0,0.0,0.1111111111111111,0.0833333333333333,3.648148148148148,0.1111111111111111,0.05,2.188888888888889,0.1111111111111111,0.025,1.0944444444444446,0.1111111111111111,0.0126582278481012,0.5541490857946554,baseline
rg3,2026,2,lightgbm,0.0251059213780889,0.0365825869994296,0.0007665230004931,fixed_0.5,0.0234167550531451,0.3759018759018758,0.0227185273223813,0.1220406857919489,0.0,0.0,0.0,0.0,385,0,9,0,1.0,0.0,394,9,197,0.0,0.0,0.0,0.0,0.0,0.0,0.0,0.0,0.0,0.2222222222222222,0.05,2.188888888888889,0.2222222222222222,0.0253164556962025,1.1082981715893108,baseline
rg3,2026,2,lightgbm,0.0251059213780889,0.0365825869994296,0.0007665230004931,inner_f1,0.0234167550531451,0.3759018759018758,0.0227185273223813,0.1220406857919489,0.056338028169014,0.032258064516129,0.2222222222222222,0.0272339935294789,325,60,7,2,0.7777777777777778,0.1558441558441558,394,9,197,0.0,0.0,0.0,0.0,0.0,0.0,0.0,0.0,0.0,0.2222222222222222,0.05,2.188888888888889,0.2222222222222222,0.0253164556962025,1.1082981715893108,baseline
rg3,2026,2,lightgbm_balanced,0.1627999734561873,0.0424905219988431,0.0008360920000995,fixed_0.5,0.0307345041762241,0.4434343434343434,0.0427448025274674,0.1963716577271276,0.0,0.0,0.0,-0.0154841932227752,381,4,9,0,1.0,0.0103896103896103,394,9,197,0.0,0.0,0.0,0.0,0.0,0.0,0.1111111111111111,0.05,2.188888888888889,0.2222222222222222,0.05,2.188888888888889,0.2222222222222222,0.0253164556962025,1.1082981715893108,baseline
rg3,2026,2,lightgbm_balanced,0.1627999734561873,0.0424905219988431,0.0008360920000995,inner_f1,0.0307345041762241,0.4434343434343434,0.0427448025274674,0.1963716577271276,0.0347826086956521,0.0188679245283018,0.2222222222222222,-0.0161401397981978,281,104,7,2,0.7777777777777778,0.2701298701298701,394,9,197,0.0,0.0,0.0,0.0,0.0,0.0,0.1111111111111111,0.05,2.188888888888889,0.2222222222222222,0.05,2.188888888888889,0.2222222222222222,0.0253164556962025,1.1082981715893108,baseline
pooled,42,0,dummy_prior,0.5,0.0005139260028954,0.0001107989992306,fixed_0.5,0.0175658720200752,0.5,0.017257312644794,0.0884083897346482,0.0,0.0,0.0,0.0,783,0,14,0,1.0,0.0,797,14,1,0.0,0.0,0.0,0.0,0.0,0.0,0.0714285714285714,0.025,1.4232142857142858,0.0714285714285714,0.0125,0.7116071428571429,0.2142857142857142,0.01875,1.0674107142857143,baseline
pooled,42,0,dummy_prior,0.5,0.0005139260028954,0.0001107989992306,inner_f1,0.0175658720200752,0.5,0.017257312644794,0.0884083897346482,0.0,0.0,0.0,0.0,783,0,14,0,1.0,0.0,797,14,1,0.0,0.0,0.0,0.0,0.0,0.0,0.0714285714285714,0.025,1.4232142857142858,0.0714285714285714,0.0125,0.7116071428571429,0.2142857142857142,0.01875,1.0674107142857143,baseline
pooled,42,0,logistic,0.8030014167219699,0.0118111330011743,0.0004910890020255,fixed_0.5,0.1983675512484464,0.752964787447546,0.0148072047248788,0.075250893226507,0.25,1.0,0.1428571428571428,0.375101064548392,783,0,12,2,0.8571428571428571,0.0,797,14,400,0.1428571428571428,0.25,14.232142857142858,0.2142857142857142,0.125,7.116071428571429,0.2857142857142857,0.1,5.692857142857143,0.3571428571428571,0.0625,3.5580357142857144,0.4285714285714285,0.0375,2.1348214285714286,baseline
pooled,42,0,logistic,0.8030014167219699,0.0118111330011743,0.0004910890020255,inner_f1,0.1983675512484464,0.752964787447546,0.0148072047248788,0.075250893226507,0.25,1.0,0.1428571428571428,0.375101064548392,783,0,12,2,0.8571428571428571,0.0,797,14,400,0.1428571428571428,0.25,14.232142857142858,0.2142857142857142,0.125,7.116071428571429,0.2857142857142857,0.1,5.692857142857143,0.3571428571428571,0.0625,3.5580357142857144,0.4285714285714285,0.0375,2.1348214285714286,baseline
pooled,42,0,logistic_balanced,0.9335548739602088,0.0171155130010447,0.0004823480012419,fixed_0.5,0.1700326863514322,0.6957671957671958,0.1679616861585955,0.4845832207292608,0.0611353711790393,0.0325581395348837,0.5,0.0693646953375716,575,208,7,7,0.5,0.2656449553001277,797,14,400,0.1428571428571428,0.25,14.232142857142858,0.1428571428571428,0.0833333333333333,4.744047619047619,0.1428571428571428,0.05,2.8464285714285715,0.1428571428571428,0.025,1.4232142857142858,0.3571428571428571,0.03125,1.7790178571428572,baseline
pooled,42,0,logistic_balanced,0.9335548739602088,0.0171155130010447,0.0004823480012419,inner_f1,0.1700326863514322,0.6957671957671958,0.1679616861585955,0.4845832207292608,0.2222222222222222,0.5,0.1428571428571428,0.2608223762475765,781,2,12,2,0.8571428571428571,0.0025542784163473,797,14,400,0.1428571428571428,0.25,14.232142857142858,0.1428571428571428,0.0833333333333333,4.744047619047619,0.1428571428571428,0.05,2.8464285714285715,0.1428571428571428,0.025,1.4232142857142858,0.3571428571428571,0.03125,1.7790178571428572,baseline
pooled,42,0,xgboost,0.0616262406110763,0.0542064080000272,0.0013929510023444,fixed_0.5,0.2099059182509003,0.734263820470717,0.0164831429912505,0.0790748205611145,0.0,0.0,0.0,0.0,783,0,14,0,1.0,0.0,797,14,399,0.2142857142857142,0.375,21.34821428571429,0.2142857142857142,0.125,7.116071428571429,0.2142857142857142,0.075,4.269642857142857,0.3571428571428571,0.0625,3.5580357142857144,0.3571428571428571,0.03125,1.7790178571428572,baseline
pooled,42,0,xgboost,0.0616262406110763,0.0542064080000272,0.0013929510023444,inner_f1,0.2099059182509003,0.734263820470717,0.0164831429912505,0.0790748205611145,0.1764705882352941,0.15,0.2142857142857142,0.1617401446601478,766,17,11,3,0.7857142857142857,0.0217113665389527,797,14,399,0.2142857142857142,0.375,21.34821428571429,0.2142857142857142,0.125,7.116071428571429,0.2142857142857142,0.075,4.269642857142857,0.3571428571428571,0.0625,3.5580357142857144,0.3571428571428571,0.03125,1.7790178571428572,baseline
pooled,42,0,xgboost_balanced,0.5282973647117615,0.0616280869980983,0.0015603579995513,fixed_0.5,0.1722349711870469,0.7149242838898011,0.0510992859752704,0.1835455341880861,0.0689655172413793,0.0454545454545454,0.1428571428571428,0.0513180481120919,741,42,12,2,0.8571428571428571,0.053639846743295,797,14,399,0.1428571428571428,0.25,14.232142857142858,0.1428571428571428,0.0833333333333333,4.744047619047619,0.1428571428571428,0.05,2.8464285714285715,0.2142857142857142,0.0375,2.1348214285714286,0.4285714285714285,0.0375,2.1348214285714286,baseline
pooled,42,0,xgboost_balanced,0.5282973647117615,0.0616280869980983,0.0015603579995513,inner_f1,0.1722349711870469,0.7149242838898011,0.0510992859752704,0.1835455341880861,0.0833333333333333,0.0588235294117647,0.1428571428571428,0.0662971985362479,751,32,12,2,0.8571428571428571,0.0408684546615581,797,14,399,0.1428571428571428,0.25,14.232142857142858,0.1428571428571428,0.0833333333333333,4.744047619047619,0.1428571428571428,0.05,2.8464285714285715,0.2142857142857142,0.0375,2.1348214285714286,0.4285714285714285,0.0375,2.1348214285714286,baseline
pooled,42,0,extratrees,0.3991774891774892,0.9865619499978492,0.065101919000881,fixed_0.5,0.1744305628560872,0.7019704433497537,0.0159254439802597,0.0803448478607298,0.2222222222222222,0.5,0.1428571428571428,0.2608223762475765,781,2,12,2,0.8571428571428571,0.0025542784163473,797,14,290,0.1428571428571428,0.25,14.232142857142858,0.1428571428571428,0.0833333333333333,4.744047619047619,0.2142857142857142,0.075,4.269642857142857,0.2142857142857142,0.0375,2.1348214285714286,0.3571428571428571,0.03125,1.7790178571428572,baseline
pooled,42,0,extratrees,0.3991774891774892,0.9865619499978492,0.065101919000881,inner_f1,0.1744305628560872,0.7019704433497537,0.0159254439802597,0.0803448478607298,0.2222222222222222,0.5,0.1428571428571428,0.2608223762475765,781,2,12,2,0.8571428571428571,0.0025542784163473,797,14,290,0.1428571428571428,0.25,14.232142857142858,0.1428571428571428,0.0833333333333333,4.744047619047619,0.2142857142857142,0.075,4.269642857142857,0.2142857142857142,0.0375,2.1348214285714286,0.3571428571428571,0.03125,1.7790178571428572,baseline
pooled,42,0,extratrees_balanced,0.2569169611761962,1.055335647000902,0.0551133570006641,fixed_0.5,0.1653916725150132,0.6677613574165298,0.057045953413208,0.2059767584656425,0.1052631578947368,0.0833333333333333,0.1428571428571428,0.088214580749662,761,22,12,2,0.8571428571428571,0.0280970625798212,797,14,273,0.1428571428571428,0.25,14.232142857142858,0.1428571428571428,0.0833333333333333,4.744047619047619,0.1428571428571428,0.05,2.8464285714285715,0.1428571428571428,0.025,1.4232142857142858,0.2142857142857142,0.01875,1.0674107142857143,baseline
pooled,42,0,extratrees_balanced,0.2569169611761962,1.055335647000902,0.0551133570006641,inner_f1,0.1653916725150132,0.6677613574165298,0.057045953413208,0.2059767584656425,0.0452488687782805,0.0241545893719806,0.3571428571428571,0.0297080035177452,581,202,9,5,0.6428571428571429,0.2579821200510855,797,14,273,0.1428571428571428,0.25,14.232142857142858,0.1428571428571428,0.0833333333333333,4.744047619047619,0.1428571428571428,0.05,2.8464285714285715,0.1428571428571428,0.025,1.4232142857142858,0.2142857142857142,0.01875,1.0674107142857143,baseline
pooled,42,0,catboost,0.6220508597941279,0.1556896410002082,0.0008503169992764,fixed_0.5,0.1780955707716788,0.6915708812260536,0.0148772134675471,0.0761279839052871,0.25,1.0,0.1428571428571428,0.375101064548392,783,0,12,2,0.8571428571428571,0.0,797,14,399,0.1428571428571428,0.25,14.232142857142858,0.2142857142857142,0.125,7.116071428571429,0.2142857142857142,0.075,4.269642857142857,0.2142857142857142,0.0375,2.1348214285714286,0.2857142857142857,0.025,1.4232142857142858,baseline
pooled,42,0,catboost,0.6220508597941279,0.1556896410002082,0.0008503169992764,inner_f1,0.1780955707716788,0.6915708812260536,0.0148772134675471,0.0761279839052871,0.25,1.0,0.1428571428571428,0.375101064548392,783,0,12,2,0.8571428571428571,0.0,797,14,399,0.1428571428571428,0.25,14.232142857142858,0.2142857142857142,0.125,7.116071428571429,0.2142857142857142,0.075,4.269642857142857,0.2142857142857142,0.0375,2.1348214285714286,0.2857142857142857,0.025,1.4232142857142858,baseline
pooled,42,0,catboost_balanced,0.5163102438670014,0.1629993380011001,0.001337837002211,fixed_0.5,0.1658955428261404,0.6665754424375114,0.0627460413622564,0.2234592321443288,0.0689655172413793,0.0454545454545454,0.1428571428571428,0.0513180481120919,741,42,12,2,0.8571428571428571,0.053639846743295,797,14,399,0.1428571428571428,0.25,14.232142857142858,0.1428571428571428,0.0833333333333333,4.744047619047619,0.1428571428571428,0.05,2.8464285714285715,0.1428571428571428,0.025,1.4232142857142858,0.2142857142857142,0.01875,1.0674107142857143,baseline
pooled,42,0,catboost_balanced,0.5163102438670014,0.1629993380011001,0.001337837002211,inner_f1,0.1658955428261404,0.6665754424375114,0.0627460413622564,0.2234592321443288,0.074074074074074,0.05,0.1428571428571428,0.0567541605580138,745,38,12,2,0.8571428571428571,0.0485312899106002,797,14,399,0.1428571428571428,0.25,14.232142857142858,0.1428571428571428,0.0833333333333333,4.744047619047619,0.1428571428571428,0.05,2.8464285714285715,0.1428571428571428,0.025,1.4232142857142858,0.2142857142857142,0.01875,1.0674107142857143,baseline
pooled,42,0,lightgbm,0.0464960236906917,0.0515011660027084,0.001064080002834,fixed_0.5,0.1879396683101114,0.7069877759532932,0.0158476328327279,0.0805053583385073,0.0,0.0,0.0,0.0,783,0,14,0,1.0,0.0,797,14,399,0.1428571428571428,0.25,14.232142857142858,0.2142857142857142,0.125,7.116071428571429,0.2142857142857142,0.075,4.269642857142857,0.2142857142857142,0.0375,2.1348214285714286,0.3571428571428571,0.03125,1.7790178571428572,baseline
pooled,42,0,lightgbm,0.0464960236906917,0.0515011660027084,0.001064080002834,inner_f1,0.1879396683101114,0.7069877759532932,0.0158476328327279,0.0805053583385073,0.1111111111111111,0.075,0.2142857142857142,0.1004998723227498,746,37,11,3,0.7857142857142857,0.0472541507024265,797,14,399,0.1428571428571428,0.25,14.232142857142858,0.2142857142857142,0.125,7.116071428571429,0.2142857142857142,0.075,4.269642857142857,0.2142857142857142,0.0375,2.1348214285714286,0.3571428571428571,0.03125,1.7790178571428572,baseline
pooled,42,0,lightgbm_balanced,0.6572865931440474,0.0519069929978286,0.0012415119999786,fixed_0.5,0.1686407090613585,0.6708629812078087,0.0539321414140713,0.1974871738658012,0.1034482758620689,0.0681818181818181,0.2142857142857142,0.0931385842525186,742,41,11,3,0.7857142857142857,0.0523627075351213,797,14,399,0.1428571428571428,0.25,14.232142857142858,0.1428571428571428,0.0833333333333333,4.744047619047619,0.1428571428571428,0.05,2.8464285714285715,0.2142857142857142,0.0375,2.1348214285714286,0.2857142857142857,0.025,1.4232142857142858,baseline
pooled,42,0,lightgbm_balanced,0.6572865931440474,0.0519069929978286,0.0012415119999786,inner_f1,0.1686407090613585,0.6708629812078087,0.0539321414140713,0.1974871738658012,0.1666666666666666,0.2,0.1428571428571428,0.1565424553789232,775,8,12,2,0.8571428571428571,0.0102171136653895,797,14,399,0.1428571428571428,0.25,14.232142857142858,0.1428571428571428,0.0833333333333333,4.744047619047619,0.1428571428571428,0.05,2.8464285714285715,0.2142857142857142,0.0375,2.1348214285714286,0.2857142857142857,0.025,1.4232142857142858,baseline
pooled,42,1,dummy_prior,0.5,0.0002622730025905,0.0001390699981129,fixed_0.5,0.0162907268170426,0.5,0.016028915263365,0.0833325880483163,0.0,0.0,0.0,0.0,785,0,13,0,1.0,0.0,798,13,1,0.0,0.0,0.0,0.0,0.0,0.0,0.0,0.0,0.0,0.0,0.0,0.0,0.1538461538461538,0.0125,0.7673076923076924,baseline
pooled,42,1,dummy_prior,0.5,0.0002622730025905,0.0001390699981129,inner_f1,0.0162907268170426,0.5,0.016028915263365,0.0833325880483163,0.0,0.0,0.0,0.0,785,0,13,0,1.0,0.0,798,13,1,0.0,0.0,0.0,0.0,0.0,0.0,0.0,0.0,0.0,0.0,0.0,0.0,0.1538461538461538,0.0125,0.7673076923076924,baseline
pooled,42,1,logistic,0.8991321277088847,0.0116949260009278,0.0004669590016419,fixed_0.5,0.2046743393066875,0.7355707986281235,0.014417792877745,0.0746490137222557,0.2666666666666666,1.0,0.1538461538461538,0.389512694475193,785,0,11,2,0.8461538461538461,0.0,798,13,400,0.1538461538461538,0.25,15.346153846153848,0.2307692307692307,0.125,7.673076923076923,0.3846153846153846,0.125,7.673076923076923,0.3846153846153846,0.0625,3.8365384615384617,0.5384615384615384,0.04375,2.685576923076923,baseline
pooled,42,1,logistic,0.8991321277088847,0.0116949260009278,0.0004669590016419,inner_f1,0.2046743393066875,0.7355707986281235,0.014417792877745,0.0746490137222557,0.2666666666666666,1.0,0.1538461538461538,0.389512694475193,785,0,11,2,0.8461538461538461,0.0,798,13,400,0.1538461538461538,0.25,15.346153846153848,0.2307692307692307,0.125,7.673076923076923,0.3846153846153846,0.125,7.673076923076923,0.3846153846153846,0.0625,3.8365384615384617,0.5384615384615384,0.04375,2.685576923076923,baseline
pooled,42,1,logistic_balanced,0.966117604742894,0.0213949809985933,0.0005641050011035,fixed_0.5,0.1890209789622002,0.7424301812836845,0.177216094431688,0.5360583227049328,0.0595744680851063,0.0315315315315315,0.5384615384615384,0.0747428288138863,570,215,6,7,0.4615384615384615,0.2738853503184713,798,13,401,0.1538461538461538,0.25,15.346153846153848,0.1538461538461538,0.0833333333333333,5.115384615384615,0.2307692307692307,0.075,4.603846153846154,0.3076923076923077,0.05,3.069230769230769,0.3846153846153846,0.03125,1.9182692307692308,baseline
pooled,42,1,logistic_balanced,0.966117604742894,0.0213949809985933,0.0005641050011035,inner_f1,0.1890209789622002,0.7424301812836845,0.177216094431688,0.5360583227049328,0.1481481481481481,0.1428571428571428,0.1538461538461538,0.1336044291447187,773,12,11,2,0.8461538461538461,0.0152866242038216,798,13,401,0.1538461538461538,0.25,15.346153846153848,0.1538461538461538,0.0833333333333333,5.115384615384615,0.2307692307692307,0.075,4.603846153846154,0.3076923076923077,0.05,3.069230769230769,0.3846153846153846,0.03125,1.9182692307692308,baseline
pooled,42,1,xgboost,0.092488594353199,0.0566328490021987,0.0013666589984495,fixed_0.5,0.1996984155952045,0.7471337579617835,0.0153777629775521,0.0739163284792996,0.0,0.0,0.0,0.0,785,0,13,0,1.0,0.0,798,13,399,0.1538461538461538,0.25,15.346153846153848,0.2307692307692307,0.125,7.673076923076923,0.3076923076923077,0.1,6.138461538461539,0.3076923076923077,0.05,3.069230769230769,0.4615384615384615,0.0375,2.301923076923077,baseline
pooled,42,1,xgboost,0.092488594353199,0.0566328490021987,0.0013666589984495,inner_f1,0.1996984155952045,0.7471337579617835,0.0153777629775521,0.0739163284792996,0.1481481481481481,0.1428571428571428,0.1538461538461538,0.1336044291447187,773,12,11,2,0.8461538461538461,0.0152866242038216,798,13,399,0.1538461538461538,0.25,15.346153846153848,0.2307692307692307,0.125,7.673076923076923,0.3076923076923077,0.1,6.138461538461539,0.3076923076923077,0.05,3.069230769230769,0.4615384615384615,0.0375,2.301923076923077,baseline
pooled,42,1,xgboost_balanced,0.7557185888290405,0.0535693059973709,0.0011989470003754,fixed_0.5,0.1257976365152888,0.806124448799608,0.0527421400693903,0.1891177674322687,0.1587301587301587,0.1,0.3846153846153846,0.1709637995630358,740,45,8,5,0.6153846153846154,0.0573248407643312,798,13,399,0.2307692307692307,0.375,23.01923076923077,0.2307692307692307,0.125,7.673076923076923,0.3846153846153846,0.125,7.673076923076923,0.3846153846153846,0.0625,3.8365384615384617,0.4615384615384615,0.0375,2.301923076923077,baseline
pooled,42,1,xgboost_balanced,0.7557185888290405,0.0535693059973709,0.0011989470003754,inner_f1,0.1257976365152888,0.806124448799608,0.0527421400693903,0.1891177674322687,0.24,0.25,0.2307692307692307,0.2281138643012583,776,9,10,3,0.7692307692307693,0.0114649681528662,798,13,399,0.2307692307692307,0.375,23.01923076923077,0.2307692307692307,0.125,7.673076923076923,0.3846153846153846,0.125,7.673076923076923,0.3846153846153846,0.0625,3.8365384615384617,0.4615384615384615,0.0375,2.301923076923077,baseline
pooled,42,1,extratrees,0.4545726495726495,0.9653421089969924,0.054896177000046,fixed_0.5,0.2101015047826129,0.8043606075453209,0.0140894024992195,0.0681636545916602,0.2666666666666666,1.0,0.1538461538461538,0.389512694475193,785,0,11,2,0.8461538461538461,0.0,798,13,322,0.1538461538461538,0.25,15.346153846153848,0.3076923076923077,0.1666666666666666,10.23076923076923,0.3076923076923077,0.1,6.138461538461539,0.3846153846153846,0.0625,3.8365384615384617,0.5384615384615384,0.04375,2.685576923076923,baseline
pooled,42,1,extratrees,0.4545726495726495,0.9653421089969924,0.054896177000046,inner_f1,0.2101015047826129,0.8043606075453209,0.0140894024992195,0.0681636545916602,0.2666666666666666,1.0,0.1538461538461538,0.389512694475193,785,0,11,2,0.8461538461538461,0.0,798,13,322,0.1538461538461538,0.25,15.346153846153848,0.3076923076923077,0.1666666666666666,10.23076923076923,0.3076923076923077,0.1,6.138461538461539,0.3846153846153846,0.0625,3.8365384615384617,0.5384615384615384,0.04375,2.685576923076923,baseline
pooled,42,1,extratrees_balanced,0.6464677420740133,1.0521777590001875,0.0544998059995123,fixed_0.5,0.106557387006017,0.788486036256737,0.0433489973046552,0.1614945718748066,0.1463414634146341,0.1071428571428571,0.2307692307692307,0.1368564136799834,760,25,10,3,0.7692307692307693,0.0318471337579617,798,13,266,0.1538461538461538,0.25,15.346153846153848,0.2307692307692307,0.125,7.673076923076923,0.2307692307692307,0.075,4.603846153846154,0.4615384615384615,0.075,4.603846153846154,0.5384615384615384,0.04375,2.685576923076923,baseline
pooled,42,1,extratrees_balanced,0.6464677420740133,1.0521777590001875,0.0544998059995123,inner_f1,0.106557387006017,0.788486036256737,0.0433489973046552,0.1614945718748066,0.16,0.1666666666666666,0.1538461538461538,0.1467756767622037,775,10,11,2,0.8461538461538461,0.0127388535031847,798,13,266,0.1538461538461538,0.25,15.346153846153848,0.2307692307692307,0.125,7.673076923076923,0.2307692307692307,0.075,4.603846153846154,0.4615384615384615,0.075,4.603846153846154,0.5384615384615384,0.04375,2.685576923076923,baseline
pooled,42,1,catboost,0.6281294321754454,0.1627367250002862,0.0009590670015313,fixed_0.5,0.2194892138951734,0.7878980891719745,0.0135854638460589,0.0683246342098212,0.2666666666666666,1.0,0.1538461538461538,0.389512694475193,785,0,11,2,0.8461538461538461,0.0,798,13,399,0.1538461538461538,0.25,15.346153846153848,0.3076923076923077,0.1666666666666666,10.23076923076923,0.3076923076923077,0.1,6.138461538461539,0.5384615384615384,0.0875,5.371153846153846,0.6153846153846154,0.05,3.069230769230769,baseline
pooled,42,1,catboost,0.6281294321754454,0.1627367250002862,0.0009590670015313,inner_f1,0.2194892138951734,0.7878980891719745,0.0135854638460589,0.0683246342098212,0.2666666666666666,1.0,0.1538461538461538,0.389512694475193,785,0,11,2,0.8461538461538461,0.0,798,13,399,0.1538461538461538,0.25,15.346153846153848,0.3076923076923077,0.1666666666666666,10.23076923076923,0.3076923076923077,0.1,6.138461538461539,0.5384615384615384,0.0875,5.371153846153846,0.6153846153846154,0.05,3.069230769230769,baseline
pooled,42,1,catboost_balanced,0.7328696301640825,0.160959136999736,0.0015184820003923,fixed_0.5,0.1382613537606659,0.7588926996570309,0.0634708028723914,0.2330330591890052,0.1403508771929824,0.0909090909090909,0.3076923076923077,0.1423910772355848,745,40,9,4,0.6923076923076923,0.0509554140127388,798,13,399,0.1538461538461538,0.25,15.346153846153848,0.2307692307692307,0.125,7.673076923076923,0.3076923076923077,0.1,6.138461538461539,0.3846153846153846,0.0625,3.8365384615384617,0.4615384615384615,0.0375,2.301923076923077,baseline
pooled,42,1,catboost_balanced,0.7328696301640825,0.160959136999736,0.0015184820003923,inner_f1,0.1382613537606659,0.7588926996570309,0.0634708028723914,0.2330330591890052,0.2352941176470588,0.5,0.1538461538461538,0.2712067813581024,783,2,11,2,0.8461538461538461,0.0025477707006369,798,13,399,0.1538461538461538,0.25,15.346153846153848,0.2307692307692307,0.125,7.673076923076923,0.3076923076923077,0.1,6.138461538461539,0.3846153846153846,0.0625,3.8365384615384617,0.4615384615384615,0.0375,2.301923076923077,baseline
pooled,42,1,lightgbm,0.2373629681168205,0.0566733349987771,0.0012337269981799,fixed_0.5,0.2418355869845505,0.8190592846643803,0.0149789198421589,0.0696293404460643,0.0,0.0,0.0,0.0,785,0,13,0,1.0,0.0,798,13,399,0.2307692307692307,0.375,23.01923076923077,0.3076923076923077,0.1666666666666666,10.23076923076923,0.3076923076923077,0.1,6.138461538461539,0.3076923076923077,0.05,3.069230769230769,0.6153846153846154,0.05,3.069230769230769,baseline
pooled,42,1,lightgbm,0.2373629681168205,0.0566733349987771,0.0012337269981799,inner_f1,0.2418355869845505,0.8190592846643803,0.0149789198421589,0.0696293404460643,0.0,0.0,0.0,0.0,785,0,13,0,1.0,0.0,798,13,399,0.2307692307692307,0.375,23.01923076923077,0.3076923076923077,0.1666666666666666,10.23076923076923,0.3076923076923077,0.1,6.138461538461539,0.3076923076923077,0.05,3.069230769230769,0.6153846153846154,0.05,3.069230769230769,baseline
pooled,42,1,lightgbm_balanced,0.8093104209490029,0.0566916110001329,0.0010746860025392,fixed_0.5,0.1489450316575049,0.7976972072513473,0.0553618413837205,0.1988615521364514,0.144927536231884,0.0892857142857142,0.3846153846153846,0.1584095958790377,734,51,8,5,0.6153846153846154,0.064968152866242,798,13,399,0.2307692307692307,0.375,23.01923076923077,0.2307692307692307,0.125,7.673076923076923,0.3076923076923077,0.1,6.138461538461539,0.4615384615384615,0.075,4.603846153846154,0.5384615384615384,0.04375,2.685576923076923,baseline
pooled,42,1,lightgbm_balanced,0.8093104209490029,0.0566916110001329,0.0010746860025392,inner_f1,0.1489450316575049,0.7976972072513473,0.0553618413837205,0.1988615521364514,0.2352941176470588,0.5,0.1538461538461538,0.2712067813581024,783,2,11,2,0.8461538461538461,0.0025477707006369,798,13,399,0.2307692307692307,0.375,23.01923076923077,0.2307692307692307,0.125,7.673076923076923,0.3076923076923077,0.1,6.138461538461539,0.4615384615384615,0.075,4.603846153846154,0.5384615384615384,0.04375,2.685576923076923,baseline
pooled,42,2,dummy_prior,0.5,0.0002589920004538,8.832200182951055e-05,fixed_0.5,0.018796992481203,0.5,0.0184471590627397,0.0934209221075772,0.0,0.0,0.0,0.0,783,0,15,0,1.0,0.0,798,15,1,0.0,0.0,0.0,0.0,0.0,0.0,0.0666666666666666,0.025,1.33,0.0666666666666666,0.0125,0.665,0.0666666666666666,0.00625,0.3325,baseline
pooled,42,2,dummy_prior,0.5,0.0002589920004538,8.832200182951055e-05,inner_f1,0.018796992481203,0.5,0.0184471590627397,0.0934209221075772,0.0,0.0,0.0,0.0,783,0,15,0,1.0,0.0,798,15,1,0.0,0.0,0.0,0.0,0.0,0.0,0.0666666666666666,0.025,1.33,0.0666666666666666,0.0125,0.665,0.0666666666666666,0.00625,0.3325,baseline
pooled,42,2,logistic,0.8186521261753618,0.0119060859979072,0.0005351599975256,fixed_0.5,0.1864365017999841,0.7126862494678586,0.0161879801966398,0.0844961123550771,0.2352941176470588,1.0,0.1333333333333333,0.362154357828913,783,0,13,2,0.8666666666666667,0.0,798,15,400,0.1333333333333333,0.25,13.3,0.2666666666666666,0.1666666666666666,8.866666666666667,0.2666666666666666,0.1,5.32,0.3333333333333333,0.0625,3.325,0.3333333333333333,0.03125,1.6625,baseline
pooled,42,2,logistic,0.8186521261753618,0.0119060859979072,0.0005351599975256,inner_f1,0.1864365017999841,0.7126862494678586,0.0161879801966398,0.0844961123550771,0.2352941176470588,1.0,0.1333333333333333,0.362154357828913,783,0,13,2,0.8666666666666667,0.0,798,15,400,0.1333333333333333,0.25,13.3,0.2666666666666666,0.1666666666666666,8.866666666666667,0.2666666666666666,0.1,5.32,0.3333333333333333,0.0625,3.325,0.3333333333333333,0.03125,1.6625,baseline
pooled,42,2,logistic_balanced,0.9980715128666956,0.0176980319993163,0.000483906998852,fixed_0.5,0.1822982937208007,0.7525329927628779,0.1641827415675982,0.521466420690898,0.0780487804878048,0.0421052631578947,0.5333333333333333,0.0959425913914767,601,182,7,8,0.4666666666666667,0.2324393358876117,798,15,400,0.1333333333333333,0.25,13.3,0.1333333333333333,0.0833333333333333,4.433333333333334,0.2666666666666666,0.1,5.32,0.3333333333333333,0.0625,3.325,0.5333333333333333,0.05,2.66,baseline
pooled,42,2,logistic_balanced,0.9980715128666956,0.0176980319993163,0.000483906998852,inner_f1,0.1822982937208007,0.7525329927628779,0.1641827415675982,0.521466420690898,0.2352941176470588,1.0,0.1333333333333333,0.362154357828913,783,0,13,2,0.8666666666666667,0.0,798,15,400,0.1333333333333333,0.25,13.3,0.1333333333333333,0.0833333333333333,4.433333333333334,0.2666666666666666,0.1,5.32,0.3333333333333333,0.0625,3.325,0.5333333333333333,0.05,2.66,baseline
pooled,42,2,xgboost,0.0848454535007476,0.0558396910018927,0.0010285739990649,fixed_0.5,0.2412973066923764,0.7312473392933163,0.0171847411280044,0.0825052254710982,0.0,0.0,0.0,0.0,783,0,15,0,1.0,0.0,798,15,399,0.2,0.375,19.950000000000003,0.3333333333333333,0.2083333333333333,11.083333333333334,0.4,0.15,7.98,0.4666666666666667,0.0875,4.655,0.4666666666666667,0.04375,2.3275,baseline
pooled,42,2,xgboost,0.0848454535007476,0.0558396910018927,0.0010285739990649,inner_f1,0.2412973066923764,0.7312473392933163,0.0171847411280044,0.0825052254710982,0.2580645161290322,0.25,0.2666666666666666,0.2435154243241359,771,12,11,4,0.7333333333333333,0.0153256704980842,798,15,399,0.2,0.375,19.950000000000003,0.3333333333333333,0.2083333333333333,11.083333333333334,0.4,0.15,7.98,0.4666666666666667,0.0875,4.655,0.4666666666666667,0.04375,2.3275,baseline
pooled,42,2,xgboost_balanced,0.8912214636802673,0.050979407998966,0.0010271179999108,fixed_0.5,0.2179322210976313,0.7615581098339719,0.0503440645496051,0.1777036579549716,0.1846153846153846,0.12,0.4,0.1926655217682144,739,44,9,6,0.6,0.0561941251596424,798,15,399,0.2,0.375,19.950000000000003,0.2,0.125,6.65,0.2666666666666666,0.1,5.32,0.4,0.075,3.99,0.6,0.05625,2.9925,baseline
pooled,42,2,xgboost_balanced,0.8912214636802673,0.050979407998966,0.0010271179999108,inner_f1,0.2179322210976313,0.7615581098339719,0.0503440645496051,0.1777036579549716,0.2105263157894736,0.5,0.1333333333333333,0.2514921642421835,781,2,13,2,0.8666666666666667,0.0025542784163473,798,15,399,0.2,0.375,19.950000000000003,0.2,0.125,6.65,0.2666666666666666,0.1,5.32,0.4,0.075,3.99,0.6,0.05625,2.9925,baseline
pooled,42,2,extratrees,0.3973424828389367,0.9683266399988496,0.0545101620009518,fixed_0.5,0.208636598196392,0.7373776074925501,0.0159470081486874,0.0867019203963033,0.2352941176470588,1.0,0.1333333333333333,0.362154357828913,783,0,13,2,0.8666666666666667,0.0,798,15,305,0.1333333333333333,0.25,13.3,0.2666666666666666,0.1666666666666666,8.866666666666667,0.3333333333333333,0.125,6.65,0.4666666666666667,0.0875,4.655,0.5333333333333333,0.05,2.66,baseline
pooled,42,2,extratrees,0.3973424828389367,0.9683266399988496,0.0545101620009518,inner_f1,0.208636598196392,0.7373776074925501,0.0159470081486874,0.0867019203963033,0.2352941176470588,1.0,0.1333333333333333,0.362154357828913,783,0,13,2,0.8666666666666667,0.0,798,15,305,0.1333333333333333,0.25,13.3,0.2666666666666666,0.1666666666666666,8.866666666666667,0.3333333333333333,0.125,6.65,0.4666666666666667,0.0875,4.655,0.5333333333333333,0.05,2.66,baseline
pooled,42,2,extratrees_balanced,0.753394728501518,1.055610422998143,0.0549878169986186,fixed_0.5,0.2033134007300812,0.7382290336313324,0.0462656984401148,0.2480805282323799,0.1632653061224489,0.1176470588235294,0.2666666666666666,0.1535486933716934,753,30,11,4,0.7333333333333333,0.0383141762452107,798,15,249,0.1333333333333333,0.25,13.3,0.2666666666666666,0.1666666666666666,8.866666666666667,0.3333333333333333,0.125,6.65,0.4,0.075,3.99,0.5333333333333333,0.05,2.66,baseline
pooled,42,2,extratrees_balanced,0.753394728501518,1.055610422998143,0.0549878169986186,inner_f1,0.2033134007300812,0.7382290336313324,0.0462656984401148,0.2480805282323799,0.2105263157894736,0.5,0.1333333333333333,0.2514921642421835,781,2,13,2,0.8666666666666667,0.0025542784163473,798,15,249,0.1333333333333333,0.25,13.3,0.2666666666666666,0.1666666666666666,8.866666666666667,0.3333333333333333,0.125,6.65,0.4,0.075,3.99,0.5333333333333333,0.05,2.66,baseline
pooled,42,2,catboost,0.5009713809246759,0.1569250309985363,0.0011096890011685,fixed_0.5,0.2025465235453193,0.7058748403575991,0.0160547001803687,0.0813085225244411,0.2352941176470588,1.0,0.1333333333333333,0.362154357828913,783,0,13,2,0.8666666666666667,0.0,798,15,399,0.2,0.375,19.950000000000003,0.2,0.125,6.65,0.2666666666666666,0.1,5.32,0.3333333333333333,0.0625,3.325,0.4666666666666667,0.04375,2.3275,baseline
pooled,42,2,catboost,0.5009713809246759,0.1569250309985363,0.0011096890011685,inner_f1,0.2025465235453193,0.7058748403575991,0.0160547001803687,0.0813085225244411,0.2352941176470588,1.0,0.1333333333333333,0.362154357828913,783,0,13,2,0.8666666666666667,0.0,798,15,399,0.2,0.375,19.950000000000003,0.2,0.125,6.65,0.2666666666666666,0.1,5.32,0.3333333333333333,0.0625,3.325,0.4666666666666667,0.04375,2.3275,baseline
pooled,42,2,catboost_balanced,0.810059976701045,0.1588712740012852,0.0012320339992584,fixed_0.5,0.2180496709546713,0.7375478927203066,0.0593326731289362,0.2099341489659564,0.1739130434782608,0.1111111111111111,0.4,0.1831280709183756,735,48,9,6,0.6,0.0613026819923371,798,15,399,0.2,0.375,19.950000000000003,0.2,0.125,6.65,0.3333333333333333,0.125,6.65,0.4,0.075,3.99,0.5333333333333333,0.05,2.66,baseline
pooled,42,2,catboost_balanced,0.810059976701045,0.1588712740012852,0.0012320339992584,inner_f1,0.2180496709546713,0.7375478927203066,0.0593326731289362,0.2099341489659564,0.2352941176470588,1.0,0.1333333333333333,0.362154357828913,783,0,13,2,0.8666666666666667,0.0,798,15,399,0.2,0.375,19.950000000000003,0.2,0.125,6.65,0.3333333333333333,0.125,6.65,0.4,0.075,3.99,0.5333333333333333,0.05,2.66,baseline
pooled,42,2,lightgbm,0.0254147590494555,0.0517370490015309,0.0015342580009019,fixed_0.5,0.2685817993510202,0.7208599404001704,0.0167695752116201,0.0834701606564709,0.0,0.0,0.0,0.0,783,0,15,0,1.0,0.0,798,15,399,0.2666666666666666,0.5,26.6,0.3333333333333333,0.2083333333333333,11.083333333333334,0.3333333333333333,0.125,6.65,0.4666666666666667,0.0875,4.655,0.5333333333333333,0.05,2.66,baseline
pooled,42,2,lightgbm,0.0254147590494555,0.0517370490015309,0.0015342580009019,inner_f1,0.2685817993510202,0.7208599404001704,0.0167695752116201,0.0834701606564709,0.1102362204724409,0.0625,0.4666666666666667,0.1300273343211129,678,105,8,7,0.5333333333333333,0.1340996168582375,798,15,399,0.2666666666666666,0.5,26.6,0.3333333333333333,0.2083333333333333,11.083333333333334,0.3333333333333333,0.125,6.65,0.4666666666666667,0.0875,4.655,0.5333333333333333,0.05,2.66,baseline
pooled,42,2,lightgbm_balanced,0.8683956980585071,0.0506449210006394,0.0010538739988987,fixed_0.5,0.1999333648222639,0.749467858663261,0.053995348873191,0.1924240115878564,0.1538461538461538,0.1,0.3333333333333333,0.1545904632315539,738,45,10,5,0.6666666666666666,0.057471264367816,798,15,399,0.2,0.375,19.950000000000003,0.3333333333333333,0.2083333333333333,11.083333333333334,0.3333333333333333,0.125,6.65,0.4666666666666667,0.0875,4.655,0.6,0.05625,2.9925,baseline
pooled,42,2,lightgbm_balanced,0.8683956980585071,0.0506449210006394,0.0010538739988987,inner_f1,0.1999333648222639,0.749467858663261,0.053995348873191,0.1924240115878564,0.2608695652173913,0.375,0.2,0.2639401205115941,778,5,12,3,0.8,0.0063856960408684,798,15,399,0.2,0.375,19.950000000000003,0.3333333333333333,0.2083333333333333,11.083333333333334,0.3333333333333333,0.125,6.65,0.4666666666666667,0.0875,4.655,0.6,0.05625,2.9925,baseline
pooled,1729,0,dummy_prior,0.5,0.000256213999819,8.176499977707863e-05,fixed_0.5,0.0125470514429109,0.5,0.0124459190605041,0.0690526777113424,0.0,0.0,0.0,0.0,787,0,10,0,1.0,0.0,797,10,1,0.0,0.0,0.0,0.0,0.0,0.0,0.0,0.0,0.0,0.0,0.0,0.0,0.1,0.00625,0.498125,baseline
pooled,1729,0,dummy_prior,0.5,0.000256213999819,8.176499977707863e-05,inner_f1,0.0125470514429109,0.5,0.0124459190605041,0.0690526777113424,0.0,0.0,0.0,0.0,787,0,10,0,1.0,0.0,797,10,1,0.0,0.0,0.0,0.0,0.0,0.0,0.0,0.0,0.0,0.0,0.0,0.0,0.1,0.00625,0.498125,baseline
pooled,1729,0,logistic,0.8385501839322458,0.0116982990002725,0.0005804499996884,fixed_0.5,0.2435694293355815,0.6476493011435832,0.0102902486091229,0.0625241967655939,0.3333333333333333,1.0,0.2,0.4449577748322281,787,0,8,2,0.8,0.0,797,10,399,0.2,0.25,19.925,0.3,0.125,9.9625,0.3,0.075,5.9775,0.3,0.0375,2.98875,0.3,0.01875,1.494375,baseline
pooled,1729,0,logistic,0.8385501839322458,0.0116982990002725,0.0005804499996884,inner_f1,0.2435694293355815,0.6476493011435832,0.0102902486091229,0.0625241967655939,0.3333333333333333,1.0,0.2,0.4449577748322281,787,0,8,2,0.8,0.0,797,10,399,0.2,0.25,19.925,0.3,0.125,9.9625,0.3,0.075,5.9775,0.3,0.0375,2.98875,0.3,0.01875,1.494375,baseline
pooled,1729,0,logistic_balanced,0.8803793480493634,0.0201164659993082,0.0007074280001688,fixed_0.5,0.223100792626968,0.6853875476493012,0.1494849480703822,0.4478802854304755,0.0518134715025906,0.0273224043715847,0.5,0.0724686511428492,609,178,5,5,0.5,0.2261753494282083,797,10,400,0.2,0.25,19.925,0.2,0.0833333333333333,6.641666666666666,0.2,0.05,3.985,0.3,0.0375,2.98875,0.5,0.03125,2.490625,baseline
pooled,1729,0,logistic_balanced,0.8803793480493634,0.0201164659993082,0.0007074280001688,inner_f1,0.223100792626968,0.6853875476493012,0.1494849480703822,0.4478802854304755,0.1428571428571428,0.1111111111111111,0.2,0.1346037198083881,771,16,8,2,0.8,0.0203303684879288,797,10,400,0.2,0.25,19.925,0.2,0.0833333333333333,6.641666666666666,0.2,0.05,3.985,0.3,0.0375,2.98875,0.5,0.03125,2.490625,baseline
pooled,1729,0,xgboost,0.0636215433478355,0.0601809549989411,0.0009660519972385,fixed_0.5,0.2212743233568887,0.6500635324015247,0.0119926498168077,0.0648917060685707,0.0,0.0,0.0,0.0,787,0,10,0,1.0,0.0,797,10,399,0.2,0.25,19.925,0.2,0.0833333333333333,6.641666666666666,0.2,0.05,3.985,0.3,0.0375,2.98875,0.5,0.03125,2.490625,baseline
pooled,1729,0,xgboost,0.0636215433478355,0.0601809549989411,0.0009660519972385,inner_f1,0.2212743233568887,0.6500635324015247,0.0119926498168077,0.0648917060685707,0.0888888888888888,0.0571428571428571,0.2,0.0858660542184467,754,33,8,2,0.8,0.0419313850063532,797,10,399,0.2,0.25,19.925,0.2,0.0833333333333333,6.641666666666666,0.2,0.05,3.985,0.3,0.0375,2.98875,0.5,0.03125,2.490625,baseline
pooled,1729,0,xgboost_balanced,0.6897432804107666,0.0565288319994579,0.0008675929966557,fixed_0.5,0.0864255509886702,0.6348157560355783,0.0391670494893856,0.1514390480952144,0.0909090909090909,0.0588235294117647,0.2,0.0877623902245924,755,32,8,2,0.8,0.0406607369758576,797,10,399,0.2,0.25,19.925,0.2,0.0833333333333333,6.641666666666666,0.2,0.05,3.985,0.3,0.0375,2.98875,0.5,0.03125,2.490625,baseline
pooled,1729,0,xgboost_balanced,0.6897432804107666,0.0565288319994579,0.0008675929966557,inner_f1,0.0864255509886702,0.6348157560355783,0.0391670494893856,0.1514390480952144,0.2,0.2,0.2,0.1898348157560355,779,8,8,2,0.8,0.0101651842439644,797,10,399,0.2,0.25,19.925,0.2,0.0833333333333333,6.641666666666666,0.2,0.05,3.985,0.3,0.0375,2.98875,0.5,0.03125,2.490625,baseline
pooled,1729,0,extratrees,0.3738378164463503,0.973356671001966,0.0556722860019363,fixed_0.5,0.224457623538662,0.7224904701397713,0.0113912300599774,0.0615465045398814,0.2857142857142857,0.5,0.2,0.3110262605949915,785,2,8,2,0.8,0.0025412960609911,797,10,327,0.2,0.25,19.925,0.2,0.0833333333333333,6.641666666666666,0.2,0.05,3.985,0.4,0.05,3.985,0.5,0.03125,2.490625,baseline
pooled,1729,0,extratrees,0.3738378164463503,0.973356671001966,0.0556722860019363,inner_f1,0.224457623538662,0.7224904701397713,0.0113912300599774,0.0615465045398814,0.2857142857142857,0.5,0.2,0.3110262605949915,785,2,8,2,0.8,0.0025412960609911,797,10,327,0.2,0.25,19.925,0.2,0.0833333333333333,6.641666666666666,0.2,0.05,3.985,0.4,0.05,3.985,0.5,0.03125,2.490625,baseline
pooled,1729,0,extratrees_balanced,0.3212772115413536,1.0617438840017712,0.0548640929991961,fixed_0.5,0.2783810616577193,0.7715374841168996,0.0387198821005537,0.153357944087838,0.2,0.1333333333333333,0.4,0.2146107703098616,761,26,6,4,0.6,0.0330368487928843,797,10,282,0.3,0.375,29.8875,0.4,0.1666666666666666,13.283333333333331,0.4,0.1,7.970000000000001,0.4,0.05,3.985,0.5,0.03125,2.490625,baseline
pooled,1729,0,extratrees_balanced,0.3212772115413536,1.0617438840017712,0.0548640929991961,inner_f1,0.2783810616577193,0.7715374841168996,0.0387198821005537,0.153357944087838,0.0898876404494382,0.050632911392405,0.4,0.1134974344959691,712,75,6,4,0.6,0.0952986022871664,797,10,282,0.3,0.375,29.8875,0.4,0.1666666666666666,13.283333333333331,0.4,0.1,7.970000000000001,0.4,0.05,3.985,0.5,0.03125,2.490625,baseline
pooled,1729,0,catboost,0.6829047796714529,0.1562542749998101,0.0010326919982617,fixed_0.5,0.2272760063482991,0.6716645489199492,0.0101115522000131,0.0576017366530147,0.3333333333333333,1.0,0.2,0.4449577748322281,787,0,8,2,0.8,0.0,797,10,399,0.2,0.25,19.925,0.2,0.0833333333333333,6.641666666666666,0.2,0.05,3.985,0.4,0.05,3.985,0.5,0.03125,2.490625,baseline
pooled,1729,0,catboost,0.6829047796714529,0.1562542749998101,0.0010326919982617,inner_f1,0.2272760063482991,0.6716645489199492,0.0101115522000131,0.0576017366530147,0.3333333333333333,1.0,0.2,0.4449577748322281,787,0,8,2,0.8,0.0,797,10,399,0.2,0.25,19.925,0.2,0.0833333333333333,6.641666666666666,0.2,0.05,3.985,0.4,0.05,3.985,0.5,0.03125,2.490625,baseline
pooled,1729,0,catboost_balanced,0.3112165189087364,0.1603121160005685,0.0013469279983837,fixed_0.5,0.2236881186026792,0.6829733163913596,0.0597241440144478,0.2161746082073506,0.08,0.0461538461538461,0.3,0.0899703036211106,725,62,7,3,0.7,0.0787801778907242,797,10,399,0.2,0.25,19.925,0.2,0.0833333333333333,6.641666666666666,0.2,0.05,3.985,0.3,0.0375,2.98875,0.5,0.03125,2.490625,baseline
pooled,1729,0,catboost_balanced,0.3112165189087364,0.1603121160005685,0.0013469279983837,inner_f1,0.2236881186026792,0.6829733163913596,0.0597241440144478,0.2161746082073506,0.072992700729927,0.0393700787401574,0.5,0.1049163578938353,665,122,5,5,0.5,0.1550190597204574,797,10,399,0.2,0.25,19.925,0.2,0.0833333333333333,6.641666666666666,0.2,0.05,3.985,0.3,0.0375,2.98875,0.5,0.03125,2.490625,baseline
pooled,1729,0,lightgbm,0.2814596208132529,0.0536639609999838,0.0011919059979845,fixed_0.5,0.2226905437825738,0.6602287166454892,0.0118167909401232,0.0641447991952729,0.0,0.0,0.0,0.0,787,0,10,0,1.0,0.0,797,10,399,0.2,0.25,19.925,0.2,0.0833333333333333,6.641666666666666,0.2,0.05,3.985,0.4,0.05,3.985,0.5,0.03125,2.490625,baseline
pooled,1729,0,lightgbm,0.2814596208132529,0.0536639609999838,0.0011919059979845,inner_f1,0.2226905437825738,0.6602287166454892,0.0118167909401232,0.0641447991952729,0.0,0.0,0.0,0.0,787,0,10,0,1.0,0.0,797,10,399,0.2,0.25,19.925,0.2,0.0833333333333333,6.641666666666666,0.2,0.05,3.985,0.4,0.05,3.985,0.5,0.03125,2.490625,baseline
pooled,1729,0,lightgbm_balanced,0.3718570955946298,0.0494295250027789,0.0011301680024189,fixed_0.5,0.0722442696912714,0.647141041931385,0.0458127694987204,0.1716026568283489,0.0833333333333333,0.0526315789473684,0.2,0.0805783990179478,751,36,8,2,0.8,0.0457433290978398,797,10,399,0.2,0.25,19.925,0.2,0.0833333333333333,6.641666666666666,0.2,0.05,3.985,0.3,0.0375,2.98875,0.4,0.025,1.9925,baseline
pooled,1729,0,lightgbm_balanced,0.3718570955946298,0.0494295250027789,0.0011301680024189,inner_f1,0.0722442696912714,0.647141041931385,0.0458127694987204,0.1716026568283489,0.0705882352941176,0.04,0.3,0.0794917365230815,715,72,7,3,0.7,0.0914866581956797,797,10,399,0.2,0.25,19.925,0.2,0.0833333333333333,6.641666666666666,0.2,0.05,3.985,0.3,0.0375,2.98875,0.4,0.025,1.9925,baseline
pooled,1729,1,dummy_prior,0.5,0.00023803500153,8.084599903668277e-05,fixed_0.5,0.0200501253132832,0.5,0.0196621741754273,0.0986427254375223,0.0,0.0,0.0,0.0,782,0,16,0,1.0,0.0,798,16,1,0.0,0.0,0.0,0.0,0.0,0.0,0.0625,0.025,1.2468750000000002,0.125,0.025,1.2468750000000002,0.3125,0.03125,1.55859375,baseline
pooled,1729,1,dummy_prior,0.5,0.00023803500153,8.084599903668277e-05,inner_f1,0.0200501253132832,0.5,0.0196621741754273,0.0986427254375223,0.0,0.0,0.0,0.0,782,0,16,0,1.0,0.0,798,16,1,0.0,0.0,0.0,0.0,0.0,0.0,0.0625,0.025,1.2468750000000002,0.125,0.025,1.2468750000000002,0.3125,0.03125,1.55859375,baseline
pooled,1729,1,logistic,0.778770129753793,0.011293294999632,0.0006112579976615,fixed_0.5,0.2009350197978181,0.7407289002557544,0.0173174221951164,0.0865547562223307,0.2222222222222222,1.0,0.125,0.3504304603451139,782,0,14,2,0.875,0.0,798,16,399,0.125,0.25,12.46875,0.25,0.1666666666666666,8.3125,0.375,0.15,7.48125,0.375,0.075,3.740625,0.5625,0.05625,2.80546875,baseline
pooled,1729,1,logistic,0.778770129753793,0.011293294999632,0.0006112579976615,inner_f1,0.2009350197978181,0.7407289002557544,0.0173174221951164,0.0865547562223307,0.2222222222222222,1.0,0.125,0.3504304603451139,782,0,14,2,0.875,0.0,798,16,399,0.125,0.25,12.46875,0.25,0.1666666666666666,8.3125,0.375,0.15,7.48125,0.375,0.075,3.740625,0.5625,0.05625,2.80546875,baseline
pooled,1729,1,logistic_balanced,0.9719049291344978,0.0188088180002523,0.0006382760002452,fixed_0.5,0.1978682850198349,0.7236253196930946,0.1662846344771203,0.4921011632453866,0.0648148148148148,0.035,0.4375,0.0616795904919903,589,193,9,7,0.5625,0.2468030690537084,798,16,400,0.1875,0.375,18.703125,0.25,0.1666666666666666,8.3125,0.3125,0.125,6.234375,0.375,0.075,3.740625,0.4375,0.04375,2.18203125,baseline
pooled,1729,1,logistic_balanced,0.9719049291344978,0.0188088180002523,0.0006382760002452,inner_f1,0.1978682850198349,0.7236253196930946,0.1662846344771203,0.4921011632453866,0.2,0.5,0.125,0.2430273495769318,780,2,14,2,0.875,0.0025575447570332,798,16,400,0.1875,0.375,18.703125,0.25,0.1666666666666666,8.3125,0.3125,0.125,6.234375,0.375,0.075,3.740625,0.4375,0.04375,2.18203125,baseline
pooled,1729,1,xgboost,0.0733759924769401,0.0571222590006073,0.0012652639998123,fixed_0.5,0.1039555008860968,0.7322570332480819,0.0190664231469404,0.0895906913533414,0.0,0.0,0.0,0.0,782,0,16,0,1.0,0.0,798,16,399,0.1875,0.375,18.703125,0.25,0.1666666666666666,8.3125,0.25,0.1,4.987500000000001,0.375,0.075,3.740625,0.5,0.05,2.4937500000000004,baseline
pooled,1729,1,xgboost,0.0733759924769401,0.0571222590006073,0.0012652639998123,inner_f1,0.1039555008860968,0.7322570332480819,0.0190664231469404,0.0895906913533414,0.2142857142857142,0.25,0.1875,0.2026992075065061,773,9,13,3,0.8125,0.0115089514066496,798,16,399,0.1875,0.375,18.703125,0.25,0.1666666666666666,8.3125,0.25,0.1,4.987500000000001,0.375,0.075,3.740625,0.5,0.05,2.4937500000000004,baseline
pooled,1729,1,xgboost_balanced,0.9093772768974304,0.0535615119988506,0.0010591319987725,fixed_0.5,0.1038361034386757,0.7773337595907929,0.0471852758002005,0.1754207124361473,0.16,0.1176470588235294,0.25,0.1468819653972397,752,30,12,4,0.75,0.0383631713554987,798,16,399,0.125,0.25,12.46875,0.25,0.1666666666666666,8.3125,0.3125,0.125,6.234375,0.375,0.075,3.740625,0.625,0.0625,3.1171875,baseline
pooled,1729,1,xgboost_balanced,0.9093772768974304,0.0535615119988506,0.0010591319987725,inner_f1,0.1038361034386757,0.7773337595907929,0.0471852758002005,0.1754207124361473,0.0,0.0,0.0,0.0,782,0,16,0,1.0,0.0,798,16,399,0.125,0.25,12.46875,0.25,0.1666666666666666,8.3125,0.3125,0.125,6.234375,0.375,0.075,3.740625,0.625,0.0625,3.1171875,baseline
pooled,1729,1,extratrees,0.4380555555555556,0.9774857210031768,0.0547380230018461,fixed_0.5,0.1769162639212621,0.7810102301790282,0.0176234920281926,0.0832597500641796,0.2222222222222222,1.0,0.125,0.3504304603451139,782,0,14,2,0.875,0.0,798,16,299,0.125,0.25,12.46875,0.1875,0.125,6.234375,0.25,0.1,4.987500000000001,0.3125,0.0625,3.1171875,0.5,0.05,2.4937500000000004,baseline
pooled,1729,1,extratrees,0.4380555555555556,0.9774857210031768,0.0547380230018461,inner_f1,0.1769162639212621,0.7810102301790282,0.0176234920281926,0.0832597500641796,0.2222222222222222,1.0,0.125,0.3504304603451139,782,0,14,2,0.875,0.0,798,16,299,0.125,0.25,12.46875,0.1875,0.125,6.234375,0.25,0.1,4.987500000000001,0.3125,0.0625,3.1171875,0.5,0.05,2.4937500000000004,baseline
pooled,1729,1,extratrees_balanced,0.6157569998647187,1.0743277329966077,0.0551309809998201,fixed_0.5,0.1863493152827077,0.7782928388746803,0.0521721506919182,0.1921320037394754,0.1818181818181818,0.1428571428571428,0.25,0.1670691876498643,758,24,12,4,0.75,0.0306905370843989,798,16,274,0.125,0.25,12.46875,0.25,0.1666666666666666,8.3125,0.25,0.1,4.987500000000001,0.375,0.075,3.740625,0.5,0.05,2.4937500000000004,baseline
pooled,1729,1,extratrees_balanced,0.6157569998647187,1.0743277329966077,0.0551309809998201,inner_f1,0.1863493152827077,0.7782928388746803,0.0521721506919182,0.1921320037394754,0.1538461538461538,0.2,0.125,0.1446198688333338,774,8,14,2,0.875,0.0102301790281329,798,16,274,0.125,0.25,12.46875,0.25,0.1666666666666666,8.3125,0.25,0.1,4.987500000000001,0.375,0.075,3.740625,0.5,0.05,2.4937500000000004,baseline
pooled,1729,1,catboost,0.5420961497110751,0.1619482610003615,0.0009199660016747,fixed_0.5,0.197996790514199,0.7915601023017903,0.0172999690537413,0.0844058909592756,0.2222222222222222,1.0,0.125,0.3504304603451139,782,0,14,2,0.875,0.0,798,16,399,0.125,0.25,12.46875,0.1875,0.125,6.234375,0.3125,0.125,6.234375,0.4375,0.0875,4.3640625,0.4375,0.04375,2.18203125,baseline
pooled,1729,1,catboost,0.5420961497110751,0.1619482610003615,0.0009199660016747,inner_f1,0.197996790514199,0.7915601023017903,0.0172999690537413,0.0844058909592756,0.2222222222222222,1.0,0.125,0.3504304603451139,782,0,14,2,0.875,0.0,798,16,399,0.125,0.25,12.46875,0.1875,0.125,6.234375,0.3125,0.125,6.234375,0.4375,0.0875,4.3640625,0.4375,0.04375,2.18203125,baseline
pooled,1729,1,catboost_balanced,0.7440916991838593,0.1644786310025665,0.0010882870010391,fixed_0.5,0.1914645263670356,0.7659846547314578,0.0719253311788138,0.2490756579893561,0.1395348837209302,0.0857142857142857,0.375,0.1452617425007348,718,64,10,6,0.625,0.0818414322250639,798,16,399,0.125,0.25,12.46875,0.1875,0.125,6.234375,0.3125,0.125,6.234375,0.375,0.075,3.740625,0.5,0.05,2.4937500000000004,baseline
pooled,1729,1,catboost_balanced,0.7440916991838593,0.1644786310025665,0.0010882870010391,inner_f1,0.1914645263670356,0.7659846547314578,0.0719253311788138,0.2490756579893561,0.2222222222222222,1.0,0.125,0.3504304603451139,782,0,14,2,0.875,0.0,798,16,399,0.125,0.25,12.46875,0.1875,0.125,6.234375,0.3125,0.125,6.234375,0.375,0.075,3.740625,0.5,0.05,2.4937500000000004,baseline
pooled,1729,1,lightgbm,0.1598110508582299,0.0566316660006123,0.0012157169985584,fixed_0.5,0.1444411471158378,0.781809462915601,0.0190489601292339,0.0881946037764558,0.0,0.0,0.0,0.0,782,0,16,0,1.0,0.0,798,16,399,0.1875,0.375,18.703125,0.25,0.1666666666666666,8.3125,0.3125,0.125,6.234375,0.4375,0.0875,4.3640625,0.5,0.05,2.4937500000000004,baseline
pooled,1729,1,lightgbm,0.1598110508582299,0.0566316660006123,0.0012157169985584,inner_f1,0.1444411471158378,0.781809462915601,0.0190489601292339,0.0881946037764558,0.0,0.0,0.0,-0.0071699326924831,780,2,16,0,1.0,0.0025575447570332,798,16,399,0.1875,0.375,18.703125,0.25,0.1666666666666666,8.3125,0.3125,0.125,6.234375,0.4375,0.0875,4.3640625,0.5,0.05,2.4937500000000004,baseline
pooled,1729,1,lightgbm_balanced,0.8088119856207986,0.0532737639987317,0.001218028999574,fixed_0.5,0.1932533194432291,0.7725383631713556,0.0523689596545099,0.1935029351307673,0.1428571428571428,0.1,0.25,0.1310245581173455,746,36,12,4,0.75,0.0460358056265984,798,16,399,0.125,0.25,12.46875,0.25,0.1666666666666666,8.3125,0.25,0.1,4.987500000000001,0.375,0.075,3.740625,0.5,0.05,2.4937500000000004,baseline
pooled,1729,1,lightgbm_balanced,0.8088119856207986,0.0532737639987317,0.001218028999574,inner_f1,0.1932533194432291,0.7725383631713556,0.0523689596545099,0.1935029351307673,0.2,0.5,0.125,0.2430273495769318,780,2,14,2,0.875,0.0025575447570332,798,16,399,0.125,0.25,12.46875,0.25,0.1666666666666666,8.3125,0.25,0.1,4.987500000000001,0.375,0.075,3.740625,0.5,0.05,2.4937500000000004,baseline
pooled,1729,2,dummy_prior,0.5,0.0002627940011734,8.628399882582016e-05,fixed_0.5,0.0200501253132832,0.5,0.0196621741754273,0.0986427254375223,0.0,0.0,0.0,0.0,782,0,16,0,1.0,0.0,798,16,1,0.0,0.0,0.0,0.0,0.0,0.0,0.0,0.0,0.0,0.0,0.0,0.0,0.0,0.0,0.0,baseline
pooled,1729,2,dummy_prior,0.5,0.0002627940011734,8.628399882582016e-05,inner_f1,0.0200501253132832,0.5,0.0196621741754273,0.0986427254375223,0.0,0.0,0.0,0.0,782,0,16,0,1.0,0.0,798,16,1,0.0,0.0,0.0,0.0,0.0,0.0,0.0,0.0,0.0,0.0,0.0,0.0,0.0,0.0,0.0,baseline
pooled,1729,2,logistic,0.6398979411385751,0.0121269579976797,0.0005038449999119,fixed_0.5,0.1901011675731132,0.7850063938618926,0.0173623800592966,0.0836443330594242,0.2222222222222222,1.0,0.125,0.3504304603451139,782,0,14,2,0.875,0.0,798,16,399,0.125,0.25,12.46875,0.1875,0.125,6.234375,0.1875,0.075,3.740625,0.3125,0.0625,3.1171875,0.625,0.0625,3.1171875,baseline
pooled,1729,2,logistic,0.6398979411385751,0.0121269579976797,0.0005038449999119,inner_f1,0.1901011675731132,0.7850063938618926,0.0173623800592966,0.0836443330594242,0.2222222222222222,1.0,0.125,0.3504304603451139,782,0,14,2,0.875,0.0,798,16,399,0.125,0.25,12.46875,0.1875,0.125,6.234375,0.1875,0.075,3.740625,0.3125,0.0625,3.1171875,0.625,0.0625,3.1171875,baseline
pooled,1729,2,logistic_balanced,0.9927292781342262,0.0165999989985721,0.000595287001488,fixed_0.5,0.1898810796157513,0.7963554987212277,0.1844982615405885,0.5348550389819731,0.0967741935483871,0.0517241379310344,0.75,0.1446699681118179,562,220,4,12,0.25,0.2813299232736573,798,16,400,0.125,0.25,12.46875,0.1875,0.125,6.234375,0.1875,0.075,3.740625,0.4375,0.0875,4.3640625,0.75,0.075,3.740625,baseline
pooled,1729,2,logistic_balanced,0.9927292781342262,0.0165999989985721,0.000595287001488,inner_f1,0.1898810796157513,0.7963554987212277,0.1844982615405885,0.5348550389819731,0.0,0.0,0.0,0.0,782,0,16,0,1.0,0.0,798,16,400,0.125,0.25,12.46875,0.1875,0.125,6.234375,0.1875,0.075,3.740625,0.4375,0.0875,4.3640625,0.75,0.075,3.740625,baseline
pooled,1729,2,xgboost,0.0576728098094463,0.061367122001684,0.0013500599998224,fixed_0.5,0.0963701278507505,0.742007672634271,0.0190852954077747,0.0887067430547648,0.0,0.0,0.0,0.0,782,0,16,0,1.0,0.0,798,16,399,0.0625,0.125,6.234375,0.3125,0.2083333333333333,10.390625000000002,0.375,0.15,7.48125,0.375,0.075,3.740625,0.5625,0.05625,2.80546875,baseline
pooled,1729,2,xgboost,0.0576728098094463,0.061367122001684,0.0013500599998224,inner_f1,0.0963701278507505,0.742007672634271,0.0190852954077747,0.0887067430547648,0.25,0.2083333333333333,0.3125,0.2365300117324808,763,19,11,5,0.6875,0.0242966751918158,798,16,399,0.0625,0.125,6.234375,0.3125,0.2083333333333333,10.390625000000002,0.375,0.15,7.48125,0.375,0.075,3.740625,0.5625,0.05625,2.80546875,baseline
pooled,1729,2,xgboost_balanced,0.7524364590644836,0.0569879780014161,0.0010927059993264,fixed_0.5,0.0618667450941363,0.742806905370844,0.0516861933348376,0.1858110681824969,0.1428571428571428,0.1,0.25,0.1310245581173455,746,36,12,4,0.75,0.0460358056265984,798,16,399,0.0625,0.125,6.234375,0.0625,0.0416666666666666,2.078125,0.25,0.1,4.987500000000001,0.3125,0.0625,3.1171875,0.4375,0.04375,2.18203125,baseline
pooled,1729,2,xgboost_balanced,0.7524364590644836,0.0569879780014161,0.0010927059993264,inner_f1,0.0618667450941363,0.742806905370844,0.0516861933348376,0.1858110681824969,0.0909090909090909,0.1666666666666666,0.0625,0.0910406874197927,777,5,15,1,0.9375,0.0063938618925831,798,16,399,0.0625,0.125,6.234375,0.0625,0.0416666666666666,2.078125,0.25,0.1,4.987500000000001,0.3125,0.0625,3.1171875,0.4375,0.04375,2.18203125,baseline
pooled,1729,2,extratrees,0.3225174565482054,0.9621818560008252,0.0564264419990649,fixed_0.5,0.1820619612642866,0.8156969309462916,0.0173176479147051,0.0803570197203313,0.2222222222222222,1.0,0.125,0.3504304603451139,782,0,14,2,0.875,0.0,798,16,327,0.125,0.25,12.46875,0.1875,0.125,6.234375,0.1875,0.075,3.740625,0.4375,0.0875,4.3640625,0.5,0.05,2.4937500000000004,baseline
pooled,1729,2,extratrees,0.3225174565482054,0.9621818560008252,0.0564264419990649,inner_f1,0.1820619612642866,0.8156969309462916,0.0173176479147051,0.0803570197203313,0.2222222222222222,1.0,0.125,0.3504304603451139,782,0,14,2,0.875,0.0,798,16,327,0.125,0.25,12.46875,0.1875,0.125,6.234375,0.1875,0.075,3.740625,0.4375,0.0875,4.3640625,0.5,0.05,2.4937500000000004,baseline
pooled,1729,2,extratrees_balanced,0.7643934792625067,1.099762528003339,0.0558252920018276,fixed_0.5,0.1716907633694245,0.7701406649616369,0.0533614583478407,0.1941712672333635,0.0909090909090909,0.0714285714285714,0.125,0.0698962927922901,756,26,14,2,0.875,0.0332480818414322,798,16,283,0.125,0.25,12.46875,0.125,0.0833333333333333,4.15625,0.125,0.05,2.4937500000000004,0.3125,0.0625,3.1171875,0.5625,0.05625,2.80546875,baseline
pooled,1729,2,extratrees_balanced,0.7643934792625067,1.099762528003339,0.0558252920018276,inner_f1,0.1716907633694245,0.7701406649616369,0.0533614583478407,0.1941712672333635,0.2,0.5,0.125,0.2430273495769318,780,2,14,2,0.875,0.0025575447570332,798,16,283,0.125,0.25,12.46875,0.125,0.0833333333333333,4.15625,0.125,0.05,2.4937500000000004,0.3125,0.0625,3.1171875,0.5625,0.05625,2.80546875,baseline
pooled,1729,2,catboost,0.3959165721430722,0.1613249170004564,0.0009178309992421,fixed_0.5,0.1956251466951794,0.7990728900255755,0.0171171268777531,0.0826591082738542,0.2222222222222222,1.0,0.125,0.3504304603451139,782,0,14,2,0.875,0.0,798,16,399,0.125,0.25,12.46875,0.1875,0.125,6.234375,0.3125,0.125,6.234375,0.4375,0.0875,4.3640625,0.5625,0.05625,2.80546875,baseline
pooled,1729,2,catboost,0.3959165721430722,0.1613249170004564,0.0009178309992421,inner_f1,0.1956251466951794,0.7990728900255755,0.0171171268777531,0.0826591082738542,0.2222222222222222,1.0,0.125,0.3504304603451139,782,0,14,2,0.875,0.0,798,16,399,0.125,0.25,12.46875,0.1875,0.125,6.234375,0.3125,0.125,6.234375,0.4375,0.0875,4.3640625,0.5625,0.05625,2.80546875,baseline
pooled,1729,2,catboost_balanced,0.713025341030076,0.1664255750001757,0.0009952240034181,fixed_0.5,0.1691906312114691,0.72346547314578,0.064076206542798,0.2253748479031744,0.0857142857142857,0.0555555555555555,0.1875,0.0682408951846037,731,51,13,3,0.8125,0.0652173913043478,798,16,399,0.125,0.25,12.46875,0.125,0.0833333333333333,4.15625,0.1875,0.075,3.740625,0.3125,0.0625,3.1171875,0.5,0.05,2.4937500000000004,baseline
pooled,1729,2,catboost_balanced,0.713025341030076,0.1664255750001757,0.0009952240034181,inner_f1,0.1691906312114691,0.72346547314578,0.064076206542798,0.2253748479031744,0.1666666666666666,0.25,0.125,0.1650836826967631,776,6,14,2,0.875,0.0076726342710997,798,16,399,0.125,0.25,12.46875,0.125,0.0833333333333333,4.15625,0.1875,0.075,3.740625,0.3125,0.0625,3.1171875,0.5,0.05,2.4937500000000004,baseline
pooled,1729,2,lightgbm,0.1776476946582351,0.0530383250006707,0.0013785369992547,fixed_0.5,0.115810792792895,0.7842071611253196,0.0190037138660168,0.0880212972265352,0.0,0.0,0.0,0.0,782,0,16,0,1.0,0.0,798,16,399,0.125,0.25,12.46875,0.125,0.0833333333333333,4.15625,0.125,0.05,2.4937500000000004,0.375,0.075,3.740625,0.5,0.05,2.4937500000000004,baseline
pooled,1729,2,lightgbm,0.1776476946582351,0.0530383250006707,0.0013785369992547,inner_f1,0.115810792792895,0.7842071611253196,0.0190037138660168,0.0880212972265352,0.1818181818181818,0.3333333333333333,0.125,0.1945313833756254,778,4,14,2,0.875,0.0051150895140664,798,16,399,0.125,0.25,12.46875,0.125,0.0833333333333333,4.15625,0.125,0.05,2.4937500000000004,0.375,0.075,3.740625,0.5,0.05,2.4937500000000004,baseline
pooled,1729,2,lightgbm_balanced,0.7893955489922557,0.0505920089999563,0.0012858510017395,fixed_0.5,0.0716043907795046,0.7608695652173914,0.0534349134855824,0.1921100621920558,0.1153846153846153,0.0833333333333333,0.1875,0.0981299946065039,749,33,13,3,0.8125,0.0421994884910485,798,16,399,0.0,0.0,0.0,0.1875,0.125,6.234375,0.1875,0.075,3.740625,0.3125,0.0625,3.1171875,0.375,0.0375,1.8703125,baseline
pooled,1729,2,lightgbm_balanced,0.7893955489922557,0.0505920089999563,0.0012858510017395,inner_f1,0.0716043907795046,0.7608695652173914,0.0534349134855824,0.1921100621920558,0.0,0.0,0.0,-0.0101525785724044,778,4,16,0,1.0,0.0051150895140664,798,16,399,0.0,0.0,0.0,0.1875,0.125,6.234375,0.1875,0.075,3.740625,0.3125,0.0625,3.1171875,0.375,0.0375,1.8703125,baseline
pooled,2026,0,dummy_prior,0.5,0.0002892299999075,9.649200001149438e-05,fixed_0.5,0.0213299874529485,0.5,0.0209071206843881,0.1041069111814681,0.0,0.0,0.0,0.0,780,0,17,0,1.0,0.0,797,17,1,0.0,0.0,0.0,0.0,0.0,0.0,0.0,0.0,0.0,0.0,0.0,0.0,0.1176470588235294,0.0125,0.5860294117647059,baseline
pooled,2026,0,dummy_prior,0.5,0.0002892299999075,9.649200001149438e-05,inner_f1,0.0213299874529485,0.5,0.0209071206843881,0.1041069111814681,0.0,0.0,0.0,0.0,780,0,17,0,1.0,0.0,797,17,1,0.0,0.0,0.0,0.0,0.0,0.0,0.0,0.0,0.0,0.0,0.0,0.0,0.1176470588235294,0.0125,0.5860294117647059,baseline
pooled,2026,0,logistic,0.8455988680200727,0.0113391429986222,0.0005062620002718,fixed_0.5,0.1461027050355769,0.5884238310708899,0.0206834739327232,0.1164717738697019,0.1904761904761904,0.5,0.1176470588235294,0.2352968874359333,778,2,15,2,0.8823529411764706,0.0025641025641025,797,17,401,0.1176470588235294,0.25,11.720588235294116,0.1176470588235294,0.0833333333333333,3.906862745098039,0.1176470588235294,0.05,2.344117647058824,0.2352941176470588,0.05,2.344117647058824,0.3529411764705882,0.0375,1.7580882352941174,baseline
pooled,2026,0,logistic,0.8455988680200727,0.0113391429986222,0.0005062620002718,inner_f1,0.1461027050355769,0.5884238310708899,0.0206834739327232,0.1164717738697019,0.2105263157894736,1.0,0.1176470588235294,0.3397459388965089,780,0,15,2,0.8823529411764706,0.0,797,17,401,0.1176470588235294,0.25,11.720588235294116,0.1176470588235294,0.0833333333333333,3.906862745098039,0.1176470588235294,0.05,2.344117647058824,0.2352941176470588,0.05,2.344117647058824,0.3529411764705882,0.0375,1.7580882352941174,baseline
pooled,2026,0,logistic_balanced,0.9951380631814556,0.0223161800022353,0.0005072679996374,fixed_0.5,0.147467434791145,0.640158371040724,0.1532975703667556,0.4955752535939409,0.0666666666666666,0.0368098159509202,0.3529411764705882,0.0543252679924253,623,157,11,6,0.6470588235294118,0.2012820512820513,797,17,400,0.1176470588235294,0.25,11.720588235294116,0.1176470588235294,0.0833333333333333,3.906862745098039,0.1176470588235294,0.05,2.344117647058824,0.1764705882352941,0.0375,1.7580882352941174,0.3529411764705882,0.0375,1.7580882352941174,baseline
pooled,2026,0,logistic_balanced,0.9951380631814556,0.0223161800022353,0.0005072679996374,inner_f1,0.147467434791145,0.640158371040724,0.1532975703667556,0.4955752535939409,0.1739130434782608,0.3333333333333333,0.1176470588235294,0.1880759196761675,776,4,15,2,0.8823529411764706,0.0051282051282051,797,17,400,0.1176470588235294,0.25,11.720588235294116,0.1176470588235294,0.0833333333333333,3.906862745098039,0.1176470588235294,0.05,2.344117647058824,0.1764705882352941,0.0375,1.7580882352941174,0.3529411764705882,0.0375,1.7580882352941174,baseline
pooled,2026,0,xgboost,0.046768944710493,0.0466890569987299,0.0012132730007579,fixed_0.5,0.0500295287757434,0.5886500754147813,0.0212405013007556,0.1090558331846011,0.0,0.0,0.0,0.0,780,0,17,0,1.0,0.0,797,17,399,0.0,0.0,0.0,0.1176470588235294,0.0833333333333333,3.906862745098039,0.1764705882352941,0.075,3.516176470588235,0.2352941176470588,0.05,2.344117647058824,0.2941176470588235,0.03125,1.4650735294117645,baseline
pooled,2026,0,xgboost,0.046768944710493,0.0466890569987299,0.0012132730007579,inner_f1,0.0500295287757434,0.5886500754147813,0.0212405013007556,0.1090558331846011,0.0983606557377049,0.0681818181818181,0.1764705882352941,0.0783866266443619,739,41,14,3,0.8235294117647058,0.0525641025641025,797,17,399,0.0,0.0,0.0,0.1176470588235294,0.0833333333333333,3.906862745098039,0.1764705882352941,0.075,3.516176470588235,0.2352941176470588,0.05,2.344117647058824,0.2941176470588235,0.03125,1.4650735294117645,baseline
pooled,2026,0,xgboost_balanced,0.2907148897647857,0.0541308259998913,0.0009898000025714,fixed_0.5,0.1091573821576243,0.5500377073906486,0.0407527596512275,0.1712224298171242,0.1176470588235294,0.088235294117647,0.1764705882352941,0.0977516990125276,749,31,14,3,0.8235294117647058,0.0397435897435897,797,17,399,0.1764705882352941,0.375,17.580882352941174,0.1764705882352941,0.125,5.860294117647058,0.1764705882352941,0.075,3.516176470588235,0.3529411764705882,0.075,3.516176470588235,0.3529411764705882,0.0375,1.7580882352941174,baseline
pooled,2026,0,xgboost_balanced,0.2907148897647857,0.0541308259998913,0.0009898000025714,inner_f1,0.1091573821576243,0.5500377073906486,0.0407527596512275,0.1712224298171242,0.1025641025641025,0.0655737704918032,0.2352941176470588,0.0881586281991301,723,57,13,4,0.7647058823529411,0.073076923076923,797,17,399,0.1764705882352941,0.375,17.580882352941174,0.1764705882352941,0.125,5.860294117647058,0.1764705882352941,0.075,3.516176470588235,0.3529411764705882,0.075,3.516176470588235,0.3529411764705882,0.0375,1.7580882352941174,baseline
pooled,2026,0,extratrees,0.4040672427162957,0.9912292180015356,0.0556532759983383,fixed_0.5,0.1525299196260945,0.6162518853695323,0.020082366776979,0.1237935551937353,0.1904761904761904,0.5,0.1176470588235294,0.2352968874359333,778,2,15,2,0.8823529411764706,0.0025641025641025,797,17,314,0.1176470588235294,0.25,11.720588235294116,0.1176470588235294,0.0833333333333333,3.906862745098039,0.1764705882352941,0.075,3.516176470588235,0.2352941176470588,0.05,2.344117647058824,0.2941176470588235,0.03125,1.4650735294117645,baseline
pooled,2026,0,extratrees,0.4040672427162957,0.9912292180015356,0.0556532759983383,inner_f1,0.1525299196260945,0.6162518853695323,0.020082366776979,0.1237935551937353,0.1904761904761904,0.5,0.1176470588235294,0.2352968874359333,778,2,15,2,0.8823529411764706,0.0025641025641025,797,17,314,0.1176470588235294,0.25,11.720588235294116,0.1176470588235294,0.0833333333333333,3.906862745098039,0.1764705882352941,0.075,3.516176470588235,0.2352941176470588,0.05,2.344117647058824,0.2941176470588235,0.03125,1.4650735294117645,baseline
pooled,2026,0,extratrees_balanced,0.467736762047303,1.0858335129996703,0.0652500809992489,fixed_0.5,0.0706576017327578,0.633446455505279,0.0482695297390837,0.3356344073539125,0.0930232558139534,0.0769230769230769,0.1176470588235294,0.0706588970515585,756,24,15,2,0.8823529411764706,0.0307692307692307,797,17,231,0.1176470588235294,0.25,11.720588235294116,0.1176470588235294,0.0833333333333333,3.906862745098039,0.1176470588235294,0.05,2.344117647058824,0.1764705882352941,0.0375,1.7580882352941174,0.4117647058823529,0.04375,2.0511029411764703,baseline
pooled,2026,0,extratrees_balanced,0.467736762047303,1.0858335129996703,0.0652500809992489,inner_f1,0.0706576017327578,0.633446455505279,0.0482695297390837,0.3356344073539125,0.0851063829787234,0.0666666666666666,0.1176470588235294,0.0620582051624348,752,28,15,2,0.8823529411764706,0.0358974358974358,797,17,231,0.1176470588235294,0.25,11.720588235294116,0.1176470588235294,0.0833333333333333,3.906862745098039,0.1176470588235294,0.05,2.344117647058824,0.1764705882352941,0.0375,1.7580882352941174,0.4117647058823529,0.04375,2.0511029411764703,baseline
pooled,2026,0,catboost,0.0634863067542625,0.1578831170008925,0.0009483950016146,fixed_0.5,0.1498645323268887,0.5144419306184012,0.019059380662523,0.1078473495443768,0.2105263157894736,1.0,0.1176470588235294,0.3397459388965089,780,0,15,2,0.8823529411764706,0.0,797,17,399,0.1176470588235294,0.25,11.720588235294116,0.1764705882352941,0.125,5.860294117647058,0.1764705882352941,0.075,3.516176470588235,0.2941176470588235,0.0625,2.930147058823529,0.3529411764705882,0.0375,1.7580882352941174,baseline
pooled,2026,0,catboost,0.0634863067542625,0.1578831170008925,0.0009483950016146,inner_f1,0.1498645323268887,0.5144419306184012,0.019059380662523,0.1078473495443768,0.1081081081081081,0.1,0.1176470588235294,0.0873575141495801,762,18,15,2,0.8823529411764706,0.023076923076923,797,17,399,0.1176470588235294,0.25,11.720588235294116,0.1764705882352941,0.125,5.860294117647058,0.1764705882352941,0.075,3.516176470588235,0.2941176470588235,0.0625,2.930147058823529,0.3529411764705882,0.0375,1.7580882352941174,baseline
pooled,2026,0,catboost_balanced,0.9157537210956184,0.1599366859991278,0.0010904720002145,fixed_0.5,0.1459269714903678,0.5186651583710408,0.0579433646302527,0.2216120052553324,0.0869565217391304,0.0576923076923076,0.1764705882352941,0.0664908189519909,731,49,14,3,0.8235294117647058,0.0628205128205128,797,17,399,0.1176470588235294,0.25,11.720588235294116,0.1176470588235294,0.0833333333333333,3.906862745098039,0.1176470588235294,0.05,2.344117647058824,0.2352941176470588,0.05,2.344117647058824,0.3529411764705882,0.0375,1.7580882352941174,baseline
pooled,2026,0,catboost_balanced,0.9157537210956184,0.1599366859991278,0.0010904720002145,inner_f1,0.1459269714903678,0.5186651583710408,0.0579433646302527,0.2216120052553324,0.0,0.0,0.0,0.0,780,0,17,0,1.0,0.0,797,17,399,0.1176470588235294,0.25,11.720588235294116,0.1176470588235294,0.0833333333333333,3.906862745098039,0.1176470588235294,0.05,2.344117647058824,0.2352941176470588,0.05,2.344117647058824,0.3529411764705882,0.0375,1.7580882352941174,baseline
pooled,2026,0,lightgbm,0.0561430640461646,0.053948783002852,0.001282749002712,fixed_0.5,0.0947342722741776,0.590158371040724,0.0205072542265808,0.1134105932243901,0.0,0.0,0.0,0.0,780,0,17,0,1.0,0.0,797,17,399,0.1176470588235294,0.25,11.720588235294116,0.1764705882352941,0.125,5.860294117647058,0.1764705882352941,0.075,3.516176470588235,0.2941176470588235,0.0625,2.930147058823529,0.3529411764705882,0.0375,1.7580882352941174,baseline
pooled,2026,0,lightgbm,0.0561430640461646,0.053948783002852,0.001282749002712,inner_f1,0.0947342722741776,0.590158371040724,0.0205072542265808,0.1134105932243901,0.1153846153846153,0.0857142857142857,0.1764705882352941,0.0955043300585771,748,32,14,3,0.8235294117647058,0.041025641025641,797,17,399,0.1176470588235294,0.25,11.720588235294116,0.1764705882352941,0.125,5.860294117647058,0.1764705882352941,0.075,3.516176470588235,0.2941176470588235,0.0625,2.930147058823529,0.3529411764705882,0.0375,1.7580882352941174,baseline
pooled,2026,0,lightgbm_balanced,0.3262340762971927,0.0484148819996335,0.001017235998006,fixed_0.5,0.0936668489429987,0.5967948717948718,0.0473427470201108,0.1822283251095571,0.1052631578947368,0.075,0.1764705882352941,0.0853886823834781,743,37,14,3,0.8235294117647058,0.0474358974358974,797,17,399,0.1176470588235294,0.25,11.720588235294116,0.1176470588235294,0.0833333333333333,3.906862745098039,0.1764705882352941,0.075,3.516176470588235,0.2941176470588235,0.0625,2.930147058823529,0.4117647058823529,0.04375,2.0511029411764703,baseline
pooled,2026,0,lightgbm_balanced,0.3262340762971927,0.0484148819996335,0.001017235998006,inner_f1,0.0936668489429987,0.5967948717948718,0.0473427470201108,0.1822283251095571,0.0888888888888888,0.0547945205479452,0.2352941176470588,0.0735467483285527,711,69,13,4,0.7647058823529411,0.0884615384615384,797,17,399,0.1176470588235294,0.25,11.720588235294116,0.1176470588235294,0.0833333333333333,3.906862745098039,0.1764705882352941,0.075,3.516176470588235,0.2941176470588235,0.0625,2.930147058823529,0.4117647058823529,0.04375,2.0511029411764703,baseline
pooled,2026,1,dummy_prior,0.5,0.0002449280000291,8.381500083487481e-05,fixed_0.5,0.0087719298245614,0.5,0.0088684752732451,0.0554957486486444,0.0,0.0,0.0,0.0,791,0,7,0,1.0,0.0,798,7,1,0.0,0.0,0.0,0.0,0.0,0.0,0.1428571428571428,0.025,2.8500000000000005,0.1428571428571428,0.0125,1.4250000000000005,0.4285714285714285,0.01875,2.1375,baseline
pooled,2026,1,dummy_prior,0.5,0.0002449280000291,8.381500083487481e-05,inner_f1,0.0087719298245614,0.5,0.0088684752732451,0.0554957486486444,0.0,0.0,0.0,0.0,791,0,7,0,1.0,0.0,798,7,1,0.0,0.0,0.0,0.0,0.0,0.0,0.1428571428571428,0.025,2.8500000000000005,0.1428571428571428,0.0125,1.4250000000000005,0.4285714285714285,0.01875,2.1375,baseline
pooled,2026,1,logistic,0.8701917955917556,0.0116601869995065,0.0004663500003516,fixed_0.5,0.0372900694196613,0.57802058876648,0.0091356031826866,0.0559202449033773,0.0,0.0,0.0,0.0,791,0,7,0,1.0,0.0,798,7,399,0.1428571428571428,0.125,14.25,0.1428571428571428,0.0416666666666666,4.75,0.2857142857142857,0.05,5.700000000000001,0.2857142857142857,0.025,2.8500000000000005,0.2857142857142857,0.0125,1.4250000000000005,baseline
pooled,2026,1,logistic,0.8701917955917556,0.0116601869995065,0.0004663500003516,inner_f1,0.0372900694196613,0.57802058876648,0.0091356031826866,0.0559202449033773,0.0,0.0,0.0,0.0,791,0,7,0,1.0,0.0,798,7,399,0.1428571428571428,0.125,14.25,0.1428571428571428,0.0416666666666666,4.75,0.2857142857142857,0.05,5.700000000000001,0.2857142857142857,0.025,2.8500000000000005,0.2857142857142857,0.0125,1.4250000000000005,baseline
pooled,2026,1,logistic_balanced,0.9779541760683722,0.0187247499998193,0.0006164239966892,fixed_0.5,0.0180620606410863,0.6112515802781289,0.1510048696713677,0.4432242942135891,0.0199004975124378,0.0103092783505154,0.2857142857142857,0.0093437317344077,599,192,5,2,0.7142857142857143,0.2427307206068268,798,7,400,0.0,0.0,0.0,0.1428571428571428,0.0416666666666666,4.75,0.1428571428571428,0.025,2.8500000000000005,0.1428571428571428,0.0125,1.4250000000000005,0.2857142857142857,0.0125,1.4250000000000005,baseline
pooled,2026,1,logistic_balanced,0.9779541760683722,0.0187247499998193,0.0006164239966892,inner_f1,0.0180620606410863,0.6112515802781289,0.1510048696713677,0.4432242942135891,0.0,0.0,0.0,0.0,791,0,7,0,1.0,0.0,798,7,400,0.0,0.0,0.0,0.1428571428571428,0.0416666666666666,4.75,0.1428571428571428,0.025,2.8500000000000005,0.1428571428571428,0.0125,1.4250000000000005,0.2857142857142857,0.0125,1.4250000000000005,baseline
pooled,2026,1,xgboost,0.0707743763923645,0.0564467549993423,0.0008949459988798,fixed_0.5,0.1011147489833998,0.7524832942026367,0.0085880072290608,0.0484639054345601,0.0,0.0,0.0,0.0,791,0,7,0,1.0,0.0,798,7,399,0.1428571428571428,0.125,14.25,0.2857142857142857,0.0833333333333333,9.5,0.2857142857142857,0.05,5.700000000000001,0.4285714285714285,0.0375,4.275,0.4285714285714285,0.01875,2.1375,baseline
pooled,2026,1,xgboost,0.0707743763923645,0.0564467549993423,0.0008949459988798,inner_f1,0.1011147489833998,0.7524832942026367,0.0085880072290608,0.0484639054345601,0.0869565217391304,0.0625,0.1428571428571428,0.0824182684558586,776,15,6,1,0.8571428571428571,0.0189633375474083,798,7,399,0.1428571428571428,0.125,14.25,0.2857142857142857,0.0833333333333333,9.5,0.2857142857142857,0.05,5.700000000000001,0.4285714285714285,0.0375,4.275,0.4285714285714285,0.01875,2.1375,baseline
pooled,2026,1,xgboost_balanced,0.7559034824371338,0.0559952250005153,0.001157640999736,fixed_0.5,0.0393500832061049,0.7279212569983746,0.0491558266621348,0.1792692970380132,0.0377358490566037,0.0217391304347826,0.1428571428571428,0.0343939341018675,746,45,6,1,0.8571428571428571,0.056890012642225,798,7,399,0.1428571428571428,0.125,14.25,0.1428571428571428,0.0416666666666666,4.75,0.1428571428571428,0.025,2.8500000000000005,0.1428571428571428,0.0125,1.4250000000000005,0.2857142857142857,0.0125,1.4250000000000005,baseline
pooled,2026,1,xgboost_balanced,0.7559034824371338,0.0559952250005153,0.001157640999736,inner_f1,0.0393500832061049,0.7279212569983746,0.0491558266621348,0.1792692970380132,0.1538461538461538,0.1666666666666666,0.1428571428571428,0.1473826353091426,786,5,6,1,0.8571428571428571,0.0063211125158027,798,7,399,0.1428571428571428,0.125,14.25,0.1428571428571428,0.0416666666666666,4.75,0.1428571428571428,0.025,2.8500000000000005,0.1428571428571428,0.0125,1.4250000000000005,0.2857142857142857,0.0125,1.4250000000000005,baseline
pooled,2026,1,extratrees,0.3927795067795068,0.969585928000015,0.056067665998853,fixed_0.5,0.0227986109378054,0.7560953584973813,0.0092577268332376,0.0503307884251484,0.0,0.0,0.0,0.0,791,0,7,0,1.0,0.0,798,7,306,0.0,0.0,0.0,0.0,0.0,0.0,0.0,0.0,0.0,0.2857142857142857,0.025,2.8500000000000005,0.5714285714285714,0.025,2.8500000000000005,baseline
pooled,2026,1,extratrees,0.3927795067795068,0.969585928000015,0.056067665998853,inner_f1,0.0227986109378054,0.7560953584973813,0.0092577268332376,0.0503307884251484,0.0,0.0,0.0,0.0,791,0,7,0,1.0,0.0,798,7,306,0.0,0.0,0.0,0.0,0.0,0.0,0.0,0.0,0.0,0.2857142857142857,0.025,2.8500000000000005,0.5714285714285714,0.025,2.8500000000000005,baseline
pooled,2026,1,extratrees_balanced,0.6939349214642596,1.039904637000291,0.0549962400000367,fixed_0.5,0.0208249692266005,0.7105833483836013,0.0491999322527769,0.1854426106503254,0.0689655172413793,0.0454545454545454,0.1428571428571428,0.066237877030577,770,21,6,1,0.8571428571428571,0.0265486725663716,798,7,302,0.0,0.0,0.0,0.1428571428571428,0.0416666666666666,4.75,0.1428571428571428,0.025,2.8500000000000005,0.1428571428571428,0.0125,1.4250000000000005,0.2857142857142857,0.0125,1.4250000000000005,baseline
pooled,2026,1,extratrees_balanced,0.6939349214642596,1.039904637000291,0.0549962400000367,inner_f1,0.0208249692266005,0.7105833483836013,0.0491999322527769,0.1854426106503254,0.0,0.0,0.0,-0.0047154076336055,789,2,7,0,1.0,0.0025284450063211,798,7,302,0.0,0.0,0.0,0.1428571428571428,0.0416666666666666,4.75,0.1428571428571428,0.025,2.8500000000000005,0.1428571428571428,0.0125,1.4250000000000005,0.2857142857142857,0.0125,1.4250000000000005,baseline
pooled,2026,1,catboost,0.2625411372836105,0.1560426219984947,0.0008904700007406,fixed_0.5,0.0195330694182292,0.6795195954487989,0.008741095164619,0.0501848223270717,0.0,0.0,0.0,0.0,791,0,7,0,1.0,0.0,798,7,399,0.0,0.0,0.0,0.0,0.0,0.0,0.1428571428571428,0.025,2.8500000000000005,0.2857142857142857,0.025,2.8500000000000005,0.2857142857142857,0.0125,1.4250000000000005,baseline
pooled,2026,1,catboost,0.2625411372836105,0.1560426219984947,0.0008904700007406,inner_f1,0.0195330694182292,0.6795195954487989,0.008741095164619,0.0501848223270717,0.0,0.0,0.0,0.0,791,0,7,0,1.0,0.0,798,7,399,0.0,0.0,0.0,0.0,0.0,0.0,0.1428571428571428,0.025,2.8500000000000005,0.2857142857142857,0.025,2.8500000000000005,0.2857142857142857,0.0125,1.4250000000000005,baseline
pooled,2026,1,catboost_balanced,0.8899402324819786,0.1582589329991606,0.0013089969979773,fixed_0.5,0.0157230147345027,0.6979411233519957,0.0589974917229052,0.2210429562406,0.0,0.0,0.0,-0.0204472328630033,755,36,7,0,1.0,0.04551201011378,798,7,399,0.0,0.0,0.0,0.0,0.0,0.0,0.0,0.0,0.0,0.0,0.0,0.0,0.2857142857142857,0.0125,1.4250000000000005,baseline
pooled,2026,1,catboost_balanced,0.8899402324819786,0.1582589329991606,0.0013089969979773,inner_f1,0.0157230147345027,0.6979411233519957,0.0589974917229052,0.2210429562406,0.0,0.0,0.0,0.0,791,0,7,0,1.0,0.0,798,7,399,0.0,0.0,0.0,0.0,0.0,0.0,0.0,0.0,0.0,0.0,0.0,0.0,0.2857142857142857,0.0125,1.4250000000000005,baseline
pooled,2026,1,lightgbm,0.1342059350879219,0.051767701999779,0.0010307999982615,fixed_0.5,0.0490249395935881,0.7676539642405635,0.0086766548542005,0.0471788287120785,0.0,0.0,0.0,0.0,791,0,7,0,1.0,0.0,798,7,399,0.1428571428571428,0.125,14.25,0.1428571428571428,0.0416666666666666,4.75,0.1428571428571428,0.025,2.8500000000000005,0.4285714285714285,0.0375,4.275,0.4285714285714285,0.01875,2.1375,baseline
pooled,2026,1,lightgbm,0.1342059350879219,0.051767701999779,0.0010307999982615,inner_f1,0.0490249395935881,0.7676539642405635,0.0086766548542005,0.0471788287120785,0.0,0.0,0.0,-0.0066769868776154,787,4,7,0,1.0,0.0050568900126422,798,7,399,0.1428571428571428,0.125,14.25,0.1428571428571428,0.0416666666666666,4.75,0.1428571428571428,0.025,2.8500000000000005,0.4285714285714285,0.0375,4.275,0.4285714285714285,0.01875,2.1375,baseline
pooled,2026,1,lightgbm_balanced,0.8165528194385844,0.0480874560016673,0.0009872720002022,fixed_0.5,0.0397242410742105,0.7488712299078923,0.0518796418285598,0.1881813251192132,0.0350877192982456,0.02,0.1428571428571428,0.0311318515688052,742,49,6,1,0.8571428571428571,0.0619469026548672,798,7,399,0.1428571428571428,0.125,14.25,0.1428571428571428,0.0416666666666666,4.75,0.1428571428571428,0.025,2.8500000000000005,0.1428571428571428,0.0125,1.4250000000000005,0.2857142857142857,0.0125,1.4250000000000005,baseline
pooled,2026,1,lightgbm_balanced,0.8165528194385844,0.0480874560016673,0.0009872720002022,inner_f1,0.0397242410742105,0.7488712299078923,0.0518796418285598,0.1881813251192132,0.0,0.0,0.0,0.0,791,0,7,0,1.0,0.0,798,7,399,0.1428571428571428,0.125,14.25,0.1428571428571428,0.0416666666666666,4.75,0.1428571428571428,0.025,2.8500000000000005,0.1428571428571428,0.0125,1.4250000000000005,0.2857142857142857,0.0125,1.4250000000000005,baseline
pooled,2026,2,dummy_prior,0.5,0.0002401230012765,0.0001287140003114,fixed_0.5,0.0225563909774436,0.5,0.0221039908268031,0.1094789816529705,0.0,0.0,0.0,0.0,780,0,18,0,1.0,0.0,798,18,1,0.0,0.0,0.0,0.0,0.0,0.0,0.0555555555555555,0.025,1.1083333333333334,0.0555555555555555,0.0125,0.5541666666666667,0.1111111111111111,0.0125,0.5541666666666667,baseline
pooled,2026,2,dummy_prior,0.5,0.0002401230012765,0.0001287140003114,inner_f1,0.0225563909774436,0.5,0.0221039908268031,0.1094789816529705,0.0,0.0,0.0,0.0,780,0,18,0,1.0,0.0,798,18,1,0.0,0.0,0.0,0.0,0.0,0.0,0.0555555555555555,0.025,1.1083333333333334,0.0555555555555555,0.0125,0.5541666666666667,0.1111111111111111,0.0125,0.5541666666666667,baseline
pooled,2026,2,logistic,0.0076304801102327,0.0120843299991975,0.0005416719977802,fixed_0.5,0.2609639410216338,0.7413105413105414,0.0177204272487288,0.0909266647519163,0.3636363636363636,1.0,0.2222222222222222,0.4672300785091259,780,0,14,4,0.7777777777777778,0.0,798,18,400,0.2222222222222222,0.5,22.166666666666668,0.2222222222222222,0.1666666666666666,7.388888888888889,0.2222222222222222,0.1,4.433333333333334,0.2777777777777778,0.0625,2.770833333333333,0.3888888888888889,0.04375,1.9395833333333328,baseline
pooled,2026,2,logistic,0.0076304801102327,0.0120843299991975,0.0005416719977802,inner_f1,0.2609639410216338,0.7413105413105414,0.0177204272487288,0.0909266647519163,0.0761904761904762,0.0398009950248756,0.8888888888888888,0.1170140464874694,394,386,2,16,0.1111111111111111,0.4948717948717949,798,18,400,0.2222222222222222,0.5,22.166666666666668,0.2222222222222222,0.1666666666666666,7.388888888888889,0.2222222222222222,0.1,4.433333333333334,0.2777777777777778,0.0625,2.770833333333333,0.3888888888888889,0.04375,1.9395833333333328,baseline
pooled,2026,2,logistic_balanced,0.9906109175310092,0.0160678150023159,0.0005886910003027,fixed_0.5,0.130343991605245,0.6977207977207976,0.1781165659219408,0.5240631913906246,0.0826446280991735,0.0446428571428571,0.5555555555555556,0.0929209486024585,566,214,8,10,0.4444444444444444,0.2743589743589744,798,18,399,0.1111111111111111,0.25,11.083333333333334,0.2222222222222222,0.1666666666666666,7.388888888888889,0.2222222222222222,0.1,4.433333333333334,0.2222222222222222,0.05,2.216666666666667,0.3333333333333333,0.0375,1.6625,baseline
pooled,2026,2,logistic_balanced,0.9906109175310092,0.0160678150023159,0.0005886910003027,inner_f1,0.130343991605245,0.6977207977207976,0.1781165659219408,0.5240631913906246,0.0,0.0,0.0,0.0,780,0,18,0,1.0,0.0,798,18,399,0.1111111111111111,0.25,11.083333333333334,0.2222222222222222,0.1666666666666666,7.388888888888889,0.2222222222222222,0.1,4.433333333333334,0.2222222222222222,0.05,2.216666666666667,0.3333333333333333,0.0375,1.6625,baseline
pooled,2026,2,xgboost,0.0123105002567172,0.0501676769999903,0.0013326650005183,fixed_0.5,0.0826387109108109,0.7331908831908831,0.0217102695201501,0.100899585504145,0.0,0.0,0.0,0.0,780,0,18,0,1.0,0.0,798,18,399,0.0,0.0,0.0,0.2222222222222222,0.1666666666666666,7.388888888888889,0.2777777777777778,0.125,5.541666666666667,0.3333333333333333,0.075,3.325,0.4444444444444444,0.05,2.216666666666667,baseline
pooled,2026,2,xgboost,0.0123105002567172,0.0501676769999903,0.0013326650005183,inner_f1,0.0826387109108109,0.7331908831908831,0.0217102695201501,0.100899585504145,0.0732984293193717,0.0384615384615384,0.7777777777777778,0.0980986125646509,430,350,4,14,0.2222222222222222,0.4487179487179487,798,18,399,0.0,0.0,0.0,0.2222222222222222,0.1666666666666666,7.388888888888889,0.2777777777777778,0.125,5.541666666666667,0.3333333333333333,0.075,3.325,0.4444444444444444,0.05,2.216666666666667,baseline
pooled,2026,2,xgboost_balanced,0.3255300223827362,0.0505747739989601,0.0008468900014122,fixed_0.5,0.0393571442298718,0.6757834757834758,0.0539682751541738,0.1950729832169491,0.0344827586206896,0.025,0.0555555555555555,0.0037804756951963,741,39,17,1,0.9444444444444444,0.05,798,18,399,0.0,0.0,0.0,0.0,0.0,0.0,0.0555555555555555,0.025,1.1083333333333334,0.1111111111111111,0.025,1.1083333333333334,0.3888888888888889,0.04375,1.9395833333333328,baseline
pooled,2026,2,xgboost_balanced,0.3255300223827362,0.0505747739989601,0.0008468900014122,inner_f1,0.0393571442298718,0.6757834757834758,0.0539682751541738,0.1950729832169491,0.037037037037037,0.0222222222222222,0.1111111111111111,-0.0008023979385267,692,88,16,2,0.8888888888888888,0.1128205128205128,798,18,399,0.0,0.0,0.0,0.0,0.0,0.0,0.0555555555555555,0.025,1.1083333333333334,0.1111111111111111,0.025,1.1083333333333334,0.3888888888888889,0.04375,1.9395833333333328,baseline
pooled,2026,2,extratrees,0.0291420403990188,0.96222534700064,0.0546479610020469,fixed_0.5,0.2745977800493404,0.7362535612535612,0.0191694936352538,0.1312187206127588,0.0,0.0,0.0,0.0,780,0,18,0,1.0,0.0,798,18,242,0.2222222222222222,0.5,22.166666666666668,0.2777777777777778,0.2083333333333333,9.236111111111112,0.2777777777777778,0.125,5.541666666666667,0.3333333333333333,0.075,3.325,0.4444444444444444,0.05,2.216666666666667,baseline
pooled,2026,2,extratrees,0.0291420403990188,0.96222534700064,0.0546479610020469,inner_f1,0.2745977800493404,0.7362535612535612,0.0191694936352538,0.1312187206127588,0.0895522388059701,0.0517241379310344,0.3333333333333333,0.0810138046322328,670,110,12,6,0.6666666666666666,0.141025641025641,798,18,242,0.2222222222222222,0.5,22.166666666666668,0.2777777777777778,0.2083333333333333,9.236111111111112,0.2777777777777778,0.125,5.541666666666667,0.3333333333333333,0.075,3.325,0.4444444444444444,0.05,2.216666666666667,baseline
pooled,2026,2,extratrees_balanced,0.312940899669653,1.055991618999542,0.0556821170030161,fixed_0.5,0.0345162641370229,0.6767806267806268,0.066045869688881,0.2224168473555332,0.0,0.0,0.0,-0.0339683110243378,742,38,18,0,1.0,0.0487179487179487,798,18,257,0.0,0.0,0.0,0.0,0.0,0.0,0.0,0.0,0.0,0.0,0.0,0.0,0.2777777777777778,0.03125,1.3854166666666667,baseline
pooled,2026,2,extratrees_balanced,0.312940899669653,1.055991618999542,0.0556821170030161,inner_f1,0.0345162641370229,0.6767806267806268,0.066045869688881,0.2224168473555332,0.0543478260869565,0.0301204819277108,0.2777777777777778,0.0261078785931837,619,161,13,5,0.7222222222222222,0.2064102564102564,798,18,257,0.0,0.0,0.0,0.0,0.0,0.0,0.0,0.0,0.0,0.0,0.0,0.0,0.2777777777777778,0.03125,1.3854166666666667,baseline
pooled,2026,2,catboost,0.0093184934907055,0.1614335510021192,0.0015626690001226,fixed_0.5,0.2523314986406624,0.6867521367521368,0.0180363578176803,0.0905134833503613,0.3636363636363636,1.0,0.2222222222222222,0.4672300785091259,780,0,14,4,0.7777777777777778,0.0,798,18,399,0.2222222222222222,0.5,22.166666666666668,0.2222222222222222,0.1666666666666666,7.388888888888889,0.2222222222222222,0.1,4.433333333333334,0.2777777777777778,0.0625,2.770833333333333,0.3333333333333333,0.0375,1.6625,baseline
pooled,2026,2,catboost,0.0093184934907055,0.1614335510021192,0.0015626690001226,inner_f1,0.2523314986406624,0.6867521367521368,0.0180363578176803,0.0905134833503613,0.0685483870967741,0.0355648535564853,0.9444444444444444,0.107074059542983,319,461,1,17,0.0555555555555555,0.591025641025641,798,18,399,0.2222222222222222,0.5,22.166666666666668,0.2222222222222222,0.1666666666666666,7.388888888888889,0.2222222222222222,0.1,4.433333333333334,0.2777777777777778,0.0625,2.770833333333333,0.3333333333333333,0.0375,1.6625,baseline
pooled,2026,2,catboost_balanced,0.6019162435009234,0.1617168510019837,0.0012698499995167,fixed_0.5,0.0447067498178265,0.6997150997150998,0.0709764617681637,0.244483432909916,0.025,0.0161290322580645,0.0555555555555555,-0.0125634470631026,719,61,17,1,0.9444444444444444,0.0782051282051282,798,18,399,0.0,0.0,0.0,0.0,0.0,0.0,0.0555555555555555,0.025,1.1083333333333334,0.0555555555555555,0.0125,0.5541666666666667,0.5555555555555556,0.0625,2.770833333333333,baseline
pooled,2026,2,catboost_balanced,0.6019162435009234,0.1617168510019837,0.0012698499995167,inner_f1,0.0447067498178265,0.6997150997150998,0.0709764617681637,0.244483432909916,0.0,0.0,0.0,-0.0255781677325007,758,22,18,0,1.0,0.0282051282051282,798,18,399,0.0,0.0,0.0,0.0,0.0,0.0,0.0555555555555555,0.025,1.1083333333333334,0.0555555555555555,0.0125,0.5541666666666667,0.5555555555555556,0.0625,2.770833333333333,baseline
pooled,2026,2,lightgbm,0.0254220236065177,0.0503767840018554,0.0010659750005288,fixed_0.5,0.0438408890008121,0.6972934472934473,0.0221607880506445,0.1090364684341066,0.0,0.0,0.0,0.0,780,0,18,0,1.0,0.0,798,18,399,0.0,0.0,0.0,0.0,0.0,0.0,0.0,0.0,0.0,0.2222222222222222,0.05,2.216666666666667,0.3888888888888889,0.04375,1.9395833333333328,baseline
pooled,2026,2,lightgbm,0.0254220236065177,0.0503767840018554,0.0010659750005288,inner_f1,0.0438408890008121,0.6972934472934473,0.0221607880506445,0.1090364684341066,0.0769230769230769,0.0465116279069767,0.2222222222222222,0.056069803858514,698,82,14,4,0.7777777777777778,0.1051282051282051,798,18,399,0.0,0.0,0.0,0.0,0.0,0.0,0.0,0.0,0.0,0.2222222222222222,0.05,2.216666666666667,0.3888888888888889,0.04375,1.9395833333333328,baseline
pooled,2026,2,lightgbm_balanced,0.2792722006873794,0.0483068479989015,0.0010006000011344,fixed_0.5,0.0371453185463663,0.6586894586894587,0.0556798779357494,0.2009227056927444,0.032258064516129,0.0227272727272727,0.0555555555555555,0.0002780069705895,737,43,17,1,0.9444444444444444,0.0551282051282051,798,18,399,0.0,0.0,0.0,0.0,0.0,0.0,0.0555555555555555,0.025,1.1083333333333334,0.1111111111111111,0.025,1.1083333333333334,0.3888888888888889,0.04375,1.9395833333333328,baseline
pooled,2026,2,lightgbm_balanced,0.2792722006873794,0.0483068479989015,0.0010006000011344,inner_f1,0.0371453185463663,0.6586894586894587,0.0556798779357494,0.2009227056927444,0.0769230769230769,0.0446428571428571,0.2777777777777778,0.0601024983568809,673,107,13,5,0.7222222222222222,0.1371794871794872,798,18,399,0.0,0.0,0.0,0.0,0.0,0.0,0.0555555555555555,0.025,1.1083333333333334,0.1111111111111111,0.025,1.1083333333333334,0.3888888888888889,0.04375,1.9395833333333328,baseline
cn7,42,0,dummy_prior,0.5,,,fixed_0.5,0.012376237623762377,0.5,0.01222928466061459,0.06688050738871511,0.0,0.0,0.0,0.0,399,0,5,0,1.0,0.0,404,5,1,0.0,0.0,0.0,0.0,0.0,0.0,0.0,0.0,0.0,0.0,0.0,0.0,0.2,0.012345679012345678,0.9975308641975308,with_side
cn7,42,0,dummy_prior,0.5,,,inner_f1,0.012376237623762377,0.5,0.01222928466061459,0.06688050738871511,0.0,0.0,0.0,0.0,399,0,5,0,1.0,0.0,404,5,1,0.0,0.0,0.0,0.0,0.0,0.0,0.0,0.0,0.0,0.0,0.0,0.0,0.2,0.012345679012345678,0.9975308641975308,with_side
cn7,42,0,logistic,0.5241597983414674,,,fixed_0.5,0.7216666666666667,0.9874686716791979,0.005867745128296892,0.023876767798082812,0.75,1.0,0.6,0.7726625921427529,399,0,2,3,0.4,0.0,404,5,404,0.6,0.6,48.48,0.8,0.3076923076923077,24.861538461538462,0.8,0.19047619047619047,15.390476190476189,1.0,0.12195121951219512,9.853658536585366,1.0,0.06172839506172839,4.987654320987653,with_side
cn7,42,0,logistic,0.5241597983414674,,,inner_f1,0.7216666666666667,0.9874686716791979,0.005867745128296892,0.023876767798082812,0.75,1.0,0.6,0.7726625921427529,399,0,2,3,0.4,0.0,404,5,404,0.6,0.6,48.48,0.8,0.3076923076923077,24.861538461538462,0.8,0.19047619047619047,15.390476190476189,1.0,0.12195121951219512,9.853658536585366,1.0,0.06172839506172839,4.987654320987653,with_side
cn7,42,0,logistic_balanced,0.760075210245874,,,fixed_0.5,0.75,0.993483709273183,0.03161713277295894,0.10930958038415628,0.38461538461538464,0.23809523809523808,1.0,0.4780664800784793,383,16,0,5,0.0,0.040100250626566414,404,5,404,0.6,0.6,48.48,0.8,0.3076923076923077,24.861538461538462,1.0,0.23809523809523808,19.238095238095237,1.0,0.12195121951219512,9.853658536585366,1.0,0.06172839506172839,4.987654320987653,with_side
cn7,42,0,logistic_balanced,0.760075210245874,,,inner_f1,0.75,0.993483709273183,0.03161713277295894,0.10930958038415628,0.47619047619047616,0.3125,1.0,0.5512573915871319,388,11,0,5,0.0,0.02756892230576441,404,5,404,0.6,0.6,48.48,0.8,0.3076923076923077,24.861538461538462,1.0,0.23809523809523808,19.238095238095237,1.0,0.12195121951219512,9.853658536585366,1.0,0.06172839506172839,4.987654320987653,with_side
cn7,42,0,xgboost,0.059395965188741684,,,fixed_0.5,0.48333333333333334,0.949874686716792,0.01089148942249196,0.046530448809131646,0.0,0.0,0.0,0.0,399,0,5,0,1.0,0.0,404,5,284,0.4,0.4,32.32,0.6,0.23076923076923078,18.646153846153847,0.8,0.19047619047619047,15.390476190476189,0.8,0.0975609756097561,7.882926829268293,0.8,0.04938271604938271,3.990123456790123,with_side
cn7,42,0,xgboost,0.059395965188741684,,,inner_f1,0.48333333333333334,0.949874686716792,0.01089148942249196,0.046530448809131646,0.2608695652173913,0.16666666666666666,0.6,0.3013640904890551,384,15,2,3,0.4,0.03759398496240601,404,5,284,0.4,0.4,32.32,0.6,0.23076923076923078,18.646153846153847,0.8,0.19047619047619047,15.390476190476189,0.8,0.0975609756097561,7.882926829268293,0.8,0.04938271604938271,3.990123456790123,with_side
cn7,42,0,xgboost_balanced,0.5571872591972351,,,fixed_0.5,0.78,0.9769423558897243,0.011948554645249517,0.04736173816975856,0.47058823529411764,0.3333333333333333,0.8,0.5079307270825115,391,8,1,4,0.2,0.020050125313283207,404,5,404,0.8,0.8,64.64,0.8,0.3076923076923077,24.861538461538462,0.8,0.19047619047619047,15.390476190476189,0.8,0.0975609756097561,7.882926829268293,1.0,0.06172839506172839,4.987654320987653,with_side
cn7,42,0,xgboost_balanced,0.5571872591972351,,,inner_f1,0.78,0.9769423558897243,0.011948554645249517,0.04736173816975856,0.7272727272727273,0.6666666666666666,0.8,0.7266320869805317,397,2,1,4,0.2,0.005012531328320802,404,5,404,0.8,0.8,64.64,0.8,0.3076923076923077,24.861538461538462,0.8,0.19047619047619047,15.390476190476189,0.8,0.0975609756097561,7.882926829268293,1.0,0.06172839506172839,4.987654320987653,with_side
cn7,42,0,extratrees,0.3811111111111111,,,fixed_0.5,0.5859649122807018,0.9859649122807017,0.008214251403260743,0.029654879327978508,0.4444444444444444,0.5,0.4,0.44105705789705035,397,2,3,2,0.6,0.005012531328320802,404,5,89,0.4,0.4,32.32,0.8,0.3076923076923077,24.861538461538462,1.0,0.23809523809523808,19.238095238095237,1.0,0.12195121951219512,9.853658536585366,1.0,0.06172839506172839,4.987654320987653,with_side
cn7,42,0,extratrees,0.3811111111111111,,,inner_f1,0.5859649122807018,0.9859649122807017,0.008214251403260743,0.029654879327978508,0.4444444444444444,0.5,0.4,0.44105705789705035,397,2,3,2,0.6,0.005012531328320802,404,5,89,0.4,0.4,32.32,0.8,0.3076923076923077,24.861538461538462,1.0,0.23809523809523808,19.238095238095237,1.0,0.12195121951219512,9.853658536585366,1.0,0.06172839506172839,4.987654320987653,with_side
cn7,42,0,extratrees_balanced,0.547058753374126,,,fixed_0.5,0.6003703703703704,0.9849624060150377,0.018734967716193613,0.05531962585942227,0.42105263157894735,0.2857142857142857,0.8,0.4684267826478821,389,10,1,4,0.2,0.02506265664160401,404,5,70,0.6,0.6,48.48,0.8,0.3076923076923077,24.861538461538462,0.8,0.19047619047619047,15.390476190476189,1.0,0.12195121951219512,9.853658536585366,1.0,0.06172839506172839,4.987654320987653,with_side
cn7,42,0,extratrees_balanced,0.547058753374126,,,inner_f1,0.6003703703703704,0.9849624060150377,0.018734967716193613,0.05531962585942227,0.5,0.36363636363636365,0.8,0.5315435288259233,392,7,1,4,0.2,0.017543859649122806,404,5,70,0.6,0.6,48.48,0.8,0.3076923076923077,24.861538461538462,0.8,0.19047619047619047,15.390476190476189,1.0,0.12195121951219512,9.853658536585366,1.0,0.06172839506172839,4.987654320987653,with_side
cn7,42,0,catboost,0.16024549617392747,,,fixed_0.5,0.5961469534050179,0.9819548872180451,0.006970005867791325,0.02948537621382444,0.5714285714285714,1.0,0.4,0.630091204011875,399,0,3,2,0.6,0.0,404,5,404,0.4,0.4,32.32,0.8,0.3076923076923077,24.861538461538462,0.8,0.19047619047619047,15.390476190476189,1.0,0.12195121951219512,9.853658536585366,1.0,0.06172839506172839,4.987654320987653,with_side
cn7,42,0,catboost,0.16024549617392747,,,inner_f1,0.5961469534050179,0.9819548872180451,0.006970005867791325,0.02948537621382444,0.5714285714285714,1.0,0.4,0.630091204011875,399,0,3,2,0.6,0.0,404,5,404,0.4,0.4,32.32,0.8,0.3076923076923077,24.861538461538462,0.8,0.19047619047619047,15.390476190476189,1.0,0.12195121951219512,9.853658536585366,1.0,0.06172839506172839,4.987654320987653,with_side
cn7,42,0,catboost_balanced,0.22308219448338998,,,fixed_0.5,0.6909090909090909,0.993483709273183,0.01367157803909105,0.05088153475917134,0.5882352941176471,0.4166666666666667,1.0,0.6398099132915954,392,7,0,5,0.0,0.017543859649122806,404,5,404,0.4,0.4,32.32,1.0,0.38461538461538464,31.076923076923077,1.0,0.23809523809523808,19.238095238095237,1.0,0.12195121951219512,9.853658536585366,1.0,0.06172839506172839,4.987654320987653,with_side
cn7,42,0,catboost_balanced,0.22308219448338998,,,inner_f1,0.6909090909090909,0.993483709273183,0.01367157803909105,0.05088153475917134,0.3448275862068966,0.20833333333333334,1.0,0.445435403187374,380,19,0,5,0.0,0.047619047619047616,404,5,404,0.4,0.4,32.32,1.0,0.38461538461538464,31.076923076923077,1.0,0.23809523809523808,19.238095238095237,1.0,0.12195121951219512,9.853658536585366,1.0,0.06172839506172839,4.987654320987653,with_side
cn7,42,0,lightgbm,0.0481487124873974,,,fixed_0.5,0.6344827586206896,0.981453634085213,0.00916288503558895,0.034713238552642724,0.0,0.0,0.0,0.0,399,0,5,0,1.0,0.0,404,5,404,0.6,0.6,48.48,0.6,0.23076923076923078,18.646153846153847,0.8,0.19047619047619047,15.390476190476189,1.0,0.12195121951219512,9.853658536585366,1.0,0.06172839506172839,4.987654320987653,with_side
cn7,42,0,lightgbm,0.0481487124873974,,,inner_f1,0.6344827586206896,0.981453634085213,0.00916288503558895,0.034713238552642724,0.34782608695652173,0.2222222222222222,0.8,0.4098766507008004,385,14,1,4,0.2,0.03508771929824561,404,5,404,0.6,0.6,48.48,0.6,0.23076923076923078,18.646153846153847,0.8,0.19047619047619047,15.390476190476189,1.0,0.12195121951219512,9.853658536585366,1.0,0.06172839506172839,4.987654320987653,with_side
cn7,42,0,lightgbm_balanced,0.4725382745354562,,,fixed_0.5,0.8344827586206895,0.98796992481203,0.013735353279505655,0.05127710912359505,0.4444444444444444,0.3076923076923077,0.8,0.48705756470323086,390,9,1,4,0.2,0.022556390977443608,404,5,404,0.8,0.8,64.64,0.8,0.3076923076923077,24.861538461538462,0.8,0.19047619047619047,15.390476190476189,1.0,0.12195121951219512,9.853658536585366,1.0,0.06172839506172839,4.987654320987653,with_side
cn7,42,0,lightgbm_balanced,0.4725382745354562,,,inner_f1,0.8344827586206895,0.98796992481203,0.013735353279505655,0.05127710912359505,0.42105263157894735,0.2857142857142857,0.8,0.4684267826478821,389,10,1,4,0.2,0.02506265664160401,404,5,404,0.8,0.8,64.64,0.8,0.3076923076923077,24.861538461538462,0.8,0.19047619047619047,15.390476190476189,1.0,0.12195121951219512,9.853658536585366,1.0,0.06172839506172839,4.987654320987653,with_side
cn7,42,1,dummy_prior,0.5,,,fixed_0.5,0.017326732673267328,0.5,0.017050872801933115,0.08833009616432082,0.0,0.0,0.0,0.0,397,0,7,0,1.0,0.0,404,7,1,0.0,0.0,0.0,0.0,0.0,0.0,0.0,0.0,0.0,0.14285714285714285,0.024390243902439025,1.4076655052264808,0.2857142857142857,0.024691358024691357,1.425044091710758,with_side
cn7,42,1,dummy_prior,0.5,,,inner_f1,0.017326732673267328,0.5,0.017050872801933115,0.08833009616432082,0.0,0.0,0.0,0.0,397,0,7,0,1.0,0.0,404,7,1,0.0,0.0,0.0,0.0,0.0,0.0,0.0,0.0,0.0,0.14285714285714285,0.024390243902439025,1.4076655052264808,0.2857142857142857,0.024691358024691357,1.425044091710758,with_side
cn7,42,1,logistic,0.33553932665258684,,,fixed_0.5,0.43142857142857144,0.9456639078805326,0.012640621478913615,0.05694891924392173,0.4444444444444444,1.0,0.2857142857142857,0.531187937969423,397,0,5,2,0.7142857142857143,0.0,404,7,404,0.2857142857142857,0.4,23.085714285714285,0.2857142857142857,0.15384615384615385,8.87912087912088,0.7142857142857143,0.23809523809523808,13.741496598639454,0.8571428571428571,0.14634146341463414,8.445993031358883,0.8571428571428571,0.07407407407407407,4.2751322751322745,with_side
cn7,42,1,logistic,0.33553932665258684,,,inner_f1,0.43142857142857144,0.9456639078805326,0.012640621478913615,0.05694891924392173,0.4,0.6666666666666666,0.2857142857142857,0.4304251557615441,396,1,5,2,0.7142857142857143,0.0025188916876574307,404,7,404,0.2857142857142857,0.4,23.085714285714285,0.2857142857142857,0.15384615384615385,8.87912087912088,0.7142857142857143,0.23809523809523808,13.741496598639454,0.8571428571428571,0.14634146341463414,8.445993031358883,0.8571428571428571,0.07407407407407407,4.2751322751322745,with_side
cn7,42,1,logistic_balanced,0.4804504960376821,,,fixed_0.5,0.4509183218742042,0.9507016912558474,0.02227356807002544,0.0783711712581753,0.2222222222222222,0.18181818181818182,0.2857142857142857,0.21090189685201302,388,9,5,2,0.7142857142857143,0.022670025188916875,404,7,404,0.2857142857142857,0.4,23.085714285714285,0.42857142857142855,0.23076923076923078,13.318681318681318,0.7142857142857143,0.23809523809523808,13.741496598639454,0.8571428571428571,0.14634146341463414,8.445993031358883,0.8571428571428571,0.07407407407407407,4.2751322751322745,with_side
cn7,42,1,logistic_balanced,0.4804504960376821,,,inner_f1,0.4509183218742042,0.9507016912558474,0.02227356807002544,0.0783711712581753,0.2222222222222222,0.18181818181818182,0.2857142857142857,0.21090189685201302,388,9,5,2,0.7142857142857143,0.022670025188916875,404,7,404,0.2857142857142857,0.4,23.085714285714285,0.42857142857142855,0.23076923076923078,13.318681318681318,0.7142857142857143,0.23809523809523808,13.741496598639454,0.8571428571428571,0.14634146341463414,8.445993031358883,0.8571428571428571,0.07407407407407407,4.2751322751322745,with_side
cn7,42,1,xgboost,0.016293441876769066,,,fixed_0.5,0.23884510102315254,0.8877293990644117,0.01625241910167577,0.07137278727292515,0.0,0.0,0.0,0.0,397,0,7,0,1.0,0.0,404,7,252,0.14285714285714285,0.2,11.542857142857143,0.2857142857142857,0.15384615384615385,8.87912087912088,0.42857142857142855,0.14285714285714285,8.244897959183673,0.5714285714285714,0.0975609756097561,5.630662020905923,0.5714285714285714,0.04938271604938271,2.850088183421516,with_side
cn7,42,1,xgboost,0.016293441876769066,,,inner_f1,0.23884510102315254,0.8877293990644117,0.01625241910167577,0.07137278727292515,0.10309278350515463,0.05555555555555555,0.7142857142857143,0.15684997294018957,312,85,2,5,0.2857142857142857,0.2141057934508816,404,7,252,0.14285714285714285,0.2,11.542857142857143,0.2857142857142857,0.15384615384615385,8.87912087912088,0.42857142857142855,0.14285714285714285,8.244897959183673,0.5714285714285714,0.0975609756097561,5.630662020905923,0.5714285714285714,0.04938271604938271,2.850088183421516,with_side
cn7,42,1,xgboost_balanced,0.9233301877975464,,,fixed_0.5,0.31962833914053423,0.9701331414177762,0.016666512182950188,0.05857600863518474,0.46153846153846156,0.5,0.42857142857142855,0.4541762573042175,394,3,4,3,0.5714285714285714,0.007556675062972292,404,7,402,0.2857142857142857,0.4,23.085714285714285,0.5714285714285714,0.3076923076923077,17.75824175824176,0.7142857142857143,0.23809523809523808,13.741496598639454,1.0,0.17073170731707318,9.853658536585366,1.0,0.08641975308641975,4.987654320987653,with_side
cn7,42,1,xgboost_balanced,0.9233301877975464,,,inner_f1,0.31962833914053423,0.9701331414177762,0.016666512182950188,0.05857600863518474,0.0,0.0,0.0,0.0,397,0,7,0,1.0,0.0,404,7,402,0.2857142857142857,0.4,23.085714285714285,0.5714285714285714,0.3076923076923077,17.75824175824176,0.7142857142857143,0.23809523809523808,13.741496598639454,1.0,0.17073170731707318,9.853658536585366,1.0,0.08641975308641975,4.987654320987653,with_side
cn7,42,1,extratrees,0.4422222222222223,,,fixed_0.5,0.4503101573223524,0.9658150413817921,0.012478874194580363,0.048280720993651514,0.4444444444444444,1.0,0.2857142857142857,0.531187937969423,397,0,5,2,0.7142857142857143,0.0,404,7,77,0.2857142857142857,0.4,23.085714285714285,0.42857142857142855,0.23076923076923078,13.318681318681318,0.5714285714285714,0.19047619047619047,10.993197278911563,1.0,0.17073170731707318,9.853658536585366,1.0,0.08641975308641975,4.987654320987653,with_side
cn7,42,1,extratrees,0.4422222222222223,,,inner_f1,0.4503101573223524,0.9658150413817921,0.012478874194580363,0.048280720993651514,0.4444444444444444,1.0,0.2857142857142857,0.531187937969423,397,0,5,2,0.7142857142857143,0.0,404,7,77,0.2857142857142857,0.4,23.085714285714285,0.42857142857142855,0.23076923076923078,13.318681318681318,0.5714285714285714,0.19047619047619047,10.993197278911563,1.0,0.17073170731707318,9.853658536585366,1.0,0.08641975308641975,4.987654320987653,with_side
cn7,42,1,extratrees_balanced,0.07141285942121257,,,fixed_0.5,0.21316628069477722,0.8911478949262324,0.024331449080222396,0.15290236596608284,0.3,0.23076923076923078,0.42857142857142855,0.2982643066445019,387,10,4,3,0.5714285714285714,0.02518891687657431,404,7,49,0.14285714285714285,0.2,11.542857142857143,0.42857142857142855,0.23076923076923078,13.318681318681318,0.5714285714285714,0.19047619047619047,10.993197278911563,0.8571428571428571,0.14634146341463414,8.445993031358883,0.8571428571428571,0.07407407407407407,4.2751322751322745,with_side
cn7,42,1,extratrees_balanced,0.07141285942121257,,,inner_f1,0.21316628069477722,0.8911478949262324,0.024331449080222396,0.15290236596608284,0.2553191489361702,0.15,0.8571428571428571,0.3370542597075524,363,34,1,6,0.14285714285714285,0.08564231738035265,404,7,49,0.14285714285714285,0.2,11.542857142857143,0.42857142857142855,0.23076923076923078,13.318681318681318,0.5714285714285714,0.19047619047619047,10.993197278911563,0.8571428571428571,0.14634146341463414,8.445993031358883,0.8571428571428571,0.07407407407407407,4.2751322751322745,with_side
cn7,42,1,catboost,0.42209652700495087,,,fixed_0.5,0.474351541315827,0.974091399784095,0.01353483661721258,0.056833126581576965,0.4444444444444444,1.0,0.2857142857142857,0.531187937969423,397,0,5,2,0.7142857142857143,0.0,404,7,404,0.2857142857142857,0.4,23.085714285714285,0.42857142857142855,0.23076923076923078,13.318681318681318,0.7142857142857143,0.23809523809523808,13.741496598639454,1.0,0.17073170731707318,9.853658536585366,1.0,0.08641975308641975,4.987654320987653,with_side
cn7,42,1,catboost,0.42209652700495087,,,inner_f1,0.474351541315827,0.974091399784095,0.01353483661721258,0.056833126581576965,0.4444444444444444,1.0,0.2857142857142857,0.531187937969423,397,0,5,2,0.7142857142857143,0.0,404,7,404,0.2857142857142857,0.4,23.085714285714285,0.42857142857142855,0.23076923076923078,13.318681318681318,0.7142857142857143,0.23809523809523808,13.741496598639454,1.0,0.17073170731707318,9.853658536585366,1.0,0.08641975308641975,4.987654320987653,with_side
cn7,42,1,catboost_balanced,0.7918313162388438,,,fixed_0.5,0.5239598538470719,0.9856063332133862,0.012779683963786748,0.047168841299066885,0.36363636363636365,0.5,0.2857142857142857,0.3699051160639013,395,2,5,2,0.7142857142857143,0.005037783375314861,404,7,404,0.2857142857142857,0.4,23.085714285714285,0.7142857142857143,0.38461538461538464,22.197802197802197,1.0,0.3333333333333333,19.238095238095234,1.0,0.17073170731707318,9.853658536585366,1.0,0.08641975308641975,4.987654320987653,with_side
cn7,42,1,catboost_balanced,0.7918313162388438,,,inner_f1,0.5239598538470719,0.9856063332133862,0.012779683963786748,0.047168841299066885,0.0,0.0,0.0,0.0,397,0,7,0,1.0,0.0,404,7,404,0.2857142857142857,0.4,23.085714285714285,0.7142857142857143,0.38461538461538464,22.197802197802197,1.0,0.3333333333333333,19.238095238095234,1.0,0.17073170731707318,9.853658536585366,1.0,0.08641975308641975,4.987654320987653,with_side
cn7,42,1,lightgbm,0.1200611913653041,,,fixed_0.5,0.26009982081410654,0.9650953580424612,0.01517512764219944,0.05552352471925862,0.0,0.0,0.0,0.0,397,0,7,0,1.0,0.0,404,7,394,0.14285714285714285,0.2,11.542857142857143,0.42857142857142855,0.23076923076923078,13.318681318681318,0.5714285714285714,0.19047619047619047,10.993197278911563,1.0,0.17073170731707318,9.853658536585366,1.0,0.08641975308641975,4.987654320987653,with_side
cn7,42,1,lightgbm,0.1200611913653041,,,inner_f1,0.26009982081410654,0.9650953580424612,0.01517512764219944,0.05552352471925862,0.4,0.375,0.42857142857142855,0.38960181753018763,392,5,4,3,0.5714285714285714,0.012594458438287154,404,7,394,0.14285714285714285,0.2,11.542857142857143,0.42857142857142855,0.23076923076923078,13.318681318681318,0.5714285714285714,0.19047619047619047,10.993197278911563,1.0,0.17073170731707318,9.853658536585366,1.0,0.08641975308641975,4.987654320987653,with_side
cn7,42,1,lightgbm_balanced,0.6361558539709234,,,fixed_0.5,0.41899529042386185,0.9820079165167327,0.017100944425432026,0.06091246223007273,0.5714285714285714,0.42857142857142855,0.8571428571428571,0.5971303091275972,389,8,1,6,0.14285714285714285,0.020151133501259445,404,7,402,0.2857142857142857,0.4,23.085714285714285,0.8571428571428571,0.46153846153846156,26.637362637362635,0.8571428571428571,0.2857142857142857,16.489795918367346,1.0,0.17073170731707318,9.853658536585366,1.0,0.08641975308641975,4.987654320987653,with_side
cn7,42,1,lightgbm_balanced,0.6361558539709234,,,inner_f1,0.41899529042386185,0.9820079165167327,0.017100944425432026,0.06091246223007273,0.18181818181818182,0.25,0.14285714285714285,0.17831323543593192,394,3,6,1,0.8571428571428571,0.007556675062972292,404,7,402,0.2857142857142857,0.4,23.085714285714285,0.8571428571428571,0.46153846153846156,26.637362637362635,0.8571428571428571,0.2857142857142857,16.489795918367346,1.0,0.17073170731707318,9.853658536585366,1.0,0.08641975308641975,4.987654320987653,with_side
cn7,42,2,dummy_prior,0.5,,,fixed_0.5,0.01240694789081886,0.5,0.012258991297257629,0.06700620438957076,0.0,0.0,0.0,0.0,398,0,5,0,1.0,0.0,403,5,1,0.0,0.0,0.0,0.0,0.0,0.0,0.0,0.0,0.0,0.0,0.0,0.0,0.0,0.0,0.0,with_side
cn7,42,2,dummy_prior,0.5,,,inner_f1,0.01240694789081886,0.5,0.012258991297257629,0.06700620438957076,0.0,0.0,0.0,0.0,398,0,5,0,1.0,0.0,403,5,1,0.0,0.0,0.0,0.0,0.0,0.0,0.0,0.0,0.0,0.0,0.0,0.0,0.0,0.0,0.0,with_side
cn7,42,2,logistic,0.7589361952103026,,,fixed_0.5,0.48661338661338666,0.9643216080402011,0.008280579295050373,0.03616928412549737,0.5714285714285714,1.0,0.4,0.6300852968422277,398,0,3,2,0.6,0.0,403,5,403,0.4,0.4,32.24,0.4,0.15384615384615385,12.4,0.4,0.09523809523809523,7.676190476190476,1.0,0.12195121951219512,9.829268292682926,1.0,0.06172839506172839,4.975308641975308,with_side
cn7,42,2,logistic,0.7589361952103026,,,inner_f1,0.48661338661338666,0.9643216080402011,0.008280579295050373,0.03616928412549737,0.5714285714285714,1.0,0.4,0.6300852968422277,398,0,3,2,0.6,0.0,403,5,403,0.4,0.4,32.24,0.4,0.15384615384615385,12.4,0.4,0.09523809523809523,7.676190476190476,1.0,0.12195121951219512,9.829268292682926,1.0,0.06172839506172839,4.975308641975308,with_side
cn7,42,2,logistic_balanced,0.9632708053665926,,,fixed_0.5,0.491962091962092,0.9658291457286432,0.033063027258451526,0.10473307098946431,0.18181818181818182,0.11764705882352941,0.4,0.19952191913535977,383,15,3,2,0.6,0.03768844221105527,403,5,403,0.4,0.4,32.24,0.4,0.15384615384615385,12.4,0.6,0.14285714285714285,11.514285714285712,1.0,0.12195121951219512,9.829268292682926,1.0,0.06172839506172839,4.975308641975308,with_side
cn7,42,2,logistic_balanced,0.9632708053665926,,,inner_f1,0.491962091962092,0.9658291457286432,0.033063027258451526,0.10473307098946431,0.5,0.6666666666666666,0.4,0.511869582034062,397,1,3,2,0.6,0.002512562814070352,403,5,403,0.4,0.4,32.24,0.4,0.15384615384615385,12.4,0.6,0.14285714285714285,11.514285714285712,1.0,0.12195121951219512,9.829268292682926,1.0,0.06172839506172839,4.975308641975308,with_side
cn7,42,2,xgboost,0.09458434581756592,,,fixed_0.5,0.055005835667600374,0.8663316582914573,0.012333340833886812,0.059716159023625794,0.0,0.0,0.0,0.0,398,0,5,0,1.0,0.0,403,5,305,0.0,0.0,0.0,0.0,0.0,0.0,0.2,0.047619047619047616,3.838095238095238,0.2,0.024390243902439025,1.9658536585365853,0.8,0.04938271604938271,3.9802469135802463,with_side
cn7,42,2,xgboost,0.09458434581756592,,,inner_f1,0.055005835667600374,0.8663316582914573,0.012333340833886812,0.059716159023625794,0.09523809523809523,0.0625,0.2,0.09201539828535892,383,15,4,1,0.8,0.03768844221105527,403,5,305,0.0,0.0,0.0,0.0,0.0,0.0,0.2,0.047619047619047616,3.838095238095238,0.2,0.024390243902439025,1.9658536585365853,0.8,0.04938271604938271,3.9802469135802463,with_side
cn7,42,2,xgboost_balanced,0.5887489318847656,,,fixed_0.5,0.15790123456790126,0.9407035175879398,0.022114073311706638,0.07631033082937223,0.23529411764705882,0.16666666666666666,0.4,0.24413682234285097,388,10,3,2,0.6,0.02512562814070352,403,5,403,0.0,0.0,0.0,0.4,0.15384615384615385,12.4,0.8,0.19047619047619047,15.352380952380951,0.8,0.0975609756097561,7.863414634146341,1.0,0.06172839506172839,4.975308641975308,with_side
cn7,42,2,xgboost_balanced,0.5887489318847656,,,inner_f1,0.15790123456790126,0.9407035175879398,0.022114073311706638,0.07631033082937223,0.14285714285714285,0.1111111111111111,0.2,0.13476810533922254,390,8,4,1,0.8,0.020100502512562814,403,5,403,0.0,0.0,0.0,0.4,0.15384615384615385,12.4,0.8,0.19047619047619047,15.352380952380951,0.8,0.0975609756097561,7.863414634146341,1.0,0.06172839506172839,4.975308641975308,with_side
cn7,42,2,extratrees,0.1396666666666667,,,fixed_0.5,0.4627755072252226,0.8610552763819096,0.01031692490642777,0.11875473243236112,0.5714285714285714,1.0,0.4,0.6300852968422277,398,0,3,2,0.6,0.0,403,5,46,0.4,0.4,32.24,0.4,0.15384615384615385,12.4,0.6,0.14285714285714285,11.514285714285712,0.8,0.0975609756097561,7.863414634146341,0.8,0.04938271604938271,3.9802469135802463,with_side
cn7,42,2,extratrees,0.1396666666666667,,,inner_f1,0.4627755072252226,0.8610552763819096,0.01031692490642777,0.11875473243236112,0.2608695652173913,0.16666666666666666,0.6,0.3013262251502898,383,15,2,3,0.4,0.03768844221105527,403,5,46,0.4,0.4,32.24,0.4,0.15384615384615385,12.4,0.6,0.14285714285714285,11.514285714285712,0.8,0.0975609756097561,7.863414634146341,0.8,0.04938271604938271,3.9802469135802463,with_side
cn7,42,2,extratrees_balanced,0.7183517054068252,,,fixed_0.5,0.20304218657159834,0.9608040201005025,0.021623912948368632,0.06993573329839926,0.4444444444444444,0.3076923076923077,0.8,0.48703457789668453,389,9,1,4,0.2,0.022613065326633167,403,5,65,0.0,0.0,0.0,0.8,0.3076923076923077,24.8,0.8,0.19047619047619047,15.352380952380951,0.8,0.0975609756097561,7.863414634146341,1.0,0.06172839506172839,4.975308641975308,with_side
cn7,42,2,extratrees_balanced,0.7183517054068252,,,inner_f1,0.20304218657159834,0.9608040201005025,0.021623912948368632,0.06993573329839926,0.0,0.0,0.0,-0.01256281407035176,393,5,5,0,1.0,0.01256281407035176,403,5,65,0.0,0.0,0.0,0.8,0.3076923076923077,24.8,0.8,0.19047619047619047,15.352380952380951,0.8,0.0975609756097561,7.863414634146341,1.0,0.06172839506172839,4.975308641975308,with_side
cn7,42,2,catboost,0.07579922417551675,,,fixed_0.5,0.5459259259259259,0.9311557788944724,0.007540344786969846,0.038239084801135206,0.5714285714285714,1.0,0.4,0.6300852968422277,398,0,3,2,0.6,0.0,403,5,403,0.6,0.6,48.35999999999999,0.6,0.23076923076923078,18.6,0.6,0.14285714285714285,11.514285714285712,0.6,0.07317073170731707,5.897560975609755,0.8,0.04938271604938271,3.9802469135802463,with_side
cn7,42,2,catboost,0.07579922417551675,,,inner_f1,0.5459259259259259,0.9311557788944724,0.007540344786969846,0.038239084801135206,0.35294117647058826,0.25,0.6,0.3760230681929434,389,9,2,3,0.4,0.022613065326633167,403,5,403,0.6,0.6,48.35999999999999,0.6,0.23076923076923078,18.6,0.6,0.14285714285714285,11.514285714285712,0.6,0.07317073170731707,5.897560975609755,0.8,0.04938271604938271,3.9802469135802463,with_side
cn7,42,2,catboost_balanced,0.22853357837033347,,,fixed_0.5,0.523030303030303,0.9597989949748744,0.019620146085421192,0.06759045850682524,0.26666666666666666,0.2,0.4,0.2703329490340776,390,8,3,2,0.6,0.020100502512562814,403,5,403,0.4,0.4,32.24,0.6,0.23076923076923078,18.6,0.8,0.19047619047619047,15.352380952380951,0.8,0.0975609756097561,7.863414634146341,1.0,0.06172839506172839,4.975308641975308,with_side
cn7,42,2,catboost_balanced,0.22853357837033347,,,inner_f1,0.523030303030303,0.9597989949748744,0.019620146085421192,0.06759045850682524,0.3076923076923077,0.19047619047619047,0.8,0.37717715927958223,381,17,1,4,0.2,0.04271356783919598,403,5,403,0.4,0.4,32.24,0.6,0.23076923076923078,18.6,0.8,0.19047619047619047,15.352380952380951,0.8,0.0975609756097561,7.863414634146341,1.0,0.06172839506172839,4.975308641975308,with_side
cn7,42,2,lightgbm,0.02766934660842215,,,fixed_0.5,0.12096856631740353,0.9291457286432161,0.012640466598922684,0.05204880510855501,0.0,0.0,0.0,0.0,398,0,5,0,1.0,0.0,403,5,399,0.0,0.0,0.0,0.2,0.07692307692307693,6.2,0.6,0.14285714285714285,11.514285714285712,0.8,0.0975609756097561,7.863414634146341,0.8,0.04938271604938271,3.9802469135802463,with_side
cn7,42,2,lightgbm,0.02766934660842215,,,inner_f1,0.12096856631740353,0.9291457286432161,0.012640466598922684,0.05204880510855501,0.21052631578947367,0.12121212121212122,0.8,0.2935514033754271,369,29,1,4,0.2,0.0728643216080402,403,5,399,0.0,0.0,0.0,0.2,0.07692307692307693,6.2,0.6,0.14285714285714285,11.514285714285712,0.8,0.0975609756097561,7.863414634146341,0.8,0.04938271604938271,3.9802469135802463,with_side
cn7,42,2,lightgbm_balanced,0.7608547115989,,,fixed_0.5,0.18698660494435146,0.9497487437185931,0.025363055556281183,0.08648975680323681,0.4444444444444444,0.3076923076923077,0.8,0.48703457789668453,389,9,1,4,0.2,0.022613065326633167,403,5,401,0.0,0.0,0.0,0.8,0.3076923076923077,24.8,0.8,0.19047619047619047,15.352380952380951,0.8,0.0975609756097561,7.863414634146341,1.0,0.06172839506172839,4.975308641975308,with_side
cn7,42,2,lightgbm_balanced,0.7608547115989,,,inner_f1,0.18698660494435146,0.9497487437185931,0.025363055556281183,0.08648975680323681,0.0,0.0,0.0,-0.01377919473744272,392,6,5,0,1.0,0.01507537688442211,403,5,401,0.0,0.0,0.0,0.8,0.3076923076923077,24.8,0.8,0.19047619047619047,15.352380952380951,0.8,0.0975609756097561,7.863414634146341,1.0,0.06172839506172839,4.975308641975308,with_side
cn7,1729,0,dummy_prior,0.5,,,fixed_0.5,0.007425742574257425,0.5,0.007469056146780503,0.04747643098178093,0.0,0.0,0.0,0.0,401,0,3,0,1.0,0.0,404,3,1,0.0,0.0,0.0,0.0,0.0,0.0,0.0,0.0,0.0,0.0,0.0,0.0,0.3333333333333333,0.012345679012345678,1.662551440329218,with_side
cn7,1729,0,dummy_prior,0.5,,,inner_f1,0.007425742574257425,0.5,0.007469056146780503,0.04747643098178093,0.0,0.0,0.0,0.0,401,0,3,0,1.0,0.0,404,3,1,0.0,0.0,0.0,0.0,0.0,0.0,0.0,0.0,0.0,0.0,0.0,0.0,0.3333333333333333,0.012345679012345678,1.662551440329218,with_side
cn7,1729,0,logistic,0.09595862644872839,,,fixed_0.5,0.7222222222222222,0.9875311720698254,0.004868996729018661,0.01965892898727564,0.6666666666666666,0.6666666666666666,0.6666666666666666,0.6641729010806318,400,1,1,2,0.3333333333333333,0.0024937655860349127,404,3,404,0.6666666666666666,0.4,53.866666666666674,0.6666666666666666,0.15384615384615385,20.71794871794872,1.0,0.14285714285714285,19.238095238095237,1.0,0.07317073170731707,9.853658536585366,1.0,0.037037037037037035,4.987654320987654,with_side
cn7,1729,0,logistic,0.09595862644872839,,,inner_f1,0.7222222222222222,0.9875311720698254,0.004868996729018661,0.01965892898727564,0.3076923076923077,0.2,0.6666666666666666,0.35735402033919406,393,8,1,2,0.3333333333333333,0.0199501246882793,404,3,404,0.6666666666666666,0.4,53.866666666666674,0.6666666666666666,0.15384615384615385,20.71794871794872,1.0,0.14285714285714285,19.238095238095237,1.0,0.07317073170731707,9.853658536585366,1.0,0.037037037037037035,4.987654320987654,with_side
cn7,1729,0,logistic_balanced,0.7961942728619567,,,fixed_0.5,0.6555555555555554,0.9933499584372402,0.02631599611638319,0.09647868111839243,0.3157894736842105,0.1875,1.0,0.425935965121566,388,13,0,3,0.0,0.032418952618453865,404,3,404,0.6666666666666666,0.4,53.866666666666674,1.0,0.23076923076923078,31.07692307692308,1.0,0.14285714285714285,19.238095238095237,1.0,0.07317073170731707,9.853658536585366,1.0,0.037037037037037035,4.987654320987654,with_side
cn7,1729,0,logistic_balanced,0.7961942728619567,,,inner_f1,0.6555555555555554,0.9933499584372402,0.02631599611638319,0.09647868111839243,0.4,0.25,1.0,0.49435718608251406,392,9,0,3,0.0,0.022443890274314215,404,3,404,0.6666666666666666,0.4,53.866666666666674,1.0,0.23076923076923078,31.07692307692308,1.0,0.14285714285714285,19.238095238095237,1.0,0.07317073170731707,9.853658536585366,1.0,0.037037037037037035,4.987654320987654,with_side
cn7,1729,0,xgboost,0.05635088309645653,,,fixed_0.5,0.25757575757575757,0.9858686616791356,0.006706616640408224,0.03207214599845835,0.0,0.0,0.0,0.0,401,0,3,0,1.0,0.0,404,3,354,0.3333333333333333,0.2,26.933333333333337,1.0,0.23076923076923078,31.07692307692308,1.0,0.14285714285714285,19.238095238095237,1.0,0.07317073170731707,9.853658536585366,1.0,0.037037037037037035,4.987654320987654,with_side
cn7,1729,0,xgboost,0.05635088309645653,,,inner_f1,0.25757575757575757,0.9858686616791356,0.006706616640408224,0.03207214599845835,0.2608695652173913,0.15,1.0,0.3789998651129192,384,17,0,3,0.0,0.04239401496259352,404,3,354,0.3333333333333333,0.2,26.933333333333337,1.0,0.23076923076923078,31.07692307692308,1.0,0.14285714285714285,19.238095238095237,1.0,0.07317073170731707,9.853658536585366,1.0,0.037037037037037035,4.987654320987654,with_side
cn7,1729,0,xgboost_balanced,0.38253864645957947,,,fixed_0.5,0.8055555555555556,0.9983374896093101,0.008817939533924155,0.03919792291794152,0.6666666666666666,0.5,1.0,0.7044567776811772,398,3,0,3,0.0,0.007481296758104738,404,3,403,1.0,0.6,80.8,1.0,0.23076923076923078,31.07692307692308,1.0,0.14285714285714285,19.238095238095237,1.0,0.07317073170731707,9.853658536585366,1.0,0.037037037037037035,4.987654320987654,with_side
cn7,1729,0,xgboost_balanced,0.38253864645957947,,,inner_f1,0.8055555555555556,0.9983374896093101,0.008817939533924155,0.03919792291794152,0.42857142857142855,0.2727272727272727,1.0,0.5169974174311409,393,8,0,3,0.0,0.0199501246882793,404,3,403,1.0,0.6,80.8,1.0,0.23076923076923078,31.07692307692308,1.0,0.14285714285714285,19.238095238095237,1.0,0.07317073170731707,9.853658536585366,1.0,0.037037037037037035,4.987654320987654,with_side
cn7,1729,0,extratrees,0.41,,,fixed_0.5,0.7380952380952381,0.9908561928512053,0.004946400570228858,0.01953125397261338,0.5714285714285714,0.5,0.6666666666666666,0.5737467820463675,399,2,1,2,0.3333333333333333,0.004987531172069825,404,3,67,0.6666666666666666,0.4,53.866666666666674,0.6666666666666666,0.15384615384615385,20.71794871794872,1.0,0.14285714285714285,19.238095238095237,1.0,0.07317073170731707,9.853658536585366,1.0,0.037037037037037035,4.987654320987654,with_side
cn7,1729,0,extratrees,0.41,,,inner_f1,0.7380952380952381,0.9908561928512053,0.004946400570228858,0.01953125397261338,0.5714285714285714,0.5,0.6666666666666666,0.5737467820463675,399,2,1,2,0.3333333333333333,0.004987531172069825,404,3,67,0.6666666666666666,0.4,53.866666666666674,0.6666666666666666,0.15384615384615385,20.71794871794872,1.0,0.14285714285714285,19.238095238095237,1.0,0.07317073170731707,9.853658536585366,1.0,0.037037037037037035,4.987654320987654,with_side
cn7,1729,0,extratrees_balanced,0.03278186098946726,,,fixed_0.5,0.6666666666666667,0.9958437240232751,0.014766759836892135,0.04683855579987868,0.46153846153846156,0.3,1.0,0.5429208895127602,394,7,0,3,0.0,0.017456359102244388,404,3,59,0.6666666666666666,0.4,53.866666666666674,1.0,0.23076923076923078,31.07692307692308,1.0,0.14285714285714285,19.238095238095237,1.0,0.07317073170731707,9.853658536585366,1.0,0.037037037037037035,4.987654320987654,with_side
cn7,1729,0,extratrees_balanced,0.03278186098946726,,,inner_f1,0.6666666666666667,0.9958437240232751,0.014766759836892135,0.04683855579987868,0.14634146341463414,0.07894736842105263,1.0,0.268433791379508,366,35,0,3,0.0,0.08728179551122195,404,3,59,0.6666666666666666,0.4,53.866666666666674,1.0,0.23076923076923078,31.07692307692308,1.0,0.14285714285714285,19.238095238095237,1.0,0.07317073170731707,9.853658536585366,1.0,0.037037037037037035,4.987654320987654,with_side
cn7,1729,0,catboost,0.38428628466878295,,,fixed_0.5,0.8095238095238095,0.99667497921862,0.0025602208344360404,0.01365449641318503,0.8,1.0,0.6666666666666666,0.8154804055732814,401,0,1,2,0.3333333333333333,0.0,404,3,404,0.6666666666666666,0.4,53.866666666666674,1.0,0.23076923076923078,31.07692307692308,1.0,0.14285714285714285,19.238095238095237,1.0,0.07317073170731707,9.853658536585366,1.0,0.037037037037037035,4.987654320987654,with_side
cn7,1729,0,catboost,0.38428628466878295,,,inner_f1,0.8095238095238095,0.99667497921862,0.0025602208344360404,0.01365449641318503,0.8,1.0,0.6666666666666666,0.8154804055732814,401,0,1,2,0.3333333333333333,0.0,404,3,404,0.6666666666666666,0.4,53.866666666666674,1.0,0.23076923076923078,31.07692307692308,1.0,0.14285714285714285,19.238095238095237,1.0,0.07317073170731707,9.853658536585366,1.0,0.037037037037037035,4.987654320987654,with_side
cn7,1729,0,catboost_balanced,0.33020953020611093,,,fixed_0.5,0.7666666666666666,0.9941812136325852,0.012914525516428063,0.04739656653457417,0.4,0.25,1.0,0.49435718608251406,392,9,0,3,0.0,0.022443890274314215,404,3,404,0.6666666666666666,0.4,53.866666666666674,1.0,0.23076923076923078,31.07692307692308,1.0,0.14285714285714285,19.238095238095237,1.0,0.07317073170731707,9.853658536585366,1.0,0.037037037037037035,4.987654320987654,with_side
cn7,1729,0,catboost_balanced,0.33020953020611093,,,inner_f1,0.7666666666666666,0.9941812136325852,0.012914525516428063,0.04739656653457417,0.3333333333333333,0.2,1.0,0.4404712959927312,389,12,0,3,0.0,0.029925187032418952,404,3,404,0.6666666666666666,0.4,53.866666666666674,1.0,0.23076923076923078,31.07692307692308,1.0,0.14285714285714285,19.238095238095237,1.0,0.07317073170731707,9.853658536585366,1.0,0.037037037037037035,4.987654320987654,with_side
cn7,1729,0,lightgbm,0.058167901321896635,,,fixed_0.5,0.625,0.9941812136325852,0.005095627602472723,0.020048342168087843,0.0,0.0,0.0,0.0,401,0,3,0,1.0,0.0,404,3,404,0.6666666666666666,0.4,53.866666666666674,1.0,0.23076923076923078,31.07692307692308,1.0,0.14285714285714285,19.238095238095237,1.0,0.07317073170731707,9.853658536585366,1.0,0.037037037037037035,4.987654320987654,with_side
cn7,1729,0,lightgbm,0.058167901321896635,,,inner_f1,0.625,0.9941812136325852,0.005095627602472723,0.020048342168087843,0.3333333333333333,0.2,1.0,0.4404712959927312,389,12,0,3,0.0,0.029925187032418952,404,3,404,0.6666666666666666,0.4,53.866666666666674,1.0,0.23076923076923078,31.07692307692308,1.0,0.14285714285714285,19.238095238095237,1.0,0.07317073170731707,9.853658536585366,1.0,0.037037037037037035,4.987654320987654,with_side
cn7,1729,0,lightgbm_balanced,0.41175194893418005,,,fixed_0.5,0.8095238095238095,0.99667497921862,0.01191515901829678,0.04830028844704039,0.5,0.3333333333333333,1.0,0.5730146613842123,395,6,0,3,0.0,0.014962593516209476,404,3,402,0.6666666666666666,0.4,53.866666666666674,1.0,0.23076923076923078,31.07692307692308,1.0,0.14285714285714285,19.238095238095237,1.0,0.07317073170731707,9.853658536585366,1.0,0.037037037037037035,4.987654320987654,with_side
cn7,1729,0,lightgbm_balanced,0.41175194893418005,,,inner_f1,0.8095238095238095,0.99667497921862,0.01191515901829678,0.04830028844704039,0.4,0.25,1.0,0.49435718608251406,392,9,0,3,0.0,0.022443890274314215,404,3,402,0.6666666666666666,0.4,53.866666666666674,1.0,0.23076923076923078,31.07692307692308,1.0,0.14285714285714285,19.238095238095237,1.0,0.07317073170731707,9.853658536585366,1.0,0.037037037037037035,4.987654320987654,with_side
cn7,1729,1,dummy_prior,0.5,,,fixed_0.5,0.024752475247524754,0.5,0.024398304315444184,0.12600653413203663,0.0,0.0,0.0,0.0,394,0,10,0,1.0,0.0,404,10,1,0.0,0.0,0.0,0.0,0.0,0.0,0.0,0.0,0.0,0.1,0.024390243902439025,0.9853658536585366,0.2,0.024691358024691357,0.9975308641975308,with_side
cn7,1729,1,dummy_prior,0.5,,,inner_f1,0.024752475247524754,0.5,0.024398304315444184,0.12600653413203663,0.0,0.0,0.0,0.0,394,0,10,0,1.0,0.0,404,10,1,0.0,0.0,0.0,0.0,0.0,0.0,0.0,0.0,0.0,0.1,0.024390243902439025,0.9853658536585366,0.2,0.024691358024691357,0.9975308641975308,with_side
cn7,1729,1,logistic,0.26166060836692856,,,fixed_0.5,0.39893457496905776,0.9251269035532994,0.018906129161103416,0.09177694726000561,0.3333333333333333,1.0,0.2,0.4427413471740723,394,0,8,2,0.8,0.0,404,10,404,0.3,0.6,24.24,0.3,0.23076923076923078,9.323076923076924,0.4,0.19047619047619047,7.6952380952380945,0.8,0.1951219512195122,7.882926829268293,0.9,0.1111111111111111,4.488888888888888,with_side
cn7,1729,1,logistic,0.26166060836692856,,,inner_f1,0.39893457496905776,0.9251269035532994,0.018906129161103416,0.09177694726000561,0.3333333333333333,1.0,0.2,0.4427413471740723,394,0,8,2,0.8,0.0,404,10,404,0.3,0.6,24.24,0.3,0.23076923076923078,9.323076923076924,0.4,0.19047619047619047,7.6952380952380945,0.8,0.1951219512195122,7.882926829268293,0.9,0.1111111111111111,4.488888888888888,with_side
cn7,1729,1,logistic_balanced,0.9999654133393382,,,fixed_0.5,0.42260527120302993,0.9159898477157361,0.030043764208392606,0.11143192545767981,0.2857142857142857,0.2727272727272727,0.3,0.26701820115993996,386,8,7,3,0.7,0.02030456852791878,404,10,404,0.3,0.6,24.24,0.4,0.3076923076923077,12.430769230769231,0.4,0.19047619047619047,7.6952380952380945,0.7,0.17073170731707318,6.897560975609756,0.8,0.09876543209876543,3.990123456790123,with_side
cn7,1729,1,logistic_balanced,0.9999654133393382,,,inner_f1,0.42260527120302993,0.9159898477157361,0.030043764208392606,0.11143192545767981,0.3333333333333333,1.0,0.2,0.4427413471740723,394,0,8,2,0.8,0.0,404,10,404,0.3,0.6,24.24,0.4,0.3076923076923077,12.430769230769231,0.4,0.19047619047619047,7.6952380952380945,0.7,0.17073170731707318,6.897560975609756,0.8,0.09876543209876543,3.990123456790123,with_side
cn7,1729,1,xgboost,0.020086010918021202,,,fixed_0.5,0.15398186162336788,0.9149746192893401,0.023661753144258273,0.10262908152932777,0.0,0.0,0.0,0.0,394,0,10,0,1.0,0.0,404,10,62,0.1,0.2,8.08,0.2,0.15384615384615385,6.2153846153846155,0.3,0.14285714285714285,5.7714285714285705,0.6,0.14634146341463414,5.9121951219512185,0.9,0.1111111111111111,4.488888888888888,with_side
cn7,1729,1,xgboost,0.020086010918021202,,,inner_f1,0.15398186162336788,0.9149746192893401,0.023661753144258273,0.10262908152932777,0.2692307692307692,0.16666666666666666,0.7,0.3111210825012367,359,35,3,7,0.3,0.08883248730964467,404,10,62,0.1,0.2,8.08,0.2,0.15384615384615385,6.2153846153846155,0.3,0.14285714285714285,5.7714285714285705,0.6,0.14634146341463414,5.9121951219512185,0.9,0.1111111111111111,4.488888888888888,with_side
cn7,1729,1,xgboost_balanced,0.6547686457633972,,,fixed_0.5,0.16060685964577787,0.8501269035532995,0.03177415175756382,0.11021872705434717,0.19047619047619047,0.18181818181818182,0.2,0.16912768095248465,385,9,8,2,0.8,0.02284263959390863,404,10,267,0.0,0.0,0.0,0.2,0.15384615384615385,6.2153846153846155,0.3,0.14285714285714285,5.7714285714285705,0.7,0.17073170731707318,6.897560975609756,0.9,0.1111111111111111,4.488888888888888,with_side
cn7,1729,1,xgboost_balanced,0.6547686457633972,,,inner_f1,0.16060685964577787,0.8501269035532995,0.03177415175756382,0.11021872705434717,0.0,0.0,0.0,-0.019560771426312393,388,6,10,0,1.0,0.015228426395939087,404,10,267,0.0,0.0,0.0,0.2,0.15384615384615385,6.2153846153846155,0.3,0.14285714285714285,5.7714285714285705,0.7,0.17073170731707318,6.897560975609756,0.9,0.1111111111111111,4.488888888888888,with_side
cn7,1729,1,extratrees,0.45111111111111124,,,fixed_0.5,0.29572785228306425,0.8190355329949239,0.02040238509962107,0.2560443281408981,0.3333333333333333,1.0,0.2,0.4427413471740723,394,0,8,2,0.8,0.0,404,10,43,0.2,0.4,16.16,0.3,0.23076923076923078,9.323076923076924,0.3,0.14285714285714285,5.7714285714285705,0.5,0.12195121951219512,4.926829268292683,0.8,0.09876543209876543,3.990123456790123,with_side
cn7,1729,1,extratrees,0.45111111111111124,,,inner_f1,0.29572785228306425,0.8190355329949239,0.02040238509962107,0.2560443281408981,0.3333333333333333,1.0,0.2,0.4427413471740723,394,0,8,2,0.8,0.0,404,10,43,0.2,0.4,16.16,0.3,0.23076923076923078,9.323076923076924,0.3,0.14285714285714285,5.7714285714285705,0.5,0.12195121951219512,4.926829268292683,0.8,0.09876543209876543,3.990123456790123,with_side
cn7,1729,1,extratrees_balanced,0.4429959385702265,,,fixed_0.5,0.3562474312060042,0.8941624365482235,0.023394356570189397,0.16406341946261752,0.26666666666666666,0.4,0.2,0.27036448654906003,391,3,8,2,0.8,0.007614213197969543,404,10,59,0.2,0.4,16.16,0.3,0.23076923076923078,9.323076923076924,0.4,0.19047619047619047,7.6952380952380945,0.7,0.17073170731707318,6.897560975609756,0.9,0.1111111111111111,4.488888888888888,with_side
cn7,1729,1,extratrees_balanced,0.4429959385702265,,,inner_f1,0.3562474312060042,0.8941624365482235,0.023394356570189397,0.16406341946261752,0.3,0.3,0.3,0.28223350253807106,387,7,7,3,0.7,0.017766497461928935,404,10,59,0.2,0.4,16.16,0.3,0.23076923076923078,9.323076923076924,0.4,0.19047619047619047,7.6952380952380945,0.7,0.17073170731707318,6.897560975609756,0.9,0.1111111111111111,4.488888888888888,with_side
cn7,1729,1,catboost,0.7486307982887394,,,fixed_0.5,0.3050622217530072,0.8901015228426397,0.02071140537433442,0.11565051916305402,0.3333333333333333,1.0,0.2,0.4427413471740723,394,0,8,2,0.8,0.0,404,10,404,0.2,0.4,16.16,0.3,0.23076923076923078,9.323076923076924,0.3,0.14285714285714285,5.7714285714285705,0.5,0.12195121951219512,4.926829268292683,0.7,0.08641975308641975,3.491358024691358,with_side
cn7,1729,1,catboost,0.7486307982887394,,,inner_f1,0.3050622217530072,0.8901015228426397,0.02071140537433442,0.11565051916305402,0.0,0.0,0.0,0.0,394,0,10,0,1.0,0.0,404,10,404,0.2,0.4,16.16,0.3,0.23076923076923078,9.323076923076924,0.3,0.14285714285714285,5.7714285714285705,0.5,0.12195121951219512,4.926829268292683,0.7,0.08641975308641975,3.491358024691358,with_side
cn7,1729,1,catboost_balanced,0.4970160580813185,,,fixed_0.5,0.42377429158501256,0.951522842639594,0.01872386491953319,0.06839989144362556,0.3333333333333333,1.0,0.2,0.4427413471740723,394,0,8,2,0.8,0.0,404,10,404,0.3,0.6,24.24,0.4,0.3076923076923077,12.430769230769231,0.4,0.19047619047619047,7.6952380952380945,0.8,0.1951219512195122,7.882926829268293,1.0,0.12345679012345678,4.987654320987653,with_side
cn7,1729,1,catboost_balanced,0.4970160580813185,,,inner_f1,0.42377429158501256,0.951522842639594,0.01872386491953319,0.06839989144362556,0.3333333333333333,1.0,0.2,0.4427413471740723,394,0,8,2,0.8,0.0,404,10,404,0.3,0.6,24.24,0.4,0.3076923076923077,12.430769230769231,0.4,0.19047619047619047,7.6952380952380945,0.8,0.1951219512195122,7.882926829268293,1.0,0.12345679012345678,4.987654320987653,with_side
cn7,1729,1,lightgbm,0.25801256150179896,,,fixed_0.5,0.19394950067828925,0.923984771573604,0.023681222527927776,0.10233682761089101,0.0,0.0,0.0,0.0,394,0,10,0,1.0,0.0,404,10,167,0.1,0.2,8.08,0.2,0.15384615384615385,6.2153846153846155,0.5,0.23809523809523808,9.619047619047619,0.8,0.1951219512195122,7.882926829268293,0.9,0.1111111111111111,4.488888888888888,with_side
cn7,1729,1,lightgbm,0.25801256150179896,,,inner_f1,0.19394950067828925,0.923984771573604,0.023681222527927776,0.10233682761089101,0.0,0.0,0.0,-0.01123709002979879,392,2,10,0,1.0,0.005076142131979695,404,10,167,0.1,0.2,8.08,0.2,0.15384615384615385,6.2153846153846155,0.5,0.23809523809523808,9.619047619047619,0.8,0.1951219512195122,7.882926829268293,0.9,0.1111111111111111,4.488888888888888,with_side
cn7,1729,1,lightgbm_balanced,0.6712076463812908,,,fixed_0.5,0.22064517928624916,0.9284263959390863,0.028262677013152077,0.09591354390948448,0.0,0.0,0.0,-0.019560771426312393,388,6,10,0,1.0,0.015228426395939087,404,10,180,0.0,0.0,0.0,0.4,0.3076923076923077,12.430769230769231,0.5,0.23809523809523808,9.619047619047619,0.8,0.1951219512195122,7.882926829268293,0.9,0.1111111111111111,4.488888888888888,with_side
cn7,1729,1,lightgbm_balanced,0.6712076463812908,,,inner_f1,0.22064517928624916,0.9284263959390863,0.028262677013152077,0.09591354390948448,0.0,0.0,0.0,-0.019560771426312393,388,6,10,0,1.0,0.015228426395939087,404,10,180,0.0,0.0,0.0,0.4,0.3076923076923077,12.430769230769231,0.5,0.23809523809523808,9.619047619047619,0.8,0.1951219512195122,7.882926829268293,0.9,0.1111111111111111,4.488888888888888,with_side
cn7,1729,2,dummy_prior,0.5,,,fixed_0.5,0.009925558312655087,0.5,0.009865030960814184,0.05704766354113369,0.0,0.0,0.0,0.0,399,0,4,0,1.0,0.0,403,4,1,0.0,0.0,0.0,0.0,0.0,0.0,0.0,0.0,0.0,0.0,0.0,0.0,0.0,0.0,0.0,with_side
cn7,1729,2,dummy_prior,0.5,,,inner_f1,0.009925558312655087,0.5,0.009865030960814184,0.05704766354113369,0.0,0.0,0.0,0.0,399,0,4,0,1.0,0.0,403,4,1,0.0,0.0,0.0,0.0,0.0,0.0,0.0,0.0,0.0,0.0,0.0,0.0,0.0,0.0,0.0,with_side
cn7,1729,2,logistic,0.8648454110093111,,,fixed_0.5,0.5669642857142857,0.9718045112781954,0.005859339896453049,0.026672732540310603,0.6666666666666666,1.0,0.5,0.7053412184283328,399,0,2,2,0.5,0.0,403,4,403,0.5,0.4,40.300000000000004,0.5,0.15384615384615385,15.5,0.5,0.09523809523809523,9.595238095238095,1.0,0.0975609756097561,9.829268292682928,1.0,0.04938271604938271,4.9753086419753085,with_side
cn7,1729,2,logistic,0.8648454110093111,,,inner_f1,0.5669642857142857,0.9718045112781954,0.005859339896453049,0.026672732540310603,0.6666666666666666,1.0,0.5,0.7053412184283328,399,0,2,2,0.5,0.0,403,4,403,0.5,0.4,40.300000000000004,0.5,0.15384615384615385,15.5,0.5,0.09523809523809523,9.595238095238095,1.0,0.0975609756097561,9.829268292682928,1.0,0.04938271604938271,4.9753086419753085,with_side
cn7,1729,2,logistic_balanced,0.9957447039208298,,,fixed_0.5,0.558277027027027,0.9661654135338347,0.0322429049688689,0.1037782729342482,0.18181818181818182,0.1111111111111111,0.5,0.2207054202901891,383,16,2,2,0.5,0.040100250626566414,403,4,403,0.5,0.4,40.300000000000004,0.5,0.15384615384615385,15.5,0.5,0.09523809523809523,9.595238095238095,1.0,0.0975609756097561,9.829268292682928,1.0,0.04938271604938271,4.9753086419753085,with_side
cn7,1729,2,logistic_balanced,0.9957447039208298,,,inner_f1,0.558277027027027,0.9661654135338347,0.0322429049688689,0.1037782729342482,0.4,1.0,0.25,0.4981308345788373,399,0,3,1,0.75,0.0,403,4,403,0.5,0.4,40.300000000000004,0.5,0.15384615384615385,15.5,0.5,0.09523809523809523,9.595238095238095,1.0,0.0975609756097561,9.829268292682928,1.0,0.04938271604938271,4.9753086419753085,with_side
cn7,1729,2,xgboost,0.048416558653116226,,,fixed_0.5,0.059561425682507586,0.8916040100250626,0.010078957949558648,0.04815526561159056,0.0,0.0,0.0,0.0,399,0,4,0,1.0,0.0,403,4,305,0.0,0.0,0.0,0.0,0.0,0.0,0.25,0.047619047619047616,4.7976190476190474,0.5,0.04878048780487805,4.914634146341464,0.75,0.037037037037037035,3.7314814814814814,with_side
cn7,1729,2,xgboost,0.048416558653116226,,,inner_f1,0.059561425682507586,0.8916040100250626,0.010078957949558648,0.04815526561159056,0.0975609756097561,0.05405405405405406,0.5,0.1415363675119865,364,35,2,2,0.5,0.08771929824561403,403,4,305,0.0,0.0,0.0,0.0,0.0,0.0,0.25,0.047619047619047616,4.7976190476190474,0.5,0.04878048780487805,4.914634146341464,0.75,0.037037037037037035,3.7314814814814814,with_side
cn7,1729,2,xgboost_balanced,0.24672359228134155,,,fixed_0.5,0.3117003367003367,0.9611528822055138,0.01968693982097152,0.06865509799677035,0.375,0.25,0.75,0.42426457861497946,390,9,1,3,0.25,0.022556390977443608,403,4,403,0.5,0.4,40.300000000000004,0.75,0.23076923076923078,23.25,0.75,0.14285714285714285,14.392857142857142,0.75,0.07317073170731707,7.371951219512194,1.0,0.04938271604938271,4.9753086419753085,with_side
cn7,1729,2,xgboost_balanced,0.24672359228134155,,,inner_f1,0.3117003367003367,0.9611528822055138,0.01968693982097152,0.06865509799677035,0.23076923076923078,0.13636363636363635,0.75,0.3064893166476864,380,19,1,3,0.25,0.047619047619047616,403,4,403,0.5,0.4,40.300000000000004,0.75,0.23076923076923078,23.25,0.75,0.14285714285714285,14.392857142857142,0.75,0.07317073170731707,7.371951219512194,1.0,0.04938271604938271,4.9753086419753085,with_side
cn7,1729,2,extratrees,0.0771904761904762,,,fixed_0.5,0.5493563895781638,0.8452380952380952,0.007031465139938309,0.1080628678526183,0.6666666666666666,1.0,0.5,0.7053412184283328,399,0,2,2,0.5,0.0,403,4,41,0.5,0.4,40.300000000000004,0.5,0.15384615384615385,15.5,0.75,0.14285714285714285,14.392857142857142,0.75,0.07317073170731707,7.371951219512194,0.75,0.037037037037037035,3.7314814814814814,with_side
cn7,1729,2,extratrees,0.0771904761904762,,,inner_f1,0.5493563895781638,0.8452380952380952,0.007031465139938309,0.1080628678526183,0.24,0.14285714285714285,0.75,0.31440884133393004,381,18,1,3,0.25,0.045112781954887216,403,4,41,0.5,0.4,40.300000000000004,0.5,0.15384615384615385,15.5,0.75,0.14285714285714285,14.392857142857142,0.75,0.07317073170731707,7.371951219512194,0.75,0.037037037037037035,3.7314814814814814,with_side
cn7,1729,2,extratrees_balanced,0.5680798929453772,,,fixed_0.5,0.24916666666666665,0.9627192982456141,0.020945944217503072,0.06891803302171126,0.3333333333333333,0.21428571428571427,0.75,0.3910875991461791,388,11,1,3,0.25,0.02756892230576441,403,4,58,0.25,0.2,20.150000000000002,0.75,0.23076923076923078,23.25,0.75,0.14285714285714285,14.392857142857142,0.75,0.07317073170731707,7.371951219512194,1.0,0.04938271604938271,4.9753086419753085,with_side
cn7,1729,2,extratrees_balanced,0.5680798929453772,,,inner_f1,0.24916666666666665,0.9627192982456141,0.020945944217503072,0.06891803302171126,0.375,0.25,0.75,0.42426457861497946,390,9,1,3,0.25,0.022556390977443608,403,4,58,0.25,0.2,20.150000000000002,0.75,0.23076923076923078,23.25,0.75,0.14285714285714285,14.392857142857142,0.75,0.07317073170731707,7.371951219512194,1.0,0.04938271604938271,4.9753086419753085,with_side
cn7,1729,2,catboost,0.3797197025118596,,,fixed_0.5,0.5989313471502591,0.8784461152882206,0.00519297978632453,0.029444879029253444,0.6666666666666666,1.0,0.5,0.7053412184283328,399,0,2,2,0.5,0.0,403,4,403,0.5,0.4,40.300000000000004,0.75,0.23076923076923078,23.25,0.75,0.14285714285714285,14.392857142857142,0.75,0.07317073170731707,7.371951219512194,0.75,0.037037037037037035,3.7314814814814814,with_side
cn7,1729,2,catboost,0.3797197025118596,,,inner_f1,0.5989313471502591,0.8784461152882206,0.00519297978632453,0.029444879029253444,0.6666666666666666,1.0,0.5,0.7053412184283328,399,0,2,2,0.5,0.0,403,4,403,0.5,0.4,40.300000000000004,0.75,0.23076923076923078,23.25,0.75,0.14285714285714285,14.392857142857142,0.75,0.07317073170731707,7.371951219512194,0.75,0.037037037037037035,3.7314814814814814,with_side
cn7,1729,2,catboost_balanced,0.46440220212354333,,,fixed_0.5,0.5059523809523809,0.9536340852130326,0.018599419309180864,0.0654039915024589,0.35294117647058826,0.23076923076923078,0.75,0.4067363020210857,389,10,1,3,0.25,0.02506265664160401,403,4,403,0.5,0.4,40.300000000000004,0.75,0.23076923076923078,23.25,0.75,0.14285714285714285,14.392857142857142,0.75,0.07317073170731707,7.371951219512194,1.0,0.04938271604938271,4.9753086419753085,with_side
cn7,1729,2,catboost_balanced,0.46440220212354333,,,inner_f1,0.5059523809523809,0.9536340852130326,0.018599419309180864,0.0654039915024589,0.35294117647058826,0.23076923076923078,0.75,0.4067363020210857,389,10,1,3,0.25,0.02506265664160401,403,4,403,0.5,0.4,40.300000000000004,0.75,0.23076923076923078,23.25,0.75,0.14285714285714285,14.392857142857142,0.75,0.07317073170731707,7.371951219512194,1.0,0.04938271604938271,4.9753086419753085,with_side
cn7,1729,2,lightgbm,0.09923873382156514,,,fixed_0.5,0.39618055555555554,0.9536340852130326,0.008258370188190568,0.03463803547580908,0.0,0.0,0.0,0.0,399,0,4,0,1.0,0.0,403,4,399,0.25,0.2,20.150000000000002,0.75,0.23076923076923078,23.25,0.75,0.14285714285714285,14.392857142857142,0.75,0.07317073170731707,7.371951219512194,1.0,0.04938271604938271,4.9753086419753085,with_side
cn7,1729,2,lightgbm,0.09923873382156514,,,inner_f1,0.39618055555555554,0.9536340852130326,0.008258370188190568,0.03463803547580908,0.35294117647058826,0.23076923076923078,0.75,0.4067363020210857,389,10,1,3,0.25,0.02506265664160401,403,4,399,0.25,0.2,20.150000000000002,0.75,0.23076923076923078,23.25,0.75,0.14285714285714285,14.392857142857142,0.75,0.07317073170731707,7.371951219512194,1.0,0.04938271604938271,4.9753086419753085,with_side
cn7,1729,2,lightgbm_balanced,0.6112466189918768,,,fixed_0.5,0.4617003367003367,0.962406015037594,0.024074298442847118,0.08082263161422955,0.3333333333333333,0.21428571428571427,0.75,0.3910875991461791,388,11,1,3,0.25,0.02756892230576441,403,4,401,0.5,0.4,40.300000000000004,0.75,0.23076923076923078,23.25,0.75,0.14285714285714285,14.392857142857142,0.75,0.07317073170731707,7.371951219512194,1.0,0.04938271604938271,4.9753086419753085,with_side
cn7,1729,2,lightgbm_balanced,0.6112466189918768,,,inner_f1,0.4617003367003367,0.962406015037594,0.024074298442847118,0.08082263161422955,0.375,0.25,0.75,0.42426457861497946,390,9,1,3,0.25,0.022556390977443608,403,4,401,0.5,0.4,40.300000000000004,0.75,0.23076923076923078,23.25,0.75,0.14285714285714285,14.392857142857142,0.75,0.07317073170731707,7.371951219512194,1.0,0.04938271604938271,4.9753086419753085,with_side
cn7,2026,0,dummy_prior,0.5,,,fixed_0.5,0.009900990099009901,0.5,0.009841500450261992,0.056954406070195224,0.0,0.0,0.0,0.0,400,0,4,0,1.0,0.0,404,4,1,0.0,0.0,0.0,0.0,0.0,0.0,0.0,0.0,0.0,0.0,0.0,0.0,0.25,0.012345679012345678,1.2469135802469136,with_side
cn7,2026,0,dummy_prior,0.5,,,inner_f1,0.009900990099009901,0.5,0.009841500450261992,0.056954406070195224,0.0,0.0,0.0,0.0,400,0,4,0,1.0,0.0,404,4,1,0.0,0.0,0.0,0.0,0.0,0.0,0.0,0.0,0.0,0.0,0.0,0.0,0.25,0.012345679012345678,1.2469135802469136,with_side
cn7,2026,0,logistic,0.3121549263607828,,,fixed_0.5,0.5944940476190477,0.9812500000000001,0.006546676344978625,0.025368185392532414,0.5714285714285714,0.6666666666666666,0.5,0.5737467820463675,399,1,2,2,0.5,0.0025,404,4,404,0.5,0.4,40.4,0.5,0.15384615384615385,15.538461538461538,1.0,0.19047619047619047,19.238095238095237,1.0,0.0975609756097561,9.853658536585366,1.0,0.04938271604938271,4.987654320987654,with_side
cn7,2026,0,logistic,0.3121549263607828,,,inner_f1,0.5944940476190477,0.9812500000000001,0.006546676344978625,0.025368185392532414,0.5,0.5,0.5,0.495,398,2,2,2,0.5,0.005,404,4,404,0.5,0.4,40.4,0.5,0.15384615384615385,15.538461538461538,1.0,0.19047619047619047,19.238095238095237,1.0,0.0975609756097561,9.853658536585366,1.0,0.04938271604938271,4.987654320987654,with_side
cn7,2026,0,logistic_balanced,0.9738546132663999,,,fixed_0.5,0.5416666666666666,0.985,0.028319820763183217,0.10031821526067375,0.2857142857142857,0.17647058823529413,0.75,0.352603070560364,386,14,1,3,0.25,0.035,404,4,404,0.5,0.4,40.4,0.75,0.23076923076923078,23.30769230769231,1.0,0.19047619047619047,19.238095238095237,1.0,0.0975609756097561,9.853658536585366,1.0,0.04938271604938271,4.987654320987654,with_side
cn7,2026,0,logistic_balanced,0.9738546132663999,,,inner_f1,0.5416666666666666,0.985,0.028319820763183217,0.10031821526067375,0.5,0.5,0.5,0.495,398,2,2,2,0.5,0.005,404,4,404,0.5,0.4,40.4,0.75,0.23076923076923078,23.30769230769231,1.0,0.19047619047619047,19.238095238095237,1.0,0.0975609756097561,9.853658536585366,1.0,0.04938271604938271,4.987654320987654,with_side
cn7,2026,0,xgboost,0.02181209810078144,,,fixed_0.5,0.12596288515406162,0.9225,0.009294799031785761,0.04340507168160964,0.0,0.0,0.0,0.0,400,0,4,0,1.0,0.0,404,4,342,0.0,0.0,0.0,0.25,0.07692307692307693,7.769230769230769,0.75,0.14285714285714285,14.428571428571427,0.75,0.07317073170731707,7.390243902439024,0.75,0.037037037037037035,3.7407407407407405,with_side
cn7,2026,0,xgboost,0.02181209810078144,,,inner_f1,0.12596288515406162,0.9225,0.009294799031785761,0.04340507168160964,0.07692307692307693,0.04054054054054054,0.75,0.14654218155401869,329,71,1,3,0.25,0.1775,404,4,342,0.0,0.0,0.0,0.25,0.07692307692307693,7.769230769230769,0.75,0.14285714285714285,14.428571428571427,0.75,0.07317073170731707,7.390243902439024,0.75,0.037037037037037035,3.7407407407407405,with_side
cn7,2026,0,xgboost_balanced,0.15977796912193298,,,fixed_0.5,0.3181818181818182,0.96125,0.01441173912243609,0.05605269768542708,0.4,0.3333333333333333,0.5,0.40108729944432847,396,4,2,2,0.5,0.01,404,4,404,0.5,0.4,40.4,0.75,0.23076923076923078,23.30769230769231,0.75,0.14285714285714285,14.428571428571427,0.75,0.07317073170731707,7.390243902439024,1.0,0.04938271604938271,4.987654320987654,with_side
cn7,2026,0,xgboost_balanced,0.15977796912193298,,,inner_f1,0.3181818181818182,0.96125,0.01441173912243609,0.05605269768542708,0.2222222222222222,0.13043478260869565,0.75,0.2991104770563539,380,20,1,3,0.25,0.05,404,4,404,0.5,0.4,40.4,0.75,0.23076923076923078,23.30769230769231,0.75,0.14285714285714285,14.428571428571427,0.75,0.07317073170731707,7.390243902439024,1.0,0.04938271604938271,4.987654320987654,with_side
cn7,2026,0,extratrees,0.1814444444444444,,,fixed_0.5,0.5706570657065706,0.8484375000000001,0.006692499730259533,0.10558606270154526,0.5,0.5,0.5,0.495,398,2,2,2,0.5,0.005,404,4,51,0.5,0.4,40.4,0.75,0.23076923076923078,23.30769230769231,0.75,0.14285714285714285,14.428571428571427,0.75,0.07317073170731707,7.390243902439024,0.75,0.037037037037037035,3.7407407407407405,with_side
cn7,2026,0,extratrees,0.1814444444444444,,,inner_f1,0.5706570657065706,0.8484375000000001,0.006692499730259533,0.10558606270154526,0.3333333333333333,0.25,0.5,0.34467449144157025,394,6,2,2,0.5,0.015,404,4,51,0.5,0.4,40.4,0.75,0.23076923076923078,23.30769230769231,0.75,0.14285714285714285,14.428571428571427,0.75,0.07317073170731707,7.390243902439024,0.75,0.037037037037037035,3.7407407407407405,with_side
cn7,2026,0,extratrees_balanced,0.3739734383689608,,,fixed_0.5,0.3395833333333333,0.9774999999999999,0.013811089466088465,0.047444264190194395,0.46153846153846156,0.3333333333333333,0.75,0.49309151331809503,394,6,1,3,0.25,0.015,404,4,72,0.5,0.4,40.4,0.75,0.23076923076923078,23.30769230769231,0.75,0.14285714285714285,14.428571428571427,1.0,0.0975609756097561,9.853658536585366,1.0,0.04938271604938271,4.987654320987654,with_side
cn7,2026,0,extratrees_balanced,0.3739734383689608,,,inner_f1,0.3395833333333333,0.9774999999999999,0.013811089466088465,0.047444264190194395,0.4,0.2727272727272727,0.75,0.44410967421301006,392,8,1,3,0.25,0.02,404,4,72,0.5,0.4,40.4,0.75,0.23076923076923078,23.30769230769231,0.75,0.14285714285714285,14.428571428571427,1.0,0.0975609756097561,9.853658536585366,1.0,0.04938271604938271,4.987654320987654,with_side
cn7,2026,0,catboost,0.03604431526010755,,,fixed_0.5,0.5674751243781094,0.8712500000000001,0.005040743958906129,0.029849346837564614,0.6666666666666666,1.0,0.5,0.7053456158585982,400,0,2,2,0.5,0.0,404,4,404,0.5,0.4,40.4,0.75,0.23076923076923078,23.30769230769231,0.75,0.14285714285714285,14.428571428571427,0.75,0.07317073170731707,7.390243902439024,0.75,0.037037037037037035,3.7407407407407405,with_side
cn7,2026,0,catboost,0.03604431526010755,,,inner_f1,0.5674751243781094,0.8712500000000001,0.005040743958906129,0.029849346837564614,0.23076923076923078,0.13636363636363635,0.75,0.3065231627623799,381,19,1,3,0.25,0.0475,404,4,404,0.5,0.4,40.4,0.75,0.23076923076923078,23.30769230769231,0.75,0.14285714285714285,14.428571428571427,0.75,0.07317073170731707,7.390243902439024,0.75,0.037037037037037035,3.7407407407407405,with_side
cn7,2026,0,catboost_balanced,0.3650391099556295,,,fixed_0.5,0.6201298701298701,0.951875,0.014971408695858321,0.05646538685302996,0.46153846153846156,0.3333333333333333,0.75,0.49309151331809503,394,6,1,3,0.25,0.015,404,4,404,0.5,0.4,40.4,0.75,0.23076923076923078,23.30769230769231,0.75,0.14285714285714285,14.428571428571427,0.75,0.07317073170731707,7.390243902439024,1.0,0.04938271604938271,4.987654320987654,with_side
cn7,2026,0,catboost_balanced,0.3650391099556295,,,inner_f1,0.6201298701298701,0.951875,0.014971408695858321,0.05646538685302996,0.375,0.25,0.75,0.4242866161606576,391,9,1,3,0.25,0.0225,404,4,404,0.5,0.4,40.4,0.75,0.23076923076923078,23.30769230769231,0.75,0.14285714285714285,14.428571428571427,0.75,0.07317073170731707,7.390243902439024,1.0,0.04938271604938271,4.987654320987654,with_side
cn7,2026,0,lightgbm,0.033535820679137206,,,fixed_0.5,0.32382246376811596,0.9675,0.008144314547306315,0.03292191307781579,0.0,0.0,0.0,0.0,400,0,4,0,1.0,0.0,404,4,401,0.25,0.2,20.2,0.75,0.23076923076923078,23.30769230769231,0.75,0.14285714285714285,14.428571428571427,0.75,0.07317073170731707,7.390243902439024,1.0,0.04938271604938271,4.987654320987654,with_side
cn7,2026,0,lightgbm,0.033535820679137206,,,inner_f1,0.32382246376811596,0.9675,0.008144314547306315,0.03292191307781579,0.25,0.15,0.75,0.32292809119575416,383,17,1,3,0.25,0.0425,404,4,401,0.25,0.2,20.2,0.75,0.23076923076923078,23.30769230769231,0.75,0.14285714285714285,14.428571428571427,0.75,0.07317073170731707,7.390243902439024,1.0,0.04938271604938271,4.987654320987654,with_side
cn7,2026,0,lightgbm_balanced,0.29236041105426114,,,fixed_0.5,0.6298701298701299,0.9725,0.014298389595745128,0.05544662061388944,0.5,0.375,0.75,0.5241184277075424,395,5,1,3,0.25,0.0125,404,4,404,0.5,0.4,40.4,0.75,0.23076923076923078,23.30769230769231,0.75,0.14285714285714285,14.428571428571427,0.75,0.07317073170731707,7.390243902439024,1.0,0.04938271604938271,4.987654320987654,with_side
cn7,2026,0,lightgbm_balanced,0.29236041105426114,,,inner_f1,0.6298701298701299,0.9725,0.014298389595745128,0.05544662061388944,0.3333333333333333,0.21428571428571427,0.75,0.39111234251665394,389,11,1,3,0.25,0.0275,404,4,404,0.5,0.4,40.4,0.75,0.23076923076923078,23.30769230769231,0.75,0.14285714285714285,14.428571428571427,0.75,0.07317073170731707,7.390243902439024,1.0,0.04938271604938271,4.987654320987654,with_side
cn7,2026,1,dummy_prior,0.5,,,fixed_0.5,0.01485148514851485,0.5,0.014632408777838304,0.0773141445005066,0.0,0.0,0.0,0.0,398,0,6,0,1.0,0.0,404,6,1,0.0,0.0,0.0,0.0,0.0,0.0,0.0,0.0,0.0,0.16666666666666666,0.024390243902439025,1.6422764227642277,0.3333333333333333,0.024691358024691357,1.662551440329218,with_side
cn7,2026,1,dummy_prior,0.5,,,inner_f1,0.01485148514851485,0.5,0.014632408777838304,0.0773141445005066,0.0,0.0,0.0,0.0,398,0,6,0,1.0,0.0,404,6,1,0.0,0.0,0.0,0.0,0.0,0.0,0.0,0.0,0.0,0.16666666666666666,0.024390243902439025,1.6422764227642277,0.3333333333333333,0.024691358024691357,1.662551440329218,with_side
cn7,2026,1,logistic,0.8889447465071421,,,fixed_0.5,0.5417171717171717,0.9602177554438861,0.009265834509227727,0.03974458790983071,0.5,1.0,0.3333333333333333,0.5744706987722934,398,0,4,2,0.6666666666666666,0.0,404,6,404,0.5,0.6,40.4,0.5,0.23076923076923078,15.53846153846154,0.6666666666666666,0.19047619047619047,12.825396825396826,0.6666666666666666,0.0975609756097561,6.569105691056911,1.0,0.07407407407407407,4.987654320987654,with_side
cn7,2026,1,logistic,0.8889447465071421,,,inner_f1,0.5417171717171717,0.9602177554438861,0.009265834509227727,0.03974458790983071,0.5,1.0,0.3333333333333333,0.5744706987722934,398,0,4,2,0.6666666666666666,0.0,404,6,404,0.5,0.6,40.4,0.5,0.23076923076923078,15.53846153846154,0.6666666666666666,0.19047619047619047,12.825396825396826,0.6666666666666666,0.0975609756097561,6.569105691056911,1.0,0.07407407407407407,4.987654320987654,with_side
cn7,2026,1,logistic_balanced,0.9942240785564145,,,fixed_0.5,0.5444255800792303,0.9644053601340035,0.03030265852154252,0.1009819276414111,0.3333333333333333,0.2222222222222222,0.6666666666666666,0.3702152253337167,384,14,2,4,0.3333333333333333,0.035175879396984924,404,6,404,0.5,0.6,40.4,0.6666666666666666,0.3076923076923077,20.71794871794872,0.6666666666666666,0.19047619047619047,12.825396825396826,0.8333333333333334,0.12195121951219512,8.211382113821138,1.0,0.07407407407407407,4.987654320987654,with_side
cn7,2026,1,logistic_balanced,0.9942240785564145,,,inner_f1,0.5444255800792303,0.9644053601340035,0.03030265852154252,0.1009819276414111,0.5,1.0,0.3333333333333333,0.5744706987722934,398,0,4,2,0.6666666666666666,0.0,404,6,404,0.5,0.6,40.4,0.6666666666666666,0.3076923076923077,20.71794871794872,0.6666666666666666,0.19047619047619047,12.825396825396826,0.8333333333333334,0.12195121951219512,8.211382113821138,1.0,0.07407407407407407,4.987654320987654,with_side
cn7,2026,1,xgboost,0.018093667924404144,,,fixed_0.5,0.08963048832419805,0.8919597989949749,0.014597621850950942,0.06772062618761156,0.0,0.0,0.0,0.0,398,0,6,0,1.0,0.0,404,6,168,0.16666666666666666,0.2,13.466666666666669,0.16666666666666666,0.07692307692307693,5.17948717948718,0.16666666666666666,0.047619047619047616,3.2063492063492065,0.3333333333333333,0.04878048780487805,3.2845528455284554,1.0,0.07407407407407407,4.987654320987654,with_side
cn7,2026,1,xgboost,0.018093667924404144,,,inner_f1,0.08963048832419805,0.8919597989949749,0.014597621850950942,0.06772062618761156,0.11940298507462686,0.06557377049180328,0.6666666666666666,0.17684014985331917,341,57,2,4,0.3333333333333333,0.14321608040201006,404,6,168,0.16666666666666666,0.2,13.466666666666669,0.16666666666666666,0.07692307692307693,5.17948717948718,0.16666666666666666,0.047619047619047616,3.2063492063492065,0.3333333333333333,0.04878048780487805,3.2845528455284554,1.0,0.07407407407407407,4.987654320987654,with_side
cn7,2026,1,xgboost_balanced,0.19014470279216766,,,fixed_0.5,0.34139670637007236,0.9401172529313233,0.03509459827931361,0.10558409619149088,0.1935483870967742,0.12,0.5,0.2232635089973766,376,22,3,3,0.5,0.05527638190954774,404,6,404,0.3333333333333333,0.4,26.933333333333337,0.5,0.23076923076923078,15.53846153846154,0.5,0.14285714285714285,9.619047619047619,0.8333333333333334,0.12195121951219512,8.211382113821138,0.8333333333333334,0.06172839506172839,4.156378600823046,with_side
cn7,2026,1,xgboost_balanced,0.19014470279216766,,,inner_f1,0.34139670637007236,0.9401172529313233,0.03509459827931361,0.10558409619149088,0.16666666666666666,0.1,0.5,0.19937289155870674,371,27,3,3,0.5,0.0678391959798995,404,6,404,0.3333333333333333,0.4,26.933333333333337,0.5,0.23076923076923078,15.53846153846154,0.5,0.14285714285714285,9.619047619047619,0.8333333333333334,0.12195121951219512,8.211382113821138,0.8333333333333334,0.06172839506172839,4.156378600823046,with_side
cn7,2026,1,extratrees,0.16333333333333333,,,fixed_0.5,0.46839826839826837,0.9690117252931323,0.011059328516845728,0.040606823194929025,0.5,1.0,0.3333333333333333,0.5744706987722934,398,0,4,2,0.6666666666666666,0.0,404,6,84,0.3333333333333333,0.4,26.933333333333337,0.3333333333333333,0.15384615384615385,10.35897435897436,0.6666666666666666,0.19047619047619047,12.825396825396826,1.0,0.14634146341463414,9.853658536585366,1.0,0.07407407407407407,4.987654320987654,with_side
cn7,2026,1,extratrees,0.16333333333333333,,,inner_f1,0.46839826839826837,0.9690117252931323,0.011059328516845728,0.040606823194929025,0.21052631578947367,0.15384615384615385,0.3333333333333333,0.20952972550411672,387,11,4,2,0.6666666666666666,0.02763819095477387,404,6,84,0.3333333333333333,0.4,26.933333333333337,0.3333333333333333,0.15384615384615385,10.35897435897436,0.6666666666666666,0.19047619047619047,12.825396825396826,1.0,0.14634146341463414,9.853658536585366,1.0,0.07407407407407407,4.987654320987654,with_side
cn7,2026,1,extratrees_balanced,0.12445282098884396,,,fixed_0.5,0.15740201532884457,0.9438860971524288,0.029960435494192302,0.08957962471890292,0.25,0.16666666666666666,0.5,0.27103289706128864,383,15,3,3,0.5,0.03768844221105527,404,6,68,0.0,0.0,0.0,0.3333333333333333,0.15384615384615385,10.35897435897436,0.5,0.14285714285714285,9.619047619047619,0.8333333333333334,0.12195121951219512,8.211382113821138,1.0,0.07407407407407407,4.987654320987654,with_side
cn7,2026,1,extratrees_balanced,0.12445282098884396,,,inner_f1,0.15740201532884457,0.9438860971524288,0.029960435494192302,0.08957962471890292,0.17391304347826086,0.1,0.6666666666666666,0.23335686687935484,362,36,2,4,0.3333333333333333,0.09045226130653267,404,6,68,0.0,0.0,0.0,0.3333333333333333,0.15384615384615385,10.35897435897436,0.5,0.14285714285714285,9.619047619047619,0.8333333333333334,0.12195121951219512,8.211382113821138,1.0,0.07407407407407407,4.987654320987654,with_side
cn7,2026,1,catboost,0.1670126068478954,,,fixed_0.5,0.45451770451770446,0.9484924623115578,0.010547817165381997,0.045624387601454645,0.2857142857142857,1.0,0.16666666666666666,0.4057078283915617,398,0,5,1,0.8333333333333334,0.0,404,6,404,0.3333333333333333,0.4,26.933333333333337,0.5,0.23076923076923078,15.53846153846154,0.6666666666666666,0.19047619047619047,12.825396825396826,0.6666666666666666,0.0975609756097561,6.569105691056911,1.0,0.07407407407407407,4.987654320987654,with_side
cn7,2026,1,catboost,0.1670126068478954,,,inner_f1,0.45451770451770446,0.9484924623115578,0.010547817165381997,0.045624387601454645,0.2857142857142857,0.25,0.3333333333333333,0.27631460743039,392,6,4,2,0.6666666666666666,0.01507537688442211,404,6,404,0.3333333333333333,0.4,26.933333333333337,0.5,0.23076923076923078,15.53846153846154,0.6666666666666666,0.19047619047619047,12.825396825396826,0.6666666666666666,0.0975609756097561,6.569105691056911,1.0,0.07407407407407407,4.987654320987654,with_side
cn7,2026,1,catboost_balanced,0.6031646821477011,,,fixed_0.5,0.2591824479079381,0.9644053601340034,0.02375344027393969,0.07446601909078536,0.2857142857142857,0.2,0.5,0.30057666777123393,386,12,3,3,0.5,0.03015075376884422,404,6,404,0.16666666666666666,0.2,13.466666666666669,0.5,0.23076923076923078,15.53846153846154,0.6666666666666666,0.19047619047619047,12.825396825396826,1.0,0.14634146341463414,9.853658536585366,1.0,0.07407407407407407,4.987654320987654,with_side
cn7,2026,1,catboost_balanced,0.6031646821477011,,,inner_f1,0.2591824479079381,0.9644053601340034,0.02375344027393969,0.07446601909078536,0.23529411764705882,0.18181818181818182,0.3333333333333333,0.23093732250541646,389,9,4,2,0.6666666666666666,0.022613065326633167,404,6,404,0.16666666666666666,0.2,13.466666666666669,0.5,0.23076923076923078,15.53846153846154,0.6666666666666666,0.19047619047619047,12.825396825396826,1.0,0.14634146341463414,9.853658536585366,1.0,0.07407407407407407,4.987654320987654,with_side
cn7,2026,1,lightgbm,0.03819454664648241,,,fixed_0.5,0.1382741945944193,0.9246231155778895,0.01409715334211926,0.05831665098353512,0.0,0.0,0.0,0.0,398,0,6,0,1.0,0.0,404,6,382,0.16666666666666666,0.2,13.466666666666669,0.3333333333333333,0.15384615384615385,10.35897435897436,0.3333333333333333,0.09523809523809523,6.412698412698413,0.6666666666666666,0.0975609756097561,6.569105691056911,0.8333333333333334,0.06172839506172839,4.156378600823046,with_side
cn7,2026,1,lightgbm,0.03819454664648241,,,inner_f1,0.1382741945944193,0.9246231155778895,0.01409715334211926,0.05831665098353512,0.2,0.11764705882352941,0.6666666666666666,0.2576185995000584,368,30,2,4,0.3333333333333333,0.07537688442211055,404,6,382,0.16666666666666666,0.2,13.466666666666669,0.3333333333333333,0.15384615384615385,10.35897435897436,0.3333333333333333,0.09523809523809523,6.412698412698413,0.6666666666666666,0.0975609756097561,6.569105691056911,0.8333333333333334,0.06172839506172839,4.156378600823046,with_side
cn7,2026,1,lightgbm_balanced,0.33320785840307326,,,fixed_0.5,0.24486088262642158,0.9338358458961474,0.040459986126846356,0.12056504477729248,0.1875,0.11538461538461539,0.5,0.21797876268590405,375,23,3,3,0.5,0.05778894472361809,404,6,394,0.3333333333333333,0.4,26.933333333333337,0.5,0.23076923076923078,15.53846153846154,0.5,0.14285714285714285,9.619047619047619,0.8333333333333334,0.12195121951219512,8.211382113821138,0.8333333333333334,0.06172839506172839,4.156378600823046,with_side
cn7,2026,1,lightgbm_balanced,0.33320785840307326,,,inner_f1,0.24486088262642158,0.9338358458961474,0.040459986126846356,0.12056504477729248,0.21621621621621623,0.12903225806451613,0.6666666666666666,0.2721345064068116,371,27,2,4,0.3333333333333333,0.0678391959798995,404,6,394,0.3333333333333333,0.4,26.933333333333337,0.5,0.23076923076923078,15.53846153846154,0.5,0.14285714285714285,9.619047619047619,0.8333333333333334,0.12195121951219512,8.211382113821138,0.8333333333333334,0.06172839506172839,4.156378600823046,with_side
cn7,2026,2,dummy_prior,0.5,,,fixed_0.5,0.017369727047146403,0.5,0.017092954566075482,0.08852458894024531,0.0,0.0,0.0,0.0,396,0,7,0,1.0,0.0,403,7,1,0.0,0.0,0.0,0.0,0.0,0.0,0.0,0.0,0.0,0.0,0.0,0.0,0.0,0.0,0.0,with_side
cn7,2026,2,dummy_prior,0.5,,,inner_f1,0.017369727047146403,0.5,0.017092954566075482,0.08852458894024531,0.0,0.0,0.0,0.0,396,0,7,0,1.0,0.0,403,7,1,0.0,0.0,0.0,0.0,0.0,0.0,0.0,0.0,0.0,0.0,0.0,0.0,0.0,0.0,0.0,with_side
cn7,2026,2,logistic,0.8576885136553111,,,fixed_0.5,0.5016180235535075,0.9675324675324676,0.011840326050893135,0.04838920249266703,0.4444444444444444,1.0,0.2857142857142857,0.531179596227605,396,0,5,2,0.7142857142857143,0.0,403,7,403,0.2857142857142857,0.4,23.02857142857143,0.5714285714285714,0.3076923076923077,17.714285714285715,0.7142857142857143,0.23809523809523808,13.707482993197278,0.8571428571428571,0.14634146341463414,8.425087108013937,1.0,0.08641975308641975,4.9753086419753085,with_side
cn7,2026,2,logistic,0.8576885136553111,,,inner_f1,0.5016180235535075,0.9675324675324676,0.011840326050893135,0.04838920249266703,0.4444444444444444,1.0,0.2857142857142857,0.531179596227605,396,0,5,2,0.7142857142857143,0.0,403,7,403,0.2857142857142857,0.4,23.02857142857143,0.5714285714285714,0.3076923076923077,17.714285714285715,0.7142857142857143,0.23809523809523808,13.707482993197278,0.8571428571428571,0.14634146341463414,8.425087108013937,1.0,0.08641975308641975,4.9753086419753085,with_side
cn7,2026,2,logistic_balanced,0.9946573404312565,,,fixed_0.5,0.5291401409048468,0.9473304473304474,0.021987773508290336,0.08151630266811327,0.47619047619047616,0.35714285714285715,0.7142857142857143,0.49338584019591275,387,9,2,5,0.2857142857142857,0.022727272727272728,403,7,403,0.42857142857142855,0.6,34.54285714285714,0.7142857142857143,0.38461538461538464,22.142857142857142,0.7142857142857143,0.23809523809523808,13.707482993197278,0.7142857142857143,0.12195121951219512,7.020905923344947,0.8571428571428571,0.07407407407407407,4.264550264550264,with_side
cn7,2026,2,logistic_balanced,0.9946573404312565,,,inner_f1,0.5291401409048468,0.9473304473304474,0.021987773508290336,0.08151630266811327,0.4444444444444444,1.0,0.2857142857142857,0.531179596227605,396,0,5,2,0.7142857142857143,0.0,403,7,403,0.42857142857142855,0.6,34.54285714285714,0.7142857142857143,0.38461538461538464,22.142857142857142,0.7142857142857143,0.23809523809523808,13.707482993197278,0.7142857142857143,0.12195121951219512,7.020905923344947,0.8571428571428571,0.07407407407407407,4.264550264550264,with_side
cn7,2026,2,xgboost,0.03274064138531685,,,fixed_0.5,0.31283731441294466,0.9783549783549783,0.015870725079985836,0.063465771499649,0.0,0.0,0.0,0.0,396,0,7,0,1.0,0.0,403,7,169,0.14285714285714285,0.2,11.514285714285714,0.42857142857142855,0.23076923076923078,13.285714285714286,1.0,0.3333333333333333,19.19047619047619,1.0,0.17073170731707318,9.829268292682928,1.0,0.08641975308641975,4.9753086419753085,with_side
cn7,2026,2,xgboost,0.03274064138531685,,,inner_f1,0.31283731441294466,0.9783549783549783,0.015870725079985836,0.063465771499649,0.30434782608695654,0.1794871794871795,1.0,0.4061811972299616,364,32,0,7,0.0,0.08080808080808081,403,7,169,0.14285714285714285,0.2,11.514285714285714,0.42857142857142855,0.23076923076923078,13.285714285714286,1.0,0.3333333333333333,19.19047619047619,1.0,0.17073170731707318,9.829268292682928,1.0,0.08641975308641975,4.9753086419753085,with_side
cn7,2026,2,xgboost_balanced,0.12202323228120804,,,fixed_0.5,0.6155753968253967,0.9808802308802309,0.01265333878696636,0.047207112575940936,0.42857142857142855,0.42857142857142855,0.42857142857142855,0.4184704184704185,392,4,4,3,0.5714285714285714,0.010101010101010102,403,7,403,0.42857142857142855,0.6,34.54285714285714,0.5714285714285714,0.3076923076923077,17.714285714285715,0.8571428571428571,0.2857142857142857,16.448979591836732,1.0,0.17073170731707318,9.829268292682928,1.0,0.08641975308641975,4.9753086419753085,with_side
cn7,2026,2,xgboost_balanced,0.12202323228120804,,,inner_f1,0.6155753968253967,0.9808802308802309,0.01265333878696636,0.047207112575940936,0.34285714285714286,0.21428571428571427,0.8571428571428571,0.41186301283973903,374,22,1,6,0.14285714285714285,0.05555555555555555,403,7,403,0.42857142857142855,0.6,34.54285714285714,0.5714285714285714,0.3076923076923077,17.714285714285715,0.8571428571428571,0.2857142857142857,16.448979591836732,1.0,0.17073170731707318,9.829268292682928,1.0,0.08641975308641975,4.9753086419753085,with_side
cn7,2026,2,extratrees,0.37222222222222273,,,fixed_0.5,0.6337535014005602,0.9862914862914862,0.010817440665600635,0.038452608821356794,0.4444444444444444,1.0,0.2857142857142857,0.531179596227605,396,0,5,2,0.7142857142857143,0.0,403,7,76,0.42857142857142855,0.6,34.54285714285714,0.5714285714285714,0.3076923076923077,17.714285714285715,1.0,0.3333333333333333,19.19047619047619,1.0,0.17073170731707318,9.829268292682928,1.0,0.08641975308641975,4.9753086419753085,with_side
cn7,2026,2,extratrees,0.37222222222222273,,,inner_f1,0.6337535014005602,0.9862914862914862,0.010817440665600635,0.038452608821356794,0.4444444444444444,1.0,0.2857142857142857,0.531179596227605,396,0,5,2,0.7142857142857143,0.0,403,7,76,0.42857142857142855,0.6,34.54285714285714,0.5714285714285714,0.3076923076923077,17.714285714285715,1.0,0.3333333333333333,19.19047619047619,1.0,0.17073170731707318,9.829268292682928,1.0,0.08641975308641975,4.9753086419753085,with_side
cn7,2026,2,extratrees_balanced,0.019608558722949865,,,fixed_0.5,0.16763922352157645,0.9478715728715729,0.028732092070215466,0.08779372236761906,0.09090909090909091,0.06666666666666667,0.14285714285714285,0.07419218453953413,382,14,6,1,0.8571428571428571,0.03535353535353535,403,7,36,0.0,0.0,0.0,0.14285714285714285,0.07692307692307693,4.428571428571429,0.5714285714285714,0.19047619047619047,10.965986394557822,0.8571428571428571,0.14634146341463414,8.425087108013937,1.0,0.08641975308641975,4.9753086419753085,with_side
cn7,2026,2,extratrees_balanced,0.019608558722949865,,,inner_f1,0.16763922352157645,0.9478715728715729,0.028732092070215466,0.08779372236761906,0.3125,0.2,0.7142857142857143,0.3595053069872575,376,20,2,5,0.2857142857142857,0.050505050505050504,403,7,36,0.0,0.0,0.0,0.14285714285714285,0.07692307692307693,4.428571428571429,0.5714285714285714,0.19047619047619047,10.965986394557822,0.8571428571428571,0.14634146341463414,8.425087108013937,1.0,0.08641975308641975,4.9753086419753085,with_side
cn7,2026,2,catboost,0.2460004800747035,,,fixed_0.5,0.5347779032561641,0.9783549783549783,0.01181766659414267,0.04944798929212837,0.4444444444444444,1.0,0.2857142857142857,0.531179596227605,396,0,5,2,0.7142857142857143,0.0,403,7,403,0.42857142857142855,0.6,34.54285714285714,0.5714285714285714,0.3076923076923077,17.714285714285715,0.5714285714285714,0.19047619047619047,10.965986394557822,1.0,0.17073170731707318,9.829268292682928,1.0,0.08641975308641975,4.9753086419753085,with_side
cn7,2026,2,catboost,0.2460004800747035,,,inner_f1,0.5347779032561641,0.9783549783549783,0.01181766659414267,0.04944798929212837,0.4444444444444444,1.0,0.2857142857142857,0.531179596227605,396,0,5,2,0.7142857142857143,0.0,403,7,403,0.42857142857142855,0.6,34.54285714285714,0.5714285714285714,0.3076923076923077,17.714285714285715,0.5714285714285714,0.19047619047619047,10.965986394557822,1.0,0.17073170731707318,9.829268292682928,1.0,0.08641975308641975,4.9753086419753085,with_side
cn7,2026,2,catboost_balanced,0.2917357913699322,,,fixed_0.5,0.6732993197278911,0.988095238095238,0.010957052001849224,0.04369592309432834,0.5454545454545454,0.75,0.42857142857142855,0.5614832966572973,395,1,4,3,0.5714285714285714,0.0025252525252525255,403,7,403,0.42857142857142855,0.6,34.54285714285714,0.7142857142857143,0.38461538461538464,22.142857142857142,1.0,0.3333333333333333,19.19047619047619,1.0,0.17073170731707318,9.829268292682928,1.0,0.08641975308641975,4.9753086419753085,with_side
cn7,2026,2,catboost_balanced,0.2917357913699322,,,inner_f1,0.6732993197278911,0.988095238095238,0.010957052001849224,0.04369592309432834,0.5217391304347826,0.375,0.8571428571428571,0.5566051446384315,386,10,1,6,0.14285714285714285,0.025252525252525252,403,7,403,0.42857142857142855,0.6,34.54285714285714,0.7142857142857143,0.38461538461538464,22.142857142857142,1.0,0.3333333333333333,19.19047619047619,1.0,0.17073170731707318,9.829268292682928,1.0,0.08641975308641975,4.9753086419753085,with_side
cn7,2026,2,lightgbm,0.021424201377389124,,,fixed_0.5,0.6505044181206099,0.9823232323232324,0.01355529473200196,0.04731612037235122,0.0,0.0,0.0,0.0,396,0,7,0,1.0,0.0,403,7,397,0.42857142857142855,0.6,34.54285714285714,0.7142857142857143,0.38461538461538464,22.142857142857142,0.7142857142857143,0.23809523809523808,13.707482993197278,1.0,0.17073170731707318,9.829268292682928,1.0,0.08641975308641975,4.9753086419753085,with_side
cn7,2026,2,lightgbm,0.021424201377389124,,,inner_f1,0.6505044181206099,0.9823232323232324,0.01355529473200196,0.04731612037235122,0.32558139534883723,0.19444444444444445,1.0,0.4245053898811643,367,29,0,7,0.0,0.07323232323232323,403,7,397,0.42857142857142855,0.6,34.54285714285714,0.7142857142857143,0.38461538461538464,22.142857142857142,0.7142857142857143,0.23809523809523808,13.707482993197278,1.0,0.17073170731707318,9.829268292682928,1.0,0.08641975308641975,4.9753086419753085,with_side
cn7,2026,2,lightgbm_balanced,0.4654279616368195,,,fixed_0.5,0.6624949124949124,0.9862914862914863,0.01467781486757951,0.05476570105006168,0.5,0.4444444444444444,0.5714285714285714,0.49406653577749693,391,5,3,4,0.42857142857142855,0.012626262626262626,403,7,397,0.42857142857142855,0.6,34.54285714285714,0.8571428571428571,0.46153846153846156,26.571428571428573,0.8571428571428571,0.2857142857142857,16.448979591836732,1.0,0.17073170731707318,9.829268292682928,1.0,0.08641975308641975,4.9753086419753085,with_side
cn7,2026,2,lightgbm_balanced,0.4654279616368195,,,inner_f1,0.6624949124949124,0.9862914862914863,0.01467781486757951,0.05476570105006168,0.47058823529411764,0.4,0.5714285714285714,0.4671877917585706,390,6,3,4,0.42857142857142855,0.015151515151515152,403,7,397,0.42857142857142855,0.6,34.54285714285714,0.8571428571428571,0.46153846153846156,26.571428571428573,0.8571428571428571,0.2857142857142857,16.448979591836732,1.0,0.17073170731707318,9.829268292682928,1.0,0.08641975308641975,4.9753086419753085,with_side
rg3,42,0,dummy_prior,0.5,,,fixed_0.5,0.017766497461928935,0.5,0.017476616248808263,0.08983887272248704,0.0,0.0,0.0,0.0,387,0,7,0,1.0,0.0,394,7,1,0.0,0.0,0.0,0.0,0.0,0.0,0.14285714285714285,0.05,2.814285714285714,0.14285714285714285,0.025,1.407142857142857,0.2857142857142857,0.02531645569620253,1.4249547920433996,with_side
rg3,42,0,dummy_prior,0.5,,,inner_f1,0.017766497461928935,0.5,0.017476616248808263,0.08983887272248704,0.0,0.0,0.0,0.0,387,0,7,0,1.0,0.0,394,7,1,0.0,0.0,0.0,0.0,0.0,0.0,0.14285714285714285,0.05,2.814285714285714,0.14285714285714285,0.025,1.407142857142857,0.2857142857142857,0.02531645569620253,1.4249547920433996,with_side
rg3,42,0,logistic,0.015307209587376254,,,fixed_0.5,0.03703030334449288,0.709486895533407,0.018945391956057035,0.08959833402205945,0.0,0.0,0.0,0.0,387,0,7,0,1.0,0.0,394,7,394,0.0,0.0,0.0,0.0,0.0,0.0,0.14285714285714285,0.05,2.814285714285714,0.14285714285714285,0.025,1.407142857142857,0.14285714285714285,0.012658227848101266,0.7124773960216998,with_side
rg3,42,0,logistic,0.015307209587376254,,,inner_f1,0.03703030334449288,0.709486895533407,0.018945391956057035,0.08959833402205945,0.05714285714285714,0.02976190476190476,0.7142857142857143,0.07829015258181027,224,163,2,5,0.2857142857142857,0.42118863049095606,394,7,394,0.0,0.0,0.0,0.0,0.0,0.0,0.14285714285714285,0.05,2.814285714285714,0.14285714285714285,0.025,1.407142857142857,0.14285714285714285,0.012658227848101266,0.7124773960216998,with_side
rg3,42,0,logistic_balanced,0.23222546099081753,,,fixed_0.5,0.03626135695730538,0.7268364710225175,0.1721979158063478,0.5296828203248283,0.037037037037037035,0.019801980198019802,0.2857142857142857,0.009046613146240645,288,99,5,2,0.7142857142857143,0.2558139534883721,394,7,394,0.0,0.0,0.0,0.0,0.0,0.0,0.0,0.0,0.0,0.14285714285714285,0.025,1.407142857142857,0.2857142857142857,0.02531645569620253,1.4249547920433996,with_side
rg3,42,0,logistic_balanced,0.23222546099081753,,,inner_f1,0.03626135695730538,0.7268364710225175,0.1721979158063478,0.5296828203248283,0.059880239520958084,0.03125,0.7142857142857143,0.08440078834409946,232,155,2,5,0.2857142857142857,0.4005167958656331,394,7,394,0.0,0.0,0.0,0.0,0.0,0.0,0.0,0.0,0.0,0.14285714285714285,0.025,1.407142857142857,0.2857142857142857,0.02531645569620253,1.4249547920433996,with_side
rg3,42,0,xgboost,0.09306253492832184,,,fixed_0.5,0.027688450472327805,0.6415651531930602,0.017726463546642958,0.08990454862169102,0.0,0.0,0.0,0.0,387,0,7,0,1.0,0.0,394,7,394,0.0,0.0,0.0,0.0,0.0,0.0,0.0,0.0,0.0,0.0,0.0,0.0,0.2857142857142857,0.02531645569620253,1.4249547920433996,with_side
rg3,42,0,xgboost,0.09306253492832184,,,inner_f1,0.027688450472327805,0.6415651531930602,0.017726463546642958,0.08990454862169102,0.0,0.0,0.0,-0.01178055594798754,384,3,7,0,1.0,0.007751937984496124,394,7,394,0.0,0.0,0.0,0.0,0.0,0.0,0.0,0.0,0.0,0.0,0.0,0.0,0.2857142857142857,0.02531645569620253,1.4249547920433996,with_side
rg3,42,0,xgboost_balanced,0.7931922674179077,,,fixed_0.5,0.04498898052782758,0.7356958287190846,0.05659687556157089,0.19008548579210713,0.07692307692307693,0.05263157894736842,0.14285714285714285,0.059407813771606456,369,18,6,1,0.8571428571428571,0.046511627906976744,394,7,394,0.0,0.0,0.0,0.14285714285714285,0.08333333333333333,4.69047619047619,0.14285714285714285,0.05,2.814285714285714,0.14285714285714285,0.025,1.407142857142857,0.14285714285714285,0.012658227848101266,0.7124773960216998,with_side
rg3,42,0,xgboost_balanced,0.7931922674179077,,,inner_f1,0.04498898052782758,0.7356958287190846,0.05659687556157089,0.19008548579210713,0.0,0.0,0.0,-0.009606506961737248,385,2,7,0,1.0,0.00516795865633075,394,7,394,0.0,0.0,0.0,0.14285714285714285,0.08333333333333333,4.69047619047619,0.14285714285714285,0.05,2.814285714285714,0.14285714285714285,0.025,1.407142857142857,0.14285714285714285,0.012658227848101266,0.7124773960216998,with_side
rg3,42,0,extratrees,0.0039220911102787965,,,fixed_0.5,0.03717989767852231,0.7504614248800294,0.018015918669696238,0.08153409560893492,0.0,0.0,0.0,0.0,387,0,7,0,1.0,0.0,394,7,198,0.0,0.0,0.0,0.0,0.0,0.0,0.0,0.0,0.0,0.14285714285714285,0.025,1.407142857142857,0.2857142857142857,0.02531645569620253,1.4249547920433996,with_side
rg3,42,0,extratrees,0.0039220911102787965,,,inner_f1,0.03717989767852231,0.7504614248800294,0.018015918669696238,0.08153409560893492,0.06862745098039216,0.03553299492385787,1.0,0.1344910974643215,197,190,0,7,0.0,0.4909560723514212,394,7,198,0.0,0.0,0.0,0.0,0.0,0.0,0.0,0.0,0.0,0.14285714285714285,0.025,1.407142857142857,0.2857142857142857,0.02531645569620253,1.4249547920433996,with_side
rg3,42,0,extratrees_balanced,0.44234361769922315,,,fixed_0.5,0.06453243112313418,0.7615356220007382,0.06436676279570579,0.2078097551608034,0.06666666666666667,0.043478260869565216,0.14285714285714285,0.048461912116606824,365,22,6,1,0.8571428571428571,0.056847545219638244,394,7,198,0.0,0.0,0.0,0.14285714285714285,0.08333333333333333,4.69047619047619,0.14285714285714285,0.05,2.814285714285714,0.2857142857142857,0.05,2.814285714285714,0.2857142857142857,0.02531645569620253,1.4249547920433996,with_side
rg3,42,0,extratrees_balanced,0.44234361769922315,,,inner_f1,0.06453243112313418,0.7615356220007382,0.06436676279570579,0.2078097551608034,0.08888888888888889,0.05263157894736842,0.2857142857142857,0.08622817673497253,351,36,5,2,0.7142857142857143,0.09302325581395349,394,7,198,0.0,0.0,0.0,0.14285714285714285,0.08333333333333333,4.69047619047619,0.14285714285714285,0.05,2.814285714285714,0.2857142857142857,0.05,2.814285714285714,0.2857142857142857,0.02531645569620253,1.4249547920433996,with_side
rg3,42,0,catboost,0.016608468782083243,,,fixed_0.5,0.03149669084377335,0.7035806570690293,0.017617046769591832,0.08197282638438895,0.0,0.0,0.0,0.0,387,0,7,0,1.0,0.0,394,7,394,0.0,0.0,0.0,0.0,0.0,0.0,0.0,0.0,0.0,0.0,0.0,0.0,0.14285714285714285,0.012658227848101266,0.7124773960216998,with_side
rg3,42,0,catboost,0.016608468782083243,,,inner_f1,0.03149669084377335,0.7035806570690293,0.017617046769591832,0.08197282638438895,0.06965174129353234,0.03608247422680412,1.0,0.1365550200550106,200,187,0,7,0.0,0.48320413436692505,394,7,394,0.0,0.0,0.0,0.0,0.0,0.0,0.0,0.0,0.0,0.0,0.0,0.0,0.14285714285714285,0.012658227848101266,0.7124773960216998,with_side
rg3,42,0,catboost_balanced,0.4918602529037432,,,fixed_0.5,0.04474314254445485,0.7674418604651163,0.058879625236784104,0.19528912430261283,0.06451612903225806,0.041666666666666664,0.14285714285714285,0.04607840671160441,364,23,6,1,0.8571428571428571,0.059431524547803614,394,7,394,0.0,0.0,0.0,0.0,0.0,0.0,0.14285714285714285,0.05,2.814285714285714,0.14285714285714285,0.025,1.407142857142857,0.42857142857142855,0.0379746835443038,2.1374321880650995,with_side
rg3,42,0,catboost_balanced,0.4918602529037432,,,inner_f1,0.04474314254445485,0.7674418604651163,0.058879625236784104,0.19528912430261283,0.06060606060606061,0.038461538461538464,0.14285714285714285,0.041640964009206013,362,25,6,1,0.8571428571428571,0.06459948320413436,394,7,394,0.0,0.0,0.0,0.0,0.0,0.0,0.14285714285714285,0.05,2.814285714285714,0.14285714285714285,0.025,1.407142857142857,0.42857142857142855,0.0379746835443038,2.1374321880650995,with_side
rg3,42,0,lightgbm,0.10952770394300367,,,fixed_0.5,0.03646575065858606,0.7353266888150609,0.0180561885943653,0.08688209100637334,0.0,0.0,0.0,0.0,387,0,7,0,1.0,0.0,394,7,394,0.0,0.0,0.0,0.0,0.0,0.0,0.0,0.0,0.0,0.0,0.0,0.0,0.2857142857142857,0.02531645569620253,1.4249547920433996,with_side
rg3,42,0,lightgbm,0.10952770394300367,,,inner_f1,0.03646575065858606,0.7353266888150609,0.0180561885943653,0.08688209100637334,0.0,0.0,0.0,-0.020562903028816623,378,9,7,0,1.0,0.023255813953488372,394,7,394,0.0,0.0,0.0,0.0,0.0,0.0,0.0,0.0,0.0,0.0,0.0,0.0,0.2857142857142857,0.02531645569620253,1.4249547920433996,with_side
rg3,42,0,lightgbm_balanced,0.5849914896779741,,,fixed_0.5,0.043318478889286485,0.7604282022886674,0.06666303195892605,0.21711295968355973,0.0,0.0,0.0,-0.03861032639995152,357,30,7,0,1.0,0.07751937984496124,394,7,394,0.0,0.0,0.0,0.0,0.0,0.0,0.0,0.0,0.0,0.2857142857142857,0.05,2.814285714285714,0.42857142857142855,0.0379746835443038,2.1374321880650995,with_side
rg3,42,0,lightgbm_balanced,0.5849914896779741,,,inner_f1,0.043318478889286485,0.7604282022886674,0.06666303195892605,0.21711295968355973,0.0,0.0,0.0,-0.03191161391282081,366,21,7,0,1.0,0.05426356589147287,394,7,394,0.0,0.0,0.0,0.0,0.0,0.0,0.0,0.0,0.0,0.2857142857142857,0.05,2.814285714285714,0.42857142857142855,0.0379746835443038,2.1374321880650995,with_side
rg3,42,1,dummy_prior,0.5,,,fixed_0.5,0.025380710659898477,0.5,0.024776791465897084,0.11927561100358437,0.0,0.0,0.0,0.0,384,0,10,0,1.0,0.0,394,10,1,0.0,0.0,0.0,0.0,0.0,0.0,0.0,0.0,0.0,0.0,0.0,0.0,0.2,0.02531645569620253,0.9974683544303797,with_side
rg3,42,1,dummy_prior,0.5,,,inner_f1,0.025380710659898477,0.5,0.024776791465897084,0.11927561100358437,0.0,0.0,0.0,0.0,384,0,10,0,1.0,0.0,394,10,1,0.0,0.0,0.0,0.0,0.0,0.0,0.0,0.0,0.0,0.0,0.0,0.0,0.2,0.02531645569620253,0.9974683544303797,with_side
rg3,42,1,logistic,0.025876291602107263,,,fixed_0.5,0.03708369115468037,0.6552083333333334,0.027788602259680537,0.13416514015758021,0.0,0.0,0.0,-0.008140256928797536,383,1,10,0,1.0,0.0026041666666666665,394,10,394,0.0,0.0,0.0,0.0,0.0,0.0,0.0,0.0,0.0,0.0,0.0,0.0,0.0,0.0,0.0,with_side
rg3,42,1,logistic,0.025876291602107263,,,inner_f1,0.03708369115468037,0.6552083333333334,0.027788602259680537,0.13416514015758021,0.019801980198019802,0.01098901098901099,0.1,-0.05014666770599034,294,90,9,1,0.9,0.234375,394,10,394,0.0,0.0,0.0,0.0,0.0,0.0,0.0,0.0,0.0,0.0,0.0,0.0,0.0,0.0,0.0,with_side
rg3,42,1,logistic_balanced,0.6737085668124209,,,fixed_0.5,0.03813799755585338,0.6640625,0.1616649386684765,0.5155080261658733,0.0,0.0,0.0,-0.08527235459909888,298,86,10,0,1.0,0.22395833333333334,394,10,394,0.0,0.0,0.0,0.0,0.0,0.0,0.0,0.0,0.0,0.0,0.0,0.0,0.0,0.0,0.0,with_side
rg3,42,1,logistic_balanced,0.6737085668124209,,,inner_f1,0.03813799755585338,0.6640625,0.1616649386684765,0.5155080261658733,0.0,0.0,0.0,-0.06636771497124525,327,57,10,0,1.0,0.1484375,394,10,394,0.0,0.0,0.0,0.0,0.0,0.0,0.0,0.0,0.0,0.0,0.0,0.0,0.0,0.0,0.0,with_side
rg3,42,1,xgboost,0.017928214743733406,,,fixed_0.5,0.032091116345347,0.59765625,0.024976195569537715,0.1205394005525964,0.0,0.0,0.0,0.0,384,0,10,0,1.0,0.0,394,10,393,0.0,0.0,0.0,0.0,0.0,0.0,0.0,0.0,0.0,0.0,0.0,0.0,0.0,0.0,0.0,with_side
rg3,42,1,xgboost,0.017928214743733406,,,inner_f1,0.032091116345347,0.59765625,0.024976195569537715,0.1205394005525964,0.056818181818181816,0.030120481927710843,0.5,0.025714294538917177,223,161,5,5,0.5,0.4192708333333333,394,10,393,0.0,0.0,0.0,0.0,0.0,0.0,0.0,0.0,0.0,0.0,0.0,0.0,0.0,0.0,0.0,with_side
rg3,42,1,xgboost_balanced,0.4928120970726013,,,fixed_0.5,0.07490732531498685,0.7244791666666667,0.050468913624213844,0.1811971385862686,0.16666666666666666,0.14285714285714285,0.2,0.14336844589446973,372,12,8,2,0.8,0.03125,394,10,394,0.0,0.0,0.0,0.2,0.16666666666666666,6.566666666666666,0.2,0.1,3.9400000000000004,0.2,0.05,1.9700000000000002,0.3,0.0379746835443038,1.4962025316455696,with_side
rg3,42,1,xgboost_balanced,0.4928120970726013,,,inner_f1,0.07490732531498685,0.7244791666666667,0.050468913624213844,0.1811971385862686,0.16,0.13333333333333333,0.2,0.1365494112692225,371,13,8,2,0.8,0.033854166666666664,394,10,394,0.0,0.0,0.0,0.2,0.16666666666666666,6.566666666666666,0.2,0.1,3.9400000000000004,0.2,0.05,1.9700000000000002,0.3,0.0379746835443038,1.4962025316455696,with_side
rg3,42,1,extratrees,0.09599999999999999,,,fixed_0.5,0.043819825850130126,0.7041666666666666,0.02534152651525666,0.11596339835981603,0.0,0.0,0.0,0.0,384,0,10,0,1.0,0.0,394,10,198,0.0,0.0,0.0,0.0,0.0,0.0,0.0,0.0,0.0,0.1,0.025,0.9850000000000001,0.3,0.0379746835443038,1.4962025316455696,with_side
rg3,42,1,extratrees,0.09599999999999999,,,inner_f1,0.043819825850130126,0.7041666666666666,0.02534152651525666,0.11596339835981603,0.0,0.0,0.0,-0.029808737056430074,371,13,10,0,1.0,0.033854166666666664,394,10,198,0.0,0.0,0.0,0.0,0.0,0.0,0.0,0.0,0.0,0.1,0.025,0.9850000000000001,0.3,0.0379746835443038,1.4962025316455696,with_side
rg3,42,1,extratrees_balanced,0.7067201300008881,,,fixed_0.5,0.04889535121670963,0.7208333333333332,0.08120201782194589,0.24938986130056454,0.09836065573770492,0.058823529411764705,0.3,0.08199200616907878,336,48,7,3,0.7,0.125,394,10,198,0.0,0.0,0.0,0.0,0.0,0.0,0.0,0.0,0.0,0.2,0.05,1.9700000000000002,0.3,0.0379746835443038,1.4962025316455696,with_side
rg3,42,1,extratrees_balanced,0.7067201300008881,,,inner_f1,0.04889535121670963,0.7208333333333332,0.08120201782194589,0.24938986130056454,0.0,0.0,0.0,-0.018295512909745848,379,5,10,0,1.0,0.013020833333333334,394,10,198,0.0,0.0,0.0,0.0,0.0,0.0,0.0,0.0,0.0,0.2,0.05,1.9700000000000002,0.3,0.0379746835443038,1.4962025316455696,with_side
rg3,42,1,catboost,0.054895088345396095,,,fixed_0.5,0.047682911591039184,0.7182291666666667,0.024819876448571844,0.11390819019832892,0.0,0.0,0.0,0.0,384,0,10,0,1.0,0.0,394,10,394,0.0,0.0,0.0,0.0,0.0,0.0,0.0,0.0,0.0,0.2,0.05,1.9700000000000002,0.2,0.02531645569620253,0.9974683544303797,with_side
rg3,42,1,catboost,0.054895088345396095,,,inner_f1,0.047682911591039184,0.7182291666666667,0.024819876448571844,0.11390819019832892,0.0,0.0,0.0,-0.03924408957165708,362,22,10,0,1.0,0.057291666666666664,394,10,394,0.0,0.0,0.0,0.0,0.0,0.0,0.0,0.0,0.0,0.2,0.05,1.9700000000000002,0.2,0.02531645569620253,0.9974683544303797,with_side
rg3,42,1,catboost_balanced,0.5334073915875757,,,fixed_0.5,0.05379086902498271,0.72890625,0.06559518428838716,0.21591521081160595,0.10526315789473684,0.07142857142857142,0.2,0.08098014344627154,358,26,8,2,0.8,0.06770833333333333,394,10,394,0.0,0.0,0.0,0.0,0.0,0.0,0.0,0.0,0.0,0.2,0.05,1.9700000000000002,0.3,0.0379746835443038,1.4962025316455696,with_side
rg3,42,1,catboost_balanced,0.5334073915875757,,,inner_f1,0.05379086902498271,0.72890625,0.06559518428838716,0.21591521081160595,0.06060606060606061,0.043478260869565216,0.1,0.028650180541019445,362,22,9,1,0.9,0.057291666666666664,394,10,394,0.0,0.0,0.0,0.0,0.0,0.0,0.0,0.0,0.0,0.2,0.05,1.9700000000000002,0.3,0.0379746835443038,1.4962025316455696,with_side
rg3,42,1,lightgbm,0.07004530429078808,,,fixed_0.5,0.05167388821418355,0.71640625,0.025146205241421325,0.11659348590623493,0.0,0.0,0.0,0.0,384,0,10,0,1.0,0.0,394,10,394,0.0,0.0,0.0,0.0,0.0,0.0,0.1,0.05,1.9700000000000002,0.2,0.05,1.9700000000000002,0.3,0.0379746835443038,1.4962025316455696,with_side
rg3,42,1,lightgbm,0.07004530429078808,,,inner_f1,0.05167388821418355,0.71640625,0.025146205241421325,0.11659348590623493,0.0,0.0,0.0,-0.027348363483114042,373,11,10,0,1.0,0.028645833333333332,394,10,394,0.0,0.0,0.0,0.0,0.0,0.0,0.1,0.05,1.9700000000000002,0.2,0.05,1.9700000000000002,0.3,0.0379746835443038,1.4962025316455696,with_side
rg3,42,1,lightgbm_balanced,0.5987674754015082,,,fixed_0.5,0.07280385125604116,0.7182291666666666,0.060138000190700674,0.208746379135023,0.13793103448275862,0.10526315789473684,0.2,0.11432550737882995,367,17,8,2,0.8,0.044270833333333336,394,10,394,0.0,0.0,0.0,0.2,0.16666666666666666,6.566666666666666,0.2,0.1,3.9400000000000004,0.2,0.05,1.9700000000000002,0.2,0.02531645569620253,0.9974683544303797,with_side
rg3,42,1,lightgbm_balanced,0.5987674754015082,,,inner_f1,0.07280385125604116,0.7182291666666666,0.060138000190700674,0.208746379135023,0.18181818181818182,0.16666666666666666,0.2,0.15921667343062088,374,10,8,2,0.8,0.026041666666666668,394,10,394,0.0,0.0,0.0,0.2,0.16666666666666666,6.566666666666666,0.2,0.1,3.9400000000000004,0.2,0.05,1.9700000000000002,0.2,0.02531645569620253,0.9974683544303797,with_side
rg3,42,2,dummy_prior,0.5,,,fixed_0.5,0.02030456852791878,0.5,0.01989390347599784,0.0992609859292118,0.0,0.0,0.0,0.0,386,0,8,0,1.0,0.0,394,8,1,0.0,0.0,0.0,0.0,0.0,0.0,0.0,0.0,0.0,0.0,0.0,0.0,0.0,0.0,0.0,with_side
rg3,42,2,dummy_prior,0.5,,,inner_f1,0.02030456852791878,0.5,0.01989390347599784,0.0992609859292118,0.0,0.0,0.0,0.0,386,0,8,0,1.0,0.0,394,8,1,0.0,0.0,0.0,0.0,0.0,0.0,0.0,0.0,0.0,0.0,0.0,0.0,0.0,0.0,0.0,with_side
rg3,42,2,logistic,0.02756441565517788,,,fixed_0.5,0.06618864209379835,0.6965673575129534,0.020501930839331817,0.10227921519456341,0.0,0.0,0.0,0.0,386,0,8,0,1.0,0.0,394,8,394,0.125,0.25,12.312500000000002,0.125,0.08333333333333333,4.104166666666667,0.125,0.05,2.4625000000000004,0.125,0.025,1.2312500000000002,0.375,0.0379746835443038,1.8702531645569622,with_side
rg3,42,2,logistic,0.02756441565517788,,,inner_f1,0.06618864209379835,0.6965673575129534,0.020501930839331817,0.10227921519456341,0.057692307692307696,0.03125,0.375,0.04404716352973792,293,93,5,3,0.625,0.24093264248704663,394,8,394,0.125,0.25,12.312500000000002,0.125,0.08333333333333333,4.104166666666667,0.125,0.05,2.4625000000000004,0.125,0.025,1.2312500000000002,0.375,0.0379746835443038,1.8702531645569622,with_side
rg3,42,2,logistic_balanced,0.5102440147195547,,,fixed_0.5,0.1584553765544621,0.7101683937823833,0.15253130435573387,0.45139210147378744,0.041237113402061855,0.02247191011235955,0.25,0.00830099253784813,299,87,6,2,0.75,0.22538860103626943,394,8,394,0.125,0.25,12.312500000000002,0.125,0.08333333333333333,4.104166666666667,0.125,0.05,2.4625000000000004,0.125,0.025,1.2312500000000002,0.25,0.02531645569620253,1.2468354430379747,with_side
rg3,42,2,logistic_balanced,0.5102440147195547,,,inner_f1,0.1584553765544621,0.7101683937823833,0.15253130435573387,0.45139210147378744,0.0425531914893617,0.023255813953488372,0.25,0.01105698626969228,302,84,6,2,0.75,0.21761658031088082,394,8,394,0.125,0.25,12.312500000000002,0.125,0.08333333333333333,4.104166666666667,0.125,0.05,2.4625000000000004,0.125,0.025,1.2312500000000002,0.25,0.02531645569620253,1.2468354430379747,with_side
rg3,42,2,xgboost,0.018156327307224274,,,fixed_0.5,0.15234623908140504,0.6389248704663212,0.01971604787094421,0.09664992203305585,0.0,0.0,0.0,0.0,386,0,8,0,1.0,0.0,394,8,392,0.125,0.25,12.312500000000002,0.125,0.08333333333333333,4.104166666666667,0.125,0.05,2.4625000000000004,0.125,0.025,1.2312500000000002,0.25,0.02531645569620253,1.2468354430379747,with_side
rg3,42,2,xgboost,0.018156327307224274,,,inner_f1,0.15234623908140504,0.6389248704663212,0.01971604787094421,0.09664992203305585,0.053475935828877004,0.027932960893854747,0.625,0.04935121899498926,212,174,3,5,0.375,0.45077720207253885,394,8,392,0.125,0.25,12.312500000000002,0.125,0.08333333333333333,4.104166666666667,0.125,0.05,2.4625000000000004,0.125,0.025,1.2312500000000002,0.25,0.02531645569620253,1.2468354430379747,with_side
rg3,42,2,xgboost_balanced,0.1351190209388733,,,fixed_0.5,0.039159499244388885,0.6615932642487047,0.043614465196412676,0.16894942137627456,0.08695652173913043,0.06666666666666667,0.125,0.06539532199036825,372,14,7,1,0.875,0.03626943005181347,394,8,394,0.0,0.0,0.0,0.0,0.0,0.0,0.125,0.05,2.4625000000000004,0.125,0.025,1.2312500000000002,0.375,0.0379746835443038,1.8702531645569622,with_side
rg3,42,2,xgboost_balanced,0.1351190209388733,,,inner_f1,0.039159499244388885,0.6615932642487047,0.043614465196412676,0.16894942137627456,0.0594059405940594,0.03225806451612903,0.375,0.047109743822322095,296,90,5,3,0.625,0.23316062176165803,394,8,394,0.0,0.0,0.0,0.0,0.0,0.0,0.125,0.05,2.4625000000000004,0.125,0.025,1.2312500000000002,0.375,0.0379746835443038,1.8702531645569622,with_side
rg3,42,2,extratrees,0.024224294224294226,,,fixed_0.5,0.05540032634399283,0.7441709844559585,0.019958271253442388,0.09370247065545022,0.0,0.0,0.0,0.0,386,0,8,0,1.0,0.0,394,8,199,0.0,0.0,0.0,0.125,0.08333333333333333,4.104166666666667,0.125,0.05,2.4625000000000004,0.25,0.05,2.4625000000000004,0.375,0.0379746835443038,1.8702531645569622,with_side
rg3,42,2,extratrees,0.024224294224294226,,,inner_f1,0.05540032634399283,0.7441709844559585,0.019958271253442388,0.09370247065545022,0.06802721088435375,0.03597122302158273,0.625,0.08201081950582233,252,134,3,5,0.375,0.3471502590673575,394,8,199,0.0,0.0,0.0,0.125,0.08333333333333333,4.104166666666667,0.125,0.05,2.4625000000000004,0.25,0.05,2.4625000000000004,0.375,0.0379746835443038,1.8702531645569622,with_side
rg3,42,2,extratrees_balanced,0.802158426808214,,,fixed_0.5,0.03740377527797474,0.72279792746114,0.07472398485510888,0.22839742657720707,0.0,0.0,0.0,-0.04972841929270343,344,42,8,0,1.0,0.10880829015544041,394,8,198,0.0,0.0,0.0,0.0,0.0,0.0,0.0,0.0,0.0,0.0,0.0,0.0,0.25,0.02531645569620253,1.2468354430379747,with_side
rg3,42,2,extratrees_balanced,0.802158426808214,,,inner_f1,0.03740377527797474,0.72279792746114,0.07472398485510888,0.22839742657720707,0.0,0.0,0.0,0.0,386,0,8,0,1.0,0.0,394,8,198,0.0,0.0,0.0,0.0,0.0,0.0,0.0,0.0,0.0,0.0,0.0,0.0,0.25,0.02531645569620253,1.2468354430379747,with_side
rg3,42,2,catboost,0.03858233084519295,,,fixed_0.5,0.07739245750297927,0.723121761658031,0.019645053318870963,0.08917686052495505,0.0,0.0,0.0,0.0,386,0,8,0,1.0,0.0,394,8,394,0.125,0.25,12.312500000000002,0.125,0.08333333333333333,4.104166666666667,0.125,0.05,2.4625000000000004,0.125,0.025,1.2312500000000002,0.375,0.0379746835443038,1.8702531645569622,with_side
rg3,42,2,catboost,0.03858233084519295,,,inner_f1,0.07739245750297927,0.723121761658031,0.019645053318870963,0.08917686052495505,0.06349206349206349,0.03636363636363636,0.25,0.045862677359638615,333,53,6,2,0.75,0.13730569948186527,394,8,394,0.125,0.25,12.312500000000002,0.125,0.08333333333333333,4.104166666666667,0.125,0.05,2.4625000000000004,0.125,0.025,1.2312500000000002,0.375,0.0379746835443038,1.8702531645569622,with_side
rg3,42,2,catboost_balanced,0.41715142343286205,,,fixed_0.5,0.049965387125692824,0.7237694300518135,0.049065714636936486,0.17877290311954624,0.08,0.058823529411764705,0.125,0.05799438193001742,370,16,7,1,0.875,0.04145077720207254,394,8,394,0.0,0.0,0.0,0.0,0.0,0.0,0.125,0.05,2.4625000000000004,0.25,0.05,2.4625000000000004,0.375,0.0379746835443038,1.8702531645569622,with_side
rg3,42,2,catboost_balanced,0.41715142343286205,,,inner_f1,0.049965387125692824,0.7237694300518135,0.049065714636936486,0.17877290311954624,0.0625,0.041666666666666664,0.125,0.03857502717874625,363,23,7,1,0.875,0.05958549222797927,394,8,394,0.0,0.0,0.0,0.0,0.0,0.0,0.125,0.05,2.4625000000000004,0.25,0.05,2.4625000000000004,0.375,0.0379746835443038,1.8702531645569622,with_side
rg3,42,2,lightgbm,0.04745229641339838,,,fixed_0.5,0.04977719016835677,0.6625647668393784,0.019987349702230015,0.09830668379816698,0.0,0.0,0.0,0.0,386,0,8,0,1.0,0.0,394,8,394,0.0,0.0,0.0,0.125,0.08333333333333333,4.104166666666667,0.125,0.05,2.4625000000000004,0.125,0.025,1.2312500000000002,0.25,0.02531645569620253,1.2468354430379747,with_side
rg3,42,2,lightgbm,0.04745229641339838,,,inner_f1,0.04977719016835677,0.6625647668393784,0.019987349702230015,0.09830668379816698,0.05405405405405406,0.034482758620689655,0.125,0.02833550372246291,358,28,7,1,0.875,0.07253886010362694,394,8,394,0.0,0.0,0.0,0.125,0.08333333333333333,4.104166666666667,0.125,0.05,2.4625000000000004,0.125,0.025,1.2312500000000002,0.25,0.02531645569620253,1.2468354430379747,with_side
rg3,42,2,lightgbm_balanced,0.18880199310038034,,,fixed_0.5,0.09482774211073941,0.679080310880829,0.0488483555677893,0.1834923144929219,0.08333333333333333,0.0625,0.125,0.06155128152320097,371,15,7,1,0.875,0.038860103626943004,394,8,394,0.125,0.25,12.312500000000002,0.125,0.08333333333333333,4.104166666666667,0.125,0.05,2.4625000000000004,0.25,0.05,2.4625000000000004,0.375,0.0379746835443038,1.8702531645569622,with_side
rg3,42,2,lightgbm_balanced,0.18880199310038034,,,inner_f1,0.09482774211073941,0.679080310880829,0.0488483555677893,0.1834923144929219,0.06382978723404255,0.03488372093023256,0.375,0.05462151217227986,303,83,5,3,0.625,0.21502590673575128,394,8,394,0.125,0.25,12.312500000000002,0.125,0.08333333333333333,4.104166666666667,0.125,0.05,2.4625000000000004,0.25,0.05,2.4625000000000004,0.375,0.0379746835443038,1.8702531645569622,with_side
rg3,1729,0,dummy_prior,0.5,,,fixed_0.5,0.027918781725888325,0.5,0.027242392228606773,0.12995073399332752,0.0,0.0,0.0,0.0,383,0,11,0,1.0,0.0,394,11,1,0.0,0.0,0.0,0.0,0.0,0.0,0.0,0.0,0.0,0.0,0.0,0.0,0.2727272727272727,0.0379746835443038,1.3601841196777906,with_side
rg3,1729,0,dummy_prior,0.5,,,inner_f1,0.027918781725888325,0.5,0.027242392228606773,0.12995073399332752,0.0,0.0,0.0,0.0,383,0,11,0,1.0,0.0,394,11,1,0.0,0.0,0.0,0.0,0.0,0.0,0.0,0.0,0.0,0.0,0.0,0.0,0.2727272727272727,0.0379746835443038,1.3601841196777906,with_side
rg3,1729,0,logistic,0.003331782872265177,,,fixed_0.5,0.056373341622881386,0.7581295988606693,0.02729020451372731,0.12023995933361628,0.0,0.0,0.0,0.0,383,0,11,0,1.0,0.0,394,11,394,0.0,0.0,0.0,0.0,0.0,0.0,0.0,0.0,0.0,0.09090909090909091,0.025,0.8954545454545455,0.2727272727272727,0.0379746835443038,1.3601841196777906,with_side
rg3,1729,0,logistic,0.003331782872265177,,,inner_f1,0.056373341622881386,0.7581295988606693,0.02729020451372731,0.12023995933361628,0.1004566210045662,0.052884615384615384,1.0,0.16025875341394719,186,197,0,11,0.0,0.5143603133159269,394,11,394,0.0,0.0,0.0,0.0,0.0,0.0,0.0,0.0,0.0,0.09090909090909091,0.025,0.8954545454545455,0.2727272727272727,0.0379746835443038,1.3601841196777906,with_side
rg3,1729,0,logistic_balanced,0.02090638522212503,,,fixed_0.5,0.05469012917405704,0.7491098979349633,0.1411677345709753,0.42643543804369366,0.08421052631578947,0.047619047619047616,0.36363636363636365,0.06224885625472983,303,80,7,4,0.6363636363636364,0.20887728459530025,394,11,394,0.0,0.0,0.0,0.0,0.0,0.0,0.0,0.0,0.0,0.0,0.0,0.0,0.36363636363636365,0.05063291139240506,1.813578826237054,with_side
rg3,1729,0,logistic_balanced,0.02090638522212503,,,inner_f1,0.05469012917405704,0.7491098979349633,0.1411677345709753,0.42643543804369366,0.10476190476190476,0.05527638190954774,1.0,0.16775973177159598,195,188,0,11,0.0,0.4908616187989556,394,11,394,0.0,0.0,0.0,0.0,0.0,0.0,0.0,0.0,0.0,0.0,0.0,0.0,0.36363636363636365,0.05063291139240506,1.813578826237054,with_side
rg3,1729,0,xgboost,0.010427333414554596,,,fixed_0.5,0.06164535893938801,0.7659624970329932,0.026933270098753143,0.121091959574688,0.0,0.0,0.0,0.0,383,0,11,0,1.0,0.0,394,11,394,0.0,0.0,0.0,0.0,0.0,0.0,0.0,0.0,0.0,0.18181818181818182,0.05,1.790909090909091,0.45454545454545453,0.06329113924050633,2.266973532796318,with_side
rg3,1729,0,xgboost,0.010427333414554596,,,inner_f1,0.06164535893938801,0.7659624970329932,0.026933270098753143,0.121091959574688,0.07096774193548387,0.03678929765886288,1.0,0.09552634562840465,95,288,0,11,0.0,0.7519582245430809,394,11,394,0.0,0.0,0.0,0.0,0.0,0.0,0.0,0.0,0.0,0.18181818181818182,0.05,1.790909090909091,0.45454545454545453,0.06329113924050633,2.266973532796318,with_side
rg3,1729,0,xgboost_balanced,0.005809010937809944,,,fixed_0.5,0.23284365464722653,0.8471398053643485,0.037144675570316005,0.14111318003226525,0.2727272727272727,0.2727272727272727,0.2727272727272727,0.2518395442677427,375,8,8,3,0.7272727272727273,0.020887728459530026,394,11,394,0.09090909090909091,0.25,8.954545454545455,0.2727272727272727,0.25,8.954545454545455,0.2727272727272727,0.15,5.372727272727272,0.6363636363636364,0.175,6.268181818181818,0.6363636363636364,0.08860759493670886,3.1737629459148446,with_side
rg3,1729,0,xgboost_balanced,0.005809010937809944,,,inner_f1,0.23284365464722653,0.8471398053643485,0.037144675570316005,0.14111318003226525,0.06321839080459771,0.032640949554896145,1.0,0.06969785827496928,57,326,0,11,0.0,0.8511749347258486,394,11,394,0.09090909090909091,0.25,8.954545454545455,0.2727272727272727,0.25,8.954545454545455,0.2727272727272727,0.15,5.372727272727272,0.6363636363636364,0.175,6.268181818181818,0.6363636363636364,0.08860759493670886,3.1737629459148446,with_side
rg3,1729,0,extratrees,0.0001234567901234568,,,fixed_0.5,0.10307167128729973,0.794683123664847,0.02643992251129358,0.1119739165749931,0.0,0.0,0.0,0.0,383,0,11,0,1.0,0.0,394,11,198,0.0,0.0,0.0,0.18181818181818182,0.16666666666666666,5.969696969696969,0.36363636363636365,0.2,7.163636363636364,0.36363636363636365,0.1,3.581818181818182,0.5454545454545454,0.0759493670886076,2.7203682393555813,with_side
rg3,1729,0,extratrees,0.0001234567901234568,,,inner_f1,0.10307167128729973,0.794683123664847,0.02643992251129358,0.1119739165749931,0.10576923076923077,0.05583756345177665,1.0,0.16947161010580442,197,186,0,11,0.0,0.4856396866840731,394,11,198,0.0,0.0,0.0,0.18181818181818182,0.16666666666666666,5.969696969696969,0.36363636363636365,0.2,7.163636363636364,0.36363636363636365,0.1,3.581818181818182,0.5454545454545454,0.0759493670886076,2.7203682393555813,with_side
rg3,1729,0,extratrees_balanced,0.011185186978876578,,,fixed_0.5,0.1298448002293484,0.7840018988844053,0.07983859264241305,0.24450480226040594,0.1694915254237288,0.10416666666666667,0.45454545454545453,0.17238952091986184,340,43,6,5,0.5454545454545454,0.1122715404699739,394,11,197,0.09090909090909091,0.25,8.954545454545455,0.18181818181818182,0.16666666666666666,5.969696969696969,0.2727272727272727,0.15,5.372727272727272,0.45454545454545453,0.125,4.4772727272727275,0.5454545454545454,0.0759493670886076,2.7203682393555813,with_side
rg3,1729,0,extratrees_balanced,0.011185186978876578,,,inner_f1,0.1298448002293484,0.7840018988844053,0.07983859264241305,0.24450480226040594,0.1073170731707317,0.05670103092783505,1.0,0.17207234941994837,200,183,0,11,0.0,0.47780678851174935,394,11,197,0.09090909090909091,0.25,8.954545454545455,0.18181818181818182,0.16666666666666666,5.969696969696969,0.2727272727272727,0.15,5.372727272727272,0.45454545454545453,0.125,4.4772727272727275,0.5454545454545454,0.0759493670886076,2.7203682393555813,with_side
rg3,1729,0,catboost,0.0034387371733387655,,,fixed_0.5,0.07920327356184041,0.7961072869689059,0.026801650566404746,0.1147620989600554,0.0,0.0,0.0,0.0,383,0,11,0,1.0,0.0,394,11,394,0.0,0.0,0.0,0.0,0.0,0.0,0.18181818181818182,0.1,3.581818181818182,0.18181818181818182,0.05,1.790909090909091,0.7272727272727273,0.10126582278481013,3.627157652474108,with_side
rg3,1729,0,catboost,0.0034387371733387655,,,inner_f1,0.07920327356184041,0.7961072869689059,0.026801650566404746,0.1147620989600554,0.102803738317757,0.054187192118226604,1.0,0.1643862999140407,191,192,0,11,0.0,0.5013054830287206,394,11,394,0.0,0.0,0.0,0.0,0.0,0.0,0.18181818181818182,0.1,3.581818181818182,0.18181818181818182,0.05,1.790909090909091,0.7272727272727273,0.10126582278481013,3.627157652474108,with_side
rg3,1729,0,catboost_balanced,0.018241654150511013,,,fixed_0.5,0.10012510356011935,0.789223830999288,0.044857800197198434,0.16215062045773754,0.17391304347826086,0.16666666666666666,0.18181818181818182,0.1492745619242518,373,10,9,2,0.8181818181818182,0.02610966057441253,394,11,394,0.0,0.0,0.0,0.18181818181818182,0.16666666666666666,5.969696969696969,0.2727272727272727,0.15,5.372727272727272,0.36363636363636365,0.1,3.581818181818182,0.5454545454545454,0.0759493670886076,2.7203682393555813,with_side
rg3,1729,0,catboost_balanced,0.018241654150511013,,,inner_f1,0.10012510356011935,0.789223830999288,0.044857800197198434,0.16215062045773754,0.09954751131221719,0.05238095238095238,1.0,0.15863397973023574,184,199,0,11,0.0,0.5195822454308094,394,11,394,0.0,0.0,0.0,0.18181818181818182,0.16666666666666666,5.969696969696969,0.2727272727272727,0.15,5.372727272727272,0.36363636363636365,0.1,3.581818181818182,0.5454545454545454,0.0759493670886076,2.7203682393555813,with_side
rg3,1729,0,lightgbm,0.005648505741596609,,,fixed_0.5,0.14087879077091486,0.8395442677427012,0.026397634239248423,0.11196181958269104,0.0,0.0,0.0,0.0,383,0,11,0,1.0,0.0,394,11,394,0.09090909090909091,0.25,8.954545454545455,0.2727272727272727,0.25,8.954545454545455,0.2727272727272727,0.15,5.372727272727272,0.45454545454545453,0.125,4.4772727272727275,0.6363636363636364,0.08860759493670886,3.1737629459148446,with_side
rg3,1729,0,lightgbm,0.005648505741596609,,,inner_f1,0.14087879077091486,0.8395442677427012,0.026397634239248423,0.11196181958269104,0.09565217391304348,0.0502283105022831,1.0,0.15149347320170006,175,208,0,11,0.0,0.5430809399477807,394,11,394,0.09090909090909091,0.25,8.954545454545455,0.2727272727272727,0.25,8.954545454545455,0.2727272727272727,0.15,5.372727272727272,0.45454545454545453,0.125,4.4772727272727275,0.6363636363636364,0.08860759493670886,3.1737629459148446,with_side
rg3,1729,0,lightgbm_balanced,0.01912762223475004,,,fixed_0.5,0.14254671287885723,0.8165202943270828,0.04622048465743699,0.16888183040831947,0.23076923076923078,0.2,0.2727272727272727,0.207806912017516,371,12,8,3,0.7272727272727273,0.031331592689295036,394,11,394,0.09090909090909091,0.25,8.954545454545455,0.18181818181818182,0.16666666666666666,5.969696969696969,0.2727272727272727,0.15,5.372727272727272,0.2727272727272727,0.075,2.686363636363636,0.5454545454545454,0.0759493670886076,2.7203682393555813,with_side
rg3,1729,0,lightgbm_balanced,0.01912762223475004,,,inner_f1,0.14254671287885723,0.8165202943270828,0.04622048465743699,0.16888183040831947,0.0873015873015873,0.04564315352697095,1.0,0.13503120700736435,153,230,0,11,0.0,0.6005221932114883,394,11,394,0.09090909090909091,0.25,8.954545454545455,0.18181818181818182,0.16666666666666666,5.969696969696969,0.2727272727272727,0.15,5.372727272727272,0.2727272727272727,0.075,2.686363636363636,0.5454545454545454,0.0759493670886076,2.7203682393555813,with_side
rg3,1729,1,dummy_prior,0.5,,,fixed_0.5,0.017766497461928935,0.5,0.017476616248808266,0.08983887272248704,0.0,0.0,0.0,0.0,387,0,7,0,1.0,0.0,394,7,1,0.0,0.0,0.0,0.0,0.0,0.0,0.0,0.0,0.0,0.0,0.0,0.0,0.14285714285714285,0.012658227848101266,0.7124773960216998,with_side
rg3,1729,1,dummy_prior,0.5,,,inner_f1,0.017766497461928935,0.5,0.017476616248808266,0.08983887272248704,0.0,0.0,0.0,0.0,387,0,7,0,1.0,0.0,394,7,1,0.0,0.0,0.0,0.0,0.0,0.0,0.0,0.0,0.0,0.0,0.0,0.0,0.14285714285714285,0.012658227848101266,0.7124773960216998,with_side
rg3,1729,1,logistic,0.045866355233325634,,,fixed_0.5,0.04383449138471013,0.7349575489110374,0.018066733012495503,0.08615469605509132,0.0,0.0,0.0,0.0,387,0,7,0,1.0,0.0,394,7,394,0.0,0.0,0.0,0.14285714285714285,0.08333333333333333,4.69047619047619,0.14285714285714285,0.05,2.814285714285714,0.14285714285714285,0.025,1.407142857142857,0.2857142857142857,0.02531645569620253,1.4249547920433996,with_side
rg3,1729,1,logistic,0.045866355233325634,,,inner_f1,0.04383449138471013,0.7349575489110374,0.018066733012495503,0.08615469605509132,0.05,0.0273972602739726,0.2857142857142857,0.03476652790097756,316,71,5,2,0.7142857142857143,0.1834625322997416,394,7,394,0.0,0.0,0.0,0.14285714285714285,0.08333333333333333,4.69047619047619,0.14285714285714285,0.05,2.814285714285714,0.14285714285714285,0.025,1.407142857142857,0.2857142857142857,0.02531645569620253,1.4249547920433996,with_side
rg3,1729,1,logistic_balanced,0.7947835517567151,,,fixed_0.5,0.05035898741788278,0.7504614248800294,0.1684396110675214,0.5054781027031041,0.05660377358490566,0.030303030303030304,0.42857142857142855,0.05497633083641854,291,96,4,3,0.5714285714285714,0.24806201550387597,394,7,394,0.0,0.0,0.0,0.14285714285714285,0.08333333333333333,4.69047619047619,0.14285714285714285,0.05,2.814285714285714,0.2857142857142857,0.05,2.814285714285714,0.42857142857142855,0.0379746835443038,2.1374321880650995,with_side
rg3,1729,1,logistic_balanced,0.7947835517567151,,,inner_f1,0.05035898741788278,0.7504614248800294,0.1684396110675214,0.5054781027031041,0.08163265306122448,0.047619047619047616,0.2857142857142857,0.07805962659575537,347,40,5,2,0.7142857142857143,0.10335917312661498,394,7,394,0.0,0.0,0.0,0.14285714285714285,0.08333333333333333,4.69047619047619,0.14285714285714285,0.05,2.814285714285714,0.2857142857142857,0.05,2.814285714285714,0.42857142857142855,0.0379746835443038,2.1374321880650995,with_side
rg3,1729,1,xgboost,0.022215021774172783,,,fixed_0.5,0.023402612031592187,0.5618309339239571,0.018069444402989642,0.0944000957691213,0.0,0.0,0.0,0.0,387,0,7,0,1.0,0.0,394,7,392,0.0,0.0,0.0,0.0,0.0,0.0,0.0,0.0,0.0,0.0,0.0,0.0,0.2857142857142857,0.02531645569620253,1.4249547920433996,with_side
rg3,1729,1,xgboost,0.022215021774172783,,,inner_f1,0.023402612031592187,0.5618309339239571,0.018069444402989642,0.0944000957691213,0.046511627906976744,0.02459016393442623,0.42857142857142855,0.03459433397857018,268,119,4,3,0.5714285714285714,0.30749354005167956,394,7,392,0.0,0.0,0.0,0.0,0.0,0.0,0.0,0.0,0.0,0.0,0.0,0.0,0.2857142857142857,0.02531645569620253,1.4249547920433996,with_side
rg3,1729,1,xgboost_balanced,0.8109561204910278,,,fixed_0.5,0.03809107870398579,0.6821705426356589,0.05145117878162177,0.18235956469893658,0.0,0.0,0.0,-0.031100884057415703,367,20,7,0,1.0,0.05167958656330749,394,7,394,0.0,0.0,0.0,0.0,0.0,0.0,0.0,0.0,0.0,0.2857142857142857,0.05,2.814285714285714,0.42857142857142855,0.0379746835443038,2.1374321880650995,with_side
rg3,1729,1,xgboost_balanced,0.8109561204910278,,,inner_f1,0.03809107870398579,0.6821705426356589,0.05145117878162177,0.18235956469893658,0.0,0.0,0.0,-0.01178055594798754,384,3,7,0,1.0,0.007751937984496124,394,7,394,0.0,0.0,0.0,0.0,0.0,0.0,0.0,0.0,0.0,0.2857142857142857,0.05,2.814285714285714,0.42857142857142855,0.0379746835443038,2.1374321880650995,with_side
rg3,1729,1,extratrees,0.11028029304432564,,,fixed_0.5,0.026404921425457625,0.6282761166482097,0.0191766244474536,0.1801844689172012,0.0,0.0,0.0,0.0,387,0,7,0,1.0,0.0,394,7,193,0.0,0.0,0.0,0.0,0.0,0.0,0.0,0.0,0.0,0.0,0.0,0.0,0.2857142857142857,0.02531645569620253,1.4249547920433996,with_side
rg3,1729,1,extratrees,0.11028029304432564,,,inner_f1,0.026404921425457625,0.6282761166482097,0.0191766244474536,0.1801844689172012,0.0,0.0,0.0,-0.037909329592926415,358,29,7,0,1.0,0.07493540051679587,394,7,193,0.0,0.0,0.0,0.0,0.0,0.0,0.0,0.0,0.0,0.0,0.0,0.0,0.2857142857142857,0.02531645569620253,1.4249547920433996,with_side
rg3,1729,1,extratrees_balanced,0.6205789763120048,,,fixed_0.5,0.0301245675302902,0.6819859726836471,0.0808250530265162,0.25204863354389906,0.0392156862745098,0.022727272727272728,0.14285714285714285,0.013314767531800603,344,43,6,1,0.8571428571428571,0.1111111111111111,394,7,188,0.0,0.0,0.0,0.0,0.0,0.0,0.0,0.0,0.0,0.14285714285714285,0.025,1.407142857142857,0.2857142857142857,0.02531645569620253,1.4249547920433996,with_side
rg3,1729,1,extratrees_balanced,0.6205789763120048,,,inner_f1,0.0301245675302902,0.6819859726836471,0.0808250530265162,0.25204863354389906,0.0,0.0,0.0,-0.03191161391282081,366,21,7,0,1.0,0.05426356589147287,394,7,188,0.0,0.0,0.0,0.0,0.0,0.0,0.0,0.0,0.0,0.14285714285714285,0.025,1.407142857142857,0.2857142857142857,0.02531645569620253,1.4249547920433996,with_side
rg3,1729,1,catboost,0.025227350335627598,,,fixed_0.5,0.028692098958190155,0.6747877445551864,0.017968276911831556,0.08866173020326891,0.0,0.0,0.0,0.0,387,0,7,0,1.0,0.0,394,7,394,0.0,0.0,0.0,0.0,0.0,0.0,0.0,0.0,0.0,0.0,0.0,0.0,0.14285714285714285,0.012658227848101266,0.7124773960216998,with_side
rg3,1729,1,catboost,0.025227350335627598,,,inner_f1,0.028692098958190155,0.6747877445551864,0.017968276911831556,0.08866173020326891,0.031496062992125984,0.016666666666666666,0.2857142857142857,-0.005509763233616065,269,118,5,2,0.7142857142857143,0.3049095607235142,394,7,394,0.0,0.0,0.0,0.0,0.0,0.0,0.0,0.0,0.0,0.0,0.0,0.0,0.14285714285714285,0.012658227848101266,0.7124773960216998,with_side
rg3,1729,1,catboost_balanced,0.20643993208024009,,,fixed_0.5,0.029239998756880905,0.6770025839793282,0.06747018209334413,0.21545767942882021,0.0,0.0,0.0,-0.04066276498870772,354,33,7,0,1.0,0.08527131782945736,394,7,394,0.0,0.0,0.0,0.0,0.0,0.0,0.0,0.0,0.0,0.0,0.0,0.0,0.2857142857142857,0.02531645569620253,1.4249547920433996,with_side
rg3,1729,1,catboost_balanced,0.20643993208024009,,,inner_f1,0.029239998756880905,0.6770025839793282,0.06747018209334413,0.21545767942882021,0.04081632653061224,0.02197802197802198,0.2857142857142857,0.017471509728212656,298,89,5,2,0.7142857142857143,0.22997416020671835,394,7,394,0.0,0.0,0.0,0.0,0.0,0.0,0.0,0.0,0.0,0.0,0.0,0.0,0.2857142857142857,0.02531645569620253,1.4249547920433996,with_side
rg3,1729,1,lightgbm,0.08625131007701484,,,fixed_0.5,0.032236427097974335,0.6670358065706902,0.01828373054502659,0.09318275960065014,0.0,0.0,0.0,0.0,387,0,7,0,1.0,0.0,394,7,394,0.0,0.0,0.0,0.0,0.0,0.0,0.0,0.0,0.0,0.14285714285714285,0.025,1.407142857142857,0.42857142857142855,0.0379746835443038,2.1374321880650995,with_side
rg3,1729,1,lightgbm,0.08625131007701484,,,inner_f1,0.032236427097974335,0.6670358065706902,0.01828373054502659,0.09318275960065014,0.0,0.0,0.0,-0.030272947247600226,368,19,7,0,1.0,0.04909560723514212,394,7,394,0.0,0.0,0.0,0.0,0.0,0.0,0.0,0.0,0.0,0.14285714285714285,0.025,1.407142857142857,0.42857142857142855,0.0379746835443038,2.1374321880650995,with_side
rg3,1729,1,lightgbm_balanced,0.6913243401993708,,,fixed_0.5,0.03815416321884009,0.6360280546327057,0.0654462121758328,0.22196908533068205,0.10810810810810811,0.06666666666666667,0.2857142857142857,0.106270326948438,359,28,5,2,0.7142857142857143,0.07235142118863049,394,7,394,0.0,0.0,0.0,0.0,0.0,0.0,0.14285714285714285,0.05,2.814285714285714,0.2857142857142857,0.05,2.814285714285714,0.2857142857142857,0.02531645569620253,1.4249547920433996,with_side
rg3,1729,1,lightgbm_balanced,0.6913243401993708,,,inner_f1,0.03815416321884009,0.6360280546327057,0.0654462121758328,0.22196908533068205,0.0,0.0,0.0,-0.020562903028816623,378,9,7,0,1.0,0.023255813953488372,394,7,394,0.0,0.0,0.0,0.0,0.0,0.0,0.14285714285714285,0.05,2.814285714285714,0.2857142857142857,0.05,2.814285714285714,0.2857142857142857,0.02531645569620253,1.4249547920433996,with_side
rg3,1729,2,dummy_prior,0.5,,,fixed_0.5,0.017766497461928935,0.5,0.017476616248808266,0.08983887272248706,0.0,0.0,0.0,0.0,387,0,7,0,1.0,0.0,394,7,1,0.0,0.0,0.0,0.0,0.0,0.0,0.14285714285714285,0.05,2.814285714285714,0.14285714285714285,0.025,1.407142857142857,0.14285714285714285,0.012658227848101266,0.7124773960216998,with_side
rg3,1729,2,dummy_prior,0.5,,,inner_f1,0.017766497461928935,0.5,0.017476616248808266,0.08983887272248706,0.0,0.0,0.0,0.0,387,0,7,0,1.0,0.0,394,7,1,0.0,0.0,0.0,0.0,0.0,0.0,0.14285714285714285,0.05,2.814285714285714,0.14285714285714285,0.025,1.407142857142857,0.14285714285714285,0.012658227848101266,0.7124773960216998,with_side
rg3,1729,2,logistic,0.14895092960987302,,,fixed_0.5,0.02766005540993738,0.6511627906976745,0.018818803106901,0.09717234114675671,0.0,0.0,0.0,0.0,387,0,7,0,1.0,0.0,394,7,394,0.0,0.0,0.0,0.0,0.0,0.0,0.0,0.0,0.0,0.0,0.0,0.0,0.2857142857142857,0.02531645569620253,1.4249547920433996,with_side
rg3,1729,2,logistic,0.14895092960987302,,,inner_f1,0.02766005540993738,0.6511627906976745,0.018818803106901,0.09717234114675671,0.0,0.0,0.0,-0.01524767894897695,382,5,7,0,1.0,0.012919896640826873,394,7,394,0.0,0.0,0.0,0.0,0.0,0.0,0.0,0.0,0.0,0.0,0.0,0.0,0.2857142857142857,0.02531645569620253,1.4249547920433996,with_side
rg3,1729,2,logistic_balanced,0.7900540434737927,,,fixed_0.5,0.028737627348846436,0.6722037652270211,0.1624472946982419,0.4600586913836215,0.037037037037037035,0.019801980198019802,0.2857142857142857,0.009046613146240645,288,99,5,2,0.7142857142857143,0.2558139534883721,394,7,394,0.0,0.0,0.0,0.0,0.0,0.0,0.0,0.0,0.0,0.0,0.0,0.0,0.14285714285714285,0.012658227848101266,0.7124773960216998,with_side
rg3,1729,2,logistic_balanced,0.7900540434737927,,,inner_f1,0.028737627348846436,0.6722037652270211,0.1624472946982419,0.4600586913836215,0.0,0.0,0.0,-0.03861032639995152,357,30,7,0,1.0,0.07751937984496124,394,7,394,0.0,0.0,0.0,0.0,0.0,0.0,0.0,0.0,0.0,0.0,0.0,0.0,0.14285714285714285,0.012658227848101266,0.7124773960216998,with_side
rg3,1729,2,xgboost,0.059851620346307755,,,fixed_0.5,0.021755688271313918,0.5322997416020672,0.017776781826638634,0.09283906075043571,0.0,0.0,0.0,0.0,387,0,7,0,1.0,0.0,394,7,394,0.0,0.0,0.0,0.0,0.0,0.0,0.0,0.0,0.0,0.0,0.0,0.0,0.14285714285714285,0.012658227848101266,0.7124773960216998,with_side
rg3,1729,2,xgboost,0.059851620346307755,,,inner_f1,0.021755688271313918,0.5322997416020672,0.017776781826638634,0.09283906075043571,0.0,0.0,0.0,-0.024842924861035336,374,13,7,0,1.0,0.03359173126614987,394,7,394,0.0,0.0,0.0,0.0,0.0,0.0,0.0,0.0,0.0,0.0,0.0,0.0,0.14285714285714285,0.012658227848101266,0.7124773960216998,with_side
rg3,1729,2,xgboost_balanced,0.4802800714969635,,,fixed_0.5,0.028227862846552158,0.6674049464747139,0.05128091747768922,0.1796164864275354,0.0,0.0,0.0,-0.030272947247600226,368,19,7,0,1.0,0.04909560723514212,394,7,394,0.0,0.0,0.0,0.0,0.0,0.0,0.0,0.0,0.0,0.0,0.0,0.0,0.2857142857142857,0.02531645569620253,1.4249547920433996,with_side
rg3,1729,2,xgboost_balanced,0.4802800714969635,,,inner_f1,0.028227862846552158,0.6674049464747139,0.05128091747768922,0.1796164864275354,0.0,0.0,0.0,-0.030272947247600226,368,19,7,0,1.0,0.04909560723514212,394,7,394,0.0,0.0,0.0,0.0,0.0,0.0,0.0,0.0,0.0,0.0,0.0,0.0,0.2857142857142857,0.02531645569620253,1.4249547920433996,with_side
rg3,1729,2,extratrees,0.0005911507614670632,,,fixed_0.5,0.03647642128431629,0.728313030638612,0.01778069082481292,0.08267561301628877,0.0,0.0,0.0,0.0,387,0,7,0,1.0,0.0,394,7,198,0.0,0.0,0.0,0.0,0.0,0.0,0.0,0.0,0.0,0.14285714285714285,0.025,1.407142857142857,0.2857142857142857,0.02531645569620253,1.4249547920433996,with_side
rg3,1729,2,extratrees,0.0005911507614670632,,,inner_f1,0.03647642128431629,0.728313030638612,0.01778069082481292,0.08267561301628877,0.06862745098039216,0.03553299492385787,1.0,0.1344910974643215,197,190,0,7,0.0,0.4909560723514212,394,7,198,0.0,0.0,0.0,0.0,0.0,0.0,0.0,0.0,0.0,0.14285714285714285,0.025,1.407142857142857,0.2857142857142857,0.02531645569620253,1.4249547920433996,with_side
rg3,1729,2,extratrees_balanced,0.580535845095669,,,fixed_0.5,0.03472913083689642,0.7083794758213362,0.08235212875653464,0.2528543695965045,0.03773584905660377,0.021739130434782608,0.14285714285714285,0.010933506213680597,342,45,6,1,0.8571428571428571,0.11627906976744186,394,7,198,0.0,0.0,0.0,0.0,0.0,0.0,0.0,0.0,0.0,0.14285714285714285,0.025,1.407142857142857,0.42857142857142855,0.0379746835443038,2.1374321880650995,with_side
rg3,1729,2,extratrees_balanced,0.580535845095669,,,inner_f1,0.03472913083689642,0.7083794758213362,0.08235212875653464,0.2528543695965045,0.0,0.0,0.0,-0.03500663438588376,362,25,7,0,1.0,0.06459948320413436,394,7,198,0.0,0.0,0.0,0.0,0.0,0.0,0.0,0.0,0.0,0.14285714285714285,0.025,1.407142857142857,0.42857142857142855,0.0379746835443038,2.1374321880650995,with_side
rg3,1729,2,catboost,0.012427115414116266,,,fixed_0.5,0.0317970620999303,0.6843853820598007,0.017472746638879166,0.08247115333312907,0.0,0.0,0.0,0.0,387,0,7,0,1.0,0.0,394,7,394,0.0,0.0,0.0,0.0,0.0,0.0,0.0,0.0,0.0,0.14285714285714285,0.025,1.407142857142857,0.2857142857142857,0.02531645569620253,1.4249547920433996,with_side
rg3,1729,2,catboost,0.012427115414116266,,,inner_f1,0.0317970620999303,0.6843853820598007,0.017472746638879166,0.08247115333312907,0.06965174129353234,0.03608247422680412,1.0,0.1365550200550106,200,187,0,7,0.0,0.48320413436692505,394,7,394,0.0,0.0,0.0,0.0,0.0,0.0,0.0,0.0,0.0,0.14285714285714285,0.025,1.407142857142857,0.2857142857142857,0.02531645569620253,1.4249547920433996,with_side
rg3,1729,2,catboost_balanced,0.41320266556278373,,,fixed_0.5,0.03521056537007687,0.699889258028793,0.06528338463013224,0.21469848841906367,0.058823529411764705,0.037037037037037035,0.14285714285714285,0.03956712038423237,361,26,6,1,0.8571428571428571,0.06718346253229975,394,7,394,0.0,0.0,0.0,0.0,0.0,0.0,0.0,0.0,0.0,0.14285714285714285,0.025,1.407142857142857,0.2857142857142857,0.02531645569620253,1.4249547920433996,with_side
rg3,1729,2,catboost_balanced,0.41320266556278373,,,inner_f1,0.03521056537007687,0.699889258028793,0.06528338463013224,0.21469848841906367,0.0392156862745098,0.022727272727272728,0.14285714285714285,0.013314767531800603,344,43,6,1,0.8571428571428571,0.1111111111111111,394,7,394,0.0,0.0,0.0,0.0,0.0,0.0,0.0,0.0,0.0,0.14285714285714285,0.025,1.407142857142857,0.2857142857142857,0.02531645569620253,1.4249547920433996,with_side
rg3,1729,2,lightgbm,0.0651002569514801,,,fixed_0.5,0.025422555145095834,0.6275378368401624,0.018089918916344795,0.09492417752367645,0.0,0.0,0.0,0.0,387,0,7,0,1.0,0.0,394,7,394,0.0,0.0,0.0,0.0,0.0,0.0,0.0,0.0,0.0,0.0,0.0,0.0,0.14285714285714285,0.012658227848101266,0.7124773960216998,with_side
rg3,1729,2,lightgbm,0.0651002569514801,,,inner_f1,0.025422555145095834,0.6275378368401624,0.018089918916344795,0.09492417752367645,0.0,0.0,0.0,-0.031100884057415703,367,20,7,0,1.0,0.05167958656330749,394,7,394,0.0,0.0,0.0,0.0,0.0,0.0,0.0,0.0,0.0,0.0,0.0,0.0,0.14285714285714285,0.012658227848101266,0.7124773960216998,with_side
rg3,1729,2,lightgbm_balanced,0.6296271764785952,,,fixed_0.5,0.027549824523897024,0.6522702104097454,0.05708088735090291,0.19824162725095973,0.0,0.0,0.0,-0.03348655729945793,364,23,7,0,1.0,0.059431524547803614,394,7,394,0.0,0.0,0.0,0.0,0.0,0.0,0.0,0.0,0.0,0.0,0.0,0.0,0.2857142857142857,0.02531645569620253,1.4249547920433996,with_side
rg3,1729,2,lightgbm_balanced,0.6296271764785952,,,inner_f1,0.027549824523897024,0.6522702104097454,0.05708088735090291,0.19824162725095973,0.0,0.0,0.0,-0.020562903028816623,378,9,7,0,1.0,0.023255813953488372,394,7,394,0.0,0.0,0.0,0.0,0.0,0.0,0.0,0.0,0.0,0.0,0.0,0.0,0.2857142857142857,0.02531645569620253,1.4249547920433996,with_side
rg3,2026,0,dummy_prior,0.5,,,fixed_0.5,0.017766497461928935,0.5,0.017476616248808263,0.08983887272248706,0.0,0.0,0.0,0.0,387,0,7,0,1.0,0.0,394,7,1,0.0,0.0,0.0,0.0,0.0,0.0,0.0,0.0,0.0,0.0,0.0,0.0,0.0,0.0,0.0,with_side
rg3,2026,0,dummy_prior,0.5,,,inner_f1,0.017766497461928935,0.5,0.017476616248808263,0.08983887272248706,0.0,0.0,0.0,0.0,387,0,7,0,1.0,0.0,394,7,1,0.0,0.0,0.0,0.0,0.0,0.0,0.0,0.0,0.0,0.0,0.0,0.0,0.0,0.0,0.0,with_side
rg3,2026,0,logistic,0.005980251994025905,,,fixed_0.5,0.045352901101044285,0.7545219638242894,0.017756312367612607,0.08173004077625995,0.0,0.0,0.0,0.0,387,0,7,0,1.0,0.0,394,7,394,0.0,0.0,0.0,0.0,0.0,0.0,0.14285714285714285,0.05,2.814285714285714,0.2857142857142857,0.05,2.814285714285714,0.2857142857142857,0.02531645569620253,1.4249547920433996,with_side
rg3,2026,0,logistic,0.005980251994025905,,,inner_f1,0.045352901101044285,0.7545219638242894,0.017756312367612607,0.08173004077625995,0.06698564593301436,0.034653465346534656,1.0,0.13111985706257545,192,195,0,7,0.0,0.5038759689922481,394,7,394,0.0,0.0,0.0,0.0,0.0,0.0,0.14285714285714285,0.05,2.814285714285714,0.2857142857142857,0.05,2.814285714285714,0.2857142857142857,0.02531645569620253,1.4249547920433996,with_side
rg3,2026,0,logistic_balanced,0.020855119259054304,,,fixed_0.5,0.04166244701846647,0.7482465854558877,0.18664317721131476,0.5241286139039747,0.04878048780487805,0.02586206896551724,0.42857142857142855,0.03958638362110815,274,113,4,3,0.5714285714285714,0.29198966408268734,394,7,394,0.0,0.0,0.0,0.0,0.0,0.0,0.0,0.0,0.0,0.14285714285714285,0.025,1.407142857142857,0.42857142857142855,0.0379746835443038,2.1374321880650995,with_side
rg3,2026,0,logistic_balanced,0.020855119259054304,,,inner_f1,0.04166244701846647,0.7482465854558877,0.18664317721131476,0.5241286139039747,0.0625,0.03225806451612903,1.0,0.12146476205923068,177,210,0,7,0.0,0.5426356589147286,394,7,394,0.0,0.0,0.0,0.0,0.0,0.0,0.0,0.0,0.0,0.14285714285714285,0.025,1.407142857142857,0.42857142857142855,0.0379746835443038,2.1374321880650995,with_side
rg3,2026,0,xgboost,0.01699606142938137,,,fixed_0.5,0.02956016524266628,0.6648209671465485,0.01765869152580021,0.08878099707762213,0.0,0.0,0.0,0.0,387,0,7,0,1.0,0.0,394,7,394,0.0,0.0,0.0,0.0,0.0,0.0,0.0,0.0,0.0,0.14285714285714285,0.025,1.407142857142857,0.14285714285714285,0.012658227848101266,0.7124773960216998,with_side
rg3,2026,0,xgboost,0.01699606142938137,,,inner_f1,0.02956016524266628,0.6648209671465485,0.01765869152580021,0.08878099707762213,0.06542056074766354,0.033816425120772944,1.0,0.12782893423582561,187,200,0,7,0.0,0.5167958656330749,394,7,394,0.0,0.0,0.0,0.0,0.0,0.0,0.0,0.0,0.0,0.14285714285714285,0.025,1.407142857142857,0.14285714285714285,0.012658227848101266,0.7124773960216998,with_side
rg3,2026,0,xgboost_balanced,0.551194429397583,,,fixed_0.5,0.06560284584869965,0.7873754152823919,0.07130513651407049,0.22387496762557163,0.08695652173913043,0.05128205128205128,0.2857142857142857,0.08409230300066496,350,37,5,2,0.7142857142857143,0.09560723514211886,394,7,394,0.0,0.0,0.0,0.14285714285714285,0.08333333333333333,4.69047619047619,0.2857142857142857,0.1,5.628571428571428,0.2857142857142857,0.05,2.814285714285714,0.42857142857142855,0.0379746835443038,2.1374321880650995,with_side
rg3,2026,0,xgboost_balanced,0.551194429397583,,,inner_f1,0.06560284584869965,0.7873754152823919,0.07130513651407049,0.22387496762557163,0.0975609756097561,0.058823529411764705,0.2857142857142857,0.09551409785718942,355,32,5,2,0.7142857142857143,0.082687338501292,394,7,394,0.0,0.0,0.0,0.14285714285714285,0.08333333333333333,4.69047619047619,0.2857142857142857,0.1,5.628571428571428,0.2857142857142857,0.05,2.814285714285714,0.42857142857142855,0.0379746835443038,2.1374321880650995,with_side
rg3,2026,0,extratrees,0.00011799410029498524,,,fixed_0.5,0.04070427587296266,0.7486157253599114,0.01797735132013426,0.0826844415965839,0.0,0.0,0.0,0.0,387,0,7,0,1.0,0.0,394,7,198,0.0,0.0,0.0,0.0,0.0,0.0,0.0,0.0,0.0,0.14285714285714285,0.025,1.407142857142857,0.42857142857142855,0.0379746835443038,2.1374321880650995,with_side
rg3,2026,0,extratrees,0.00011799410029498524,,,inner_f1,0.04070427587296266,0.7486157253599114,0.01797735132013426,0.0826844415965839,0.06862745098039216,0.03553299492385787,1.0,0.1344910974643215,197,190,0,7,0.0,0.4909560723514212,394,7,198,0.0,0.0,0.0,0.0,0.0,0.0,0.0,0.0,0.0,0.14285714285714285,0.025,1.407142857142857,0.42857142857142855,0.0379746835443038,2.1374321880650995,with_side
rg3,2026,0,extratrees_balanced,0.012298780007870913,,,fixed_0.5,0.054146642587043284,0.765596160944998,0.09699453995207181,0.2808256709671947,0.08333333333333333,0.046153846153846156,0.42857142857142855,0.09551581397532469,325,62,4,3,0.5714285714285714,0.16020671834625322,394,7,198,0.0,0.0,0.0,0.14285714285714285,0.08333333333333333,4.69047619047619,0.14285714285714285,0.05,2.814285714285714,0.2857142857142857,0.05,2.814285714285714,0.42857142857142855,0.0379746835443038,2.1374321880650995,with_side
rg3,2026,0,extratrees_balanced,0.012298780007870913,,,inner_f1,0.054146642587043284,0.765596160944998,0.09699453995207181,0.2808256709671947,0.06896551724137931,0.03571428571428571,1.0,0.13517553495055767,198,189,0,7,0.0,0.4883720930232558,394,7,198,0.0,0.0,0.0,0.14285714285714285,0.08333333333333333,4.69047619047619,0.14285714285714285,0.05,2.814285714285714,0.2857142857142857,0.05,2.814285714285714,0.42857142857142855,0.0379746835443038,2.1374321880650995,with_side
rg3,2026,0,catboost,0.011252479065654105,,,fixed_0.5,0.0388032380276543,0.7600590623846437,0.017739416646497887,0.08107453786860717,0.0,0.0,0.0,0.0,387,0,7,0,1.0,0.0,394,7,394,0.0,0.0,0.0,0.0,0.0,0.0,0.0,0.0,0.0,0.0,0.0,0.0,0.2857142857142857,0.02531645569620253,1.4249547920433996,with_side
rg3,2026,0,catboost,0.011252479065654105,,,inner_f1,0.0388032380276543,0.7600590623846437,0.017739416646497887,0.08107453786860717,0.06862745098039216,0.03553299492385787,1.0,0.1344910974643215,197,190,0,7,0.0,0.4909560723514212,394,7,394,0.0,0.0,0.0,0.0,0.0,0.0,0.0,0.0,0.0,0.0,0.0,0.0,0.2857142857142857,0.02531645569620253,1.4249547920433996,with_side
rg3,2026,0,catboost_balanced,0.051983107540633726,,,fixed_0.5,0.06941288889190937,0.760797342192691,0.06797502736343489,0.21734318604423192,0.10256410256410256,0.0625,0.2857142857142857,0.10068049150664148,357,30,5,2,0.7142857142857143,0.07751937984496124,394,7,394,0.0,0.0,0.0,0.14285714285714285,0.08333333333333333,4.69047619047619,0.14285714285714285,0.05,2.814285714285714,0.2857142857142857,0.05,2.814285714285714,0.2857142857142857,0.02531645569620253,1.4249547920433996,with_side
rg3,2026,0,catboost_balanced,0.051983107540633726,,,inner_f1,0.06941288889190937,0.760797342192691,0.06797502736343489,0.21734318604423192,0.07291666666666667,0.03783783783783784,1.0,0.1429488995279374,209,178,0,7,0.0,0.4599483204134367,394,7,394,0.0,0.0,0.0,0.14285714285714285,0.08333333333333333,4.69047619047619,0.14285714285714285,0.05,2.814285714285714,0.2857142857142857,0.05,2.814285714285714,0.2857142857142857,0.02531645569620253,1.4249547920433996,with_side
rg3,2026,0,lightgbm,0.03948923976087533,,,fixed_0.5,0.04904825760618463,0.7958656330749354,0.017533868929148867,0.08055929077432122,0.0,0.0,0.0,0.0,387,0,7,0,1.0,0.0,394,7,394,0.0,0.0,0.0,0.0,0.0,0.0,0.0,0.0,0.0,0.2857142857142857,0.05,2.814285714285714,0.5714285714285714,0.05063291139240506,2.849909584086799,with_side
rg3,2026,0,lightgbm,0.03948923976087533,,,inner_f1,0.04904825760618463,0.7958656330749354,0.017533868929148867,0.08055929077432122,0.09411764705882353,0.05128205128205128,0.5714285714285714,0.12604971832786163,313,74,3,4,0.42857142857142855,0.19121447028423771,394,7,394,0.0,0.0,0.0,0.0,0.0,0.0,0.0,0.0,0.0,0.2857142857142857,0.05,2.814285714285714,0.5714285714285714,0.05063291139240506,2.849909584086799,with_side
rg3,2026,0,lightgbm_balanced,0.11673401426372697,,,fixed_0.5,0.05390961466551503,0.7914359542266519,0.07634356684011463,0.24174445120991175,0.08333333333333333,0.04878048780487805,0.2857142857142857,0.08001178187003434,348,39,5,2,0.7142857142857143,0.10077519379844961,394,7,394,0.0,0.0,0.0,0.0,0.0,0.0,0.14285714285714285,0.05,2.814285714285714,0.2857142857142857,0.05,2.814285714285714,0.42857142857142855,0.0379746835443038,2.1374321880650995,with_side
rg3,2026,0,lightgbm_balanced,0.11673401426372697,,,inner_f1,0.05390961466551503,0.7914359542266519,0.07634356684011463,0.24174445120991175,0.08641975308641975,0.04516129032258064,1.0,0.16700390986384359,239,148,0,7,0.0,0.38242894056847543,394,7,394,0.0,0.0,0.0,0.0,0.0,0.0,0.14285714285714285,0.05,2.814285714285714,0.2857142857142857,0.05,2.814285714285714,0.42857142857142855,0.0379746835443038,2.1374321880650995,with_side
rg3,2026,1,dummy_prior,0.5,,,fixed_0.5,0.02284263959390863,0.5,0.022327295215027448,0.10906065265052664,0.0,0.0,0.0,0.0,385,0,9,0,1.0,0.0,394,9,1,0.0,0.0,0.0,0.0,0.0,0.0,0.1111111111111111,0.05,2.188888888888889,0.1111111111111111,0.025,1.0944444444444446,0.1111111111111111,0.012658227848101266,0.5541490857946554,with_side
rg3,2026,1,dummy_prior,0.5,,,inner_f1,0.02284263959390863,0.5,0.022327295215027448,0.10906065265052664,0.0,0.0,0.0,0.0,385,0,9,0,1.0,0.0,394,9,1,0.0,0.0,0.0,0.0,0.0,0.0,0.1111111111111111,0.05,2.188888888888889,0.1111111111111111,0.025,1.0944444444444446,0.1111111111111111,0.012658227848101266,0.5541490857946554,with_side
rg3,2026,1,logistic,0.03368626464777134,,,fixed_0.5,0.0676045502785931,0.7316017316017316,0.02228729074735483,0.10271796765217597,0.0,0.0,0.0,0.0,385,0,9,0,1.0,0.0,394,9,394,0.1111111111111111,0.25,10.944444444444445,0.1111111111111111,0.08333333333333333,3.648148148148148,0.1111111111111111,0.05,2.188888888888889,0.1111111111111111,0.025,1.0944444444444446,0.3333333333333333,0.0379746835443038,1.6624472573839664,with_side
rg3,2026,1,logistic,0.03368626464777134,,,inner_f1,0.0676045502785931,0.7316017316017316,0.02228729074735483,0.10271796765217597,0.07142857142857142,0.04,0.3333333333333333,0.055683992542488514,313,72,6,3,0.6666666666666666,0.18701298701298702,394,9,394,0.1111111111111111,0.25,10.944444444444445,0.1111111111111111,0.08333333333333333,3.648148148148148,0.1111111111111111,0.05,2.188888888888889,0.1111111111111111,0.025,1.0944444444444446,0.3333333333333333,0.0379746835443038,1.6624472573839664,with_side
rg3,2026,1,logistic_balanced,0.8447220548421278,,,fixed_0.5,0.05389095497963815,0.7217893217893219,0.14990822624382388,0.4365360357063706,0.061855670103092786,0.03409090909090909,0.3333333333333333,0.04037485152265243,300,85,6,3,0.6666666666666666,0.22077922077922077,394,9,394,0.0,0.0,0.0,0.1111111111111111,0.08333333333333333,3.648148148148148,0.1111111111111111,0.05,2.188888888888889,0.2222222222222222,0.05,2.188888888888889,0.3333333333333333,0.0379746835443038,1.6624472573839664,with_side
rg3,2026,1,logistic_balanced,0.8447220548421278,,,inner_f1,0.05389095497963815,0.7217893217893219,0.14990822624382388,0.4365360357063706,0.11764705882352941,0.08,0.2222222222222222,0.09958033614694047,362,23,7,2,0.7777777777777778,0.05974025974025974,394,9,394,0.0,0.0,0.0,0.1111111111111111,0.08333333333333333,3.648148148148148,0.1111111111111111,0.05,2.188888888888889,0.2222222222222222,0.05,2.188888888888889,0.3333333333333333,0.0379746835443038,1.6624472573839664,with_side
rg3,2026,1,xgboost,0.01775204762816429,,,fixed_0.5,0.047874246742569654,0.6857142857142857,0.022213687281282077,0.10502890123006067,0.0,0.0,0.0,0.0,385,0,9,0,1.0,0.0,394,9,394,0.0,0.0,0.0,0.0,0.0,0.0,0.1111111111111111,0.05,2.188888888888889,0.3333333333333333,0.075,3.283333333333333,0.3333333333333333,0.0379746835443038,1.6624472573839664,with_side
rg3,2026,1,xgboost,0.01775204762816429,,,inner_f1,0.047874246742569654,0.6857142857142857,0.022213687281282077,0.10502890123006067,0.06779661016949153,0.03571428571428571,0.6666666666666666,0.07428123485414465,223,162,3,6,0.3333333333333333,0.42077922077922075,394,9,394,0.0,0.0,0.0,0.0,0.0,0.0,0.1111111111111111,0.05,2.188888888888889,0.3333333333333333,0.075,3.283333333333333,0.3333333333333333,0.0379746835443038,1.6624472573839664,with_side
rg3,2026,1,xgboost_balanced,0.09247724711894989,,,fixed_0.5,0.0942684819605362,0.8049062049062048,0.046470822697376256,0.16432729011042294,0.14285714285714285,0.10526315789473684,0.2222222222222222,0.12417698476867337,368,17,7,2,0.7777777777777778,0.04415584415584416,394,9,394,0.0,0.0,0.0,0.2222222222222222,0.16666666666666666,7.296296296296296,0.2222222222222222,0.1,4.377777777777778,0.4444444444444444,0.1,4.377777777777778,0.6666666666666666,0.0759493670886076,3.3248945147679327,with_side
rg3,2026,1,xgboost_balanced,0.09247724711894989,,,inner_f1,0.0942684819605362,0.8049062049062048,0.046470822697376256,0.16432729011042294,0.09917355371900827,0.05357142857142857,0.6666666666666666,0.12962074240771473,279,106,3,6,0.3333333333333333,0.2753246753246753,394,9,394,0.0,0.0,0.0,0.2222222222222222,0.16666666666666666,7.296296296296296,0.2222222222222222,0.1,4.377777777777778,0.4444444444444444,0.1,4.377777777777778,0.6666666666666666,0.0759493670886076,3.3248945147679327,with_side
rg3,2026,1,extratrees,0.04079689366786141,,,fixed_0.5,0.06047935923110323,0.7803751803751804,0.022248511506873826,0.10206812320156931,0.0,0.0,0.0,0.0,385,0,9,0,1.0,0.0,394,9,198,0.0,0.0,0.0,0.0,0.0,0.0,0.1111111111111111,0.05,2.188888888888889,0.2222222222222222,0.05,2.188888888888889,0.5555555555555556,0.06329113924050633,2.7707454289732776,with_side
rg3,2026,1,extratrees,0.04079689366786141,,,inner_f1,0.06047935923110323,0.7803751803751804,0.022248511506873826,0.10206812320156931,0.10989010989010989,0.06097560975609756,0.5555555555555556,0.13085034292566244,308,77,4,5,0.4444444444444444,0.2,394,9,198,0.0,0.0,0.0,0.0,0.0,0.0,0.1111111111111111,0.05,2.188888888888889,0.2222222222222222,0.05,2.188888888888889,0.5555555555555556,0.06329113924050633,2.7707454289732776,with_side
rg3,2026,1,extratrees_balanced,0.11269225579274393,,,fixed_0.5,0.07222464046326553,0.7826839826839828,0.06155583537332457,0.19862132098525112,0.1111111111111111,0.07407407407407407,0.2222222222222222,0.09301006943659994,360,25,7,2,0.7777777777777778,0.06493506493506493,394,9,198,0.0,0.0,0.0,0.1111111111111111,0.08333333333333333,3.648148148148148,0.2222222222222222,0.1,4.377777777777778,0.2222222222222222,0.05,2.188888888888889,0.5555555555555556,0.06329113924050633,2.7707454289732776,with_side
rg3,2026,1,extratrees_balanced,0.11269225579274393,,,inner_f1,0.07222464046326553,0.7826839826839828,0.06155583537332457,0.19862132098525112,0.10126582278481013,0.053691275167785234,0.8888888888888888,0.1610240162007204,244,141,1,8,0.1111111111111111,0.36623376623376624,394,9,198,0.0,0.0,0.0,0.1111111111111111,0.08333333333333333,3.648148148148148,0.2222222222222222,0.1,4.377777777777778,0.2222222222222222,0.05,2.188888888888889,0.5555555555555556,0.06329113924050633,2.7707454289732776,with_side
rg3,2026,1,catboost,0.02125633811231816,,,fixed_0.5,0.0932596517359029,0.7515151515151515,0.022025165158755612,0.0960301621400227,0.0,0.0,0.0,0.0,385,0,9,0,1.0,0.0,394,9,394,0.1111111111111111,0.25,10.944444444444445,0.2222222222222222,0.16666666666666666,7.296296296296296,0.2222222222222222,0.1,4.377777777777778,0.2222222222222222,0.05,2.188888888888889,0.4444444444444444,0.05063291139240506,2.2165963431786215,with_side
rg3,2026,1,catboost,0.02125633811231816,,,inner_f1,0.0932596517359029,0.7515151515151515,0.022025165158755612,0.0960301621400227,0.0718562874251497,0.0379746835443038,0.6666666666666666,0.08287332015852551,233,152,3,6,0.3333333333333333,0.3948051948051948,394,9,394,0.1111111111111111,0.25,10.944444444444445,0.2222222222222222,0.16666666666666666,7.296296296296296,0.2222222222222222,0.1,4.377777777777778,0.2222222222222222,0.05,2.188888888888889,0.4444444444444444,0.05063291139240506,2.2165963431786215,with_side
rg3,2026,1,catboost_balanced,0.03405912926608692,,,fixed_0.5,0.06864374184281646,0.814141414141414,0.05015673346420662,0.172524342005045,0.07407407407407407,0.05555555555555555,0.1111111111111111,0.04790779586962839,368,17,8,1,0.8888888888888888,0.04415584415584416,394,9,394,0.0,0.0,0.0,0.0,0.0,0.0,0.1111111111111111,0.05,2.188888888888889,0.2222222222222222,0.05,2.188888888888889,0.6666666666666666,0.0759493670886076,3.3248945147679327,with_side
rg3,2026,1,catboost_balanced,0.03405912926608692,,,inner_f1,0.06864374184281646,0.814141414141414,0.05015673346420662,0.172524342005045,0.07960199004975124,0.041666666666666664,0.8888888888888888,0.12283781160707435,201,184,1,8,0.1111111111111111,0.4779220779220779,394,9,394,0.0,0.0,0.0,0.0,0.0,0.0,0.1111111111111111,0.05,2.188888888888889,0.2222222222222222,0.05,2.188888888888889,0.6666666666666666,0.0759493670886076,3.3248945147679327,with_side
rg3,2026,1,lightgbm,0.015457387764406649,,,fixed_0.5,0.06961198116147901,0.7659451659451659,0.022077164802688412,0.10063906125114523,0.0,0.0,0.0,0.0,385,0,9,0,1.0,0.0,394,9,394,0.0,0.0,0.0,0.0,0.0,0.0,0.2222222222222222,0.1,4.377777777777778,0.3333333333333333,0.075,3.283333333333333,0.4444444444444444,0.05063291139240506,2.2165963431786215,with_side
rg3,2026,1,lightgbm,0.015457387764406649,,,inner_f1,0.06961198116147901,0.7659451659451659,0.022077164802688412,0.10063906125114523,0.08391608391608392,0.04477611940298507,0.6666666666666666,0.10539448031624242,257,128,3,6,0.3333333333333333,0.33246753246753247,394,9,394,0.0,0.0,0.0,0.0,0.0,0.0,0.2222222222222222,0.1,4.377777777777778,0.3333333333333333,0.075,3.283333333333333,0.4444444444444444,0.05063291139240506,2.2165963431786215,with_side
rg3,2026,1,lightgbm_balanced,0.11137518014115279,,,fixed_0.5,0.08382666319474917,0.7806637806637806,0.058167413914844014,0.1983702575163817,0.1111111111111111,0.07407407407407407,0.2222222222222222,0.09301006943659994,360,25,7,2,0.7777777777777778,0.06493506493506493,394,9,394,0.0,0.0,0.0,0.2222222222222222,0.16666666666666666,7.296296296296296,0.2222222222222222,0.1,4.377777777777778,0.3333333333333333,0.075,3.283333333333333,0.5555555555555556,0.06329113924050633,2.7707454289732776,with_side
rg3,2026,1,lightgbm_balanced,0.11137518014115279,,,inner_f1,0.08382666319474917,0.7806637806637806,0.058167413914844014,0.1983702575163817,0.08759124087591241,0.046875,0.6666666666666666,0.11158484056047205,263,122,3,6,0.3333333333333333,0.3168831168831169,394,9,394,0.0,0.0,0.0,0.2222222222222222,0.16666666666666666,7.296296296296296,0.2222222222222222,0.1,4.377777777777778,0.3333333333333333,0.075,3.283333333333333,0.5555555555555556,0.06329113924050633,2.7707454289732776,with_side
rg3,2026,2,dummy_prior,0.5,,,fixed_0.5,0.02284263959390863,0.5,0.022327295215027444,0.10906065265052664,0.0,0.0,0.0,0.0,385,0,9,0,1.0,0.0,394,9,1,0.0,0.0,0.0,0.0,0.0,0.0,0.0,0.0,0.0,0.0,0.0,0.0,0.2222222222222222,0.02531645569620253,1.1082981715893108,with_side
rg3,2026,2,dummy_prior,0.5,,,inner_f1,0.02284263959390863,0.5,0.022327295215027444,0.10906065265052664,0.0,0.0,0.0,0.0,385,0,9,0,1.0,0.0,394,9,1,0.0,0.0,0.0,0.0,0.0,0.0,0.0,0.0,0.0,0.0,0.0,0.0,0.2222222222222222,0.02531645569620253,1.1082981715893108,with_side
rg3,2026,2,logistic,0.061306480555165896,,,fixed_0.5,0.0878723907549968,0.6692640692640692,0.02271085583699253,0.11533254334066002,0.0,0.0,0.0,0.0,385,0,9,0,1.0,0.0,394,9,394,0.1111111111111111,0.25,10.944444444444445,0.1111111111111111,0.08333333333333333,3.648148148148148,0.1111111111111111,0.05,2.188888888888889,0.1111111111111111,0.025,1.0944444444444446,0.3333333333333333,0.0379746835443038,1.6624472573839664,with_side
rg3,2026,2,logistic,0.061306480555165896,,,inner_f1,0.0878723907549968,0.6692640692640692,0.02271085583699253,0.11533254334066002,0.04878048780487805,0.03125,0.1111111111111111,0.016731118353737907,354,31,8,1,0.8888888888888888,0.08051948051948052,394,9,394,0.1111111111111111,0.25,10.944444444444445,0.1111111111111111,0.08333333333333333,3.648148148148148,0.1111111111111111,0.05,2.188888888888889,0.1111111111111111,0.025,1.0944444444444446,0.3333333333333333,0.0379746835443038,1.6624472573839664,with_side
rg3,2026,2,logistic_balanced,0.8662881932415415,,,fixed_0.5,0.044469764738252454,0.6894660894660896,0.1400004254324516,0.4203071541493225,0.046511627906976744,0.025974025974025976,0.2222222222222222,0.010329920808185322,310,75,7,2,0.7777777777777778,0.19480519480519481,394,9,394,0.0,0.0,0.0,0.1111111111111111,0.08333333333333333,3.648148148148148,0.1111111111111111,0.05,2.188888888888889,0.1111111111111111,0.025,1.0944444444444446,0.2222222222222222,0.02531645569620253,1.1082981715893108,with_side
rg3,2026,2,logistic_balanced,0.8662881932415415,,,inner_f1,0.044469764738252454,0.6894660894660896,0.1400004254324516,0.4203071541493225,0.06896551724137931,0.05,0.1111111111111111,0.042035029345503995,366,19,8,1,0.8888888888888888,0.04935064935064935,394,9,394,0.0,0.0,0.0,0.1111111111111111,0.08333333333333333,3.648148148148148,0.1111111111111111,0.05,2.188888888888889,0.1111111111111111,0.025,1.0944444444444446,0.2222222222222222,0.02531645569620253,1.1082981715893108,with_side
rg3,2026,2,xgboost,0.02884722501039505,,,fixed_0.5,0.04251322506420276,0.6733044733044733,0.022244096731387643,0.1055427862314281,0.0,0.0,0.0,0.0,385,0,9,0,1.0,0.0,394,9,394,0.0,0.0,0.0,0.0,0.0,0.0,0.0,0.0,0.0,0.2222222222222222,0.05,2.188888888888889,0.3333333333333333,0.0379746835443038,1.6624472573839664,with_side
rg3,2026,2,xgboost,0.02884722501039505,,,inner_f1,0.04251322506420276,0.6733044733044733,0.022244096731387643,0.1055427862314281,0.07692307692307693,0.043478260869565216,0.3333333333333333,0.06364217536436899,319,66,6,3,0.6666666666666666,0.17142857142857143,394,9,394,0.0,0.0,0.0,0.0,0.0,0.0,0.0,0.0,0.0,0.2222222222222222,0.05,2.188888888888889,0.3333333333333333,0.0379746835443038,1.6624472573839664,with_side
rg3,2026,2,xgboost_balanced,0.24827168881893158,,,fixed_0.5,0.05949638399548704,0.6793650793650793,0.04171932795623723,0.16322215500302736,0.1,0.09090909090909091,0.1111111111111111,0.07721019813653479,375,10,8,1,0.8888888888888888,0.025974025974025976,394,9,394,0.0,0.0,0.0,0.1111111111111111,0.08333333333333333,3.648148148148148,0.2222222222222222,0.1,4.377777777777778,0.2222222222222222,0.05,2.188888888888889,0.3333333333333333,0.0379746835443038,1.6624472573839664,with_side
rg3,2026,2,xgboost_balanced,0.24827168881893158,,,inner_f1,0.05949638399548704,0.6793650793650793,0.04171932795623723,0.16322215500302736,0.06896551724137931,0.04081632653061224,0.2222222222222222,0.045338825730363054,338,47,7,2,0.7777777777777778,0.12207792207792208,394,9,394,0.0,0.0,0.0,0.1111111111111111,0.08333333333333333,3.648148148148148,0.2222222222222222,0.1,4.377777777777778,0.2222222222222222,0.05,2.188888888888889,0.3333333333333333,0.0379746835443038,1.6624472573839664,with_side
rg3,2026,2,extratrees,0.03905452878014038,,,fixed_0.5,0.05967331374248398,0.7500721500721501,0.022367510926147412,0.10064797065207678,0.0,0.0,0.0,0.0,385,0,9,0,1.0,0.0,394,9,198,0.0,0.0,0.0,0.0,0.0,0.0,0.1111111111111111,0.05,2.188888888888889,0.3333333333333333,0.075,3.283333333333333,0.4444444444444444,0.05063291139240506,2.2165963431786215,with_side
rg3,2026,2,extratrees,0.03905452878014038,,,inner_f1,0.05967331374248398,0.7500721500721501,0.022367510926147412,0.10064797065207678,0.09090909090909091,0.05063291139240506,0.4444444444444444,0.09315274679256126,310,75,5,4,0.5555555555555556,0.19480519480519481,394,9,198,0.0,0.0,0.0,0.0,0.0,0.0,0.1111111111111111,0.05,2.188888888888889,0.3333333333333333,0.075,3.283333333333333,0.4444444444444444,0.05063291139240506,2.2165963431786215,with_side
rg3,2026,2,extratrees_balanced,0.7027042995065801,,,fixed_0.5,0.08239545334012116,0.7454545454545455,0.06784248153131542,0.21897254466302205,0.09523809523809523,0.06060606060606061,0.2222222222222222,0.07642215882260443,354,31,7,2,0.7777777777777778,0.08051948051948052,394,9,196,0.1111111111111111,0.25,10.944444444444445,0.1111111111111111,0.08333333333333333,3.648148148148148,0.1111111111111111,0.05,2.188888888888889,0.2222222222222222,0.05,2.188888888888889,0.3333333333333333,0.0379746835443038,1.6624472573839664,with_side
rg3,2026,2,extratrees_balanced,0.7027042995065801,,,inner_f1,0.08239545334012116,0.7454545454545455,0.06784248153131542,0.21897254466302205,0.14285714285714285,0.2,0.1111111111111111,0.13443551172687487,381,4,8,1,0.8888888888888888,0.01038961038961039,394,9,196,0.1111111111111111,0.25,10.944444444444445,0.1111111111111111,0.08333333333333333,3.648148148148148,0.1111111111111111,0.05,2.188888888888889,0.2222222222222222,0.05,2.188888888888889,0.3333333333333333,0.0379746835443038,1.6624472573839664,with_side
rg3,2026,2,catboost,0.020898601972281456,,,fixed_0.5,0.05943241675480073,0.7884559884559885,0.022178244958460915,0.09722437228047416,0.0,0.0,0.0,0.0,385,0,9,0,1.0,0.0,394,9,394,0.0,0.0,0.0,0.0,0.0,0.0,0.0,0.0,0.0,0.3333333333333333,0.075,3.283333333333333,0.5555555555555556,0.06329113924050633,2.7707454289732776,with_side
rg3,2026,2,catboost,0.020898601972281456,,,inner_f1,0.05943241675480073,0.7884559884559885,0.022178244958460915,0.09722437228047416,0.08536585365853659,0.04516129032258064,0.7777777777777778,0.12030382529533394,237,148,2,7,0.2222222222222222,0.38441558441558443,394,9,394,0.0,0.0,0.0,0.0,0.0,0.0,0.0,0.0,0.0,0.3333333333333333,0.075,3.283333333333333,0.5555555555555556,0.06329113924050633,2.7707454289732776,with_side
rg3,2026,2,catboost_balanced,0.1085038177892968,,,fixed_0.5,0.06384497588536675,0.7584415584415585,0.0483399825103661,0.1777355700333677,0.09090909090909091,0.07692307692307693,0.1111111111111111,0.0668642512324436,373,12,8,1,0.8888888888888888,0.03116883116883117,394,9,394,0.0,0.0,0.0,0.1111111111111111,0.08333333333333333,3.648148148148148,0.2222222222222222,0.1,4.377777777777778,0.2222222222222222,0.05,2.188888888888889,0.4444444444444444,0.05063291139240506,2.2165963431786215,with_side
rg3,2026,2,catboost_balanced,0.1085038177892968,,,inner_f1,0.06384497588536675,0.7584415584415585,0.0483399825103661,0.1777355700333677,0.0945945945945946,0.050359712230215826,0.7777777777777778,0.1359828510618684,253,132,2,7,0.2222222222222222,0.34285714285714286,394,9,394,0.0,0.0,0.0,0.1111111111111111,0.08333333333333333,3.648148148148148,0.2222222222222222,0.1,4.377777777777778,0.2222222222222222,0.05,2.188888888888889,0.4444444444444444,0.05063291139240506,2.2165963431786215,with_side
rg3,2026,2,lightgbm,0.05276235276667646,,,fixed_0.5,0.054239490114797576,0.6877344877344876,0.02240189704247264,0.10826893388316197,0.0,0.0,0.0,0.0,385,0,9,0,1.0,0.0,394,9,394,0.0,0.0,0.0,0.1111111111111111,0.08333333333333333,3.648148148148148,0.2222222222222222,0.1,4.377777777777778,0.2222222222222222,0.05,2.188888888888889,0.2222222222222222,0.02531645569620253,1.1082981715893108,with_side
rg3,2026,2,lightgbm,0.05276235276667646,,,inner_f1,0.054239490114797576,0.6877344877344876,0.02240189704247264,0.10826893388316197,0.12121212121212122,0.08333333333333333,0.2222222222222222,0.103118818037692,363,22,7,2,0.7777777777777778,0.05714285714285714,394,9,394,0.0,0.0,0.0,0.1111111111111111,0.08333333333333333,3.648148148148148,0.2222222222222222,0.1,4.377777777777778,0.2222222222222222,0.05,2.188888888888889,0.2222222222222222,0.02531645569620253,1.1082981715893108,with_side
rg3,2026,2,lightgbm_balanced,0.23690166135589616,,,fixed_0.5,0.06923822791474334,0.6865800865800866,0.050611092506250246,0.18833718742992506,0.15384615384615385,0.11764705882352941,0.2222222222222222,0.13474944031994887,370,15,7,2,0.7777777777777778,0.03896103896103896,394,9,394,0.0,0.0,0.0,0.2222222222222222,0.16666666666666666,7.296296296296296,0.2222222222222222,0.1,4.377777777777778,0.2222222222222222,0.05,2.188888888888889,0.4444444444444444,0.05063291139240506,2.2165963431786215,with_side
rg3,2026,2,lightgbm_balanced,0.23690166135589616,,,inner_f1,0.06923822791474334,0.6865800865800866,0.050611092506250246,0.18833718742992506,0.10256410256410256,0.057971014492753624,0.4444444444444444,0.10833917553114507,320,65,5,4,0.5555555555555556,0.16883116883116883,394,9,394,0.0,0.0,0.0,0.2222222222222222,0.16666666666666666,7.296296296296296,0.2222222222222222,0.1,4.377777777777778,0.2222222222222222,0.05,2.188888888888889,0.4444444444444444,0.05063291139240506,2.2165963431786215,with_side
pooled,42,0,dummy_prior,0.5,,,fixed_0.5,0.01756587202007528,0.5,0.01725731264479409,0.08840838973464826,0.0,0.0,0.0,0.0,783,0,14,0,1.0,0.0,797,14,1,0.0,0.0,0.0,0.0,0.0,0.0,0.07142857142857142,0.025,1.4232142857142858,0.07142857142857142,0.0125,0.7116071428571429,0.21428571428571427,0.01875,1.0674107142857143,with_side
pooled,42,0,dummy_prior,0.5,,,inner_f1,0.01756587202007528,0.5,0.01725731264479409,0.08840838973464826,0.0,0.0,0.0,0.0,783,0,14,0,1.0,0.0,797,14,1,0.0,0.0,0.0,0.0,0.0,0.0,0.07142857142857142,0.025,1.4232142857142858,0.07142857142857142,0.0125,0.7116071428571429,0.21428571428571427,0.01875,1.0674107142857143,with_side
pooled,42,0,logistic,0.651539398085071,,,fixed_0.5,0.24886932700165737,0.8627075351213281,0.014517304248739517,0.0660820979080183,0.25,1.0,0.14285714285714285,0.375101064548392,783,0,12,2,0.8571428571428571,0.0,797,14,797,0.14285714285714285,0.25,14.232142857142858,0.2857142857142857,0.16666666666666666,9.488095238095237,0.35714285714285715,0.125,7.116071428571429,0.42857142857142855,0.075,4.269642857142857,0.7857142857142857,0.06875,3.9138392857142863,with_side
pooled,42,0,logistic,0.651539398085071,,,inner_f1,0.24886932700165737,0.8627075351213281,0.014517304248739517,0.0660820979080183,0.25,1.0,0.14285714285714285,0.375101064548392,783,0,12,2,0.8571428571428571,0.0,797,14,797,0.14285714285714285,0.25,14.232142857142858,0.2857142857142857,0.16666666666666666,9.488095238095237,0.35714285714285715,0.125,7.116071428571429,0.42857142857142855,0.075,4.269642857142857,0.7857142857142857,0.06875,3.9138392857142863,with_side
pooled,42,0,logistic_balanced,0.9768560170834354,,,fixed_0.5,0.17613096819660937,0.8459222769567597,0.1314359413022848,0.3877019014516888,0.11235955056179775,0.06097560975609756,0.7142857142857143,0.16819793267068753,629,154,4,10,0.2857142857142857,0.1966794380587484,797,14,797,0.14285714285714285,0.25,14.232142857142858,0.14285714285714285,0.08333333333333333,4.744047619047619,0.21428571428571427,0.075,4.269642857142857,0.35714285714285715,0.0625,3.5580357142857144,0.7142857142857143,0.0625,3.5580357142857144,with_side
pooled,42,0,logistic_balanced,0.9768560170834354,,,inner_f1,0.17613096819660937,0.8459222769567597,0.1314359413022848,0.3877019014516888,0.125,0.5,0.07142857142857142,0.18419713833825888,782,1,13,1,0.9285714285714286,0.001277139208173691,797,14,797,0.14285714285714285,0.25,14.232142857142858,0.14285714285714285,0.08333333333333333,4.744047619047619,0.21428571428571427,0.075,4.269642857142857,0.35714285714285715,0.0625,3.5580357142857144,0.7142857142857143,0.0625,3.5580357142857144,with_side
pooled,42,0,xgboost,0.06421060115098953,,,fixed_0.5,0.19912319052207653,0.8451924831235176,0.016310131976549642,0.07348829987701859,0.0,0.0,0.0,0.0,783,0,14,0,1.0,0.0,797,14,797,0.14285714285714285,0.25,14.232142857142858,0.21428571428571427,0.125,7.116071428571429,0.35714285714285715,0.125,7.116071428571429,0.35714285714285715,0.0625,3.5580357142857144,0.7142857142857143,0.0625,3.5580357142857144,with_side
pooled,42,0,xgboost,0.06421060115098953,,,inner_f1,0.19912319052207653,0.8451924831235176,0.016310131976549642,0.07348829987701859,0.1951219512195122,0.14814814814814814,0.2857142857142857,0.18613762846554732,760,23,10,4,0.7142857142857143,0.02937420178799489,797,14,797,0.14285714285714285,0.25,14.232142857142858,0.21428571428571427,0.125,7.116071428571429,0.35714285714285715,0.125,7.116071428571429,0.35714285714285715,0.0625,3.5580357142857144,0.7142857142857143,0.0625,3.5580357142857144,with_side
pooled,42,0,xgboost_balanced,0.46117016673088074,,,fixed_0.5,0.11620453524655883,0.823207443897099,0.04490339273607139,0.1554871570512582,0.10714285714285714,0.07142857142857142,0.21428571428571427,0.09670584116169033,744,39,11,3,0.7857142857142857,0.04980842911877394,797,14,797,0.14285714285714285,0.25,14.232142857142858,0.21428571428571427,0.125,7.116071428571429,0.21428571428571427,0.075,4.269642857142857,0.35714285714285715,0.0625,3.5580357142857144,0.5714285714285714,0.05,2.8464285714285715,with_side
pooled,42,0,xgboost_balanced,0.46117016673088074,,,inner_f1,0.11620453524655883,0.823207443897099,0.04490339273607139,0.1554871570512582,0.09230769230769231,0.058823529411764705,0.21428571428571427,0.08211711101892306,735,48,11,3,0.7857142857142857,0.06130268199233716,797,14,797,0.14285714285714285,0.25,14.232142857142858,0.21428571428571427,0.125,7.116071428571429,0.21428571428571427,0.075,4.269642857142857,0.35714285714285715,0.0625,3.5580357142857144,0.5714285714285714,0.05,2.8464285714285715,with_side
pooled,42,0,extratrees,0.37771662274923157,,,fixed_0.5,0.19641481381844644,0.8455573800401386,0.015894764117456134,0.07026740312655363,0.2222222222222222,0.5,0.14285714285714285,0.2608223762475765,781,2,12,2,0.8571428571428571,0.002554278416347382,797,14,313,0.14285714285714285,0.25,14.232142857142858,0.14285714285714285,0.08333333333333333,4.744047619047619,0.21428571428571427,0.075,4.269642857142857,0.2857142857142857,0.05,2.8464285714285715,0.5714285714285714,0.05,2.8464285714285715,with_side
pooled,42,0,extratrees,0.37771662274923157,,,inner_f1,0.19641481381844644,0.8455573800401386,0.015894764117456134,0.07026740312655363,0.2222222222222222,0.5,0.14285714285714285,0.2608223762475765,781,2,12,2,0.8571428571428571,0.002554278416347382,797,14,313,0.14285714285714285,0.25,14.232142857142858,0.14285714285714285,0.08333333333333333,4.744047619047619,0.21428571428571427,0.075,4.269642857142857,0.2857142857142857,0.05,2.8464285714285715,0.5714285714285714,0.05,2.8464285714285715,with_side
pooled,42,0,extratrees_balanced,0.4364012037772638,,,fixed_0.5,0.1743379934492073,0.861247947454844,0.06090951286996897,0.17918659872379844,0.11235955056179775,0.06666666666666667,0.35714285714285715,0.12046585746306757,713,70,9,5,0.6428571428571429,0.08939974457215837,797,14,324,0.14285714285714285,0.25,14.232142857142858,0.14285714285714285,0.08333333333333333,4.744047619047619,0.14285714285714285,0.05,2.8464285714285715,0.35714285714285715,0.0625,3.5580357142857144,0.5714285714285714,0.05,2.8464285714285715,with_side
pooled,42,0,extratrees_balanced,0.4364012037772638,,,inner_f1,0.1743379934492073,0.861247947454844,0.06090951286996897,0.17918659872379844,0.10619469026548672,0.06060606060606061,0.42857142857142855,0.12338929251479105,690,93,8,6,0.5714285714285714,0.11877394636015326,797,14,324,0.14285714285714285,0.25,14.232142857142858,0.14285714285714285,0.08333333333333333,4.744047619047619,0.14285714285714285,0.05,2.8464285714285715,0.35714285714285715,0.0625,3.5580357142857144,0.5714285714285714,0.05,2.8464285714285715,with_side
pooled,42,0,catboost,0.35431387681526727,,,fixed_0.5,0.2148944498399449,0.8362525086663019,0.014677002423740142,0.06825308758272158,0.25,1.0,0.14285714285714285,0.375101064548392,783,0,12,2,0.8571428571428571,0.0,797,14,797,0.21428571428571427,0.375,21.34821428571429,0.21428571428571427,0.125,7.116071428571429,0.2857142857142857,0.1,5.692857142857143,0.35714285714285715,0.0625,3.5580357142857144,0.5,0.04375,2.490625,with_side
pooled,42,0,catboost,0.35431387681526727,,,inner_f1,0.2148944498399449,0.8362525086663019,0.014677002423740142,0.06825308758272158,0.25,1.0,0.14285714285714285,0.375101064548392,783,0,12,2,0.8571428571428571,0.0,797,14,797,0.21428571428571427,0.375,21.34821428571429,0.21428571428571427,0.125,7.116071428571429,0.2857142857142857,0.1,5.692857142857143,0.35714285714285715,0.0625,3.5580357142857144,0.5,0.04375,2.490625,with_side
pooled,42,0,catboost_balanced,0.7877744197595129,,,fixed_0.5,0.1898645330956849,0.8264002919175333,0.06268231827923289,0.20664121741321653,0.07058823529411765,0.04225352112676056,0.21428571428571427,0.058769774257720245,715,68,11,3,0.7857142857142857,0.08684546615581099,797,14,797,0.14285714285714285,0.25,14.232142857142858,0.14285714285714285,0.08333333333333333,4.744047619047619,0.14285714285714285,0.05,2.8464285714285715,0.21428571428571427,0.0375,2.1348214285714286,0.6428571428571429,0.05625,3.202232142857143,with_side
pooled,42,0,catboost_balanced,0.7877744197595129,,,inner_f1,0.1898645330956849,0.8264002919175333,0.06268231827923289,0.20664121741321653,0.2,0.3333333333333333,0.14285714285714285,0.20934769402769843,779,4,12,2,0.8571428571428571,0.005108556832694764,797,14,797,0.14285714285714285,0.25,14.232142857142858,0.14285714285714285,0.08333333333333333,4.744047619047619,0.14285714285714285,0.05,2.8464285714285715,0.21428571428571427,0.0375,2.1348214285714286,0.6428571428571429,0.05625,3.202232142857143,with_side
pooled,42,0,lightgbm,0.047094553872129526,,,fixed_0.5,0.2054504985493446,0.8437328954570333,0.01601645051497328,0.0733502581707621,0.0,0.0,0.0,0.0,783,0,14,0,1.0,0.0,797,14,797,0.14285714285714285,0.25,14.232142857142858,0.21428571428571427,0.125,7.116071428571429,0.21428571428571427,0.075,4.269642857142857,0.35714285714285715,0.0625,3.5580357142857144,0.5714285714285714,0.05,2.8464285714285715,with_side
pooled,42,0,lightgbm,0.047094553872129526,,,inner_f1,0.2054504985493446,0.8437328954570333,0.01601645051497328,0.0733502581707621,0.1,0.06060606060606061,0.2857142857142857,0.09844663302120092,721,62,10,4,0.7142857142857143,0.07918263090676884,797,14,797,0.14285714285714285,0.25,14.232142857142858,0.21428571428571427,0.125,7.116071428571429,0.21428571428571427,0.075,4.269642857142857,0.35714285714285715,0.0625,3.5580357142857144,0.5714285714285714,0.05,2.8464285714285715,with_side
pooled,42,0,lightgbm_balanced,0.4200813818237176,,,fixed_0.5,0.09525384290487732,0.8320561941251596,0.05149553364892356,0.17379899731466583,0.09090909090909091,0.057692307692307696,0.21428571428571427,0.08069888647806435,734,49,11,3,0.7857142857142857,0.06257982120051085,797,14,797,0.14285714285714285,0.25,14.232142857142858,0.21428571428571427,0.125,7.116071428571429,0.21428571428571427,0.075,4.269642857142857,0.2857142857142857,0.05,2.8464285714285715,0.5714285714285714,0.05,2.8464285714285715,with_side
pooled,42,0,lightgbm_balanced,0.4200813818237176,,,inner_f1,0.09525384290487732,0.8320561941251596,0.05149553364892356,0.17379899731466583,0.07228915662650602,0.043478260869565216,0.21428571428571427,0.06072670685779419,717,66,11,3,0.7857142857142857,0.0842911877394636,797,14,797,0.14285714285714285,0.25,14.232142857142858,0.21428571428571427,0.125,7.116071428571429,0.21428571428571427,0.075,4.269642857142857,0.2857142857142857,0.05,2.8464285714285715,0.5714285714285714,0.05,2.8464285714285715,with_side
pooled,42,1,dummy_prior,0.5,,,fixed_0.5,0.016290726817042606,0.5,0.016028915263365025,0.0833325880483163,0.0,0.0,0.0,0.0,785,0,13,0,1.0,0.0,798,13,1,0.0,0.0,0.0,0.0,0.0,0.0,0.0,0.0,0.0,0.0,0.0,0.0,0.15384615384615385,0.0125,0.7673076923076924,with_side
pooled,42,1,dummy_prior,0.5,,,inner_f1,0.016290726817042606,0.5,0.016028915263365025,0.0833325880483163,0.0,0.0,0.0,0.0,785,0,13,0,1.0,0.0,798,13,1,0.0,0.0,0.0,0.0,0.0,0.0,0.0,0.0,0.0,0.0,0.0,0.0,0.15384615384615385,0.0125,0.7673076923076924,with_side
pooled,42,1,logistic,0.7902122896258179,,,fixed_0.5,0.21857806605650396,0.8384125428711415,0.014909353466966988,0.06993659454401013,0.25,0.6666666666666666,0.15384615384615385,0.31560066988103286,784,1,11,2,0.8461538461538461,0.0012738853503184713,798,13,798,0.15384615384615385,0.25,15.346153846153847,0.3076923076923077,0.16666666666666666,10.23076923076923,0.3076923076923077,0.1,6.138461538461539,0.46153846153846156,0.075,4.603846153846154,0.6153846153846154,0.05,3.0692307692307694,with_side
pooled,42,1,logistic,0.7902122896258179,,,inner_f1,0.21857806605650396,0.8384125428711415,0.014909353466966988,0.06993659454401013,0.26666666666666666,1.0,0.15384615384615385,0.38951269447519304,785,0,11,2,0.8461538461538461,0.0,798,13,798,0.15384615384615385,0.25,15.346153846153847,0.3076923076923077,0.16666666666666666,10.23076923076923,0.3076923076923077,0.1,6.138461538461539,0.46153846153846156,0.075,4.603846153846154,0.6153846153846154,0.05,3.0692307692307694,with_side
pooled,42,1,logistic_balanced,0.9365890281688993,,,fixed_0.5,0.15461871641629407,0.8371386575208231,0.13891874755482286,0.4245561967605682,0.09782608695652174,0.05263157894736842,0.6923076923076923,0.14991868982357107,623,162,4,9,0.3076923076923077,0.20636942675159237,798,13,798,0.15384615384615385,0.25,15.346153846153847,0.15384615384615385,0.08333333333333333,5.115384615384615,0.15384615384615385,0.05,3.0692307692307694,0.38461538461538464,0.0625,3.8365384615384617,0.6923076923076923,0.05625,3.4528846153846158,with_side
pooled,42,1,logistic_balanced,0.9365890281688993,,,inner_f1,0.15461871641629407,0.8371386575208231,0.13891874755482286,0.4245561967605682,0.125,0.10526315789473684,0.15384615384615385,0.10976399764963428,768,17,11,2,0.8461538461538461,0.02165605095541401,798,13,798,0.15384615384615385,0.25,15.346153846153847,0.15384615384615385,0.08333333333333333,5.115384615384615,0.15384615384615385,0.05,3.0692307692307694,0.38461538461538464,0.0625,3.8365384615384617,0.6923076923076923,0.05625,3.4528846153846158,with_side
pooled,42,1,xgboost,0.07872499525547028,,,fixed_0.5,0.085981167677044,0.8421362077413033,0.015624424621750035,0.07140530103965981,0.0,0.0,0.0,0.0,785,0,13,0,1.0,0.0,798,13,798,0.07692307692307693,0.125,7.673076923076923,0.15384615384615385,0.08333333333333333,5.115384615384615,0.15384615384615385,0.05,3.0692307692307694,0.38461538461538464,0.0625,3.8365384615384617,0.6923076923076923,0.05625,3.4528846153846158,with_side
pooled,42,1,xgboost,0.07872499525547028,,,inner_f1,0.085981167677044,0.8421362077413033,0.015624424621750035,0.07140530103965981,0.12903225806451613,0.1111111111111111,0.15384615384615385,0.11378553325107225,769,16,11,2,0.8461538461538461,0.02038216560509554,798,13,798,0.07692307692307693,0.125,7.673076923076923,0.15384615384615385,0.08333333333333333,5.115384615384615,0.15384615384615385,0.05,3.0692307692307694,0.38461538461538464,0.0625,3.8365384615384617,0.6923076923076923,0.05625,3.4528846153846158,with_side
pooled,42,1,xgboost_balanced,0.729546070098877,,,fixed_0.5,0.1088015121373057,0.8829985301322881,0.04921378371536854,0.16441507270711964,0.16393442622950818,0.10416666666666667,0.38461538461538464,0.1756128765511887,742,43,8,5,0.6153846153846154,0.05477707006369427,798,13,798,0.07692307692307693,0.125,7.673076923076923,0.23076923076923078,0.125,7.673076923076923,0.3076923076923077,0.1,6.138461538461539,0.38461538461538464,0.0625,3.8365384615384617,0.7692307692307693,0.0625,3.8365384615384617,with_side
pooled,42,1,xgboost_balanced,0.729546070098877,,,inner_f1,0.1088015121373057,0.8829985301322881,0.04921378371536854,0.16441507270711964,0.18181818181818182,0.15,0.23076923076923078,0.16934918629076665,768,17,10,3,0.7692307692307693,0.02165605095541401,798,13,798,0.07692307692307693,0.125,7.673076923076923,0.23076923076923078,0.125,7.673076923076923,0.3076923076923077,0.1,6.138461538461539,0.38461538461538464,0.0625,3.8365384615384617,0.7692307692307693,0.0625,3.8365384615384617,with_side
pooled,42,1,extratrees,0.09530572537442762,,,fixed_0.5,0.22025628513882523,0.8439980401763841,0.01439223996840581,0.10187581740705584,0.26666666666666666,1.0,0.15384615384615385,0.38951269447519304,785,0,11,2,0.8461538461538461,0.0,798,13,357,0.15384615384615385,0.25,15.346153846153847,0.23076923076923078,0.125,7.673076923076923,0.3076923076923077,0.1,6.138461538461539,0.46153846153846156,0.075,4.603846153846154,0.7692307692307693,0.0625,3.8365384615384617,with_side
pooled,42,1,extratrees,0.09530572537442762,,,inner_f1,0.22025628513882523,0.8439980401763841,0.01439223996840581,0.10187581740705584,0.19047619047619047,0.13793103448275862,0.3076923076923077,0.1865991778001616,760,25,9,4,0.6923076923076923,0.03184713375796178,798,13,357,0.15384615384615385,0.25,15.346153846153847,0.23076923076923078,0.125,7.673076923076923,0.3076923076923077,0.1,6.138461538461539,0.46153846153846156,0.075,4.603846153846154,0.7692307692307693,0.0625,3.8365384615384617,with_side
pooled,42,1,extratrees_balanced,0.6654338382351738,,,fixed_0.5,0.180163685142963,0.8509554140127389,0.04397964805825586,0.18090166395286245,0.19607843137254902,0.13157894736842105,0.38461538461538464,0.203641517652727,752,33,8,5,0.6153846153846154,0.04203821656050955,798,13,309,0.15384615384615385,0.25,15.346153846153847,0.3076923076923077,0.16666666666666666,10.23076923076923,0.38461538461538464,0.125,7.673076923076923,0.5384615384615384,0.0875,5.371153846153846,0.6923076923076923,0.05625,3.4528846153846158,with_side
pooled,42,1,extratrees_balanced,0.6654338382351738,,,inner_f1,0.180163685142963,0.8509554140127389,0.04397964805825586,0.18090166395286245,0.2222222222222222,0.21428571428571427,0.23076923076923078,0.2090049485630253,774,11,10,3,0.7692307692307693,0.014012738853503185,798,13,309,0.15384615384615385,0.25,15.346153846153847,0.3076923076923077,0.16666666666666666,10.23076923076923,0.38461538461538464,0.125,7.673076923076923,0.5384615384615384,0.0875,5.371153846153846,0.6923076923076923,0.05625,3.4528846153846158,with_side
pooled,42,1,catboost,0.27054825959980366,,,fixed_0.5,0.21628410539417262,0.8417442430181283,0.013961265545940375,0.0658132838437131,0.14285714285714285,1.0,0.07692307692307693,0.27525422350822504,785,0,12,1,0.9230769230769231,0.0,798,13,798,0.15384615384615385,0.25,15.346153846153847,0.23076923076923078,0.125,7.673076923076923,0.23076923076923078,0.075,4.603846153846154,0.46153846153846156,0.075,4.603846153846154,0.6923076923076923,0.05625,3.4528846153846158,with_side
pooled,42,1,catboost,0.27054825959980366,,,inner_f1,0.21628410539417262,0.8417442430181283,0.013961265545940375,0.0658132838437131,0.26666666666666666,1.0,0.15384615384615385,0.38951269447519304,785,0,11,2,0.8461538461538461,0.0,798,13,798,0.15384615384615385,0.25,15.346153846153847,0.23076923076923078,0.125,7.673076923076923,0.23076923076923078,0.075,4.603846153846154,0.46153846153846156,0.075,4.603846153846154,0.6923076923076923,0.05625,3.4528846153846158,with_side
pooled,42,1,catboost_balanced,0.6931071800123496,,,fixed_0.5,0.17232453008737522,0.8625183733463988,0.05581913790639245,0.18350315687025667,0.14705882352941177,0.09090909090909091,0.38461538461538464,0.1603721856869892,735,50,8,5,0.6153846153846154,0.06369426751592357,798,13,798,0.07692307692307693,0.125,7.673076923076923,0.23076923076923078,0.125,7.673076923076923,0.38461538461538464,0.125,7.673076923076923,0.46153846153846156,0.075,4.603846153846154,0.6923076923076923,0.05625,3.4528846153846158,with_side
pooled,42,1,catboost_balanced,0.6931071800123496,,,inner_f1,0.17232453008737522,0.8625183733463988,0.05581913790639245,0.18350315687025667,0.2,0.17647058823529413,0.23076923076923078,0.18668234351833618,771,14,10,3,0.7692307692307693,0.017834394904458598,798,13,798,0.07692307692307693,0.125,7.673076923076923,0.23076923076923078,0.125,7.673076923076923,0.38461538461538464,0.125,7.673076923076923,0.46153846153846156,0.075,4.603846153846154,0.6923076923076923,0.05625,3.4528846153846158,with_side
pooled,42,1,lightgbm,0.08647793920761163,,,fixed_0.5,0.17506863415005855,0.8759431651151397,0.014982663845235987,0.0666044988514187,0.0,0.0,0.0,0.0,785,0,13,0,1.0,0.0,798,13,798,0.15384615384615385,0.25,15.346153846153847,0.23076923076923078,0.125,7.673076923076923,0.38461538461538464,0.125,7.673076923076923,0.38461538461538464,0.0625,3.8365384615384617,0.7692307692307693,0.0625,3.8365384615384617,with_side
pooled,42,1,lightgbm,0.08647793920761163,,,inner_f1,0.17506863415005855,0.8759431651151397,0.014982663845235987,0.0666044988514187,0.14285714285714285,0.10344827586206896,0.23076923076923078,0.13370179098505364,759,26,10,3,0.7692307692307693,0.033121019108280254,798,13,798,0.15384615384615385,0.25,15.346153846153847,0.23076923076923078,0.125,7.673076923076923,0.38461538461538464,0.125,7.673076923076923,0.38461538461538464,0.0625,3.8365384615384617,0.7692307692307693,0.0625,3.8365384615384617,with_side
pooled,42,1,lightgbm_balanced,0.6329737316202926,,,fixed_0.5,0.2077052614555425,0.8853503184713376,0.051217561668039265,0.1689229910227055,0.14925373134328357,0.09259259259259259,0.38461538461538464,0.16238352196349448,736,49,8,5,0.6153846153846154,0.062420382165605096,798,13,798,0.15384615384615385,0.25,15.346153846153847,0.23076923076923078,0.125,7.673076923076923,0.3076923076923077,0.1,6.138461538461539,0.5384615384615384,0.0875,5.371153846153846,0.6923076923076923,0.05625,3.4528846153846158,with_side
pooled,42,1,lightgbm_balanced,0.6329737316202926,,,inner_f1,0.2077052614555425,0.8853503184713376,0.051217561668039265,0.1689229910227055,0.18181818181818182,0.12903225806451613,0.3076923076923077,0.1790455291087459,758,27,9,4,0.6923076923076923,0.034394904458598725,798,13,798,0.15384615384615385,0.25,15.346153846153847,0.23076923076923078,0.125,7.673076923076923,0.3076923076923077,0.1,6.138461538461539,0.5384615384615384,0.0875,5.371153846153846,0.6923076923076923,0.05625,3.4528846153846158,with_side
pooled,42,2,dummy_prior,0.5,,,fixed_0.5,0.018796992481203006,0.5,0.018447159062739735,0.09342092210757724,0.0,0.0,0.0,0.0,783,0,15,0,1.0,0.0,798,15,1,0.0,0.0,0.0,0.0,0.0,0.0,0.06666666666666667,0.025,1.33,0.06666666666666667,0.0125,0.665,0.06666666666666667,0.00625,0.3325,with_side
pooled,42,2,dummy_prior,0.5,,,inner_f1,0.018796992481203006,0.5,0.018447159062739735,0.09342092210757724,0.0,0.0,0.0,0.0,783,0,15,0,1.0,0.0,798,15,1,0.0,0.0,0.0,0.0,0.0,0.0,0.06666666666666667,0.025,1.33,0.06666666666666667,0.0125,0.665,0.06666666666666667,0.00625,0.3325,with_side
pooled,42,2,logistic,0.08555325359673793,,,fixed_0.5,0.23136634914235282,0.8431673052362707,0.015942747397073763,0.07464562456364256,0.23529411764705882,1.0,0.13333333333333333,0.362154357828913,783,0,13,2,0.8666666666666667,0.0,798,15,798,0.13333333333333333,0.25,13.3,0.26666666666666666,0.16666666666666666,8.866666666666667,0.3333333333333333,0.125,6.65,0.3333333333333333,0.0625,3.325,0.6,0.05625,2.9925,with_side
pooled,42,2,logistic,0.08555325359673793,,,inner_f1,0.23136634914235282,0.8431673052362707,0.015942747397073763,0.07464562456364256,0.2222222222222222,0.16666666666666666,0.3333333333333333,0.21519665385343417,758,25,10,5,0.6666666666666666,0.031928480204342274,798,15,798,0.13333333333333333,0.25,13.3,0.26666666666666666,0.16666666666666666,8.866666666666667,0.3333333333333333,0.125,6.65,0.3333333333333333,0.0625,3.325,0.6,0.05625,2.9925,with_side
pooled,42,2,logistic_balanced,0.964609729584165,,,fixed_0.5,0.23134371650893304,0.8586632609621117,0.12589984769954812,0.4052397980967491,0.11834319526627218,0.06493506493506493,0.6666666666666666,0.16613198501617218,639,144,5,10,0.3333333333333333,0.1839080459770115,798,15,798,0.13333333333333333,0.25,13.3,0.26666666666666666,0.16666666666666666,8.866666666666667,0.4,0.15,7.98,0.5333333333333333,0.1,5.32,0.6666666666666666,0.0625,3.325,with_side
pooled,42,2,logistic_balanced,0.964609729584165,,,inner_f1,0.23134371650893304,0.8586632609621117,0.12589984769954812,0.4052397980967491,0.22857142857142856,0.2,0.26666666666666666,0.21392768018555944,767,16,11,4,0.7333333333333333,0.020434227330779056,798,15,798,0.13333333333333333,0.25,13.3,0.26666666666666666,0.16666666666666666,8.866666666666667,0.4,0.15,7.98,0.5333333333333333,0.1,5.32,0.6666666666666666,0.0625,3.325,with_side
pooled,42,2,xgboost,0.03604917228221893,,,fixed_0.5,0.2313043052619845,0.8135376756066411,0.017002562870049635,0.07727555966290597,0.0,0.0,0.0,0.0,783,0,15,0,1.0,0.0,798,15,798,0.2,0.375,19.950000000000003,0.4,0.25,13.3,0.4,0.15,7.98,0.4666666666666667,0.0875,4.655,0.5333333333333333,0.05,2.66,with_side
pooled,42,2,xgboost,0.03604917228221893,,,inner_f1,0.2313043052619845,0.8135376756066411,0.017002562870049635,0.07727555966290597,0.1391304347826087,0.08,0.5333333333333333,0.17057737759147518,691,92,7,8,0.4666666666666667,0.11749680715197956,798,15,798,0.2,0.375,19.950000000000003,0.4,0.25,13.3,0.4,0.15,7.98,0.4666666666666667,0.0875,4.655,0.5333333333333333,0.05,2.66,with_side
pooled,42,2,xgboost_balanced,0.43409693241119385,,,fixed_0.5,0.20926765625500346,0.8309919114516815,0.04361422906885098,0.15111057584383422,0.1875,0.12244897959183673,0.4,0.19521408267927598,740,43,9,6,0.6,0.05491698595146871,798,15,798,0.26666666666666666,0.5,26.6,0.3333333333333333,0.20833333333333334,11.083333333333334,0.4,0.15,7.98,0.4666666666666667,0.0875,4.655,0.6666666666666666,0.0625,3.325,with_side
pooled,42,2,xgboost_balanced,0.43409693241119385,,,inner_f1,0.20926765625500346,0.8309919114516815,0.04361422906885098,0.15111057584383422,0.17391304347826086,0.1111111111111111,0.4,0.18312807091837563,735,48,9,6,0.6,0.06130268199233716,798,15,798,0.26666666666666666,0.5,26.6,0.3333333333333333,0.20833333333333334,11.083333333333334,0.4,0.15,7.98,0.4666666666666667,0.0875,4.655,0.6666666666666666,0.0625,3.325,with_side
pooled,42,2,extratrees,0.32944444444444454,,,fixed_0.5,0.21853221011532423,0.8499787143465305,0.01605256540606313,0.07489045641224483,0.23529411764705882,1.0,0.13333333333333333,0.362154357828913,783,0,13,2,0.8666666666666667,0.0,798,15,369,0.13333333333333333,0.25,13.3,0.26666666666666666,0.16666666666666666,8.866666666666667,0.3333333333333333,0.125,6.65,0.4,0.075,3.99,0.6666666666666666,0.0625,3.325,with_side
pooled,42,2,extratrees,0.32944444444444454,,,inner_f1,0.21853221011532423,0.8499787143465305,0.01605256540606313,0.07489045641224483,0.23529411764705882,1.0,0.13333333333333333,0.362154357828913,783,0,13,2,0.8666666666666667,0.0,798,15,369,0.13333333333333333,0.25,13.3,0.26666666666666666,0.16666666666666666,8.866666666666667,0.3333333333333333,0.125,6.65,0.4,0.075,3.99,0.6666666666666666,0.0625,3.325,with_side
pooled,42,2,extratrees_balanced,0.4910874167630995,,,fixed_0.5,0.17968407974638417,0.8720306513409961,0.0430855078132837,0.1408106150276325,0.18518518518518517,0.1282051282051282,0.3333333333333333,0.18261540644678642,749,34,10,5,0.6666666666666666,0.04342273307790549,798,15,325,0.06666666666666667,0.125,6.65,0.26666666666666666,0.16666666666666666,8.866666666666667,0.3333333333333333,0.125,6.65,0.6,0.1125,5.985,0.6666666666666666,0.0625,3.325,with_side
pooled,42,2,extratrees_balanced,0.4910874167630995,,,inner_f1,0.17968407974638417,0.8720306513409961,0.0430855078132837,0.1408106150276325,0.1724137931034483,0.11627906976744186,0.3333333333333333,0.17130179269755658,745,38,10,5,0.6666666666666666,0.04853128991060025,798,15,325,0.06666666666666667,0.125,6.65,0.26666666666666666,0.16666666666666666,8.866666666666667,0.3333333333333333,0.125,6.65,0.6,0.1125,5.985,0.6666666666666666,0.0625,3.325,with_side
pooled,42,2,catboost,0.2598958766724922,,,fixed_0.5,0.24712864073171661,0.8680289484887186,0.015816647855089908,0.0710256901460776,0.23529411764705882,1.0,0.13333333333333333,0.362154357828913,783,0,13,2,0.8666666666666667,0.0,798,15,798,0.2,0.375,19.950000000000003,0.26666666666666666,0.16666666666666666,8.866666666666667,0.26666666666666666,0.1,5.32,0.4666666666666667,0.0875,4.655,0.6,0.05625,2.9925,with_side
pooled,42,2,catboost,0.2598958766724922,,,inner_f1,0.24712864073171661,0.8680289484887186,0.015816647855089908,0.0710256901460776,0.2,0.4,0.13333333333333333,0.22288513646896752,780,3,13,2,0.8666666666666667,0.0038314176245210726,798,15,798,0.2,0.375,19.950000000000003,0.26666666666666666,0.16666666666666666,8.866666666666667,0.26666666666666666,0.1,5.32,0.4666666666666667,0.0875,4.655,0.6,0.05625,2.9925,with_side
pooled,42,2,catboost_balanced,0.4579686131478445,,,fixed_0.5,0.3218857494670919,0.8634312473392933,0.04969582242390476,0.1699110578532834,0.16666666666666666,0.10526315789473684,0.4,0.17658381855353686,732,51,9,6,0.6,0.06513409961685823,798,15,798,0.3333333333333333,0.625,33.25,0.4,0.25,13.3,0.4,0.15,7.98,0.4666666666666667,0.0875,4.655,0.6666666666666666,0.0625,3.325,with_side
pooled,42,2,catboost_balanced,0.4579686131478445,,,inner_f1,0.3218857494670919,0.8634312473392933,0.04969582242390476,0.1699110578532834,0.17721518987341772,0.109375,0.4666666666666667,0.19694325021040676,726,57,8,7,0.5333333333333333,0.07279693486590039,798,15,798,0.3333333333333333,0.625,33.25,0.4,0.25,13.3,0.4,0.15,7.98,0.4666666666666667,0.0875,4.655,0.6666666666666666,0.0625,3.325,with_side
pooled,42,2,lightgbm,0.047367311781628015,,,fixed_0.5,0.2723423671279276,0.80970625798212,0.016582027834677007,0.0771696952674443,0.0,0.0,0.0,0.0,783,0,15,0,1.0,0.0,798,15,798,0.2,0.375,19.950000000000003,0.4,0.25,13.3,0.4666666666666667,0.175,9.31,0.4666666666666667,0.0875,4.655,0.6,0.05625,2.9925,with_side
pooled,42,2,lightgbm,0.047367311781628015,,,inner_f1,0.2723423671279276,0.80970625798212,0.016582027834677007,0.0771696952674443,0.18666666666666668,0.11666666666666667,0.4666666666666667,0.20548114051847052,730,53,8,7,0.5333333333333333,0.06768837803320563,798,15,798,0.2,0.375,19.950000000000003,0.4,0.25,13.3,0.4666666666666667,0.175,9.31,0.4666666666666667,0.0875,4.655,0.6,0.05625,2.9925,with_side
pooled,42,2,lightgbm_balanced,0.2709160503581623,,,fixed_0.5,0.2585364800820069,0.8322690506598553,0.05056421708815239,0.17107558652305213,0.17647058823529413,0.11320754716981132,0.4,0.1854200647772624,736,47,9,6,0.6,0.06002554278416347,798,15,798,0.2,0.375,19.950000000000003,0.3333333333333333,0.20833333333333334,11.083333333333334,0.4,0.15,7.98,0.4666666666666667,0.0875,4.655,0.6666666666666666,0.0625,3.325,with_side
pooled,42,2,lightgbm_balanced,0.2709160503581623,,,inner_f1,0.2585364800820069,0.8322690506598553,0.05056421708815239,0.17107558652305213,0.13333333333333333,0.0761904761904762,0.5333333333333333,0.16450041566474335,686,97,7,8,0.4666666666666667,0.12388250319284802,798,15,798,0.2,0.375,19.950000000000003,0.3333333333333333,0.20833333333333334,11.083333333333334,0.4,0.15,7.98,0.4666666666666667,0.0875,4.655,0.6666666666666666,0.0625,3.325,with_side
pooled,1729,0,dummy_prior,0.5,,,fixed_0.5,0.012547051442910916,0.5,0.012445919060504126,0.06905267771134249,0.0,0.0,0.0,0.0,787,0,10,0,1.0,0.0,797,10,1,0.0,0.0,0.0,0.0,0.0,0.0,0.0,0.0,0.0,0.0,0.0,0.0,0.1,0.00625,0.49812500000000004,with_side
pooled,1729,0,dummy_prior,0.5,,,inner_f1,0.012547051442910916,0.5,0.012445919060504126,0.06905267771134249,0.0,0.0,0.0,0.0,787,0,10,0,1.0,0.0,797,10,1,0.0,0.0,0.0,0.0,0.0,0.0,0.0,0.0,0.0,0.0,0.0,0.0,0.1,0.00625,0.49812500000000004,with_side
pooled,1729,0,logistic,0.12921605532208147,,,fixed_0.5,0.2681669877965075,0.7925031766200763,0.01047715304759484,0.05684503659456385,0.3333333333333333,1.0,0.2,0.4449577748322281,787,0,8,2,0.8,0.0,797,10,797,0.3,0.375,29.8875,0.3,0.125,9.9625,0.3,0.075,5.9775,0.3,0.0375,2.98875,0.6,0.0375,2.98875,with_side
pooled,1729,0,logistic,0.12921605532208147,,,inner_f1,0.2681669877965075,0.7925031766200763,0.01047715304759484,0.05684503659456385,0.25,0.21428571428571427,0.3,0.24235011489543068,776,11,7,3,0.7,0.01397712833545108,797,10,797,0.3,0.375,29.8875,0.3,0.125,9.9625,0.3,0.075,5.9775,0.3,0.0375,2.98875,0.6,0.0375,2.98875,with_side
pooled,1729,0,logistic_balanced,0.9777601137874044,,,fixed_0.5,0.19710550350958952,0.8376111817026684,0.11741065794791283,0.3557878764957715,0.07692307692307693,0.0410958904109589,0.6,0.12146337372245834,647,140,4,6,0.4,0.17789072426937738,797,10,797,0.2,0.25,19.925,0.2,0.08333333333333333,6.641666666666666,0.2,0.05,3.9850000000000003,0.6,0.075,5.9775,0.6,0.0375,2.98875,with_side
pooled,1729,0,logistic_balanced,0.9777601137874044,,,inner_f1,0.19710550350958952,0.8376111817026684,0.11741065794791283,0.3557878764957715,0.15384615384615385,0.3333333333333333,0.1,0.17714835311045946,785,2,9,1,0.9,0.0025412960609911056,797,10,797,0.2,0.25,19.925,0.2,0.08333333333333333,6.641666666666666,0.2,0.05,3.9850000000000003,0.6,0.075,5.9775,0.6,0.0375,2.98875,with_side
pooled,1729,0,xgboost,0.08037979900836945,,,fixed_0.5,0.14698208173724908,0.7844980940279542,0.012111271765748869,0.061184100626416923,0.0,0.0,0.0,0.0,787,0,10,0,1.0,0.0,797,10,797,0.1,0.125,9.9625,0.1,0.041666666666666664,3.320833333333333,0.4,0.1,7.970000000000001,0.5,0.0625,4.98125,0.5,0.03125,2.490625,with_side
pooled,1729,0,xgboost,0.08037979900836945,,,inner_f1,0.14698208173724908,0.7844980940279542,0.012111271765748869,0.061184100626416923,0.05128205128205128,0.034482758620689655,0.1,0.03829490391562824,759,28,9,1,0.9,0.035578144853875476,797,10,797,0.1,0.125,9.9625,0.1,0.041666666666666664,3.320833333333333,0.4,0.1,7.970000000000001,0.5,0.0625,4.98125,0.5,0.03125,2.490625,with_side
pooled,1729,0,xgboost_balanced,0.35436657071113586,,,fixed_0.5,0.06397430013026935,0.7623888182973316,0.03543755445049483,0.13189515006311373,0.13636363636363635,0.08823529411764706,0.3,0.14354119804676163,756,31,7,3,0.7,0.03939008894536213,797,10,797,0.0,0.0,0.0,0.2,0.08333333333333333,6.641666666666666,0.3,0.075,5.9775,0.5,0.0625,4.98125,0.5,0.03125,2.490625,with_side
pooled,1729,0,xgboost_balanced,0.35436657071113586,,,inner_f1,0.06397430013026935,0.7623888182973316,0.03543755445049483,0.13189515006311373,0.12307692307692308,0.07272727272727272,0.4,0.1471987519051718,736,51,6,4,0.6,0.06480304955527319,797,10,797,0.0,0.0,0.0,0.2,0.08333333333333333,6.641666666666666,0.3,0.075,5.9775,0.5,0.0625,4.98125,0.5,0.03125,2.490625,with_side
pooled,1729,0,extratrees,0.19122652934435191,,,fixed_0.5,0.2498123139931395,0.8585768742058449,0.011354312178074696,0.05305942154407391,0.2857142857142857,0.5,0.2,0.31102626059499155,785,2,8,2,0.8,0.0025412960609911056,797,10,369,0.2,0.25,19.925,0.3,0.125,9.9625,0.3,0.075,5.9775,0.5,0.0625,4.98125,0.5,0.03125,2.490625,with_side
pooled,1729,0,extratrees,0.19122652934435191,,,inner_f1,0.2498123139931395,0.8585768742058449,0.011354312178074696,0.05305942154407391,0.2222222222222222,0.25,0.2,0.21481025659608272,781,6,8,2,0.8,0.007623888182973317,797,10,369,0.2,0.25,19.925,0.3,0.125,9.9625,0.3,0.075,5.9775,0.5,0.0625,4.98125,0.5,0.03125,2.490625,with_side
pooled,1729,0,extratrees_balanced,0.24585189676239197,,,fixed_0.5,0.2319447874359987,0.8811944091486658,0.03990839256937251,0.13364706962562148,0.13953488372093023,0.09090909090909091,0.3,0.1463143682176038,757,30,7,3,0.7,0.03811944091486658,797,10,340,0.2,0.25,19.925,0.3,0.125,9.9625,0.3,0.075,5.9775,0.6,0.075,5.9775,0.6,0.0375,2.98875,with_side
pooled,1729,0,extratrees_balanced,0.24585189676239197,,,inner_f1,0.2319447874359987,0.8811944091486658,0.03990839256937251,0.13364706962562148,0.0851063829787234,0.04580152671755725,0.6,0.13250113178798154,662,125,4,6,0.4,0.1588310038119441,797,10,340,0.2,0.25,19.925,0.3,0.125,9.9625,0.3,0.075,5.9775,0.6,0.075,5.9775,0.6,0.0375,2.98875,with_side
pooled,1729,0,catboost,0.14632300367088108,,,fixed_0.5,0.2458394137768636,0.8298602287166454,0.010087305786127801,0.05169806694538728,0.3333333333333333,1.0,0.2,0.4449577748322281,787,0,8,2,0.8,0.0,797,10,797,0.2,0.25,19.925,0.3,0.125,9.9625,0.4,0.1,7.970000000000001,0.4,0.05,3.9850000000000003,0.6,0.0375,2.98875,with_side
pooled,1729,0,catboost,0.14632300367088108,,,inner_f1,0.2458394137768636,0.8298602287166454,0.010087305786127801,0.05169806694538728,0.2857142857142857,0.5,0.2,0.31102626059499155,785,2,8,2,0.8,0.0025412960609911056,797,10,797,0.2,0.25,19.925,0.3,0.125,9.9625,0.4,0.1,7.970000000000001,0.4,0.05,3.9850000000000003,0.6,0.0375,2.98875,with_side
pooled,1729,0,catboost_balanced,0.4461629341150588,,,fixed_0.5,0.2467475207384354,0.8137229987293519,0.050081923172345326,0.17232175339556813,0.12903225806451613,0.07692307692307693,0.4,0.15279834520008992,739,48,6,4,0.6,0.060991105463786534,797,10,797,0.2,0.25,19.925,0.2,0.08333333333333333,6.641666666666666,0.4,0.1,7.970000000000001,0.4,0.05,3.9850000000000003,0.6,0.0375,2.98875,with_side
pooled,1729,0,catboost_balanced,0.4461629341150588,,,inner_f1,0.2467475207384354,0.8137229987293519,0.050081923172345326,0.17232175339556813,0.1111111111111111,0.06451612903225806,0.4,0.13560263818481977,729,58,6,4,0.6,0.07369758576874205,797,10,797,0.2,0.25,19.925,0.2,0.08333333333333333,6.641666666666666,0.4,0.1,7.970000000000001,0.4,0.05,3.9850000000000003,0.6,0.0375,2.98875,with_side
pooled,1729,0,lightgbm,0.075349006509232,,,fixed_0.5,0.10385715759830101,0.7714104193138501,0.012133869803200427,0.06112635052766131,0.0,0.0,0.0,0.0,787,0,10,0,1.0,0.0,797,10,797,0.1,0.125,9.9625,0.2,0.08333333333333333,6.641666666666666,0.3,0.075,5.9775,0.4,0.05,3.9850000000000003,0.5,0.03125,2.490625,with_side
pooled,1729,0,lightgbm,0.075349006509232,,,inner_f1,0.10385715759830101,0.7714104193138501,0.012133869803200427,0.06112635052766131,0.0975609756097561,0.06451612903225806,0.2,0.09392526430094662,758,29,8,2,0.8,0.036848792884371026,797,10,797,0.1,0.125,9.9625,0.2,0.08333333333333333,6.641666666666666,0.3,0.075,5.9775,0.4,0.05,3.9850000000000003,0.5,0.03125,2.490625,with_side
pooled,1729,0,lightgbm_balanced,0.37070431358001094,,,fixed_0.5,0.06421307662113127,0.7756035578144855,0.04214507946839208,0.15089040752053773,0.14545454545454545,0.08888888888888889,0.4,0.16777641119844158,746,41,6,4,0.6,0.052096569250317665,797,10,797,0.1,0.125,9.9625,0.2,0.08333333333333333,6.641666666666666,0.3,0.075,5.9775,0.4,0.05,3.9850000000000003,0.5,0.03125,2.490625,with_side
pooled,1729,0,lightgbm_balanced,0.37070431358001094,,,inner_f1,0.06421307662113127,0.7756035578144855,0.04214507946839208,0.15089040752053773,0.10810810810810811,0.0625,0.4,0.13260810934706316,727,60,6,4,0.6,0.07623888182973317,797,10,797,0.1,0.125,9.9625,0.2,0.08333333333333333,6.641666666666666,0.3,0.075,5.9775,0.4,0.05,3.9850000000000003,0.5,0.03125,2.490625,with_side
pooled,1729,1,dummy_prior,0.5,,,fixed_0.5,0.020050125313283207,0.5,0.019662174175427365,0.09864272543752237,0.0,0.0,0.0,0.0,782,0,16,0,1.0,0.0,798,16,1,0.0,0.0,0.0,0.0,0.0,0.0,0.0625,0.025,1.2468750000000002,0.125,0.025,1.2468750000000002,0.3125,0.03125,1.55859375,with_side
pooled,1729,1,dummy_prior,0.5,,,inner_f1,0.020050125313283207,0.5,0.019662174175427365,0.09864272543752237,0.0,0.0,0.0,0.0,782,0,16,0,1.0,0.0,798,16,1,0.0,0.0,0.0,0.0,0.0,0.0,0.0625,0.025,1.2468750000000002,0.125,0.025,1.2468750000000002,0.3125,0.03125,1.55859375,with_side
pooled,1729,1,logistic,0.5934794899916624,,,fixed_0.5,0.24419524160108577,0.8449488491048593,0.017121255636497586,0.07878497901431818,0.21052631578947367,0.6666666666666666,0.125,0.2833762160356769,781,1,14,2,0.875,0.0012787723785166241,798,16,798,0.1875,0.375,18.703125,0.3125,0.20833333333333334,10.390625000000002,0.3125,0.125,6.234375,0.4375,0.0875,4.3640625,0.6875,0.06875,3.4289062500000003,with_side
pooled,1729,1,logistic,0.5934794899916624,,,inner_f1,0.24419524160108577,0.8449488491048593,0.017121255636497586,0.07878497901431818,0.2222222222222222,1.0,0.125,0.35043046034511394,782,0,14,2,0.875,0.0,798,16,798,0.1875,0.375,18.703125,0.3125,0.20833333333333334,10.390625000000002,0.3125,0.125,6.234375,0.4375,0.0875,4.3640625,0.6875,0.06875,3.4289062500000003,with_side
pooled,1729,1,logistic_balanced,0.9918232063784774,,,fixed_0.5,0.18118829311296467,0.8385549872122762,0.12079552972002634,0.3672464866833574,0.11538461538461539,0.06428571428571428,0.5625,0.14556682465715995,651,131,7,9,0.4375,0.16751918158567775,798,16,798,0.1875,0.375,18.703125,0.1875,0.125,6.234375,0.3125,0.125,6.234375,0.375,0.075,3.740625,0.6875,0.06875,3.4289062500000003,with_side
pooled,1729,1,logistic_balanced,0.9918232063784774,,,inner_f1,0.18118829311296467,0.8385549872122762,0.12079552972002634,0.3672464866833574,0.1111111111111111,0.5,0.0625,0.17163026382631538,781,1,15,1,0.9375,0.0012787723785166241,798,16,798,0.1875,0.375,18.703125,0.1875,0.125,6.234375,0.3125,0.125,6.234375,0.375,0.075,3.740625,0.6875,0.06875,3.4289062500000003,with_side
pooled,1729,1,xgboost,0.043880581855773926,,,fixed_0.5,0.13503033385363153,0.8276054987212276,0.018831387110579956,0.08399911724879051,0.0,0.0,0.0,0.0,782,0,16,0,1.0,0.0,798,16,798,0.125,0.25,12.46875,0.25,0.16666666666666666,8.3125,0.25,0.1,4.987500000000001,0.4375,0.0875,4.3640625,0.5,0.05,2.4937500000000004,with_side
pooled,1729,1,xgboost,0.043880581855773926,,,inner_f1,0.13503033385363153,0.8276054987212276,0.018831387110579956,0.08399911724879051,0.15151515151515152,0.1,0.3125,0.14746586889290894,737,45,11,5,0.6875,0.05754475703324808,798,16,798,0.125,0.25,12.46875,0.25,0.16666666666666666,8.3125,0.25,0.1,4.987500000000001,0.4375,0.0875,4.3640625,0.5,0.05,2.4937500000000004,with_side
pooled,1729,1,xgboost_balanced,0.7964914441108704,,,fixed_0.5,0.13398896470884827,0.8667679028132992,0.042593168890880766,0.1460778061931552,0.18181818181818182,0.1282051282051282,0.3125,0.17490311824174232,748,34,11,5,0.6875,0.043478260869565216,798,16,798,0.125,0.25,12.46875,0.25,0.16666666666666666,8.3125,0.3125,0.125,6.234375,0.5,0.1,4.987500000000001,0.75,0.075,3.740625,with_side
pooled,1729,1,xgboost_balanced,0.7964914441108704,,,inner_f1,0.13398896470884827,0.8667679028132992,0.042593168890880766,0.1460778061931552,0.10526315789473684,0.3333333333333333,0.0625,0.137294678311859,780,2,15,1,0.9375,0.0025575447570332483,798,16,798,0.125,0.25,12.46875,0.25,0.16666666666666666,8.3125,0.3125,0.125,6.234375,0.5,0.1,4.987500000000001,0.75,0.075,3.740625,with_side
pooled,1729,1,extratrees,0.4060000000000002,,,fixed_0.5,0.20653727800090663,0.8415521099744244,0.01748611765194054,0.11323311669120838,0.2222222222222222,1.0,0.125,0.35043046034511394,782,0,14,2,0.875,0.0,798,16,311,0.125,0.25,12.46875,0.1875,0.125,6.234375,0.3125,0.125,6.234375,0.375,0.075,3.740625,0.75,0.075,3.740625,with_side
pooled,1729,1,extratrees,0.4060000000000002,,,inner_f1,0.20653727800090663,0.8415521099744244,0.01748611765194054,0.11323311669120838,0.2222222222222222,1.0,0.125,0.35043046034511394,782,0,14,2,0.875,0.0,798,16,311,0.125,0.25,12.46875,0.1875,0.125,6.234375,0.3125,0.125,6.234375,0.375,0.075,3.740625,0.75,0.075,3.740625,with_side
pooled,1729,1,extratrees_balanced,0.7962690408856263,,,fixed_0.5,0.15449357228389993,0.8487052429667519,0.055823748115519184,0.2090743872190862,0.17721518987341772,0.1111111111111111,0.4375,0.19019472871592377,726,56,9,7,0.5625,0.07161125319693094,798,16,310,0.0625,0.125,6.234375,0.25,0.16666666666666666,8.3125,0.3125,0.125,6.234375,0.4375,0.0875,4.3640625,0.625,0.0625,3.1171875,with_side
pooled,1729,1,extratrees_balanced,0.7962690408856263,,,inner_f1,0.15449357228389993,0.8487052429667519,0.055823748115519184,0.2090743872190862,0.1,0.25,0.0625,0.11643738550226371,779,3,15,1,0.9375,0.0038363171355498722,798,16,310,0.0625,0.125,6.234375,0.25,0.16666666666666666,8.3125,0.3125,0.125,6.234375,0.4375,0.0875,4.3640625,0.625,0.0625,3.1171875,with_side
pooled,1729,1,catboost,0.19108327522356106,,,fixed_0.5,0.2320488603700494,0.851502557544757,0.017295650454125032,0.07814574589195461,0.11764705882352941,1.0,0.0625,0.2476362532571253,782,0,15,1,0.9375,0.0,798,16,798,0.125,0.25,12.46875,0.3125,0.20833333333333334,10.390625000000002,0.3125,0.125,6.234375,0.4375,0.0875,4.3640625,0.625,0.0625,3.1171875,with_side
pooled,1729,1,catboost,0.19108327522356106,,,inner_f1,0.2320488603700494,0.851502557544757,0.017295650454125032,0.07814574589195461,0.2222222222222222,1.0,0.125,0.35043046034511394,782,0,14,2,0.875,0.0,798,16,798,0.125,0.25,12.46875,0.3125,0.20833333333333334,10.390625000000002,0.3125,0.125,6.234375,0.4375,0.0875,4.3640625,0.625,0.0625,3.1171875,with_side
pooled,1729,1,catboost_balanced,0.7174234957521836,,,fixed_0.5,0.146326847803559,0.8565377237851663,0.05925372427560449,0.19479076746201246,0.15384615384615385,0.09333333333333334,0.4375,0.16838580564217515,714,68,9,7,0.5625,0.08695652173913043,798,16,798,0.0625,0.125,6.234375,0.25,0.16666666666666666,8.3125,0.4375,0.175,8.728125,0.4375,0.0875,4.3640625,0.625,0.0625,3.1171875,with_side
pooled,1729,1,catboost_balanced,0.7174234957521836,,,inner_f1,0.146326847803559,0.8565377237851663,0.05925372427560449,0.19479076746201246,0.08333333333333333,0.125,0.0625,0.07534473256596137,775,7,15,1,0.9375,0.008951406649616368,798,16,798,0.0625,0.125,6.234375,0.25,0.16666666666666666,8.3125,0.4375,0.175,8.728125,0.4375,0.0875,4.3640625,0.625,0.0625,3.1171875,with_side
pooled,1729,1,lightgbm,0.07678737411044308,,,fixed_0.5,0.1470659607419834,0.8571771099744245,0.018671350242107695,0.08144863004076433,0.0,0.0,0.0,0.0,782,0,16,0,1.0,0.0,798,16,798,0.125,0.25,12.46875,0.25,0.16666666666666666,8.3125,0.3125,0.125,6.234375,0.4375,0.0875,4.3640625,0.75,0.075,3.740625,with_side
pooled,1729,1,lightgbm,0.07678737411044308,,,inner_f1,0.1470659607419834,0.8571771099744245,0.018671350242107695,0.08144863004076433,0.23529411764705882,0.2222222222222222,0.25,0.21910368926818174,768,14,12,4,0.75,0.017902813299232736,798,16,798,0.125,0.25,12.46875,0.25,0.16666666666666666,8.3125,0.3125,0.125,6.234375,0.4375,0.0875,4.3640625,0.75,0.075,3.740625,with_side
pooled,1729,1,lightgbm_balanced,0.30454959086777006,,,fixed_0.5,0.1945710054910238,0.8718829923273657,0.04653225863341959,0.15874617962584403,0.1875,0.125,0.375,0.1894137205821084,740,42,10,6,0.625,0.05370843989769821,798,16,798,0.1875,0.375,18.703125,0.25,0.16666666666666666,8.3125,0.375,0.15,7.48125,0.5625,0.1125,5.6109375,0.6875,0.06875,3.4289062500000003,with_side
pooled,1729,1,lightgbm_balanced,0.30454959086777006,,,inner_f1,0.1945710054910238,0.8718829923273657,0.04653225863341959,0.15874617962584403,0.140625,0.08035714285714286,0.5625,0.1738418472395597,679,103,7,9,0.4375,0.13171355498721227,798,16,798,0.1875,0.375,18.703125,0.25,0.16666666666666666,8.3125,0.375,0.15,7.48125,0.5625,0.1125,5.6109375,0.6875,0.06875,3.4289062500000003,with_side
pooled,1729,2,dummy_prior,0.5,,,fixed_0.5,0.020050125313283207,0.5,0.019662174175427365,0.09864272543752237,0.0,0.0,0.0,0.0,782,0,16,0,1.0,0.0,798,16,1,0.0,0.0,0.0,0.0,0.0,0.0,0.0,0.0,0.0,0.0,0.0,0.0,0.0,0.0,0.0,with_side
pooled,1729,2,dummy_prior,0.5,,,inner_f1,0.020050125313283207,0.5,0.019662174175427365,0.09864272543752237,0.0,0.0,0.0,0.0,782,0,16,0,1.0,0.0,798,16,1,0.0,0.0,0.0,0.0,0.0,0.0,0.0,0.0,0.0,0.0,0.0,0.0,0.0,0.0,0.0,with_side
pooled,1729,2,logistic,0.3774296120774512,,,fixed_0.5,0.24561032161553042,0.8817135549872123,0.016989755555251587,0.07290102765587934,0.2222222222222222,1.0,0.125,0.35043046034511394,782,0,14,2,0.875,0.0,798,16,798,0.1875,0.375,18.703125,0.1875,0.125,6.234375,0.3125,0.125,6.234375,0.625,0.125,6.234375,0.875,0.0875,4.3640625,with_side
pooled,1729,2,logistic,0.3774296120774512,,,inner_f1,0.24561032161553042,0.8817135549872123,0.016989755555251587,0.07290102765587934,0.21052631578947367,0.6666666666666666,0.125,0.2833762160356769,781,1,14,2,0.875,0.0012787723785166241,798,16,798,0.1875,0.375,18.703125,0.1875,0.125,6.234375,0.3125,0.125,6.234375,0.625,0.125,6.234375,0.875,0.0875,4.3640625,with_side
pooled,1729,2,logistic_balanced,0.9849917389089172,,,fixed_0.5,0.23805466288954755,0.8932225063938619,0.1445351302152774,0.43011468623588467,0.14354066985645933,0.07772020725388601,0.9375,0.23237588626417735,604,178,1,15,0.0625,0.22762148337595908,798,16,798,0.125,0.25,12.46875,0.25,0.16666666666666666,8.3125,0.375,0.15,7.48125,0.625,0.125,6.234375,0.75,0.075,3.740625,with_side
pooled,1729,2,logistic_balanced,0.9849917389089172,,,inner_f1,0.23805466288954755,0.8932225063938619,0.1445351302152774,0.43011468623588467,0.1111111111111111,0.5,0.0625,0.17163026382631538,781,1,15,1,0.9375,0.0012787723785166241,798,16,798,0.125,0.25,12.46875,0.25,0.16666666666666666,8.3125,0.375,0.15,7.48125,0.625,0.125,6.234375,0.75,0.075,3.740625,with_side
pooled,1729,2,xgboost,0.07366658747196198,,,fixed_0.5,0.16165715452200363,0.8614130434782609,0.0185518592316885,0.08040265496726594,0.0,0.0,0.0,0.0,782,0,16,0,1.0,0.0,798,16,796,0.1875,0.375,18.703125,0.3125,0.20833333333333334,10.390625000000002,0.375,0.15,7.48125,0.5625,0.1125,5.6109375,0.625,0.0625,3.1171875,with_side
pooled,1729,2,xgboost,0.07366658747196198,,,inner_f1,0.16165715452200363,0.8614130434782609,0.0185518592316885,0.08040265496726594,0.23255813953488372,0.18518518518518517,0.3125,0.22046187909801854,760,22,11,5,0.6875,0.028132992327365727,798,16,796,0.1875,0.375,18.703125,0.3125,0.20833333333333334,10.390625000000002,0.375,0.15,7.48125,0.5625,0.1125,5.6109375,0.625,0.0625,3.1171875,with_side
pooled,1729,2,xgboost_balanced,0.8631410598754883,,,fixed_0.5,0.0966200284699241,0.8463874680306905,0.04456765540538128,0.15480584662921862,0.17857142857142858,0.125,0.3125,0.17199540348476006,747,35,11,5,0.6875,0.04475703324808184,798,16,798,0.0625,0.125,6.234375,0.1875,0.125,6.234375,0.3125,0.125,6.234375,0.375,0.075,3.740625,0.75,0.075,3.740625,with_side
pooled,1729,2,xgboost_balanced,0.8631410598754883,,,inner_f1,0.0966200284699241,0.8463874680306905,0.04456765540538128,0.15480584662921862,0.0,0.0,0.0,-0.008786859411958975,779,3,16,0,1.0,0.0038363171355498722,798,16,798,0.0625,0.125,6.234375,0.1875,0.125,6.234375,0.3125,0.125,6.234375,0.375,0.075,3.740625,0.75,0.075,3.740625,with_side
pooled,1729,2,extratrees,0.3105555555555558,,,fixed_0.5,0.25479279826501006,0.9056106138107417,0.016632538170907724,0.06764365514225186,0.2222222222222222,1.0,0.125,0.35043046034511394,782,0,14,2,0.875,0.0,798,16,375,0.125,0.25,12.46875,0.25,0.16666666666666666,8.3125,0.4375,0.175,8.728125,0.5625,0.1125,5.6109375,0.8125,0.08125,4.05234375,with_side
pooled,1729,2,extratrees,0.3105555555555558,,,inner_f1,0.25479279826501006,0.9056106138107417,0.016632538170907724,0.06764365514225186,0.2222222222222222,1.0,0.125,0.35043046034511394,782,0,14,2,0.875,0.0,798,16,375,0.125,0.25,12.46875,0.25,0.16666666666666666,8.3125,0.4375,0.175,8.728125,0.5625,0.1125,5.6109375,0.8125,0.08125,4.05234375,with_side
pooled,1729,2,extratrees_balanced,0.6955322596981681,,,fixed_0.5,0.18141057171839173,0.8825927109974424,0.046104378829310906,0.14789166246928034,0.07692307692307693,0.05555555555555555,0.125,0.05505643261751048,748,34,14,2,0.875,0.043478260869565216,798,16,338,0.125,0.25,12.46875,0.125,0.08333333333333333,4.15625,0.125,0.05,2.4937500000000004,0.5,0.1,4.987500000000001,0.75,0.075,3.740625,with_side
pooled,1729,2,extratrees_balanced,0.6955322596981681,,,inner_f1,0.18141057171839173,0.8825927109974424,0.046104378829310906,0.14789166246928034,0.14814814814814814,0.18181818181818182,0.125,0.13643986083489557,773,9,14,2,0.875,0.011508951406649617,798,16,338,0.125,0.25,12.46875,0.125,0.08333333333333333,4.15625,0.125,0.05,2.4937500000000004,0.5,0.1,4.987500000000001,0.75,0.075,3.740625,with_side
pooled,1729,2,catboost,0.22254822177867828,,,fixed_0.5,0.244687213032792,0.8678868286445013,0.016968331024064632,0.0758841960639946,0.2222222222222222,1.0,0.125,0.35043046034511394,782,0,14,2,0.875,0.0,798,16,798,0.1875,0.375,18.703125,0.3125,0.20833333333333334,10.390625000000002,0.375,0.15,7.48125,0.4375,0.0875,4.3640625,0.625,0.0625,3.1171875,with_side
pooled,1729,2,catboost,0.22254822177867828,,,inner_f1,0.244687213032792,0.8678868286445013,0.016968331024064632,0.0758841960639946,0.2222222222222222,1.0,0.125,0.35043046034511394,782,0,14,2,0.875,0.0,798,16,798,0.1875,0.375,18.703125,0.3125,0.20833333333333334,10.390625000000002,0.375,0.15,7.48125,0.4375,0.0875,4.3640625,0.625,0.0625,3.1171875,with_side
pooled,1729,2,catboost_balanced,0.7154720686085168,,,fixed_0.5,0.19149804299961776,0.8335997442455243,0.05391355125813924,0.1849823749795631,0.14925373134328357,0.09803921568627451,0.3125,0.1453778245050182,736,46,11,5,0.6875,0.058823529411764705,798,16,798,0.125,0.25,12.46875,0.125,0.08333333333333333,4.15625,0.25,0.1,4.987500000000001,0.4375,0.0875,4.3640625,0.5,0.05,2.4937500000000004,with_side
pooled,1729,2,catboost_balanced,0.7154720686085168,,,inner_f1,0.19149804299961776,0.8335997442455243,0.05391355125813924,0.1849823749795631,0.13333333333333333,0.14285714285714285,0.125,0.11707622060958862,770,12,14,2,0.875,0.015345268542199489,798,16,798,0.125,0.25,12.46875,0.125,0.08333333333333333,4.15625,0.25,0.1,4.987500000000001,0.4375,0.0875,4.3640625,0.5,0.05,2.4937500000000004,with_side
pooled,1729,2,lightgbm,0.26818741399898993,,,fixed_0.5,0.1191232110226526,0.8774776214833759,0.018914822414732524,0.08048444908170416,0.0,0.0,0.0,0.0,782,0,16,0,1.0,0.0,798,16,798,0.0625,0.125,6.234375,0.125,0.08333333333333333,4.15625,0.3125,0.125,6.234375,0.5,0.1,4.987500000000001,0.8125,0.08125,4.05234375,with_side
pooled,1729,2,lightgbm,0.26818741399898993,,,inner_f1,0.1191232110226526,0.8774776214833759,0.018914822414732524,0.08048444908170416,0.0,0.0,0.0,-0.005066726409352947,781,1,16,0,1.0,0.0012787723785166241,798,16,798,0.0625,0.125,6.234375,0.125,0.08333333333333333,4.15625,0.3125,0.125,6.234375,0.5,0.1,4.987500000000001,0.8125,0.08125,4.05234375,with_side
pooled,1729,2,lightgbm_balanced,0.8221061417370703,,,fixed_0.5,0.1147245190823739,0.8599744245524297,0.048253385638593736,0.1656776358022615,0.17857142857142858,0.125,0.3125,0.17199540348476006,747,35,11,5,0.6875,0.04475703324808184,798,16,798,0.125,0.25,12.46875,0.1875,0.125,6.234375,0.3125,0.125,6.234375,0.3125,0.0625,3.1171875,0.6875,0.06875,3.4289062500000003,with_side
pooled,1729,2,lightgbm_balanced,0.8221061417370703,,,inner_f1,0.1147245190823739,0.8599744245524297,0.048253385638593736,0.1656776358022615,0.09090909090909091,0.16666666666666666,0.0625,0.09104068741979271,777,5,15,1,0.9375,0.00639386189258312,798,16,798,0.125,0.25,12.46875,0.1875,0.125,6.234375,0.3125,0.125,6.234375,0.3125,0.0625,3.1171875,0.6875,0.06875,3.4289062500000003,with_side
pooled,2026,0,dummy_prior,0.5,,,fixed_0.5,0.02132998745294856,0.5,0.020907120684388183,0.1041069111814681,0.0,0.0,0.0,0.0,780,0,17,0,1.0,0.0,797,17,1,0.0,0.0,0.0,0.0,0.0,0.0,0.0,0.0,0.0,0.0,0.0,0.0,0.11764705882352941,0.0125,0.5860294117647059,with_side
pooled,2026,0,dummy_prior,0.5,,,inner_f1,0.02132998745294856,0.5,0.020907120684388183,0.1041069111814681,0.0,0.0,0.0,0.0,780,0,17,0,1.0,0.0,797,17,1,0.0,0.0,0.0,0.0,0.0,0.0,0.0,0.0,0.0,0.0,0.0,0.0,0.11764705882352941,0.0125,0.5860294117647059,with_side
pooled,2026,0,logistic,0.20596350909721298,,,fixed_0.5,0.14197922263270105,0.7440422322775264,0.020693635852979897,0.10924237574638983,0.2,0.6666666666666666,0.11764705882352941,0.2745511615666388,779,1,15,2,0.8823529411764706,0.001282051282051282,797,17,797,0.11764705882352941,0.25,11.720588235294116,0.11764705882352941,0.08333333333333333,3.9068627450980387,0.17647058823529413,0.075,3.516176470588235,0.29411764705882354,0.0625,2.930147058823529,0.47058823529411764,0.05,2.3441176470588236,with_side
pooled,2026,0,logistic,0.20596350909721298,,,inner_f1,0.14197922263270105,0.7440422322775264,0.020693635852979897,0.10924237574638983,0.16,0.25,0.11764705882352941,0.15936841994136508,774,6,15,2,0.8823529411764706,0.007692307692307693,797,17,797,0.11764705882352941,0.25,11.720588235294116,0.11764705882352941,0.08333333333333333,3.9068627450980387,0.17647058823529413,0.075,3.516176470588235,0.29411764705882354,0.0625,2.930147058823529,0.47058823529411764,0.05,2.3441176470588236,with_side
pooled,2026,0,logistic_balanced,0.9027105936292196,,,fixed_0.5,0.11907112937602372,0.7879336349924585,0.10833187890642373,0.37117077772829166,0.09302325581395349,0.05357142857142857,0.35294117647058826,0.0902328615792445,674,106,11,6,0.6470588235294118,0.1358974358974359,797,17,797,0.058823529411764705,0.125,5.860294117647058,0.11764705882352941,0.08333333333333333,3.9068627450980387,0.17647058823529413,0.075,3.516176470588235,0.29411764705882354,0.0625,2.930147058823529,0.5294117647058824,0.05625,2.6371323529411765,with_side
pooled,2026,0,logistic_balanced,0.9027105936292196,,,inner_f1,0.11907112937602372,0.7879336349924585,0.10833187890642373,0.37117077772829166,0.10714285714285714,0.07692307692307693,0.17647058823529413,0.08727805708725256,744,36,14,3,0.8235294117647058,0.046153846153846156,797,17,797,0.058823529411764705,0.125,5.860294117647058,0.11764705882352941,0.08333333333333333,3.9068627450980387,0.17647058823529413,0.075,3.516176470588235,0.29411764705882354,0.0625,2.930147058823529,0.5294117647058824,0.05625,2.6371323529411765,with_side
pooled,2026,0,xgboost,0.06392811238765717,,,fixed_0.5,0.05157590977639201,0.6796380090497737,0.021254407806766736,0.10410343086602676,0.0,0.0,0.0,0.0,780,0,17,0,1.0,0.0,797,17,795,0.058823529411764705,0.125,5.860294117647058,0.058823529411764705,0.041666666666666664,1.9534313725490193,0.17647058823529413,0.075,3.516176470588235,0.23529411764705882,0.05,2.3441176470588236,0.5294117647058824,0.05625,2.6371323529411765,with_side
pooled,2026,0,xgboost,0.06392811238765717,,,inner_f1,0.05157590977639201,0.6796380090497737,0.021254407806766736,0.10410343086602676,0.10526315789473684,0.075,0.17647058823529413,0.08538868238347819,743,37,14,3,0.8235294117647058,0.047435897435897434,797,17,795,0.058823529411764705,0.125,5.860294117647058,0.058823529411764705,0.041666666666666664,1.9534313725490193,0.17647058823529413,0.075,3.516176470588235,0.23529411764705882,0.05,2.3441176470588236,0.5294117647058824,0.05625,2.6371323529411765,with_side
pooled,2026,0,xgboost_balanced,0.4436807930469513,,,fixed_0.5,0.12010242653287168,0.673001508295626,0.03762445199892404,0.14957263712112273,0.17391304347826086,0.13793103448275862,0.23529411764705882,0.1568221481484744,755,25,13,4,0.7647058823529411,0.03205128205128205,797,17,797,0.11764705882352941,0.25,11.720588235294116,0.17647058823529413,0.125,5.860294117647058,0.29411764705882354,0.125,5.860294117647058,0.29411764705882354,0.0625,2.930147058823529,0.4117647058823529,0.04375,2.0511029411764703,with_side
pooled,2026,0,xgboost_balanced,0.4436807930469513,,,inner_f1,0.12010242653287168,0.673001508295626,0.03762445199892404,0.14957263712112273,0.18867924528301888,0.1388888888888889,0.29411764705882354,0.17697054990537525,749,31,12,5,0.7058823529411765,0.03974358974358974,797,17,797,0.11764705882352941,0.25,11.720588235294116,0.17647058823529413,0.125,5.860294117647058,0.29411764705882354,0.125,5.860294117647058,0.29411764705882354,0.0625,2.930147058823529,0.4117647058823529,0.04375,2.0511029411764703,with_side
pooled,2026,0,extratrees,0.14553287292523107,,,fixed_0.5,0.16939873230761832,0.7863876319758673,0.020250307059173637,0.14043476223427095,0.19047619047619047,0.5,0.11764705882352941,0.2352968874359333,778,2,15,2,0.8823529411764706,0.002564102564102564,797,17,336,0.11764705882352941,0.25,11.720588235294116,0.11764705882352941,0.08333333333333333,3.9068627450980387,0.17647058823529413,0.075,3.516176470588235,0.23529411764705882,0.05,2.3441176470588236,0.4117647058823529,0.04375,2.0511029411764703,with_side
pooled,2026,0,extratrees,0.14553287292523107,,,inner_f1,0.16939873230761832,0.7863876319758673,0.020250307059173637,0.14043476223427095,0.11764705882352941,0.11764705882352941,0.11764705882352941,0.09841628959276018,765,15,15,2,0.8823529411764706,0.019230769230769232,797,17,336,0.11764705882352941,0.25,11.720588235294116,0.11764705882352941,0.08333333333333333,3.9068627450980387,0.17647058823529413,0.075,3.516176470588235,0.23529411764705882,0.05,2.3441176470588236,0.4117647058823529,0.04375,2.0511029411764703,with_side
pooled,2026,0,extratrees_balanced,0.5864675485379106,,,fixed_0.5,0.068340511601082,0.729524886877828,0.04648408039086077,0.28252497770968066,0.10344827586206896,0.07317073170731707,0.17647058823529413,0.08355815035251614,742,38,14,3,0.8235294117647058,0.04871794871794872,797,17,267,0.058823529411764705,0.125,5.860294117647058,0.11764705882352941,0.08333333333333333,3.9068627450980387,0.17647058823529413,0.075,3.516176470588235,0.35294117647058826,0.075,3.516176470588235,0.5882352941176471,0.0625,2.930147058823529,with_side
pooled,2026,0,extratrees_balanced,0.5864675485379106,,,inner_f1,0.068340511601082,0.729524886877828,0.04648408039086077,0.28252497770968066,0.09523809523809523,0.08,0.11764705882352941,0.07307420422784855,757,23,15,2,0.8823529411764706,0.029487179487179487,797,17,267,0.058823529411764705,0.125,5.860294117647058,0.11764705882352941,0.08333333333333333,3.9068627450980387,0.17647058823529413,0.075,3.516176470588235,0.35294117647058826,0.075,3.516176470588235,0.5882352941176471,0.0625,2.930147058823529,with_side
pooled,2026,0,catboost,0.1465346726136507,,,fixed_0.5,0.1787460919021529,0.7357466063348417,0.01883670248177265,0.09705555222545463,0.21052631578947367,1.0,0.11764705882352941,0.3397459388965089,780,0,15,2,0.8823529411764706,0.0,797,17,797,0.17647058823529413,0.375,17.580882352941174,0.17647058823529413,0.125,5.860294117647058,0.23529411764705882,0.1,4.688235294117647,0.29411764705882354,0.0625,2.930147058823529,0.35294117647058826,0.0375,1.7580882352941174,with_side
pooled,2026,0,catboost,0.1465346726136507,,,inner_f1,0.1787460919021529,0.7357466063348417,0.01883670248177265,0.09705555222545463,0.23076923076923078,0.3333333333333333,0.17647058823529413,0.2307830755379745,774,6,14,3,0.8235294117647058,0.007692307692307693,797,17,797,0.17647058823529413,0.375,17.580882352941174,0.17647058823529413,0.125,5.860294117647058,0.23529411764705882,0.1,4.688235294117647,0.29411764705882354,0.0625,2.930147058823529,0.35294117647058826,0.0375,1.7580882352941174,with_side
pooled,2026,0,catboost_balanced,0.5460493500676477,,,fixed_0.5,0.11025450022386334,0.6923076923076923,0.053174356021614064,0.18767298791754547,0.12307692307692308,0.08333333333333333,0.23529411764705882,0.10863790828805275,736,44,13,4,0.7647058823529411,0.05641025641025641,797,17,797,0.058823529411764705,0.125,5.860294117647058,0.17647058823529413,0.125,5.860294117647058,0.17647058823529413,0.075,3.516176470588235,0.29411764705882354,0.0625,2.930147058823529,0.4117647058823529,0.04375,2.0511029411764703,with_side
pooled,2026,0,catboost_balanced,0.5460493500676477,,,inner_f1,0.11025450022386334,0.6923076923076923,0.053174356021614064,0.18767298791754547,0.10344827586206896,0.07317073170731707,0.17647058823529413,0.08355815035251614,742,38,14,3,0.8235294117647058,0.04871794871794872,797,17,797,0.058823529411764705,0.125,5.860294117647058,0.17647058823529413,0.125,5.860294117647058,0.17647058823529413,0.075,3.516176470588235,0.29411764705882354,0.0625,2.930147058823529,0.4117647058823529,0.04375,2.0511029411764703,with_side
pooled,2026,0,lightgbm,0.08083471925134308,,,fixed_0.5,0.09160622333903083,0.6918552036199095,0.02076212776598534,0.10855093633212717,0.0,0.0,0.0,0.0,780,0,17,0,1.0,0.0,797,17,797,0.11764705882352941,0.25,11.720588235294116,0.17647058823529413,0.125,5.860294117647058,0.23529411764705882,0.1,4.688235294117647,0.35294117647058826,0.075,3.516176470588235,0.35294117647058826,0.0375,1.7580882352941174,with_side
pooled,2026,0,lightgbm,0.08083471925134308,,,inner_f1,0.09160622333903083,0.6918552036199095,0.02076212776598534,0.10855093633212717,0.13636363636363635,0.1111111111111111,0.17647058823529413,0.11636117964406953,756,24,14,3,0.8235294117647058,0.03076923076923077,797,17,797,0.11764705882352941,0.25,11.720588235294116,0.17647058823529413,0.125,5.860294117647058,0.23529411764705882,0.1,4.688235294117647,0.35294117647058826,0.075,3.516176470588235,0.35294117647058826,0.0375,1.7580882352941174,with_side
pooled,2026,0,lightgbm_balanced,0.5290624763314308,,,fixed_0.5,0.11449654493950907,0.6942684766214178,0.04387540042214476,0.16258942448152086,0.14545454545454545,0.10526315789473684,0.23529411764705882,0.12998435932081587,746,34,13,4,0.7647058823529411,0.04358974358974359,797,17,797,0.11764705882352941,0.25,11.720588235294116,0.17647058823529413,0.125,5.860294117647058,0.29411764705882354,0.125,5.860294117647058,0.29411764705882354,0.0625,2.930147058823529,0.4117647058823529,0.04375,2.0511029411764703,with_side
pooled,2026,0,lightgbm_balanced,0.5290624763314308,,,inner_f1,0.11449654493950907,0.6942684766214178,0.04387540042214476,0.16258942448152086,0.11320754716981132,0.08333333333333333,0.17647058823529413,0.09333845487152759,747,33,14,3,0.8235294117647058,0.04230769230769231,797,17,797,0.11764705882352941,0.25,11.720588235294116,0.17647058823529413,0.125,5.860294117647058,0.29411764705882354,0.125,5.860294117647058,0.29411764705882354,0.0625,2.930147058823529,0.4117647058823529,0.04375,2.0511029411764703,with_side
pooled,2026,1,dummy_prior,0.5,,,fixed_0.5,0.008771929824561403,0.5,0.008868475273245167,0.0554957486486444,0.0,0.0,0.0,0.0,791,0,7,0,1.0,0.0,798,7,1,0.0,0.0,0.0,0.0,0.0,0.0,0.14285714285714285,0.025,2.8500000000000005,0.14285714285714285,0.0125,1.4250000000000003,0.42857142857142855,0.01875,2.1375,with_side
pooled,2026,1,dummy_prior,0.5,,,inner_f1,0.008771929824561403,0.5,0.008868475273245167,0.0554957486486444,0.0,0.0,0.0,0.0,791,0,7,0,1.0,0.0,798,7,1,0.0,0.0,0.0,0.0,0.0,0.0,0.14285714285714285,0.025,2.8500000000000005,0.14285714285714285,0.0125,1.4250000000000003,0.42857142857142855,0.01875,2.1375,with_side
pooled,2026,1,logistic,0.7417544912453244,,,fixed_0.5,0.07311365437127819,0.7567274697489614,0.009265234698962378,0.05082758589226487,0.0,0.0,0.0,0.0,791,0,7,0,1.0,0.0,798,7,798,0.14285714285714285,0.125,14.25,0.2857142857142857,0.08333333333333333,9.5,0.2857142857142857,0.05,5.700000000000001,0.42857142857142855,0.0375,4.275,0.42857142857142855,0.01875,2.1375,with_side
pooled,2026,1,logistic,0.7417544912453244,,,inner_f1,0.07311365437127819,0.7567274697489614,0.009265234698962378,0.05082758589226487,0.0,0.0,0.0,0.0,791,0,7,0,1.0,0.0,798,7,798,0.14285714285714285,0.125,14.25,0.2857142857142857,0.08333333333333333,9.5,0.2857142857142857,0.05,5.700000000000001,0.42857142857142855,0.0375,4.275,0.42857142857142855,0.01875,2.1375,with_side
pooled,2026,1,logistic_balanced,0.9816765894152765,,,fixed_0.5,0.04570767937138564,0.7812895069532237,0.12159920842841868,0.3654068772462169,0.04,0.02097902097902098,0.42857142857142855,0.06116812750169846,651,140,4,3,0.5714285714285714,0.17699115044247787,798,7,798,0.14285714285714285,0.125,14.25,0.14285714285714285,0.041666666666666664,4.75,0.14285714285714285,0.025,2.8500000000000005,0.42857142857142855,0.0375,4.275,0.42857142857142855,0.01875,2.1375,with_side
pooled,2026,1,logistic_balanced,0.9816765894152765,,,inner_f1,0.04570767937138564,0.7812895069532237,0.12159920842841868,0.3654068772462169,0.0,0.0,0.0,-0.004715407633605504,789,2,7,0,1.0,0.0025284450063211127,798,7,798,0.14285714285714285,0.125,14.25,0.14285714285714285,0.041666666666666664,4.75,0.14285714285714285,0.025,2.8500000000000005,0.42857142857142855,0.0375,4.275,0.42857142857142855,0.01875,2.1375,with_side
pooled,2026,1,xgboost,0.06486229598522186,,,fixed_0.5,0.20033055601701355,0.8723135271807838,0.008384555390380624,0.04468365244966664,0.0,0.0,0.0,0.0,791,0,7,0,1.0,0.0,798,7,798,0.14285714285714285,0.125,14.25,0.42857142857142855,0.125,14.25,0.42857142857142855,0.075,8.55,0.5714285714285714,0.05,5.700000000000001,0.7142857142857143,0.03125,3.5625,with_side
pooled,2026,1,xgboost,0.06486229598522186,,,inner_f1,0.20033055601701355,0.8723135271807838,0.008384555390380624,0.04468365244966664,0.13953488372093023,0.08333333333333333,0.42857142857142855,0.17380147933552859,758,33,4,3,0.5714285714285714,0.041719342604298354,798,7,798,0.14285714285714285,0.125,14.25,0.42857142857142855,0.125,14.25,0.42857142857142855,0.075,8.55,0.5714285714285714,0.05,5.700000000000001,0.7142857142857143,0.03125,3.5625,with_side
pooled,2026,1,xgboost_balanced,0.7362541556358337,,,fixed_0.5,0.1757257702178378,0.8753837818313166,0.04720463658277921,0.16017537525308578,0.03571428571428571,0.02040816326530612,0.14285714285714285,0.03191796440285389,743,48,6,1,0.8571428571428571,0.0606826801517067,798,7,798,0.14285714285714285,0.125,14.25,0.14285714285714285,0.041666666666666664,4.75,0.14285714285714285,0.025,2.8500000000000005,0.42857142857142855,0.0375,4.275,0.7142857142857143,0.03125,3.5625,with_side
pooled,2026,1,xgboost_balanced,0.7362541556358337,,,inner_f1,0.1757257702178378,0.8753837818313166,0.04720463658277921,0.16017537525308578,0.09090909090909091,0.06666666666666667,0.14285714285714285,0.08593487751567708,777,14,6,1,0.8571428571428571,0.017699115044247787,798,7,798,0.14285714285714285,0.125,14.25,0.14285714285714285,0.041666666666666664,4.75,0.14285714285714285,0.025,2.8500000000000005,0.42857142857142855,0.0375,4.275,0.7142857142857143,0.03125,3.5625,with_side
pooled,2026,1,extratrees,0.34744444444444444,,,fixed_0.5,0.03596668521936398,0.8645475889470833,0.009488774203822617,0.04500931567767408,0.0,0.0,0.0,0.0,791,0,7,0,1.0,0.0,798,7,338,0.0,0.0,0.0,0.0,0.0,0.0,0.0,0.0,0.0,0.42857142857142855,0.0375,4.275,0.7142857142857143,0.03125,3.5625,with_side
pooled,2026,1,extratrees,0.34744444444444444,,,inner_f1,0.03596668521936398,0.8645475889470833,0.009488774203822617,0.04500931567767408,0.0,0.0,0.0,-0.0033322042776079584,790,1,7,0,1.0,0.0012642225031605564,798,7,338,0.0,0.0,0.0,0.0,0.0,0.0,0.0,0.0,0.0,0.42857142857142855,0.0375,4.275,0.7142857142857143,0.03125,3.5625,with_side
pooled,2026,1,extratrees_balanced,0.41021099767027897,,,fixed_0.5,0.043735349734274336,0.891999277587141,0.04793774944758046,0.1499030091107318,0.03636363636363636,0.020833333333333332,0.14285714285714285,0.03272302645198013,744,47,6,1,0.8571428571428571,0.05941845764854614,798,7,313,0.0,0.0,0.0,0.0,0.0,0.0,0.14285714285714285,0.025,2.8500000000000005,0.42857142857142855,0.0375,4.275,0.8571428571428571,0.0375,4.275,with_side
pooled,2026,1,extratrees_balanced,0.41021099767027897,,,inner_f1,0.043735349734274336,0.891999277587141,0.04793774944758046,0.1499030091107318,0.06818181818181818,0.037037037037037035,0.42857142857142855,0.10188240737147804,713,78,4,3,0.5714285714285714,0.0986093552465234,798,7,313,0.0,0.0,0.0,0.0,0.0,0.0,0.14285714285714285,0.025,2.8500000000000005,0.42857142857142855,0.0375,4.275,0.8571428571428571,0.0375,4.275,with_side
pooled,2026,1,catboost,0.12357176828513142,,,fixed_0.5,0.03400802044852661,0.8264403106375294,0.00868142850443104,0.046083688187927976,0.0,0.0,0.0,0.0,791,0,7,0,1.0,0.0,798,7,798,0.0,0.0,0.0,0.14285714285714285,0.041666666666666664,4.75,0.14285714285714285,0.025,2.8500000000000005,0.2857142857142857,0.025,2.8500000000000005,0.5714285714285714,0.025,2.8500000000000005,with_side
pooled,2026,1,catboost,0.12357176828513142,,,inner_f1,0.03400802044852661,0.8264403106375294,0.00868142850443104,0.046083688187927976,0.0,0.0,0.0,0.0,791,0,7,0,1.0,0.0,798,7,798,0.0,0.0,0.0,0.14285714285714285,0.041666666666666664,4.75,0.14285714285714285,0.025,2.8500000000000005,0.2857142857142857,0.025,2.8500000000000005,0.5714285714285714,0.025,2.8500000000000005,with_side
pooled,2026,1,catboost_balanced,0.649305517416671,,,fixed_0.5,0.056994890604998,0.854614412136536,0.05552333581593013,0.19003835855708373,0.03125,0.017543859649122806,0.14285714285714285,0.026090902514277467,735,56,6,1,0.8571428571428571,0.07079646017699115,798,7,798,0.14285714285714285,0.125,14.25,0.14285714285714285,0.041666666666666664,4.75,0.14285714285714285,0.025,2.8500000000000005,0.2857142857142857,0.025,2.8500000000000005,0.7142857142857143,0.03125,3.5625,with_side
pooled,2026,1,catboost_balanced,0.649305517416671,,,inner_f1,0.056994890604998,0.854614412136536,0.05552333581593013,0.19003835855708373,0.08695652173913043,0.0625,0.14285714285714285,0.08241826845585862,776,15,6,1,0.8571428571428571,0.018963337547408345,798,7,798,0.14285714285714285,0.125,14.25,0.14285714285714285,0.041666666666666664,4.75,0.14285714285714285,0.025,2.8500000000000005,0.2857142857142857,0.025,2.8500000000000005,0.7142857142857143,0.03125,3.5625,with_side
pooled,2026,1,lightgbm,0.10158932507771684,,,fixed_0.5,0.1087143658354507,0.8547950153512731,0.008610687053701665,0.044205439424882066,0.0,0.0,0.0,0.0,791,0,7,0,1.0,0.0,798,7,798,0.14285714285714285,0.125,14.25,0.14285714285714285,0.041666666666666664,4.75,0.2857142857142857,0.05,5.700000000000001,0.42857142857142855,0.0375,4.275,0.5714285714285714,0.025,2.8500000000000005,with_side
pooled,2026,1,lightgbm,0.10158932507771684,,,inner_f1,0.1087143658354507,0.8547950153512731,0.008610687053701665,0.044205439424882066,0.09090909090909091,0.06666666666666667,0.14285714285714285,0.08593487751567708,777,14,6,1,0.8571428571428571,0.017699115044247787,798,7,798,0.14285714285714285,0.125,14.25,0.14285714285714285,0.041666666666666664,4.75,0.2857142857142857,0.05,5.700000000000001,0.42857142857142855,0.0375,4.275,0.5714285714285714,0.025,2.8500000000000005,with_side
pooled,2026,1,lightgbm_balanced,0.7432469455707681,,,fixed_0.5,0.17414887367459944,0.8753837818313166,0.048852271225692905,0.16787039277582153,0.03636363636363636,0.020833333333333332,0.14285714285714285,0.03272302645198013,744,47,6,1,0.8571428571428571,0.05941845764854614,798,7,798,0.14285714285714285,0.125,14.25,0.14285714285714285,0.041666666666666664,4.75,0.14285714285714285,0.025,2.8500000000000005,0.2857142857142857,0.025,2.8500000000000005,1.0,0.04375,4.9875,with_side
pooled,2026,1,lightgbm_balanced,0.7432469455707681,,,inner_f1,0.17414887367459944,0.8753837818313166,0.048852271225692905,0.16787039277582153,0.10526315789473684,0.08333333333333333,0.14285714285714285,0.09880047987748924,780,11,6,1,0.8571428571428571,0.01390644753476612,798,7,798,0.14285714285714285,0.125,14.25,0.14285714285714285,0.041666666666666664,4.75,0.14285714285714285,0.025,2.8500000000000005,0.2857142857142857,0.025,2.8500000000000005,1.0,0.04375,4.9875,with_side
pooled,2026,2,dummy_prior,0.5,,,fixed_0.5,0.022556390977443608,0.5,0.022103990826803147,0.10947898165297058,0.0,0.0,0.0,0.0,780,0,18,0,1.0,0.0,798,18,1,0.0,0.0,0.0,0.0,0.0,0.0,0.05555555555555555,0.025,1.1083333333333334,0.05555555555555555,0.0125,0.5541666666666667,0.1111111111111111,0.0125,0.5541666666666667,with_side
pooled,2026,2,dummy_prior,0.5,,,inner_f1,0.022556390977443608,0.5,0.022103990826803147,0.10947898165297058,0.0,0.0,0.0,0.0,780,0,18,0,1.0,0.0,798,18,1,0.0,0.0,0.0,0.0,0.0,0.0,0.05555555555555555,0.025,1.1083333333333334,0.05555555555555555,0.0125,0.5541666666666667,0.1111111111111111,0.0125,0.5541666666666667,with_side
pooled,2026,2,logistic,0.01332289160146132,,,fixed_0.5,0.2948797118020831,0.8571225071225071,0.017650023560119427,0.08029695067300166,0.36363636363636365,1.0,0.2222222222222222,0.46723007850912596,780,0,14,4,0.7777777777777778,0.0,798,18,798,0.2222222222222222,0.5,22.166666666666668,0.2222222222222222,0.16666666666666666,7.388888888888889,0.2777777777777778,0.125,5.541666666666667,0.3888888888888889,0.0875,3.8791666666666664,0.7777777777777778,0.0875,3.8791666666666664,with_side
pooled,2026,2,logistic,0.01332289160146132,,,inner_f1,0.2948797118020831,0.8571225071225071,0.017650023560119427,0.08029695067300166,0.13617021276595745,0.07373271889400922,0.8888888888888888,0.21063486498955575,579,201,2,16,0.1111111111111111,0.25769230769230766,798,18,798,0.2222222222222222,0.5,22.166666666666668,0.2222222222222222,0.16666666666666666,7.388888888888889,0.2777777777777778,0.125,5.541666666666667,0.3888888888888889,0.0875,3.8791666666666664,0.7777777777777778,0.0875,3.8791666666666664,with_side
pooled,2026,2,logistic_balanced,0.9964112477864004,,,fixed_0.5,0.2226456899037111,0.8482193732193732,0.13981122968294016,0.42444122634126996,0.1319796954314721,0.07262569832402235,0.7222222222222222,0.1813310230879575,614,166,5,13,0.2777777777777778,0.2128205128205128,798,18,798,0.16666666666666666,0.375,16.625,0.2222222222222222,0.16666666666666666,7.388888888888889,0.2777777777777778,0.125,5.541666666666667,0.3888888888888889,0.0875,3.8791666666666664,0.6666666666666666,0.075,3.325,with_side
pooled,2026,2,logistic_balanced,0.9964112477864004,,,inner_f1,0.2226456899037111,0.8482193732193732,0.13981122968294016,0.42444122634126996,0.2,1.0,0.1111111111111111,0.32996624364175287,780,0,16,2,0.8888888888888888,0.0,798,18,798,0.16666666666666666,0.375,16.625,0.2222222222222222,0.16666666666666666,7.388888888888889,0.2777777777777778,0.125,5.541666666666667,0.3888888888888889,0.0875,3.8791666666666664,0.6666666666666666,0.075,3.325,with_side
pooled,2026,2,xgboost,0.018567169085144997,,,fixed_0.5,0.06726303953916177,0.8157407407407408,0.021688541494285375,0.09706250167919864,0.0,0.0,0.0,0.0,780,0,18,0,1.0,0.0,798,18,798,0.0,0.0,0.0,0.05555555555555555,0.041666666666666664,1.8472222222222223,0.2222222222222222,0.1,4.433333333333334,0.2777777777777778,0.0625,2.7708333333333335,0.5555555555555556,0.0625,2.7708333333333335,with_side
pooled,2026,2,xgboost,0.018567169085144997,,,inner_f1,0.06726303953916177,0.8157407407407408,0.021688541494285375,0.09706250167919864,0.11764705882352941,0.06403940886699508,0.7222222222222222,0.16318461731115494,590,190,5,13,0.2777777777777778,0.24358974358974358,798,18,798,0.0,0.0,0.0,0.05555555555555555,0.041666666666666664,1.8472222222222223,0.2222222222222222,0.1,4.433333333333334,0.2777777777777778,0.0625,2.7708333333333335,0.5555555555555556,0.0625,2.7708333333333335,with_side
pooled,2026,2,xgboost_balanced,0.37867531180381775,,,fixed_0.5,0.06752726348063799,0.7786324786324786,0.04786066613847797,0.1663254894851729,0.037037037037037035,0.027777777777777776,0.05555555555555555,0.0076432659119051475,745,35,17,1,0.9444444444444444,0.04487179487179487,798,18,798,0.0,0.0,0.0,0.05555555555555555,0.041666666666666664,1.8472222222222223,0.05555555555555555,0.025,1.1083333333333334,0.3888888888888889,0.0875,3.8791666666666664,0.5555555555555556,0.0625,2.7708333333333335,with_side
pooled,2026,2,xgboost_balanced,0.37867531180381775,,,inner_f1,0.06752726348063799,0.7786324786324786,0.04786066613847797,0.1663254894851729,0.14814814814814814,0.09523809523809523,0.3333333333333333,0.14330820122114624,723,57,12,6,0.6666666666666666,0.07307692307692308,798,18,798,0.0,0.0,0.0,0.05555555555555555,0.041666666666666664,1.8472222222222223,0.05555555555555555,0.025,1.1083333333333334,0.3888888888888889,0.0875,3.8791666666666664,0.5555555555555556,0.0625,2.7708333333333335,with_side
pooled,2026,2,extratrees,0.028,,,fixed_0.5,0.2824923556948081,0.8487535612535613,0.019233076234873338,0.08778902384194956,0.0,0.0,0.0,0.0,780,0,18,0,1.0,0.0,798,18,283,0.2222222222222222,0.5,22.166666666666668,0.2222222222222222,0.16666666666666666,7.388888888888889,0.2777777777777778,0.125,5.541666666666667,0.3888888888888889,0.0875,3.8791666666666664,0.6111111111111112,0.06875,3.047916666666667,with_side
pooled,2026,2,extratrees,0.028,,,inner_f1,0.2824923556948081,0.8487535612535613,0.019233076234873338,0.08778902384194956,0.12021857923497267,0.06666666666666667,0.6111111111111112,0.15166983932258338,626,154,7,11,0.3888888888888889,0.19743589743589743,798,18,283,0.2222222222222222,0.5,22.166666666666668,0.2222222222222222,0.16666666666666666,7.388888888888889,0.2777777777777778,0.125,5.541666666666667,0.3888888888888889,0.0875,3.8791666666666664,0.6111111111111112,0.06875,3.047916666666667,with_side
pooled,2026,2,extratrees_balanced,0.7621966481571235,,,fixed_0.5,0.08016638605020152,0.8508547008547008,0.07681110830116664,0.2127784079334227,0.12598425196850394,0.07339449541284404,0.4444444444444444,0.13617968473459616,679,101,10,8,0.5555555555555556,0.1294871794871795,798,18,278,0.0,0.0,0.0,0.1111111111111111,0.08333333333333333,3.6944444444444446,0.1111111111111111,0.05,2.216666666666667,0.3333333333333333,0.075,3.325,0.6111111111111112,0.06875,3.047916666666667,with_side
pooled,2026,2,extratrees_balanced,0.7621966481571235,,,inner_f1,0.08016638605020152,0.8508547008547008,0.07681110830116664,0.2127784079334227,0.0,0.0,0.0,-0.021729291497670916,764,16,18,0,1.0,0.020512820512820513,798,18,278,0.0,0.0,0.0,0.1111111111111111,0.08333333333333333,3.6944444444444446,0.1111111111111111,0.05,2.216666666666667,0.3333333333333333,0.075,3.325,0.6111111111111112,0.06875,3.047916666666667,with_side
pooled,2026,2,catboost,0.023004815278409158,,,fixed_0.5,0.2795006576322142,0.8542022792022792,0.01811046428234321,0.0802992638424268,0.2,1.0,0.1111111111111111,0.32996624364175287,780,0,16,2,0.8888888888888888,0.0,798,18,798,0.2222222222222222,0.5,22.166666666666668,0.2222222222222222,0.16666666666666666,7.388888888888889,0.2222222222222222,0.1,4.433333333333334,0.2777777777777778,0.0625,2.7708333333333335,0.6111111111111112,0.06875,3.047916666666667,with_side
pooled,2026,2,catboost,0.023004815278409158,,,inner_f1,0.2795006576322142,0.8542022792022792,0.01811046428234321,0.0802992638424268,0.12834224598930483,0.07100591715976332,0.6666666666666666,0.16913243490696622,623,157,6,12,0.3333333333333333,0.2012820512820513,798,18,798,0.2222222222222222,0.5,22.166666666666668,0.2222222222222222,0.16666666666666666,7.388888888888889,0.2222222222222222,0.1,4.433333333333334,0.2777777777777778,0.0625,2.7708333333333335,0.6111111111111112,0.06875,3.047916666666667,with_side
pooled,2026,2,catboost_balanced,0.34462918618597727,,,fixed_0.5,0.05634260052799121,0.7608974358974359,0.0574044129759632,0.19310239081676278,0.08571428571428572,0.057692307692307696,0.16666666666666666,0.062474513736928035,731,49,15,3,0.8333333333333334,0.06282051282051282,798,18,798,0.0,0.0,0.0,0.05555555555555555,0.041666666666666664,1.8472222222222223,0.16666666666666666,0.075,3.325,0.2777777777777778,0.0625,2.7708333333333335,0.4444444444444444,0.05,2.216666666666667,with_side
pooled,2026,2,catboost_balanced,0.34462918618597727,,,inner_f1,0.05634260052799121,0.7608974358974359,0.0574044129759632,0.19310239081676278,0.10526315789473684,0.06086956521739131,0.3888888888888889,0.10587807593132849,672,108,11,7,0.6111111111111112,0.13846153846153847,798,18,798,0.0,0.0,0.0,0.05555555555555555,0.041666666666666664,1.8472222222222223,0.16666666666666666,0.075,3.325,0.2777777777777778,0.0625,2.7708333333333335,0.4444444444444444,0.05,2.216666666666667,with_side
pooled,2026,2,lightgbm,0.03184211402023111,,,fixed_0.5,0.06479971681975226,0.8064102564102564,0.021940261505645098,0.10019863503553392,0.0,0.0,0.0,0.0,780,0,18,0,1.0,0.0,798,18,798,0.0,0.0,0.0,0.05555555555555555,0.041666666666666664,1.8472222222222223,0.2222222222222222,0.1,4.433333333333334,0.2222222222222222,0.05,2.216666666666667,0.5555555555555556,0.0625,2.7708333333333335,with_side
pooled,2026,2,lightgbm,0.03184211402023111,,,inner_f1,0.06479971681975226,0.8064102564102564,0.021940261505645098,0.10019863503553392,0.08791208791208792,0.0547945205479452,0.2222222222222222,0.06889403172292556,711,69,14,4,0.7777777777777778,0.08846153846153847,798,18,798,0.0,0.0,0.0,0.05555555555555555,0.041666666666666664,1.8472222222222223,0.2222222222222222,0.1,4.433333333333334,0.2222222222222222,0.05,2.216666666666667,0.5555555555555556,0.0625,2.7708333333333335,with_side
pooled,2026,2,lightgbm_balanced,0.34821131627990665,,,fixed_0.5,0.05512291363821231,0.7668091168091168,0.05084587979023079,0.17706237169233022,0.07142857142857142,0.05263157894736842,0.1111111111111111,0.04529108136578383,744,36,16,2,0.8888888888888888,0.046153846153846156,798,18,798,0.0,0.0,0.0,0.05555555555555555,0.041666666666666664,1.8472222222222223,0.1111111111111111,0.05,2.216666666666667,0.2777777777777778,0.0625,2.7708333333333335,0.5,0.05625,2.4937500000000004,with_side
pooled,2026,2,lightgbm_balanced,0.34821131627990665,,,inner_f1,0.05512291363821231,0.7668091168091168,0.05084587979023079,0.17706237169233022,0.08791208791208792,0.0547945205479452,0.2222222222222222,0.06889403172292556,711,69,14,4,0.7777777777777778,0.08846153846153847,798,18,798,0.0,0.0,0.0,0.05555555555555555,0.041666666666666664,1.8472222222222223,0.1111111111111111,0.05,2.216666666666667,0.2777777777777778,0.0625,2.7708333333333335,0.5,0.05625,2.4937500000000004,with_side
