scenario,seed,fold,model,variant,selected_threshold,policy,ap,roc_auc,brier,log_loss,f1,precision,recall,mcc,tn,fp,fn,tp,fnr,fpr,rows,positives,unique_scores,recall_at_1pct,precision_at_1pct,lift_at_1pct,recall_at_3pct,precision_at_3pct,lift_at_3pct,recall_at_5pct,precision_at_5pct,lift_at_5pct,recall_at_10pct,precision_at_10pct,lift_at_10pct,recall_at_20pct,precision_at_20pct,lift_at_20pct,ap_baseline,roc_auc_baseline,f1_baseline,precision_baseline,recall_baseline,recall_at_10pct_baseline,precision_at_10pct_baseline,ap_delta,roc_auc_delta,f1_delta,precision_delta,recall_delta,recall_at_10pct_delta,precision_at_10pct_delta
cn7,42,0,dummy_prior,with_side,0.5,fixed_0.5,0.012376237623762377,0.5,0.01222928466061459,0.06688050738871511,0.0,0.0,0.0,0.0,399,0,5,0,1.0,0.0,404,5,1,0.0,0.0,0.0,0.0,0.0,0.0,0.0,0.0,0.0,0.0,0.0,0.0,0.2,0.012345679012345678,0.9975308641975308,0.0123762376237623,0.5,0.0,0.0,0.0,0.0,0.0,7.632783294297951e-17,0.0,0.0,0.0,0.0,0.0,0.0
cn7,42,0,dummy_prior,with_side,0.5,inner_f1,0.012376237623762377,0.5,0.01222928466061459,0.06688050738871511,0.0,0.0,0.0,0.0,399,0,5,0,1.0,0.0,404,5,1,0.0,0.0,0.0,0.0,0.0,0.0,0.0,0.0,0.0,0.0,0.0,0.0,0.2,0.012345679012345678,0.9975308641975308,0.0123762376237623,0.5,0.0,0.0,0.0,0.0,0.0,7.632783294297951e-17,0.0,0.0,0.0,0.0,0.0,0.0
cn7,42,0,logistic,with_side,0.5241597983414674,fixed_0.5,0.7216666666666667,0.9874686716791979,0.005867745128296892,0.023876767798082812,0.75,1.0,0.6,0.7726625921427529,399,0,2,3,0.4,0.0,404,5,404,0.6,0.6,48.48,0.8,0.3076923076923077,24.861538461538462,0.8,0.19047619047619047,15.390476190476189,1.0,0.12195121951219512,9.853658536585366,1.0,0.06172839506172839,4.987654320987653,0.6294117647058823,0.9796992481203008,0.5714285714285714,1.0,0.4,1.0,0.1219512195121951,0.09225490196078434,0.007769423558897093,0.1785714285714286,0.0,0.19999999999999996,0.0,1.3877787807814457e-17
cn7,42,0,logistic,with_side,0.5241597983414674,inner_f1,0.7216666666666667,0.9874686716791979,0.005867745128296892,0.023876767798082812,0.75,1.0,0.6,0.7726625921427529,399,0,2,3,0.4,0.0,404,5,404,0.6,0.6,48.48,0.8,0.3076923076923077,24.861538461538462,0.8,0.19047619047619047,15.390476190476189,1.0,0.12195121951219512,9.853658536585366,1.0,0.06172839506172839,4.987654320987653,0.6294117647058823,0.9796992481203008,0.5714285714285714,1.0,0.4,1.0,0.1219512195121951,0.09225490196078434,0.007769423558897093,0.1785714285714286,0.0,0.19999999999999996,0.0,1.3877787807814457e-17
cn7,42,0,logistic_balanced,with_side,0.760075210245874,fixed_0.5,0.75,0.993483709273183,0.03161713277295894,0.10930958038415628,0.38461538461538464,0.23809523809523808,1.0,0.4780664800784793,383,16,0,5,0.0,0.040100250626566414,404,5,404,0.6,0.6,48.48,0.8,0.3076923076923077,24.861538461538462,1.0,0.23809523809523808,19.238095238095237,1.0,0.12195121951219512,9.853658536585366,1.0,0.06172839506172839,4.987654320987653,0.6,0.9827067669172932,0.2857142857142857,0.1666666666666666,1.0,1.0,0.1219512195121951,0.15000000000000002,0.010776942355889774,0.09890109890109894,0.07142857142857148,0.0,0.0,1.3877787807814457e-17
cn7,42,0,logistic_balanced,with_side,0.760075210245874,inner_f1,0.75,0.993483709273183,0.03161713277295894,0.10930958038415628,0.47619047619047616,0.3125,1.0,0.5512573915871319,388,11,0,5,0.0,0.02756892230576441,404,5,404,0.6,0.6,48.48,0.8,0.3076923076923077,24.861538461538462,1.0,0.23809523809523808,19.238095238095237,1.0,0.12195121951219512,9.853658536585366,1.0,0.06172839506172839,4.987654320987653,0.6,0.9827067669172932,0.0,0.0,0.0,1.0,0.1219512195121951,0.15000000000000002,0.010776942355889774,0.47619047619047616,0.3125,1.0,0.0,1.3877787807814457e-17
cn7,42,0,xgboost,with_side,0.059395965188741684,fixed_0.5,0.48333333333333334,0.949874686716792,0.01089148942249196,0.046530448809131646,0.0,0.0,0.0,0.0,399,0,5,0,1.0,0.0,404,5,284,0.4,0.4,32.32,0.6,0.23076923076923078,18.646153846153847,0.8,0.19047619047619047,15.390476190476189,0.8,0.0975609756097561,7.882926829268293,0.8,0.04938271604938271,3.990123456790123,0.5168803418803418,0.9446115288220552,0.0,0.0,0.0,0.8,0.0975609756097561,-0.03354700854700848,0.0052631578947367474,0.0,0.0,0.0,0.0,0.0
cn7,42,0,xgboost,with_side,0.059395965188741684,inner_f1,0.48333333333333334,0.949874686716792,0.01089148942249196,0.046530448809131646,0.2608695652173913,0.16666666666666666,0.6,0.3013640904890551,384,15,2,3,0.4,0.03759398496240601,404,5,284,0.4,0.4,32.32,0.6,0.23076923076923078,18.646153846153847,0.8,0.19047619047619047,15.390476190476189,0.8,0.0975609756097561,7.882926829268293,0.8,0.04938271604938271,3.990123456790123,0.5168803418803418,0.9446115288220552,0.2608695652173913,0.1666666666666666,0.6,0.8,0.0975609756097561,-0.03354700854700848,0.0052631578947367474,0.0,5.551115123125783e-17,0.0,0.0,0.0
cn7,42,0,xgboost_balanced,with_side,0.5571872591972351,fixed_0.5,0.78,0.9769423558897243,0.011948554645249517,0.04736173816975856,0.47058823529411764,0.3333333333333333,0.8,0.5079307270825115,391,8,1,4,0.2,0.020050125313283207,404,5,404,0.8,0.8,64.64,0.8,0.3076923076923077,24.861538461538462,0.8,0.19047619047619047,15.390476190476189,0.8,0.0975609756097561,7.882926829268293,1.0,0.06172839506172839,4.987654320987653,0.6478571428571429,0.9716791979949876,0.5333333333333333,0.4,0.8,0.8,0.0975609756097561,0.13214285714285712,0.0052631578947367474,-0.06274509803921569,-0.06666666666666671,0.0,0.0,0.0
cn7,42,0,xgboost_balanced,with_side,0.5571872591972351,inner_f1,0.78,0.9769423558897243,0.011948554645249517,0.04736173816975856,0.7272727272727273,0.6666666666666666,0.8,0.7266320869805317,397,2,1,4,0.2,0.005012531328320802,404,5,404,0.8,0.8,64.64,0.8,0.3076923076923077,24.861538461538462,0.8,0.19047619047619047,15.390476190476189,0.8,0.0975609756097561,7.882926829268293,1.0,0.06172839506172839,4.987654320987653,0.6478571428571429,0.9716791979949876,0.5333333333333333,0.4,0.8,0.8,0.0975609756097561,0.13214285714285712,0.0052631578947367474,0.19393939393939397,0.2666666666666666,0.0,0.0,0.0
cn7,42,0,extratrees,with_side,0.3811111111111111,fixed_0.5,0.5859649122807018,0.9859649122807017,0.008214251403260743,0.029654879327978508,0.4444444444444444,0.5,0.4,0.44105705789705035,397,2,3,2,0.6,0.005012531328320802,404,5,89,0.4,0.4,32.32,0.8,0.3076923076923077,24.861538461538462,1.0,0.23809523809523808,19.238095238095237,1.0,0.12195121951219512,9.853658536585366,1.0,0.06172839506172839,4.987654320987653,0.5383928571428571,0.9776942355889724,0.5714285714285714,1.0,0.4,1.0,0.1219512195121951,0.04757205513784468,0.008270676691729317,-0.12698412698412698,-0.5,0.0,0.0,1.3877787807814457e-17
cn7,42,0,extratrees,with_side,0.3811111111111111,inner_f1,0.5859649122807018,0.9859649122807017,0.008214251403260743,0.029654879327978508,0.4444444444444444,0.5,0.4,0.44105705789705035,397,2,3,2,0.6,0.005012531328320802,404,5,89,0.4,0.4,32.32,0.8,0.3076923076923077,24.861538461538462,1.0,0.23809523809523808,19.238095238095237,1.0,0.12195121951219512,9.853658536585366,1.0,0.06172839506172839,4.987654320987653,0.5383928571428571,0.9776942355889724,0.4444444444444444,0.5,0.4,1.0,0.1219512195121951,0.04757205513784468,0.008270676691729317,0.0,0.0,0.0,0.0,1.3877787807814457e-17
cn7,42,0,extratrees_balanced,with_side,0.547058753374126,fixed_0.5,0.6003703703703704,0.9849624060150377,0.018734967716193613,0.05531962585942227,0.42105263157894735,0.2857142857142857,0.8,0.4684267826478821,389,10,1,4,0.2,0.02506265664160401,404,5,70,0.6,0.6,48.48,0.8,0.3076923076923077,24.861538461538462,0.8,0.19047619047619047,15.390476190476189,1.0,0.12195121951219512,9.853658536585366,1.0,0.06172839506172839,4.987654320987653,0.5678571428571428,0.9817042606516292,0.32,0.2,0.8,1.0,0.1219512195121951,0.032513227513227605,0.0032581453634085156,0.10105263157894734,0.08571428571428569,0.0,0.0,1.3877787807814457e-17
cn7,42,0,extratrees_balanced,with_side,0.547058753374126,inner_f1,0.6003703703703704,0.9849624060150377,0.018734967716193613,0.05531962585942227,0.5,0.36363636363636365,0.8,0.5315435288259233,392,7,1,4,0.2,0.017543859649122806,404,5,70,0.6,0.6,48.48,0.8,0.3076923076923077,24.861538461538462,0.8,0.19047619047619047,15.390476190476189,1.0,0.12195121951219512,9.853658536585366,1.0,0.06172839506172839,4.987654320987653,0.5678571428571428,0.9817042606516292,0.2758620689655172,0.1666666666666666,0.8,1.0,0.1219512195121951,0.032513227513227605,0.0032581453634085156,0.22413793103448282,0.19696969696969704,0.0,0.0,1.3877787807814457e-17
cn7,42,0,catboost,with_side,0.16024549617392747,fixed_0.5,0.5961469534050179,0.9819548872180451,0.006970005867791325,0.02948537621382444,0.5714285714285714,1.0,0.4,0.630091204011875,399,0,3,2,0.6,0.0,404,5,404,0.4,0.4,32.32,0.8,0.3076923076923077,24.861538461538462,0.8,0.19047619047619047,15.390476190476189,1.0,0.12195121951219512,9.853658536585366,1.0,0.06172839506172839,4.987654320987653,0.5356944444444445,0.9766917293233084,0.5714285714285714,1.0,0.4,1.0,0.1219512195121951,0.060452508960573414,0.0052631578947367474,0.0,0.0,0.0,0.0,1.3877787807814457e-17
cn7,42,0,catboost,with_side,0.16024549617392747,inner_f1,0.5961469534050179,0.9819548872180451,0.006970005867791325,0.02948537621382444,0.5714285714285714,1.0,0.4,0.630091204011875,399,0,3,2,0.6,0.0,404,5,404,0.4,0.4,32.32,0.8,0.3076923076923077,24.861538461538462,0.8,0.19047619047619047,15.390476190476189,1.0,0.12195121951219512,9.853658536585366,1.0,0.06172839506172839,4.987654320987653,0.5356944444444445,0.9766917293233084,0.5714285714285714,1.0,0.4,1.0,0.1219512195121951,0.060452508960573414,0.0052631578947367474,0.0,0.0,0.0,0.0,1.3877787807814457e-17
cn7,42,0,catboost_balanced,with_side,0.22308219448338998,fixed_0.5,0.6909090909090909,0.993483709273183,0.01367157803909105,0.05088153475917134,0.5882352941176471,0.4166666666666667,1.0,0.6398099132915954,392,7,0,5,0.0,0.017543859649122806,404,5,404,0.4,0.4,32.32,1.0,0.38461538461538464,31.076923076923077,1.0,0.23809523809523808,19.238095238095237,1.0,0.12195121951219512,9.853658536585366,1.0,0.06172839506172839,4.987654320987653,0.6291666666666667,0.9897243107769425,0.4210526315789473,0.2857142857142857,0.8,1.0,0.1219512195121951,0.061742424242424265,0.003759398496240518,0.1671826625386998,0.130952380952381,0.19999999999999996,0.0,1.3877787807814457e-17
cn7,42,0,catboost_balanced,with_side,0.22308219448338998,inner_f1,0.6909090909090909,0.993483709273183,0.01367157803909105,0.05088153475917134,0.3448275862068966,0.20833333333333334,1.0,0.445435403187374,380,19,0,5,0.0,0.047619047619047616,404,5,404,0.4,0.4,32.32,1.0,0.38461538461538464,31.076923076923077,1.0,0.23809523809523808,19.238095238095237,1.0,0.12195121951219512,9.853658536585366,1.0,0.06172839506172839,4.987654320987653,0.6291666666666667,0.9897243107769425,0.4615384615384615,0.375,0.6,1.0,0.1219512195121951,0.061742424242424265,0.003759398496240518,-0.11671087533156493,-0.16666666666666666,0.4,0.0,1.3877787807814457e-17
cn7,42,0,lightgbm,with_side,0.0481487124873974,fixed_0.5,0.6344827586206896,0.981453634085213,0.00916288503558895,0.034713238552642724,0.0,0.0,0.0,0.0,399,0,5,0,1.0,0.0,404,5,404,0.6,0.6,48.48,0.6,0.23076923076923078,18.646153846153847,0.8,0.19047619047619047,15.390476190476189,1.0,0.12195121951219512,9.853658536585366,1.0,0.06172839506172839,4.987654320987653,0.6194444444444445,0.975689223057644,0.0,0.0,0.0,1.0,0.1219512195121951,0.015038314176245127,0.005764411027568972,0.0,0.0,0.0,0.0,1.3877787807814457e-17
cn7,42,0,lightgbm,with_side,0.0481487124873974,inner_f1,0.6344827586206896,0.981453634085213,0.00916288503558895,0.034713238552642724,0.34782608695652173,0.2222222222222222,0.8,0.4098766507008004,385,14,1,4,0.2,0.03508771929824561,404,5,404,0.6,0.6,48.48,0.6,0.23076923076923078,18.646153846153847,0.8,0.19047619047619047,15.390476190476189,1.0,0.12195121951219512,9.853658536585366,1.0,0.06172839506172839,4.987654320987653,0.6194444444444445,0.975689223057644,0.2962962962962963,0.1818181818181818,0.8,1.0,0.1219512195121951,0.015038314176245127,0.005764411027568972,0.05152979066022545,0.040404040404040414,0.0,0.0,1.3877787807814457e-17
cn7,42,0,lightgbm_balanced,with_side,0.4725382745354562,fixed_0.5,0.8344827586206895,0.98796992481203,0.013735353279505655,0.05127710912359505,0.4444444444444444,0.3076923076923077,0.8,0.48705756470323086,390,9,1,4,0.2,0.022556390977443608,404,5,404,0.8,0.8,64.64,0.8,0.3076923076923077,24.861538461538462,0.8,0.19047619047619047,15.390476190476189,1.0,0.12195121951219512,9.853658536585366,1.0,0.06172839506172839,4.987654320987653,0.6312500000000001,0.9837092731829572,0.5333333333333333,0.4,0.8,1.0,0.1219512195121951,0.20323275862068946,0.0042606516290728536,-0.0888888888888889,-0.09230769230769231,0.0,0.0,1.3877787807814457e-17
cn7,42,0,lightgbm_balanced,with_side,0.4725382745354562,inner_f1,0.8344827586206895,0.98796992481203,0.013735353279505655,0.05127710912359505,0.42105263157894735,0.2857142857142857,0.8,0.4684267826478821,389,10,1,4,0.2,0.02506265664160401,404,5,404,0.8,0.8,64.64,0.8,0.3076923076923077,24.861538461538462,0.8,0.19047619047619047,15.390476190476189,1.0,0.12195121951219512,9.853658536585366,1.0,0.06172839506172839,4.987654320987653,0.6312500000000001,0.9837092731829572,0.32,0.2,0.8,1.0,0.1219512195121951,0.20323275862068946,0.0042606516290728536,0.10105263157894734,0.08571428571428569,0.0,0.0,1.3877787807814457e-17
cn7,42,1,dummy_prior,with_side,0.5,fixed_0.5,0.017326732673267328,0.5,0.017050872801933115,0.08833009616432082,0.0,0.0,0.0,0.0,397,0,7,0,1.0,0.0,404,7,1,0.0,0.0,0.0,0.0,0.0,0.0,0.0,0.0,0.0,0.14285714285714285,0.024390243902439025,1.4076655052264808,0.2857142857142857,0.024691358024691357,1.425044091710758,0.0173267326732673,0.5,0.0,0.0,0.0,0.1428571428571428,0.024390243902439,2.7755575615628914e-17,0.0,0.0,0.0,0.0,5.551115123125783e-17,2.42861286636753e-17
cn7,42,1,dummy_prior,with_side,0.5,inner_f1,0.017326732673267328,0.5,0.017050872801933115,0.08833009616432082,0.0,0.0,0.0,0.0,397,0,7,0,1.0,0.0,404,7,1,0.0,0.0,0.0,0.0,0.0,0.0,0.0,0.0,0.0,0.14285714285714285,0.024390243902439025,1.4076655052264808,0.2857142857142857,0.024691358024691357,1.425044091710758,0.0173267326732673,0.5,0.0,0.0,0.0,0.1428571428571428,0.024390243902439,2.7755575615628914e-17,0.0,0.0,0.0,0.0,5.551115123125783e-17,2.42861286636753e-17
cn7,42,1,logistic,with_side,0.33553932665258684,fixed_0.5,0.43142857142857144,0.9456639078805326,0.012640621478913615,0.05694891924392173,0.4444444444444444,1.0,0.2857142857142857,0.531187937969423,397,0,5,2,0.7142857142857143,0.0,404,7,404,0.2857142857142857,0.4,23.085714285714285,0.2857142857142857,0.15384615384615385,8.87912087912088,0.7142857142857143,0.23809523809523808,13.741496598639454,0.8571428571428571,0.14634146341463414,8.445993031358883,0.8571428571428571,0.07407407407407407,4.2751322751322745,0.3853538430297492,0.9213745951781216,0.4444444444444444,1.0,0.2857142857142857,0.8571428571428571,0.1463414634146341,0.04607472839882226,0.02428931270241097,0.0,0.0,0.0,0.0,2.7755575615628914e-17
cn7,42,1,logistic,with_side,0.33553932665258684,inner_f1,0.43142857142857144,0.9456639078805326,0.012640621478913615,0.05694891924392173,0.4,0.6666666666666666,0.2857142857142857,0.4304251557615441,396,1,5,2,0.7142857142857143,0.0025188916876574307,404,7,404,0.2857142857142857,0.4,23.085714285714285,0.2857142857142857,0.15384615384615385,8.87912087912088,0.7142857142857143,0.23809523809523808,13.741496598639454,0.8571428571428571,0.14634146341463414,8.445993031358883,0.8571428571428571,0.07407407407407407,4.2751322751322745,0.3853538430297492,0.9213745951781216,0.4444444444444444,1.0,0.2857142857142857,0.8571428571428571,0.1463414634146341,0.04607472839882226,0.02428931270241097,-0.0444444444444444,-0.33333333333333337,0.0,0.0,2.7755575615628914e-17
cn7,42,1,logistic_balanced,with_side,0.4804504960376821,fixed_0.5,0.4509183218742042,0.9507016912558474,0.02227356807002544,0.0783711712581753,0.2222222222222222,0.18181818181818182,0.2857142857142857,0.21090189685201302,388,9,5,2,0.7142857142857143,0.022670025188916875,404,7,404,0.2857142857142857,0.4,23.085714285714285,0.42857142857142855,0.23076923076923078,13.318681318681318,0.7142857142857143,0.23809523809523808,13.741496598639454,0.8571428571428571,0.14634146341463414,8.445993031358883,0.8571428571428571,0.07407407407407407,4.2751322751322745,0.3947814090671233,0.9271320618927672,0.2352941176470588,0.2,0.2857142857142857,0.8571428571428571,0.1463414634146341,0.05613691280708094,0.023569629363080158,-0.013071895424836583,-0.018181818181818188,0.0,0.0,2.7755575615628914e-17
cn7,42,1,logistic_balanced,with_side,0.4804504960376821,inner_f1,0.4509183218742042,0.9507016912558474,0.02227356807002544,0.0783711712581753,0.2222222222222222,0.18181818181818182,0.2857142857142857,0.21090189685201302,388,9,5,2,0.7142857142857143,0.022670025188916875,404,7,404,0.2857142857142857,0.4,23.085714285714285,0.42857142857142855,0.23076923076923078,13.318681318681318,0.7142857142857143,0.23809523809523808,13.741496598639454,0.8571428571428571,0.14634146341463414,8.445993031358883,0.8571428571428571,0.07407407407407407,4.2751322751322745,0.3947814090671233,0.9271320618927672,0.3076923076923077,0.3333333333333333,0.2857142857142857,0.8571428571428571,0.1463414634146341,0.05613691280708094,0.023569629363080158,-0.0854700854700855,-0.1515151515151515,0.0,0.0,2.7755575615628914e-17
cn7,42,1,xgboost,with_side,0.016293441876769066,fixed_0.5,0.23884510102315254,0.8877293990644117,0.01625241910167577,0.07137278727292515,0.0,0.0,0.0,0.0,397,0,7,0,1.0,0.0,404,7,252,0.14285714285714285,0.2,11.542857142857143,0.2857142857142857,0.15384615384615385,8.87912087912088,0.42857142857142855,0.14285714285714285,8.244897959183673,0.5714285714285714,0.0975609756097561,5.630662020905923,0.5714285714285714,0.04938271604938271,2.850088183421516,0.1584830535641429,0.8882691615689097,0.0,0.0,0.0,0.5714285714285714,0.0975609756097561,0.08036204745900963,-0.0005397625044979426,0.0,0.0,0.0,0.0,0.0
cn7,42,1,xgboost,with_side,0.016293441876769066,inner_f1,0.23884510102315254,0.8877293990644117,0.01625241910167577,0.07137278727292515,0.10309278350515463,0.05555555555555555,0.7142857142857143,0.15684997294018957,312,85,2,5,0.2857142857142857,0.2141057934508816,404,7,252,0.14285714285714285,0.2,11.542857142857143,0.2857142857142857,0.15384615384615385,8.87912087912088,0.42857142857142855,0.14285714285714285,8.244897959183673,0.5714285714285714,0.0975609756097561,5.630662020905923,0.5714285714285714,0.04938271604938271,2.850088183421516,0.1584830535641429,0.8882691615689097,0.1403508771929824,0.08,0.5714285714285714,0.5714285714285714,0.0975609756097561,0.08036204745900963,-0.0005397625044979426,-0.03725809368782776,-0.02444444444444445,0.1428571428571429,0.0,0.0
cn7,42,1,xgboost_balanced,with_side,0.9233301877975464,fixed_0.5,0.31962833914053423,0.9701331414177762,0.016666512182950188,0.05857600863518474,0.46153846153846156,0.5,0.42857142857142855,0.4541762573042175,394,3,4,3,0.5714285714285714,0.007556675062972292,404,7,402,0.2857142857142857,0.4,23.085714285714285,0.5714285714285714,0.3076923076923077,17.75824175824176,0.7142857142857143,0.23809523809523808,13.741496598639454,1.0,0.17073170731707318,9.853658536585366,1.0,0.08641975308641975,4.987654320987653,0.2446031746031746,0.9638359121986324,0.2666666666666666,0.25,0.2857142857142857,0.8571428571428571,0.1463414634146341,0.07502516453735963,0.006297229219143774,0.19487179487179496,0.25,0.14285714285714285,0.1428571428571429,0.024390243902439074
cn7,42,1,xgboost_balanced,with_side,0.9233301877975464,inner_f1,0.31962833914053423,0.9701331414177762,0.016666512182950188,0.05857600863518474,0.0,0.0,0.0,0.0,397,0,7,0,1.0,0.0,404,7,402,0.2857142857142857,0.4,23.085714285714285,0.5714285714285714,0.3076923076923077,17.75824175824176,0.7142857142857143,0.23809523809523808,13.741496598639454,1.0,0.17073170731707318,9.853658536585366,1.0,0.08641975308641975,4.987654320987653,0.2446031746031746,0.9638359121986324,0.0,0.0,0.0,0.8571428571428571,0.1463414634146341,0.07502516453735963,0.006297229219143774,0.0,0.0,0.0,0.1428571428571429,0.024390243902439074
cn7,42,1,extratrees,with_side,0.4422222222222223,fixed_0.5,0.4503101573223524,0.9658150413817921,0.012478874194580363,0.048280720993651514,0.4444444444444444,1.0,0.2857142857142857,0.531187937969423,397,0,5,2,0.7142857142857143,0.0,404,7,77,0.2857142857142857,0.4,23.085714285714285,0.42857142857142855,0.23076923076923078,13.318681318681318,0.5714285714285714,0.19047619047619047,10.993197278911563,1.0,0.17073170731707318,9.853658536585366,1.0,0.08641975308641975,4.987654320987653,0.3889862914862915,0.932169845268082,0.4444444444444444,1.0,0.2857142857142857,0.5714285714285714,0.0975609756097561,0.06132386583606092,0.033645196113710085,0.0,0.0,0.0,0.4285714285714286,0.07317073170731708
cn7,42,1,extratrees,with_side,0.4422222222222223,inner_f1,0.4503101573223524,0.9658150413817921,0.012478874194580363,0.048280720993651514,0.4444444444444444,1.0,0.2857142857142857,0.531187937969423,397,0,5,2,0.7142857142857143,0.0,404,7,77,0.2857142857142857,0.4,23.085714285714285,0.42857142857142855,0.23076923076923078,13.318681318681318,0.5714285714285714,0.19047619047619047,10.993197278911563,1.0,0.17073170731707318,9.853658536585366,1.0,0.08641975308641975,4.987654320987653,0.3889862914862915,0.932169845268082,0.3076923076923077,0.3333333333333333,0.2857142857142857,0.5714285714285714,0.0975609756097561,0.06132386583606092,0.033645196113710085,0.1367521367521367,0.6666666666666667,0.0,0.4285714285714286,0.07317073170731708
cn7,42,1,extratrees_balanced,with_side,0.07141285942121257,fixed_0.5,0.21316628069477722,0.8911478949262324,0.024331449080222396,0.15290236596608284,0.3,0.23076923076923078,0.42857142857142855,0.2982643066445019,387,10,4,3,0.5714285714285714,0.02518891687657431,404,7,49,0.14285714285714285,0.2,11.542857142857143,0.42857142857142855,0.23076923076923078,13.318681318681318,0.5714285714285714,0.19047619047619047,10.993197278911563,0.8571428571428571,0.14634146341463414,8.445993031358883,0.8571428571428571,0.07407407407407407,4.2751322751322745,0.1973530670736246,0.8853904282115869,0.2857142857142857,0.2142857142857142,0.4285714285714285,0.8571428571428571,0.1463414634146341,0.015813213621152622,0.005757466714645498,0.01428571428571429,0.01648351648351659,5.551115123125783e-17,0.0,2.7755575615628914e-17
cn7,42,1,extratrees_balanced,with_side,0.07141285942121257,inner_f1,0.21316628069477722,0.8911478949262324,0.024331449080222396,0.15290236596608284,0.2553191489361702,0.15,0.8571428571428571,0.3370542597075524,363,34,1,6,0.14285714285714285,0.08564231738035265,404,7,49,0.14285714285714285,0.2,11.542857142857143,0.42857142857142855,0.23076923076923078,13.318681318681318,0.5714285714285714,0.19047619047619047,10.993197278911563,0.8571428571428571,0.14634146341463414,8.445993031358883,0.8571428571428571,0.07407407407407407,4.2751322751322745,0.1973530670736246,0.8853904282115869,0.2666666666666666,0.1578947368421052,0.8571428571428571,0.8571428571428571,0.1463414634146341,0.015813213621152622,0.005757466714645498,-0.011347517730496415,-0.007894736842105204,0.0,0.0,2.7755575615628914e-17
cn7,42,1,catboost,with_side,0.42209652700495087,fixed_0.5,0.474351541315827,0.974091399784095,0.01353483661721258,0.056833126581576965,0.4444444444444444,1.0,0.2857142857142857,0.531187937969423,397,0,5,2,0.7142857142857143,0.0,404,7,404,0.2857142857142857,0.4,23.085714285714285,0.42857142857142855,0.23076923076923078,13.318681318681318,0.7142857142857143,0.23809523809523808,13.741496598639454,1.0,0.17073170731707318,9.853658536585366,1.0,0.08641975308641975,4.987654320987653,0.385229205318491,0.9408060453400504,0.4444444444444444,1.0,0.2857142857142857,0.7142857142857143,0.1219512195121951,0.08912233599733604,0.03328535444404457,0.0,0.0,0.0,0.2857142857142857,0.04878048780487808
cn7,42,1,catboost,with_side,0.42209652700495087,inner_f1,0.474351541315827,0.974091399784095,0.01353483661721258,0.056833126581576965,0.4444444444444444,1.0,0.2857142857142857,0.531187937969423,397,0,5,2,0.7142857142857143,0.0,404,7,404,0.2857142857142857,0.4,23.085714285714285,0.42857142857142855,0.23076923076923078,13.318681318681318,0.7142857142857143,0.23809523809523808,13.741496598639454,1.0,0.17073170731707318,9.853658536585366,1.0,0.08641975308641975,4.987654320987653,0.385229205318491,0.9408060453400504,0.4444444444444444,1.0,0.2857142857142857,0.7142857142857143,0.1219512195121951,0.08912233599733604,0.03328535444404457,0.0,0.0,0.0,0.2857142857142857,0.04878048780487808
cn7,42,1,catboost_balanced,with_side,0.7918313162388438,fixed_0.5,0.5239598538470719,0.9856063332133862,0.012779683963786748,0.047168841299066885,0.36363636363636365,0.5,0.2857142857142857,0.3699051160639013,395,2,5,2,0.7142857142857143,0.005037783375314861,404,7,404,0.2857142857142857,0.4,23.085714285714285,0.7142857142857143,0.38461538461538464,22.197802197802197,1.0,0.3333333333333333,19.238095238095234,1.0,0.17073170731707318,9.853658536585366,1.0,0.08641975308641975,4.987654320987653,0.2064023695602643,0.9587981288233176,0.0,0.0,0.0,1.0,0.1707317073170731,0.3175574842868076,0.02680820439006859,0.36363636363636365,0.5,0.2857142857142857,0.0,8.326672684688674e-17
cn7,42,1,catboost_balanced,with_side,0.7918313162388438,inner_f1,0.5239598538470719,0.9856063332133862,0.012779683963786748,0.047168841299066885,0.0,0.0,0.0,0.0,397,0,7,0,1.0,0.0,404,7,404,0.2857142857142857,0.4,23.085714285714285,0.7142857142857143,0.38461538461538464,22.197802197802197,1.0,0.3333333333333333,19.238095238095234,1.0,0.17073170731707318,9.853658536585366,1.0,0.08641975308641975,4.987654320987653,0.2064023695602643,0.9587981288233176,0.0,0.0,0.0,1.0,0.1707317073170731,0.3175574842868076,0.02680820439006859,0.0,0.0,0.0,0.0,8.326672684688674e-17
cn7,42,1,lightgbm,with_side,0.1200611913653041,fixed_0.5,0.26009982081410654,0.9650953580424612,0.01517512764219944,0.05552352471925862,0.0,0.0,0.0,0.0,397,0,7,0,1.0,0.0,404,7,394,0.14285714285714285,0.2,11.542857142857143,0.42857142857142855,0.23076923076923078,13.318681318681318,0.5714285714285714,0.19047619047619047,10.993197278911563,1.0,0.17073170731707318,9.853658536585366,1.0,0.08641975308641975,4.987654320987653,0.2215538847117794,0.9595178121626484,0.0,0.0,0.0,1.0,0.1707317073170731,0.03854593610232715,0.00557754587981274,0.0,0.0,0.0,0.0,8.326672684688674e-17
cn7,42,1,lightgbm,with_side,0.1200611913653041,inner_f1,0.26009982081410654,0.9650953580424612,0.01517512764219944,0.05552352471925862,0.4,0.375,0.42857142857142855,0.38960181753018763,392,5,4,3,0.5714285714285714,0.012594458438287154,404,7,394,0.14285714285714285,0.2,11.542857142857143,0.42857142857142855,0.23076923076923078,13.318681318681318,0.5714285714285714,0.19047619047619047,10.993197278911563,1.0,0.17073170731707318,9.853658536585366,1.0,0.08641975308641975,4.987654320987653,0.2215538847117794,0.9595178121626484,0.3157894736842105,0.25,0.4285714285714285,1.0,0.1707317073170731,0.03854593610232715,0.00557754587981274,0.08421052631578951,0.125,5.551115123125783e-17,0.0,8.326672684688674e-17
cn7,42,1,lightgbm_balanced,with_side,0.6361558539709234,fixed_0.5,0.41899529042386185,0.9820079165167327,0.017100944425432026,0.06091246223007273,0.5714285714285714,0.42857142857142855,0.8571428571428571,0.5971303091275972,389,8,1,6,0.14285714285714285,0.020151133501259445,404,7,402,0.2857142857142857,0.4,23.085714285714285,0.8571428571428571,0.46153846153846156,26.637362637362635,0.8571428571428571,0.2857142857142857,16.489795918367346,1.0,0.17073170731707318,9.853658536585366,1.0,0.08641975308641975,4.987654320987653,0.3767757102841136,0.9767902123065852,0.3529411764705882,0.3,0.4285714285714285,1.0,0.1707317073170731,0.04221958013974825,0.005217704210147445,0.2184873949579832,0.12857142857142856,0.4285714285714286,0.0,8.326672684688674e-17
cn7,42,1,lightgbm_balanced,with_side,0.6361558539709234,inner_f1,0.41899529042386185,0.9820079165167327,0.017100944425432026,0.06091246223007273,0.18181818181818182,0.25,0.14285714285714285,0.17831323543593192,394,3,6,1,0.8571428571428571,0.007556675062972292,404,7,402,0.2857142857142857,0.4,23.085714285714285,0.8571428571428571,0.46153846153846156,26.637362637362635,0.8571428571428571,0.2857142857142857,16.489795918367346,1.0,0.17073170731707318,9.853658536585366,1.0,0.08641975308641975,4.987654320987653,0.3767757102841136,0.9767902123065852,0.0,0.0,0.0,1.0,0.1707317073170731,0.04221958013974825,0.005217704210147445,0.18181818181818182,0.25,0.14285714285714285,0.0,8.326672684688674e-17
cn7,42,2,dummy_prior,with_side,0.5,fixed_0.5,0.01240694789081886,0.5,0.012258991297257629,0.06700620438957076,0.0,0.0,0.0,0.0,398,0,5,0,1.0,0.0,403,5,1,0.0,0.0,0.0,0.0,0.0,0.0,0.0,0.0,0.0,0.0,0.0,0.0,0.0,0.0,0.0,0.0124069478908188,0.5,0.0,0.0,0.0,0.0,0.0,5.898059818321144e-17,0.0,0.0,0.0,0.0,0.0,0.0
cn7,42,2,dummy_prior,with_side,0.5,inner_f1,0.01240694789081886,0.5,0.012258991297257629,0.06700620438957076,0.0,0.0,0.0,0.0,398,0,5,0,1.0,0.0,403,5,1,0.0,0.0,0.0,0.0,0.0,0.0,0.0,0.0,0.0,0.0,0.0,0.0,0.0,0.0,0.0,0.0124069478908188,0.5,0.0,0.0,0.0,0.0,0.0,5.898059818321144e-17,0.0,0.0,0.0,0.0,0.0,0.0
cn7,42,2,logistic,with_side,0.7589361952103026,fixed_0.5,0.48661338661338666,0.9643216080402011,0.008280579295050373,0.03616928412549737,0.5714285714285714,1.0,0.4,0.6300852968422277,398,0,3,2,0.6,0.0,403,5,403,0.4,0.4,32.24,0.4,0.15384615384615385,12.4,0.4,0.09523809523809523,7.676190476190476,1.0,0.12195121951219512,9.829268292682926,1.0,0.06172839506172839,4.975308641975308,0.5339729921819474,0.9489949748743718,0.5714285714285714,1.0,0.4,0.6,0.073170731707317,-0.047359605568560725,0.015326633165829273,0.0,0.0,0.0,0.4,0.04878048780487812
cn7,42,2,logistic,with_side,0.7589361952103026,inner_f1,0.48661338661338666,0.9643216080402011,0.008280579295050373,0.03616928412549737,0.5714285714285714,1.0,0.4,0.6300852968422277,398,0,3,2,0.6,0.0,403,5,403,0.4,0.4,32.24,0.4,0.15384615384615385,12.4,0.4,0.09523809523809523,7.676190476190476,1.0,0.12195121951219512,9.829268292682926,1.0,0.06172839506172839,4.975308641975308,0.5339729921819474,0.9489949748743718,0.5714285714285714,1.0,0.4,0.6,0.073170731707317,-0.047359605568560725,0.015326633165829273,0.0,0.0,0.0,0.4,0.04878048780487812
cn7,42,2,logistic_balanced,with_side,0.9632708053665926,fixed_0.5,0.491962091962092,0.9658291457286432,0.033063027258451526,0.10473307098946431,0.18181818181818182,0.11764705882352941,0.4,0.19952191913535977,383,15,3,2,0.6,0.03768844221105527,403,5,403,0.4,0.4,32.24,0.4,0.15384615384615385,12.4,0.6,0.14285714285714285,11.514285714285712,1.0,0.12195121951219512,9.829268292682926,1.0,0.06172839506172839,4.975308641975308,0.588615664845173,0.9560301507537688,0.1935483870967742,0.1153846153846153,0.6,0.8,0.0975609756097561,-0.09665357288308102,0.009798994974874353,-0.011730205278592365,0.0022624434389141163,-0.19999999999999996,0.19999999999999996,0.02439024390243902
cn7,42,2,logistic_balanced,with_side,0.9632708053665926,inner_f1,0.491962091962092,0.9658291457286432,0.033063027258451526,0.10473307098946431,0.5,0.6666666666666666,0.4,0.511869582034062,397,1,3,2,0.6,0.002512562814070352,403,5,403,0.4,0.4,32.24,0.4,0.15384615384615385,12.4,0.6,0.14285714285714285,11.514285714285712,1.0,0.12195121951219512,9.829268292682926,1.0,0.06172839506172839,4.975308641975308,0.588615664845173,0.9560301507537688,0.0,0.0,0.0,0.8,0.0975609756097561,-0.09665357288308102,0.009798994974874353,0.5,0.6666666666666666,0.4,0.19999999999999996,0.02439024390243902
cn7,42,2,xgboost,with_side,0.09458434581756592,fixed_0.5,0.055005835667600374,0.8663316582914573,0.012333340833886812,0.059716159023625794,0.0,0.0,0.0,0.0,398,0,5,0,1.0,0.0,403,5,305,0.0,0.0,0.0,0.0,0.0,0.0,0.2,0.047619047619047616,3.838095238095238,0.2,0.024390243902439025,1.9658536585365853,0.8,0.04938271604938271,3.9802469135802463,0.0572649572649572,0.8701005025125628,0.0,0.0,0.0,0.2,0.024390243902439,-0.0022591215973568265,-0.0037688442211054607,0.0,0.0,0.0,0.0,2.42861286636753e-17
cn7,42,2,xgboost,with_side,0.09458434581756592,inner_f1,0.055005835667600374,0.8663316582914573,0.012333340833886812,0.059716159023625794,0.09523809523809523,0.0625,0.2,0.09201539828535892,383,15,4,1,0.8,0.03768844221105527,403,5,305,0.0,0.0,0.0,0.0,0.0,0.0,0.2,0.047619047619047616,3.838095238095238,0.2,0.024390243902439025,1.9658536585365853,0.8,0.04938271604938271,3.9802469135802463,0.0572649572649572,0.8701005025125628,0.0,0.0,0.0,0.2,0.024390243902439,-0.0022591215973568265,-0.0037688442211054607,0.09523809523809523,0.0625,0.2,0.0,2.42861286636753e-17
cn7,42,2,xgboost_balanced,with_side,0.5887489318847656,fixed_0.5,0.15790123456790126,0.9407035175879398,0.022114073311706638,0.07631033082937223,0.23529411764705882,0.16666666666666666,0.4,0.24413682234285097,388,10,3,2,0.6,0.02512562814070352,403,5,403,0.0,0.0,0.0,0.4,0.15384615384615385,12.4,0.8,0.19047619047619047,15.352380952380951,0.8,0.0975609756097561,7.863414634146341,1.0,0.06172839506172839,4.975308641975308,0.1203146853146853,0.9434673366834172,0.08,0.05,0.2,1.0,0.1219512195121951,0.03758654925321596,-0.0027638190954774045,0.1552941176470588,0.11666666666666665,0.2,-0.19999999999999996,-0.024390243902439004
cn7,42,2,xgboost_balanced,with_side,0.5887489318847656,inner_f1,0.15790123456790126,0.9407035175879398,0.022114073311706638,0.07631033082937223,0.14285714285714285,0.1111111111111111,0.2,0.13476810533922254,390,8,4,1,0.8,0.020100502512562814,403,5,403,0.0,0.0,0.0,0.4,0.15384615384615385,12.4,0.8,0.19047619047619047,15.352380952380951,0.8,0.0975609756097561,7.863414634146341,1.0,0.06172839506172839,4.975308641975308,0.1203146853146853,0.9434673366834172,0.0,0.0,0.0,1.0,0.1219512195121951,0.03758654925321596,-0.0027638190954774045,0.14285714285714285,0.1111111111111111,0.2,-0.19999999999999996,-0.024390243902439004
cn7,42,2,extratrees,with_side,0.1396666666666667,fixed_0.5,0.4627755072252226,0.8610552763819096,0.01031692490642777,0.11875473243236112,0.5714285714285714,1.0,0.4,0.6300852968422277,398,0,3,2,0.6,0.0,403,5,46,0.4,0.4,32.24,0.4,0.15384615384615385,12.4,0.6,0.14285714285714285,11.514285714285712,0.8,0.0975609756097561,7.863414634146341,0.8,0.04938271604938271,3.9802469135802463,0.472481684981685,0.9555276381909548,0.5714285714285714,1.0,0.4,0.8,0.0975609756097561,-0.00970617775646243,-0.09447236180904517,0.0,0.0,0.0,0.0,0.0
cn7,42,2,extratrees,with_side,0.1396666666666667,inner_f1,0.4627755072252226,0.8610552763819096,0.01031692490642777,0.11875473243236112,0.2608695652173913,0.16666666666666666,0.6,0.3013262251502898,383,15,2,3,0.4,0.03768844221105527,403,5,46,0.4,0.4,32.24,0.4,0.15384615384615385,12.4,0.6,0.14285714285714285,11.514285714285712,0.8,0.0975609756097561,7.863414634146341,0.8,0.04938271604938271,3.9802469135802463,0.472481684981685,0.9555276381909548,0.5714285714285714,1.0,0.4,0.8,0.0975609756097561,-0.00970617775646243,-0.09447236180904517,-0.3105590062111801,-0.8333333333333334,0.19999999999999996,0.0,0.0
cn7,42,2,extratrees_balanced,with_side,0.7183517054068252,fixed_0.5,0.20304218657159834,0.9608040201005025,0.021623912948368632,0.06993573329839926,0.4444444444444444,0.3076923076923077,0.8,0.48703457789668453,389,9,1,4,0.2,0.022613065326633167,403,5,65,0.0,0.0,0.0,0.8,0.3076923076923077,24.8,0.8,0.19047619047619047,15.352380952380951,0.8,0.0975609756097561,7.863414634146341,1.0,0.06172839506172839,4.975308641975308,0.162312925170068,0.951005025125628,0.2105263157894736,0.1428571428571428,0.4,0.8,0.0975609756097561,0.040729261401530326,0.009798994974874464,0.23391812865497083,0.16483516483516492,0.4,0.0,0.0
cn7,42,2,extratrees_balanced,with_side,0.7183517054068252,inner_f1,0.20304218657159834,0.9608040201005025,0.021623912948368632,0.06993573329839926,0.0,0.0,0.0,-0.01256281407035176,393,5,5,0,1.0,0.01256281407035176,403,5,65,0.0,0.0,0.0,0.8,0.3076923076923077,24.8,0.8,0.19047619047619047,15.352380952380951,0.8,0.0975609756097561,7.863414634146341,1.0,0.06172839506172839,4.975308641975308,0.162312925170068,0.951005025125628,0.2666666666666666,0.2,0.4,0.8,0.0975609756097561,0.040729261401530326,0.009798994974874464,-0.2666666666666666,-0.2,-0.4,0.0,0.0
cn7,42,2,catboost,with_side,0.07579922417551675,fixed_0.5,0.5459259259259259,0.9311557788944724,0.007540344786969846,0.038239084801135206,0.5714285714285714,1.0,0.4,0.6300852968422277,398,0,3,2,0.6,0.0,403,5,403,0.6,0.6,48.35999999999999,0.6,0.23076923076923078,18.6,0.6,0.14285714285714285,11.514285714285712,0.6,0.07317073170731707,5.897560975609755,0.8,0.04938271604938271,3.9802469135802463,0.4673888888888889,0.9374371859296484,0.5714285714285714,1.0,0.4,0.6,0.073170731707317,0.07853703703703702,-0.00628140703517599,0.0,0.0,0.0,0.0,6.938893903907228e-17
cn7,42,2,catboost,with_side,0.07579922417551675,inner_f1,0.5459259259259259,0.9311557788944724,0.007540344786969846,0.038239084801135206,0.35294117647058826,0.25,0.6,0.3760230681929434,389,9,2,3,0.4,0.022613065326633167,403,5,403,0.6,0.6,48.35999999999999,0.6,0.23076923076923078,18.6,0.6,0.14285714285714285,11.514285714285712,0.6,0.07317073170731707,5.897560975609755,0.8,0.04938271604938271,3.9802469135802463,0.4673888888888889,0.9374371859296484,0.4444444444444444,0.5,0.4,0.6,0.073170731707317,0.07853703703703702,-0.00628140703517599,-0.09150326797385616,-0.25,0.19999999999999996,0.0,6.938893903907228e-17
cn7,42,2,catboost_balanced,with_side,0.22853357837033347,fixed_0.5,0.523030303030303,0.9597989949748744,0.019620146085421192,0.06759045850682524,0.26666666666666666,0.2,0.4,0.2703329490340776,390,8,3,2,0.6,0.020100502512562814,403,5,403,0.4,0.4,32.24,0.6,0.23076923076923078,18.6,0.8,0.19047619047619047,15.352380952380951,0.8,0.0975609756097561,7.863414634146341,1.0,0.06172839506172839,4.975308641975308,0.481060116354234,0.9625628140703516,0.1904761904761904,0.125,0.4,1.0,0.1219512195121951,0.041970186676068943,-0.0027638190954771824,0.07619047619047625,0.07500000000000001,0.0,-0.19999999999999996,-0.024390243902439004
cn7,42,2,catboost_balanced,with_side,0.22853357837033347,inner_f1,0.523030303030303,0.9597989949748744,0.019620146085421192,0.06759045850682524,0.3076923076923077,0.19047619047619047,0.8,0.37717715927958223,381,17,1,4,0.2,0.04271356783919598,403,5,403,0.4,0.4,32.24,0.6,0.23076923076923078,18.6,0.8,0.19047619047619047,15.352380952380951,0.8,0.0975609756097561,7.863414634146341,1.0,0.06172839506172839,4.975308641975308,0.481060116354234,0.9625628140703516,0.2105263157894736,0.1428571428571428,0.4,1.0,0.1219512195121951,0.041970186676068943,-0.0027638190954771824,0.09716599190283412,0.04761904761904767,0.4,-0.19999999999999996,-0.024390243902439004
cn7,42,2,lightgbm,with_side,0.02766934660842215,fixed_0.5,0.12096856631740353,0.9291457286432161,0.012640466598922684,0.05204880510855501,0.0,0.0,0.0,0.0,398,0,5,0,1.0,0.0,403,5,399,0.0,0.0,0.0,0.2,0.07692307692307693,6.2,0.6,0.14285714285714285,11.514285714285712,0.8,0.0975609756097561,7.863414634146341,0.8,0.04938271604938271,3.9802469135802463,0.1121264650842115,0.9288944723618092,0.0,0.0,0.0,0.8,0.0975609756097561,0.00884210123319204,0.0002512562814068753,0.0,0.0,0.0,0.0,0.0
cn7,42,2,lightgbm,with_side,0.02766934660842215,inner_f1,0.12096856631740353,0.9291457286432161,0.012640466598922684,0.05204880510855501,0.21052631578947367,0.12121212121212122,0.8,0.2935514033754271,369,29,1,4,0.2,0.0728643216080402,403,5,399,0.0,0.0,0.0,0.2,0.07692307692307693,6.2,0.6,0.14285714285714285,11.514285714285712,0.8,0.0975609756097561,7.863414634146341,0.8,0.04938271604938271,3.9802469135802463,0.1121264650842115,0.9288944723618092,0.2222222222222222,0.1363636363636363,0.6,0.8,0.0975609756097561,0.00884210123319204,0.0002512562814068753,-0.011695906432748537,-0.015151515151515083,0.20000000000000007,0.0,0.0
cn7,42,2,lightgbm_balanced,with_side,0.7608547115989,fixed_0.5,0.18698660494435146,0.9497487437185931,0.025363055556281183,0.08648975680323681,0.4444444444444444,0.3076923076923077,0.8,0.48703457789668453,389,9,1,4,0.2,0.022613065326633167,403,5,401,0.0,0.0,0.0,0.8,0.3076923076923077,24.8,0.8,0.19047619047619047,15.352380952380951,0.8,0.0975609756097561,7.863414634146341,1.0,0.06172839506172839,4.975308641975308,0.1228770739064856,0.941959798994975,0.24,0.15,0.6,0.8,0.0975609756097561,0.06410953103786586,0.00778894472361813,0.20444444444444443,0.15769230769230771,0.20000000000000007,0.0,0.0
cn7,42,2,lightgbm_balanced,with_side,0.7608547115989,inner_f1,0.18698660494435146,0.9497487437185931,0.025363055556281183,0.08648975680323681,0.0,0.0,0.0,-0.01377919473744272,392,6,5,0,1.0,0.01507537688442211,403,5,401,0.0,0.0,0.0,0.8,0.3076923076923077,24.8,0.8,0.19047619047619047,15.352380952380951,0.8,0.0975609756097561,7.863414634146341,1.0,0.06172839506172839,4.975308641975308,0.1228770739064856,0.941959798994975,0.0,0.0,0.0,0.8,0.0975609756097561,0.06410953103786586,0.00778894472361813,0.0,0.0,0.0,0.0,0.0
cn7,1729,0,dummy_prior,with_side,0.5,fixed_0.5,0.007425742574257425,0.5,0.007469056146780503,0.04747643098178093,0.0,0.0,0.0,0.0,401,0,3,0,1.0,0.0,404,3,1,0.0,0.0,0.0,0.0,0.0,0.0,0.0,0.0,0.0,0.0,0.0,0.0,0.3333333333333333,0.012345679012345678,1.662551440329218,0.0074257425742574,0.5,0.0,0.0,0.0,0.0,0.0,2.5153490401663703e-17,0.0,0.0,0.0,0.0,0.0,0.0
cn7,1729,0,dummy_prior,with_side,0.5,inner_f1,0.007425742574257425,0.5,0.007469056146780503,0.04747643098178093,0.0,0.0,0.0,0.0,401,0,3,0,1.0,0.0,404,3,1,0.0,0.0,0.0,0.0,0.0,0.0,0.0,0.0,0.0,0.0,0.0,0.0,0.3333333333333333,0.012345679012345678,1.662551440329218,0.0074257425742574,0.5,0.0,0.0,0.0,0.0,0.0,2.5153490401663703e-17,0.0,0.0,0.0,0.0,0.0,0.0
cn7,1729,0,logistic,with_side,0.09595862644872839,fixed_0.5,0.7222222222222222,0.9875311720698254,0.004868996729018661,0.01965892898727564,0.6666666666666666,0.6666666666666666,0.6666666666666666,0.6641729010806318,400,1,1,2,0.3333333333333333,0.0024937655860349127,404,3,404,0.6666666666666666,0.4,53.866666666666674,0.6666666666666666,0.15384615384615385,20.71794871794872,1.0,0.14285714285714285,19.238095238095237,1.0,0.07317073170731707,9.853658536585366,1.0,0.037037037037037035,4.987654320987654,0.7051282051282051,0.9812967581047384,0.5714285714285714,0.5,0.6666666666666666,1.0,0.073170731707317,0.017094017094017144,0.00623441396508706,0.09523809523809523,0.16666666666666663,0.0,0.0,6.938893903907228e-17
cn7,1729,0,logistic,with_side,0.09595862644872839,inner_f1,0.7222222222222222,0.9875311720698254,0.004868996729018661,0.01965892898727564,0.3076923076923077,0.2,0.6666666666666666,0.35735402033919406,393,8,1,2,0.3333333333333333,0.0199501246882793,404,3,404,0.6666666666666666,0.4,53.866666666666674,0.6666666666666666,0.15384615384615385,20.71794871794872,1.0,0.14285714285714285,19.238095238095237,1.0,0.07317073170731707,9.853658536585366,1.0,0.037037037037037035,4.987654320987654,0.7051282051282051,0.9812967581047384,0.3076923076923077,0.2,0.6666666666666666,1.0,0.073170731707317,0.017094017094017144,0.00623441396508706,0.0,0.0,0.0,0.0,6.938893903907228e-17
cn7,1729,0,logistic_balanced,with_side,0.7961942728619567,fixed_0.5,0.6555555555555554,0.9933499584372402,0.02631599611638319,0.09647868111839243,0.3157894736842105,0.1875,1.0,0.425935965121566,388,13,0,3,0.0,0.032418952618453865,404,3,404,0.6666666666666666,0.4,53.866666666666674,1.0,0.23076923076923078,31.07692307692308,1.0,0.14285714285714285,19.238095238095237,1.0,0.07317073170731707,9.853658536585366,1.0,0.037037037037037035,4.987654320987654,0.712121212121212,0.984621778886118,0.2222222222222222,0.125,1.0,1.0,0.073170731707317,-0.0565656565656566,0.00872817955112215,0.0935672514619883,0.0625,0.0,0.0,6.938893903907228e-17
cn7,1729,0,logistic_balanced,with_side,0.7961942728619567,inner_f1,0.6555555555555554,0.9933499584372402,0.02631599611638319,0.09647868111839243,0.4,0.25,1.0,0.49435718608251406,392,9,0,3,0.0,0.022443890274314215,404,3,404,0.6666666666666666,0.4,53.866666666666674,1.0,0.23076923076923078,31.07692307692308,1.0,0.14285714285714285,19.238095238095237,1.0,0.07317073170731707,9.853658536585366,1.0,0.037037037037037035,4.987654320987654,0.712121212121212,0.984621778886118,0.4444444444444444,0.3333333333333333,0.6666666666666666,1.0,0.073170731707317,-0.0565656565656566,0.00872817955112215,-0.0444444444444444,-0.08333333333333331,0.33333333333333337,0.0,6.938893903907228e-17
cn7,1729,0,xgboost,with_side,0.05635088309645653,fixed_0.5,0.25757575757575757,0.9858686616791356,0.006706616640408224,0.03207214599845835,0.0,0.0,0.0,0.0,401,0,3,0,1.0,0.0,404,3,354,0.3333333333333333,0.2,26.933333333333337,1.0,0.23076923076923078,31.07692307692308,1.0,0.14285714285714285,19.238095238095237,1.0,0.07317073170731707,9.853658536585366,1.0,0.037037037037037035,4.987654320987654,0.2936507936507936,0.984621778886118,0.0,0.0,0.0,1.0,0.073170731707317,-0.03607503607503604,0.0012468827930175452,0.0,0.0,0.0,0.0,6.938893903907228e-17
cn7,1729,0,xgboost,with_side,0.05635088309645653,inner_f1,0.25757575757575757,0.9858686616791356,0.006706616640408224,0.03207214599845835,0.2608695652173913,0.15,1.0,0.3789998651129192,384,17,0,3,0.0,0.04239401496259352,404,3,354,0.3333333333333333,0.2,26.933333333333337,1.0,0.23076923076923078,31.07692307692308,1.0,0.14285714285714285,19.238095238095237,1.0,0.07317073170731707,9.853658536585366,1.0,0.037037037037037035,4.987654320987654,0.2936507936507936,0.984621778886118,0.3529411764705882,0.2142857142857142,1.0,1.0,0.073170731707317,-0.03607503607503604,0.0012468827930175452,-0.0920716112531969,-0.0642857142857142,0.0,0.0,6.938893903907228e-17
cn7,1729,0,xgboost_balanced,with_side,0.38253864645957947,fixed_0.5,0.8055555555555556,0.9983374896093101,0.008817939533924155,0.03919792291794152,0.6666666666666666,0.5,1.0,0.7044567776811772,398,3,0,3,0.0,0.007481296758104738,404,3,403,1.0,0.6,80.8,1.0,0.23076923076923078,31.07692307692308,1.0,0.14285714285714285,19.238095238095237,1.0,0.07317073170731707,9.853658536585366,1.0,0.037037037037037035,4.987654320987654,0.7916666666666666,0.9962593516209476,0.4444444444444444,0.3333333333333333,0.6666666666666666,1.0,0.073170731707317,0.01388888888888895,0.0020781379883625384,0.2222222222222222,0.16666666666666669,0.33333333333333337,0.0,6.938893903907228e-17
cn7,1729,0,xgboost_balanced,with_side,0.38253864645957947,inner_f1,0.8055555555555556,0.9983374896093101,0.008817939533924155,0.03919792291794152,0.42857142857142855,0.2727272727272727,1.0,0.5169974174311409,393,8,0,3,0.0,0.0199501246882793,404,3,403,1.0,0.6,80.8,1.0,0.23076923076923078,31.07692307692308,1.0,0.14285714285714285,19.238095238095237,1.0,0.07317073170731707,9.853658536585366,1.0,0.037037037037037035,4.987654320987654,0.7916666666666666,0.9962593516209476,0.2608695652173913,0.15,1.0,1.0,0.073170731707317,0.01388888888888895,0.0020781379883625384,0.16770186335403725,0.12272727272727271,0.0,0.0,6.938893903907228e-17
cn7,1729,0,extratrees,with_side,0.41,fixed_0.5,0.7380952380952381,0.9908561928512053,0.004946400570228858,0.01953125397261338,0.5714285714285714,0.5,0.6666666666666666,0.5737467820463675,399,2,1,2,0.3333333333333333,0.004987531172069825,404,3,67,0.6666666666666666,0.4,53.866666666666674,0.6666666666666666,0.15384615384615385,20.71794871794872,1.0,0.14285714285714285,19.238095238095237,1.0,0.07317073170731707,9.853658536585366,1.0,0.037037037037037035,4.987654320987654,0.712121212121212,0.984621778886118,0.8,1.0,0.6666666666666666,1.0,0.073170731707317,0.025974025974026094,0.006234413965087282,-0.22857142857142865,-0.5,0.0,0.0,6.938893903907228e-17
cn7,1729,0,extratrees,with_side,0.41,inner_f1,0.7380952380952381,0.9908561928512053,0.004946400570228858,0.01953125397261338,0.5714285714285714,0.5,0.6666666666666666,0.5737467820463675,399,2,1,2,0.3333333333333333,0.004987531172069825,404,3,67,0.6666666666666666,0.4,53.866666666666674,0.6666666666666666,0.15384615384615385,20.71794871794872,1.0,0.14285714285714285,19.238095238095237,1.0,0.07317073170731707,9.853658536585366,1.0,0.037037037037037035,4.987654320987654,0.712121212121212,0.984621778886118,0.5714285714285714,0.5,0.6666666666666666,1.0,0.073170731707317,0.025974025974026094,0.006234413965087282,0.0,0.0,0.0,0.0,6.938893903907228e-17
cn7,1729,0,extratrees_balanced,with_side,0.03278186098946726,fixed_0.5,0.6666666666666667,0.9958437240232751,0.014766759836892135,0.04683855579987868,0.46153846153846156,0.3,1.0,0.5429208895127602,394,7,0,3,0.0,0.017456359102244388,404,3,59,0.6666666666666666,0.4,53.866666666666674,1.0,0.23076923076923078,31.07692307692308,1.0,0.14285714285714285,19.238095238095237,1.0,0.07317073170731707,9.853658536585366,1.0,0.037037037037037035,4.987654320987654,0.7916666666666666,0.9962593516209476,0.2857142857142857,0.1666666666666666,1.0,1.0,0.073170731707317,-0.12499999999999989,-0.00041562759767244106,0.17582417582417587,0.1333333333333334,0.0,0.0,6.938893903907228e-17
cn7,1729,0,extratrees_balanced,with_side,0.03278186098946726,inner_f1,0.6666666666666667,0.9958437240232751,0.014766759836892135,0.04683855579987868,0.14634146341463414,0.07894736842105263,1.0,0.268433791379508,366,35,0,3,0.0,0.08728179551122195,404,3,59,0.6666666666666666,0.4,53.866666666666674,1.0,0.23076923076923078,31.07692307692308,1.0,0.14285714285714285,19.238095238095237,1.0,0.07317073170731707,9.853658536585366,1.0,0.037037037037037035,4.987654320987654,0.7916666666666666,0.9962593516209476,0.1463414634146341,0.0789473684210526,1.0,1.0,0.073170731707317,-0.12499999999999989,-0.00041562759767244106,2.7755575615628914e-17,2.7755575615628914e-17,0.0,0.0,6.938893903907228e-17
cn7,1729,0,catboost,with_side,0.38428628466878295,fixed_0.5,0.8095238095238095,0.99667497921862,0.0025602208344360404,0.01365449641318503,0.8,1.0,0.6666666666666666,0.8154804055732814,401,0,1,2,0.3333333333333333,0.0,404,3,404,0.6666666666666666,0.4,53.866666666666674,1.0,0.23076923076923078,31.07692307692308,1.0,0.14285714285714285,19.238095238095237,1.0,0.07317073170731707,9.853658536585366,1.0,0.037037037037037035,4.987654320987654,0.7291666666666666,0.989609310058188,0.8,1.0,0.6666666666666666,1.0,0.073170731707317,0.0803571428571429,0.007065669160432053,0.0,0.0,0.0,0.0,6.938893903907228e-17
cn7,1729,0,catboost,with_side,0.38428628466878295,inner_f1,0.8095238095238095,0.99667497921862,0.0025602208344360404,0.01365449641318503,0.8,1.0,0.6666666666666666,0.8154804055732814,401,0,1,2,0.3333333333333333,0.0,404,3,404,0.6666666666666666,0.4,53.866666666666674,1.0,0.23076923076923078,31.07692307692308,1.0,0.14285714285714285,19.238095238095237,1.0,0.07317073170731707,9.853658536585366,1.0,0.037037037037037035,4.987654320987654,0.7291666666666666,0.989609310058188,0.5714285714285714,0.5,0.6666666666666666,1.0,0.073170731707317,0.0803571428571429,0.007065669160432053,0.22857142857142865,0.5,0.0,0.0,6.938893903907228e-17
cn7,1729,0,catboost_balanced,with_side,0.33020953020611093,fixed_0.5,0.7666666666666666,0.9941812136325852,0.012914525516428063,0.04739656653457417,0.4,0.25,1.0,0.49435718608251406,392,9,0,3,0.0,0.022443890274314215,404,3,404,0.6666666666666666,0.4,53.866666666666674,1.0,0.23076923076923078,31.07692307692308,1.0,0.14285714285714285,19.238095238095237,1.0,0.07317073170731707,9.853658536585366,1.0,0.037037037037037035,4.987654320987654,0.75,0.9929343308395676,0.2857142857142857,0.1666666666666666,1.0,1.0,0.073170731707317,0.016666666666666607,0.0012468827930175452,0.11428571428571432,0.0833333333333334,0.0,0.0,6.938893903907228e-17
cn7,1729,0,catboost_balanced,with_side,0.33020953020611093,inner_f1,0.7666666666666666,0.9941812136325852,0.012914525516428063,0.04739656653457417,0.3333333333333333,0.2,1.0,0.4404712959927312,389,12,0,3,0.0,0.029925187032418952,404,3,404,0.6666666666666666,0.4,53.866666666666674,1.0,0.23076923076923078,31.07692307692308,1.0,0.14285714285714285,19.238095238095237,1.0,0.07317073170731707,9.853658536585366,1.0,0.037037037037037035,4.987654320987654,0.75,0.9929343308395676,0.2222222222222222,0.125,1.0,1.0,0.073170731707317,0.016666666666666607,0.0012468827930175452,0.1111111111111111,0.07500000000000001,0.0,0.0,6.938893903907228e-17
cn7,1729,0,lightgbm,with_side,0.058167901321896635,fixed_0.5,0.625,0.9941812136325852,0.005095627602472723,0.020048342168087843,0.0,0.0,0.0,0.0,401,0,3,0,1.0,0.0,404,3,404,0.6666666666666666,0.4,53.866666666666674,1.0,0.23076923076923078,31.07692307692308,1.0,0.14285714285714285,19.238095238095237,1.0,0.07317073170731707,9.853658536585366,1.0,0.037037037037037035,4.987654320987654,0.7666666666666666,0.9945968412302576,0.0,0.0,0.0,1.0,0.073170731707317,-0.1416666666666666,-0.00041562759767244106,0.0,0.0,0.0,0.0,6.938893903907228e-17
cn7,1729,0,lightgbm,with_side,0.058167901321896635,inner_f1,0.625,0.9941812136325852,0.005095627602472723,0.020048342168087843,0.3333333333333333,0.2,1.0,0.4404712959927312,389,12,0,3,0.0,0.029925187032418952,404,3,404,0.6666666666666666,0.4,53.866666666666674,1.0,0.23076923076923078,31.07692307692308,1.0,0.14285714285714285,19.238095238095237,1.0,0.07317073170731707,9.853658536585366,1.0,0.037037037037037035,4.987654320987654,0.7666666666666666,0.9945968412302576,0.2608695652173913,0.15,1.0,1.0,0.073170731707317,-0.1416666666666666,-0.00041562759767244106,0.07246376811594202,0.05000000000000002,0.0,0.0,6.938893903907228e-17
cn7,1729,0,lightgbm_balanced,with_side,0.41175194893418005,fixed_0.5,0.8095238095238095,0.99667497921862,0.01191515901829678,0.04830028844704039,0.5,0.3333333333333333,1.0,0.5730146613842123,395,6,0,3,0.0,0.014962593516209476,404,3,402,0.6666666666666666,0.4,53.866666666666674,1.0,0.23076923076923078,31.07692307692308,1.0,0.14285714285714285,19.238095238095237,1.0,0.07317073170731707,9.853658536585366,1.0,0.037037037037037035,4.987654320987654,0.7666666666666666,0.9945968412302576,0.4,0.25,1.0,1.0,0.073170731707317,0.04285714285714293,0.0020781379883624274,0.09999999999999998,0.08333333333333331,0.0,0.0,6.938893903907228e-17
cn7,1729,0,lightgbm_balanced,with_side,0.41175194893418005,inner_f1,0.8095238095238095,0.99667497921862,0.01191515901829678,0.04830028844704039,0.4,0.25,1.0,0.49435718608251406,392,9,0,3,0.0,0.022443890274314215,404,3,402,0.6666666666666666,0.4,53.866666666666674,1.0,0.23076923076923078,31.07692307692308,1.0,0.14285714285714285,19.238095238095237,1.0,0.07317073170731707,9.853658536585366,1.0,0.037037037037037035,4.987654320987654,0.7666666666666666,0.9945968412302576,0.24,0.1363636363636363,1.0,1.0,0.073170731707317,0.04285714285714293,0.0020781379883624274,0.16000000000000003,0.1136363636363637,0.0,0.0,6.938893903907228e-17
cn7,1729,1,dummy_prior,with_side,0.5,fixed_0.5,0.024752475247524754,0.5,0.024398304315444184,0.12600653413203663,0.0,0.0,0.0,0.0,394,0,10,0,1.0,0.0,404,10,1,0.0,0.0,0.0,0.0,0.0,0.0,0.0,0.0,0.0,0.1,0.024390243902439025,0.9853658536585366,0.2,0.024691358024691357,0.9975308641975308,0.0247524752475247,0.5,0.0,0.0,0.0,0.1,0.024390243902439,5.204170427930421e-17,0.0,0.0,0.0,0.0,0.0,2.42861286636753e-17
cn7,1729,1,dummy_prior,with_side,0.5,inner_f1,0.024752475247524754,0.5,0.024398304315444184,0.12600653413203663,0.0,0.0,0.0,0.0,394,0,10,0,1.0,0.0,404,10,1,0.0,0.0,0.0,0.0,0.0,0.0,0.0,0.0,0.0,0.1,0.024390243902439025,0.9853658536585366,0.2,0.024691358024691357,0.9975308641975308,0.0247524752475247,0.5,0.0,0.0,0.0,0.1,0.024390243902439,5.204170427930421e-17,0.0,0.0,0.0,0.0,0.0,2.42861286636753e-17
cn7,1729,1,logistic,with_side,0.26166060836692856,fixed_0.5,0.39893457496905776,0.9251269035532994,0.018906129161103416,0.09177694726000561,0.3333333333333333,1.0,0.2,0.4427413471740723,394,0,8,2,0.8,0.0,404,10,404,0.3,0.6,24.24,0.3,0.23076923076923078,9.323076923076924,0.4,0.19047619047619047,7.6952380952380945,0.8,0.1951219512195122,7.882926829268293,0.9,0.1111111111111111,4.488888888888888,0.3509608425733275,0.9111675126903552,0.3333333333333333,1.0,0.2,0.5,0.1219512195121951,0.04797373239573027,0.013959390862944177,0.0,0.0,0.0,0.30000000000000004,0.0731707317073171
cn7,1729,1,logistic,with_side,0.26166060836692856,inner_f1,0.39893457496905776,0.9251269035532994,0.018906129161103416,0.09177694726000561,0.3333333333333333,1.0,0.2,0.4427413471740723,394,0,8,2,0.8,0.0,404,10,404,0.3,0.6,24.24,0.3,0.23076923076923078,9.323076923076924,0.4,0.19047619047619047,7.6952380952380945,0.8,0.1951219512195122,7.882926829268293,0.9,0.1111111111111111,4.488888888888888,0.3509608425733275,0.9111675126903552,0.3333333333333333,1.0,0.2,0.5,0.1219512195121951,0.04797373239573027,0.013959390862944177,0.0,0.0,0.0,0.30000000000000004,0.0731707317073171
cn7,1729,1,logistic_balanced,with_side,0.9999654133393382,fixed_0.5,0.42260527120302993,0.9159898477157361,0.030043764208392606,0.11143192545767981,0.2857142857142857,0.2727272727272727,0.3,0.26701820115993996,386,8,7,3,0.7,0.02030456852791878,404,10,404,0.3,0.6,24.24,0.4,0.3076923076923077,12.430769230769231,0.4,0.19047619047619047,7.6952380952380945,0.7,0.17073170731707318,6.897560975609756,0.8,0.09876543209876543,3.990123456790123,0.3804643012876018,0.902030456852792,0.3,0.3,0.3,0.6,0.1463414634146341,0.04214096991542815,0.013959390862944066,-0.01428571428571429,-0.027272727272727282,0.0,0.09999999999999998,0.024390243902439074
cn7,1729,1,logistic_balanced,with_side,0.9999654133393382,inner_f1,0.42260527120302993,0.9159898477157361,0.030043764208392606,0.11143192545767981,0.3333333333333333,1.0,0.2,0.4427413471740723,394,0,8,2,0.8,0.0,404,10,404,0.3,0.6,24.24,0.4,0.3076923076923077,12.430769230769231,0.4,0.19047619047619047,7.6952380952380945,0.7,0.17073170731707318,6.897560975609756,0.8,0.09876543209876543,3.990123456790123,0.3804643012876018,0.902030456852792,0.2727272727272727,0.25,0.3,0.6,0.1463414634146341,0.04214096991542815,0.013959390862944066,0.06060606060606061,0.75,-0.09999999999999998,0.09999999999999998,0.024390243902439074
cn7,1729,1,xgboost,with_side,0.020086010918021202,fixed_0.5,0.15398186162336788,0.9149746192893401,0.023661753144258273,0.10262908152932777,0.0,0.0,0.0,0.0,394,0,10,0,1.0,0.0,404,10,62,0.1,0.2,8.08,0.2,0.15384615384615385,6.2153846153846155,0.3,0.14285714285714285,5.7714285714285705,0.6,0.14634146341463414,5.9121951219512185,0.9,0.1111111111111111,4.488888888888888,0.1473760914227016,0.9081218274111676,0.0,0.0,0.0,0.5,0.1219512195121951,0.006605770200666272,0.006852791878172448,0.0,0.0,0.0,0.09999999999999998,0.024390243902439032
cn7,1729,1,xgboost,with_side,0.020086010918021202,inner_f1,0.15398186162336788,0.9149746192893401,0.023661753144258273,0.10262908152932777,0.2692307692307692,0.16666666666666666,0.7,0.3111210825012367,359,35,3,7,0.3,0.08883248730964467,404,10,62,0.1,0.2,8.08,0.2,0.15384615384615385,6.2153846153846155,0.3,0.14285714285714285,5.7714285714285705,0.6,0.14634146341463414,5.9121951219512185,0.9,0.1111111111111111,4.488888888888888,0.1473760914227016,0.9081218274111676,0.1923076923076923,0.119047619047619,0.5,0.5,0.1219512195121951,0.006605770200666272,0.006852791878172448,0.07692307692307693,0.04761904761904766,0.19999999999999996,0.09999999999999998,0.024390243902439032
cn7,1729,1,xgboost_balanced,with_side,0.6547686457633972,fixed_0.5,0.16060685964577787,0.8501269035532995,0.03177415175756382,0.11021872705434717,0.19047619047619047,0.18181818181818182,0.2,0.16912768095248465,385,9,8,2,0.8,0.02284263959390863,404,10,267,0.0,0.0,0.0,0.2,0.15384615384615385,6.2153846153846155,0.3,0.14285714285714285,5.7714285714285705,0.7,0.17073170731707318,6.897560975609756,0.9,0.1111111111111111,4.488888888888888,0.1613595779220779,0.8598984771573606,0.1818181818181818,0.1666666666666666,0.2,0.7,0.1707317073170731,-0.000752718276300024,-0.009771573604061112,0.00865800865800867,0.015151515151515221,0.0,0.0,8.326672684688674e-17
cn7,1729,1,xgboost_balanced,with_side,0.6547686457633972,inner_f1,0.16060685964577787,0.8501269035532995,0.03177415175756382,0.11021872705434717,0.0,0.0,0.0,-0.019560771426312393,388,6,10,0,1.0,0.015228426395939087,404,10,267,0.0,0.0,0.0,0.2,0.15384615384615385,6.2153846153846155,0.3,0.14285714285714285,5.7714285714285705,0.7,0.17073170731707318,6.897560975609756,0.9,0.1111111111111111,4.488888888888888,0.1613595779220779,0.8598984771573606,0.1111111111111111,0.125,0.1,0.7,0.1707317073170731,-0.000752718276300024,-0.009771573604061112,-0.1111111111111111,-0.125,-0.1,0.0,8.326672684688674e-17
cn7,1729,1,extratrees,with_side,0.45111111111111124,fixed_0.5,0.29572785228306425,0.8190355329949239,0.02040238509962107,0.2560443281408981,0.3333333333333333,1.0,0.2,0.4427413471740723,394,0,8,2,0.8,0.0,404,10,43,0.2,0.4,16.16,0.3,0.23076923076923078,9.323076923076924,0.3,0.14285714285714285,5.7714285714285705,0.5,0.12195121951219512,4.926829268292683,0.8,0.09876543209876543,3.990123456790123,0.3120386904761905,0.9098984771573604,0.3333333333333333,1.0,0.2,0.5,0.1219512195121951,-0.01631083819312623,-0.09086294416243645,0.0,0.0,0.0,0.0,1.3877787807814457e-17
cn7,1729,1,extratrees,with_side,0.45111111111111124,inner_f1,0.29572785228306425,0.8190355329949239,0.02040238509962107,0.2560443281408981,0.3333333333333333,1.0,0.2,0.4427413471740723,394,0,8,2,0.8,0.0,404,10,43,0.2,0.4,16.16,0.3,0.23076923076923078,9.323076923076924,0.3,0.14285714285714285,5.7714285714285705,0.5,0.12195121951219512,4.926829268292683,0.8,0.09876543209876543,3.990123456790123,0.3120386904761905,0.9098984771573604,0.3333333333333333,1.0,0.2,0.5,0.1219512195121951,-0.01631083819312623,-0.09086294416243645,0.0,0.0,0.0,0.0,1.3877787807814457e-17
cn7,1729,1,extratrees_balanced,with_side,0.4429959385702265,fixed_0.5,0.3562474312060042,0.8941624365482235,0.023394356570189397,0.16406341946261752,0.26666666666666666,0.4,0.2,0.27036448654906003,391,3,8,2,0.8,0.007614213197969543,404,10,59,0.2,0.4,16.16,0.3,0.23076923076923078,9.323076923076924,0.4,0.19047619047619047,7.6952380952380945,0.7,0.17073170731707318,6.897560975609756,0.9,0.1111111111111111,4.488888888888888,0.3656547705168395,0.9431472081218274,0.2222222222222222,0.25,0.2,0.7,0.1707317073170731,-0.009407339310835261,-0.048984771573603925,0.04444444444444445,0.15000000000000002,0.0,0.0,8.326672684688674e-17
cn7,1729,1,extratrees_balanced,with_side,0.4429959385702265,inner_f1,0.3562474312060042,0.8941624365482235,0.023394356570189397,0.16406341946261752,0.3,0.3,0.3,0.28223350253807106,387,7,7,3,0.7,0.017766497461928935,404,10,59,0.2,0.4,16.16,0.3,0.23076923076923078,9.323076923076924,0.4,0.19047619047619047,7.6952380952380945,0.7,0.17073170731707318,6.897560975609756,0.9,0.1111111111111111,4.488888888888888,0.3656547705168395,0.9431472081218274,0.25,0.2142857142857142,0.3,0.7,0.1707317073170731,-0.009407339310835261,-0.048984771573603925,0.04999999999999999,0.0857142857142858,0.0,0.0,8.326672684688674e-17
cn7,1729,1,catboost,with_side,0.7486307982887394,fixed_0.5,0.3050622217530072,0.8901015228426397,0.02071140537433442,0.11565051916305402,0.3333333333333333,1.0,0.2,0.4427413471740723,394,0,8,2,0.8,0.0,404,10,404,0.2,0.4,16.16,0.3,0.23076923076923078,9.323076923076924,0.3,0.14285714285714285,5.7714285714285705,0.5,0.12195121951219512,4.926829268292683,0.7,0.08641975308641975,3.491358024691358,0.2993969456469456,0.8786802030456853,0.3333333333333333,1.0,0.2,0.5,0.1219512195121951,0.005665276106061601,0.011421319796954377,0.0,0.0,0.0,0.0,1.3877787807814457e-17
cn7,1729,1,catboost,with_side,0.7486307982887394,inner_f1,0.3050622217530072,0.8901015228426397,0.02071140537433442,0.11565051916305402,0.0,0.0,0.0,0.0,394,0,10,0,1.0,0.0,404,10,404,0.2,0.4,16.16,0.3,0.23076923076923078,9.323076923076924,0.3,0.14285714285714285,5.7714285714285705,0.5,0.12195121951219512,4.926829268292683,0.7,0.08641975308641975,3.491358024691358,0.2993969456469456,0.8786802030456853,0.0,0.0,0.0,0.5,0.1219512195121951,0.005665276106061601,0.011421319796954377,0.0,0.0,0.0,0.0,1.3877787807814457e-17
cn7,1729,1,catboost_balanced,with_side,0.4970160580813185,fixed_0.5,0.42377429158501256,0.951522842639594,0.01872386491953319,0.06839989144362556,0.3333333333333333,1.0,0.2,0.4427413471740723,394,0,8,2,0.8,0.0,404,10,404,0.3,0.6,24.24,0.4,0.3076923076923077,12.430769230769231,0.4,0.19047619047619047,7.6952380952380945,0.8,0.1951219512195122,7.882926829268293,1.0,0.12345679012345678,4.987654320987653,0.3856388604085972,0.9451776649746192,0.3333333333333333,1.0,0.2,0.7,0.1707317073170731,0.03813543117641538,0.006345177664974777,0.0,0.0,0.0,0.10000000000000009,0.0243902439024391
cn7,1729,1,catboost_balanced,with_side,0.4970160580813185,inner_f1,0.42377429158501256,0.951522842639594,0.01872386491953319,0.06839989144362556,0.3333333333333333,1.0,0.2,0.4427413471740723,394,0,8,2,0.8,0.0,404,10,404,0.3,0.6,24.24,0.4,0.3076923076923077,12.430769230769231,0.4,0.19047619047619047,7.6952380952380945,0.8,0.1951219512195122,7.882926829268293,1.0,0.12345679012345678,4.987654320987653,0.3856388604085972,0.9451776649746192,0.0,0.0,0.0,0.7,0.1707317073170731,0.03813543117641538,0.006345177664974777,0.3333333333333333,1.0,0.2,0.10000000000000009,0.0243902439024391
cn7,1729,1,lightgbm,with_side,0.25801256150179896,fixed_0.5,0.19394950067828925,0.923984771573604,0.023681222527927776,0.10233682761089101,0.0,0.0,0.0,0.0,394,0,10,0,1.0,0.0,404,10,167,0.1,0.2,8.08,0.2,0.15384615384615385,6.2153846153846155,0.5,0.23809523809523808,9.619047619047619,0.8,0.1951219512195122,7.882926829268293,0.9,0.1111111111111111,4.488888888888888,0.1825595238095237,0.9197969543147207,0.0,0.0,0.0,0.7,0.1707317073170731,0.011389976868765556,0.004187817258883286,0.0,0.0,0.0,0.10000000000000009,0.0243902439024391
cn7,1729,1,lightgbm,with_side,0.25801256150179896,inner_f1,0.19394950067828925,0.923984771573604,0.023681222527927776,0.10233682761089101,0.0,0.0,0.0,-0.01123709002979879,392,2,10,0,1.0,0.005076142131979695,404,10,167,0.1,0.2,8.08,0.2,0.15384615384615385,6.2153846153846155,0.5,0.23809523809523808,9.619047619047619,0.8,0.1951219512195122,7.882926829268293,0.9,0.1111111111111111,4.488888888888888,0.1825595238095237,0.9197969543147207,0.0,0.0,0.0,0.7,0.1707317073170731,0.011389976868765556,0.004187817258883286,0.0,0.0,0.0,0.10000000000000009,0.0243902439024391
cn7,1729,1,lightgbm_balanced,with_side,0.6712076463812908,fixed_0.5,0.22064517928624916,0.9284263959390863,0.028262677013152077,0.09591354390948448,0.0,0.0,0.0,-0.019560771426312393,388,6,10,0,1.0,0.015228426395939087,404,10,180,0.0,0.0,0.0,0.4,0.3076923076923077,12.430769230769231,0.5,0.23809523809523808,9.619047619047619,0.8,0.1951219512195122,7.882926829268293,0.9,0.1111111111111111,4.488888888888888,0.2094298670885358,0.9187817258883249,0.0,0.0,0.0,0.8,0.1951219512195122,0.01121531219771335,0.009644670050761417,0.0,0.0,0.0,0.0,0.0
cn7,1729,1,lightgbm_balanced,with_side,0.6712076463812908,inner_f1,0.22064517928624916,0.9284263959390863,0.028262677013152077,0.09591354390948448,0.0,0.0,0.0,-0.019560771426312393,388,6,10,0,1.0,0.015228426395939087,404,10,180,0.0,0.0,0.0,0.4,0.3076923076923077,12.430769230769231,0.5,0.23809523809523808,9.619047619047619,0.8,0.1951219512195122,7.882926829268293,0.9,0.1111111111111111,4.488888888888888,0.2094298670885358,0.9187817258883249,0.0,0.0,0.0,0.8,0.1951219512195122,0.01121531219771335,0.009644670050761417,0.0,0.0,0.0,0.0,0.0
cn7,1729,2,dummy_prior,with_side,0.5,fixed_0.5,0.009925558312655087,0.5,0.009865030960814184,0.05704766354113369,0.0,0.0,0.0,0.0,399,0,4,0,1.0,0.0,403,4,1,0.0,0.0,0.0,0.0,0.0,0.0,0.0,0.0,0.0,0.0,0.0,0.0,0.0,0.0,0.0,0.009925558312655,0.5,0.0,0.0,0.0,0.0,0.0,8.673617379884035e-17,0.0,0.0,0.0,0.0,0.0,0.0
cn7,1729,2,dummy_prior,with_side,0.5,inner_f1,0.009925558312655087,0.5,0.009865030960814184,0.05704766354113369,0.0,0.0,0.0,0.0,399,0,4,0,1.0,0.0,403,4,1,0.0,0.0,0.0,0.0,0.0,0.0,0.0,0.0,0.0,0.0,0.0,0.0,0.0,0.0,0.0,0.009925558312655,0.5,0.0,0.0,0.0,0.0,0.0,8.673617379884035e-17,0.0,0.0,0.0,0.0,0.0,0.0
cn7,1729,2,logistic,with_side,0.8648454110093111,fixed_0.5,0.5669642857142857,0.9718045112781954,0.005859339896453049,0.026672732540310603,0.6666666666666666,1.0,0.5,0.7053412184283328,399,0,2,2,0.5,0.0,403,4,403,0.5,0.4,40.300000000000004,0.5,0.15384615384615385,15.5,0.5,0.09523809523809523,9.595238095238095,1.0,0.0975609756097561,9.829268292682928,1.0,0.04938271604938271,4.9753086419753085,0.7102272727272727,0.974937343358396,0.6666666666666666,1.0,0.5,0.75,0.073170731707317,-0.143262987012987,-0.0031328320802005427,0.0,0.0,0.0,0.25,0.0243902439024391
cn7,1729,2,logistic,with_side,0.8648454110093111,inner_f1,0.5669642857142857,0.9718045112781954,0.005859339896453049,0.026672732540310603,0.6666666666666666,1.0,0.5,0.7053412184283328,399,0,2,2,0.5,0.0,403,4,403,0.5,0.4,40.300000000000004,0.5,0.15384615384615385,15.5,0.5,0.09523809523809523,9.595238095238095,1.0,0.0975609756097561,9.829268292682928,1.0,0.04938271604938271,4.9753086419753085,0.7102272727272727,0.974937343358396,0.6666666666666666,1.0,0.5,0.75,0.073170731707317,-0.143262987012987,-0.0031328320802005427,0.0,0.0,0.0,0.25,0.0243902439024391
cn7,1729,2,logistic_balanced,with_side,0.9957447039208298,fixed_0.5,0.558277027027027,0.9661654135338347,0.0322429049688689,0.1037782729342482,0.18181818181818182,0.1111111111111111,0.5,0.2207054202901891,383,16,2,2,0.5,0.040100250626566414,403,4,403,0.5,0.4,40.300000000000004,0.5,0.15384615384615385,15.5,0.5,0.09523809523809523,9.595238095238095,1.0,0.0975609756097561,9.829268292682928,1.0,0.04938271604938271,4.9753086419753085,0.7024253731343284,0.9605263157894736,0.2,0.1153846153846153,0.75,0.75,0.073170731707317,-0.14414834610730143,0.00563909774436111,-0.018181818181818188,-0.004273504273504189,-0.25,0.25,0.0243902439024391
cn7,1729,2,logistic_balanced,with_side,0.9957447039208298,inner_f1,0.558277027027027,0.9661654135338347,0.0322429049688689,0.1037782729342482,0.4,1.0,0.25,0.4981308345788373,399,0,3,1,0.75,0.0,403,4,403,0.5,0.4,40.300000000000004,0.5,0.15384615384615385,15.5,0.5,0.09523809523809523,9.595238095238095,1.0,0.0975609756097561,9.829268292682928,1.0,0.04938271604938271,4.9753086419753085,0.7024253731343284,0.9605263157894736,0.6666666666666666,1.0,0.5,0.75,0.073170731707317,-0.14414834610730143,0.00563909774436111,-0.2666666666666666,0.0,-0.25,0.25,0.0243902439024391
cn7,1729,2,xgboost,with_side,0.048416558653116226,fixed_0.5,0.059561425682507586,0.8916040100250626,0.010078957949558648,0.04815526561159056,0.0,0.0,0.0,0.0,399,0,4,0,1.0,0.0,403,4,305,0.0,0.0,0.0,0.0,0.0,0.0,0.25,0.047619047619047616,4.7976190476190474,0.5,0.04878048780487805,4.914634146341464,0.75,0.037037037037037035,3.7314814814814814,0.0631166881166881,0.8972431077694235,0.0,0.0,0.0,0.5,0.048780487804878,-0.0035552624341805075,-0.005639097744360888,0.0,0.0,0.0,0.0,4.85722573273506e-17
cn7,1729,2,xgboost,with_side,0.048416558653116226,inner_f1,0.059561425682507586,0.8916040100250626,0.010078957949558648,0.04815526561159056,0.0975609756097561,0.05405405405405406,0.5,0.1415363675119865,364,35,2,2,0.5,0.08771929824561403,403,4,305,0.0,0.0,0.0,0.0,0.0,0.0,0.25,0.047619047619047616,4.7976190476190474,0.5,0.04878048780487805,4.914634146341464,0.75,0.037037037037037035,3.7314814814814814,0.0631166881166881,0.8972431077694235,0.12,0.0652173913043478,0.75,0.5,0.048780487804878,-0.0035552624341805075,-0.005639097744360888,-0.022439024390243895,-0.01116333725029374,-0.25,0.0,4.85722573273506e-17
cn7,1729,2,xgboost_balanced,with_side,0.24672359228134155,fixed_0.5,0.3117003367003367,0.9611528822055138,0.01968693982097152,0.06865509799677035,0.375,0.25,0.75,0.42426457861497946,390,9,1,3,0.25,0.022556390977443608,403,4,403,0.5,0.4,40.300000000000004,0.75,0.23076923076923078,23.25,0.75,0.14285714285714285,14.392857142857142,0.75,0.07317073170731707,7.371951219512194,1.0,0.04938271604938271,4.9753086419753085,0.31875,0.9699248120300752,0.2222222222222222,0.1428571428571428,0.5,1.0,0.0975609756097561,-0.007049663299663278,-0.00877192982456143,0.1527777777777778,0.1071428571428572,0.25,-0.25,-0.024390243902439032
cn7,1729,2,xgboost_balanced,with_side,0.24672359228134155,inner_f1,0.3117003367003367,0.9611528822055138,0.01968693982097152,0.06865509799677035,0.23076923076923078,0.13636363636363635,0.75,0.3064893166476864,380,19,1,3,0.25,0.047619047619047616,403,4,403,0.5,0.4,40.300000000000004,0.75,0.23076923076923078,23.25,0.75,0.14285714285714285,14.392857142857142,0.75,0.07317073170731707,7.371951219512194,1.0,0.04938271604938271,4.9753086419753085,0.31875,0.9699248120300752,0.1875,0.1071428571428571,0.75,1.0,0.0975609756097561,-0.007049663299663278,-0.00877192982456143,0.04326923076923078,0.02922077922077926,0.0,-0.25,-0.024390243902439032
cn7,1729,2,extratrees,with_side,0.0771904761904762,fixed_0.5,0.5493563895781638,0.8452380952380952,0.007031465139938309,0.1080628678526183,0.6666666666666666,1.0,0.5,0.7053412184283328,399,0,2,2,0.5,0.0,403,4,41,0.5,0.4,40.300000000000004,0.5,0.15384615384615385,15.5,0.75,0.14285714285714285,14.392857142857142,0.75,0.07317073170731707,7.371951219512194,0.75,0.037037037037037035,3.7314814814814814,0.5645604395604396,0.9711779448621556,0.6666666666666666,1.0,0.5,1.0,0.0975609756097561,-0.015204049982275758,-0.12593984962406035,0.0,0.0,0.0,-0.25,-0.024390243902439032
cn7,1729,2,extratrees,with_side,0.0771904761904762,inner_f1,0.5493563895781638,0.8452380952380952,0.007031465139938309,0.1080628678526183,0.24,0.14285714285714285,0.75,0.31440884133393004,381,18,1,3,0.25,0.045112781954887216,403,4,41,0.5,0.4,40.300000000000004,0.5,0.15384615384615385,15.5,0.75,0.14285714285714285,14.392857142857142,0.75,0.07317073170731707,7.371951219512194,0.75,0.037037037037037035,3.7314814814814814,0.5645604395604396,0.9711779448621556,0.6666666666666666,1.0,0.5,1.0,0.0975609756097561,-0.015204049982275758,-0.12593984962406035,-0.42666666666666664,-0.8571428571428572,0.25,-0.25,-0.024390243902439032
cn7,1729,2,extratrees_balanced,with_side,0.5680798929453772,fixed_0.5,0.24916666666666665,0.9627192982456141,0.020945944217503072,0.06891803302171126,0.3333333333333333,0.21428571428571427,0.75,0.3910875991461791,388,11,1,3,0.25,0.02756892230576441,403,4,58,0.25,0.2,20.150000000000002,0.75,0.23076923076923078,23.25,0.75,0.14285714285714285,14.392857142857142,0.75,0.07317073170731707,7.371951219512194,1.0,0.04938271604938271,4.9753086419753085,0.31875,0.9699248120300752,0.2,0.125,0.5,1.0,0.0975609756097561,-0.06958333333333333,-0.007205513784461104,0.1333333333333333,0.08928571428571427,0.25,-0.25,-0.024390243902439032
cn7,1729,2,extratrees_balanced,with_side,0.5680798929453772,inner_f1,0.24916666666666665,0.9627192982456141,0.020945944217503072,0.06891803302171126,0.375,0.25,0.75,0.42426457861497946,390,9,1,3,0.25,0.022556390977443608,403,4,58,0.25,0.2,20.150000000000002,0.75,0.23076923076923078,23.25,0.75,0.14285714285714285,14.392857142857142,0.75,0.07317073170731707,7.371951219512194,1.0,0.04938271604938271,4.9753086419753085,0.31875,0.9699248120300752,0.2,0.125,0.5,1.0,0.0975609756097561,-0.06958333333333333,-0.007205513784461104,0.175,0.125,0.25,-0.25,-0.024390243902439032
cn7,1729,2,catboost,with_side,0.3797197025118596,fixed_0.5,0.5989313471502591,0.8784461152882206,0.00519297978632453,0.029444879029253444,0.6666666666666666,1.0,0.5,0.7053412184283328,399,0,2,2,0.5,0.0,403,4,403,0.5,0.4,40.300000000000004,0.75,0.23076923076923078,23.25,0.75,0.14285714285714285,14.392857142857142,0.75,0.07317073170731707,7.371951219512194,0.75,0.037037037037037035,3.7314814814814814,0.5748480243161094,0.9667919799498744,0.6666666666666666,1.0,0.5,0.75,0.073170731707317,0.024083322834149712,-0.08834586466165384,0.0,0.0,0.0,0.0,6.938893903907228e-17
cn7,1729,2,catboost,with_side,0.3797197025118596,inner_f1,0.5989313471502591,0.8784461152882206,0.00519297978632453,0.029444879029253444,0.6666666666666666,1.0,0.5,0.7053412184283328,399,0,2,2,0.5,0.0,403,4,403,0.5,0.4,40.300000000000004,0.75,0.23076923076923078,23.25,0.75,0.14285714285714285,14.392857142857142,0.75,0.07317073170731707,7.371951219512194,0.75,0.037037037037037035,3.7314814814814814,0.5748480243161094,0.9667919799498744,0.6666666666666666,1.0,0.5,0.75,0.073170731707317,0.024083322834149712,-0.08834586466165384,0.0,0.0,0.0,0.0,6.938893903907228e-17
cn7,1729,2,catboost_balanced,with_side,0.46440220212354333,fixed_0.5,0.5059523809523809,0.9536340852130326,0.018599419309180864,0.0654039915024589,0.35294117647058826,0.23076923076923078,0.75,0.4067363020210857,389,10,1,3,0.25,0.02506265664160401,403,4,403,0.5,0.4,40.300000000000004,0.75,0.23076923076923078,23.25,0.75,0.14285714285714285,14.392857142857142,0.75,0.07317073170731707,7.371951219512194,1.0,0.04938271604938271,4.9753086419753085,0.5653409090909091,0.9711779448621553,0.2222222222222222,0.1428571428571428,0.5,1.0,0.0975609756097561,-0.05938852813852813,-0.01754385964912264,0.13071895424836605,0.08791208791208799,0.25,-0.25,-0.024390243902439032
cn7,1729,2,catboost_balanced,with_side,0.46440220212354333,inner_f1,0.5059523809523809,0.9536340852130326,0.018599419309180864,0.0654039915024589,0.35294117647058826,0.23076923076923078,0.75,0.4067363020210857,389,10,1,3,0.25,0.02506265664160401,403,4,403,0.5,0.4,40.300000000000004,0.75,0.23076923076923078,23.25,0.75,0.14285714285714285,14.392857142857142,0.75,0.07317073170731707,7.371951219512194,1.0,0.04938271604938271,4.9753086419753085,0.5653409090909091,0.9711779448621553,0.5,0.5,0.5,1.0,0.0975609756097561,-0.05938852813852813,-0.01754385964912264,-0.14705882352941174,-0.2692307692307692,0.25,-0.25,-0.024390243902439032
cn7,1729,2,lightgbm,with_side,0.09923873382156514,fixed_0.5,0.39618055555555554,0.9536340852130326,0.008258370188190568,0.03463803547580908,0.0,0.0,0.0,0.0,399,0,4,0,1.0,0.0,403,4,399,0.25,0.2,20.150000000000002,0.75,0.23076923076923078,23.25,0.75,0.14285714285714285,14.392857142857142,0.75,0.07317073170731707,7.371951219512194,1.0,0.04938271604938271,4.9753086419753085,0.5660569105691057,0.9680451127819548,0.0,0.0,0.0,1.0,0.0975609756097561,-0.16987635501355014,-0.014411027568922208,0.0,0.0,0.0,-0.25,-0.024390243902439032
cn7,1729,2,lightgbm,with_side,0.09923873382156514,inner_f1,0.39618055555555554,0.9536340852130326,0.008258370188190568,0.03463803547580908,0.35294117647058826,0.23076923076923078,0.75,0.4067363020210857,389,10,1,3,0.25,0.02506265664160401,403,4,399,0.25,0.2,20.150000000000002,0.75,0.23076923076923078,23.25,0.75,0.14285714285714285,14.392857142857142,0.75,0.07317073170731707,7.371951219512194,1.0,0.04938271604938271,4.9753086419753085,0.5660569105691057,0.9680451127819548,0.1875,0.1071428571428571,0.75,1.0,0.0975609756097561,-0.16987635501355014,-0.014411027568922208,0.16544117647058826,0.12362637362637369,0.0,-0.25,-0.024390243902439032
cn7,1729,2,lightgbm_balanced,with_side,0.6112466189918768,fixed_0.5,0.4617003367003367,0.962406015037594,0.024074298442847118,0.08082263161422955,0.3333333333333333,0.21428571428571427,0.75,0.3910875991461791,388,11,1,3,0.25,0.02756892230576441,403,4,401,0.5,0.4,40.300000000000004,0.75,0.23076923076923078,23.25,0.75,0.14285714285714285,14.392857142857142,0.75,0.07317073170731707,7.371951219512194,1.0,0.04938271604938271,4.9753086419753085,0.575,0.974937343358396,0.2727272727272727,0.1666666666666666,0.75,1.0,0.0975609756097561,-0.11329966329966323,-0.012531328320801949,0.06060606060606061,0.04761904761904767,0.0,-0.25,-0.024390243902439032
cn7,1729,2,lightgbm_balanced,with_side,0.6112466189918768,inner_f1,0.4617003367003367,0.962406015037594,0.024074298442847118,0.08082263161422955,0.375,0.25,0.75,0.42426457861497946,390,9,1,3,0.25,0.022556390977443608,403,4,401,0.5,0.4,40.300000000000004,0.75,0.23076923076923078,23.25,0.75,0.14285714285714285,14.392857142857142,0.75,0.07317073170731707,7.371951219512194,1.0,0.04938271604938271,4.9753086419753085,0.575,0.974937343358396,0.2307692307692307,0.1363636363636363,0.75,1.0,0.0975609756097561,-0.11329966329966323,-0.012531328320801949,0.1442307692307693,0.1136363636363637,0.0,-0.25,-0.024390243902439032
cn7,2026,0,dummy_prior,with_side,0.5,fixed_0.5,0.009900990099009901,0.5,0.009841500450261992,0.056954406070195224,0.0,0.0,0.0,0.0,400,0,4,0,1.0,0.0,404,4,1,0.0,0.0,0.0,0.0,0.0,0.0,0.0,0.0,0.0,0.0,0.0,0.0,0.25,0.012345679012345678,1.2469135802469136,0.0099009900990099,0.5,0.0,0.0,0.0,0.0,0.0,1.734723475976807e-18,0.0,0.0,0.0,0.0,0.0,0.0
cn7,2026,0,dummy_prior,with_side,0.5,inner_f1,0.009900990099009901,0.5,0.009841500450261992,0.056954406070195224,0.0,0.0,0.0,0.0,400,0,4,0,1.0,0.0,404,4,1,0.0,0.0,0.0,0.0,0.0,0.0,0.0,0.0,0.0,0.0,0.0,0.0,0.25,0.012345679012345678,1.2469135802469136,0.0099009900990099,0.5,0.0,0.0,0.0,0.0,0.0,1.734723475976807e-18,0.0,0.0,0.0,0.0,0.0,0.0
cn7,2026,0,logistic,with_side,0.3121549263607828,fixed_0.5,0.5944940476190477,0.9812500000000001,0.006546676344978625,0.025368185392532414,0.5714285714285714,0.6666666666666666,0.5,0.5737467820463675,399,1,2,2,0.5,0.0025,404,4,404,0.5,0.4,40.4,0.5,0.15384615384615385,15.538461538461538,1.0,0.19047619047619047,19.238095238095237,1.0,0.0975609756097561,9.853658536585366,1.0,0.04938271604938271,4.987654320987654,0.6607142857142857,0.98375,0.6666666666666666,1.0,0.5,1.0,0.0975609756097561,-0.06622023809523803,-0.0024999999999999467,-0.09523809523809523,-0.33333333333333337,0.0,0.0,0.0
cn7,2026,0,logistic,with_side,0.3121549263607828,inner_f1,0.5944940476190477,0.9812500000000001,0.006546676344978625,0.025368185392532414,0.5,0.5,0.5,0.495,398,2,2,2,0.5,0.005,404,4,404,0.5,0.4,40.4,0.5,0.15384615384615385,15.538461538461538,1.0,0.19047619047619047,19.238095238095237,1.0,0.0975609756097561,9.853658536585366,1.0,0.04938271604938271,4.987654320987654,0.6607142857142857,0.98375,0.6666666666666666,1.0,0.5,1.0,0.0975609756097561,-0.06622023809523803,-0.0024999999999999467,-0.16666666666666663,-0.5,0.0,0.0,0.0
cn7,2026,0,logistic_balanced,with_side,0.9738546132663999,fixed_0.5,0.5416666666666666,0.985,0.028319820763183217,0.10031821526067375,0.2857142857142857,0.17647058823529413,0.75,0.352603070560364,386,14,1,3,0.25,0.035,404,4,404,0.5,0.4,40.4,0.75,0.23076923076923078,23.30769230769231,1.0,0.19047619047619047,19.238095238095237,1.0,0.0975609756097561,9.853658536585366,1.0,0.04938271604938271,4.987654320987654,0.675,0.98875,0.2666666666666666,0.1538461538461538,1.0,1.0,0.0975609756097561,-0.13333333333333341,-0.003750000000000031,0.01904761904761909,0.02262443438914033,-0.25,0.0,0.0
cn7,2026,0,logistic_balanced,with_side,0.9738546132663999,inner_f1,0.5416666666666666,0.985,0.028319820763183217,0.10031821526067375,0.5,0.5,0.5,0.495,398,2,2,2,0.5,0.005,404,4,404,0.5,0.4,40.4,0.75,0.23076923076923078,23.30769230769231,1.0,0.19047619047619047,19.238095238095237,1.0,0.0975609756097561,9.853658536585366,1.0,0.04938271604938271,4.987654320987654,0.675,0.98875,0.5,0.5,0.5,1.0,0.0975609756097561,-0.13333333333333341,-0.003750000000000031,0.0,0.0,0.0,0.0,0.0
cn7,2026,0,xgboost,with_side,0.02181209810078144,fixed_0.5,0.12596288515406162,0.9225,0.009294799031785761,0.04340507168160964,0.0,0.0,0.0,0.0,400,0,4,0,1.0,0.0,404,4,342,0.0,0.0,0.0,0.25,0.07692307692307693,7.769230769230769,0.75,0.14285714285714285,14.428571428571427,0.75,0.07317073170731707,7.390243902439024,0.75,0.037037037037037035,3.7407407407407405,0.1410412757973733,0.9275,0.0,0.0,0.0,0.75,0.073170731707317,-0.015078390643311679,-0.0050000000000000044,0.0,0.0,0.0,0.0,6.938893903907228e-17
cn7,2026,0,xgboost,with_side,0.02181209810078144,inner_f1,0.12596288515406162,0.9225,0.009294799031785761,0.04340507168160964,0.07692307692307693,0.04054054054054054,0.75,0.14654218155401869,329,71,1,3,0.25,0.1775,404,4,342,0.0,0.0,0.0,0.25,0.07692307692307693,7.769230769230769,0.75,0.14285714285714285,14.428571428571427,0.75,0.07317073170731707,7.390243902439024,0.75,0.037037037037037035,3.7407407407407405,0.1410412757973733,0.9275,0.073170731707317,0.0384615384615384,0.75,0.75,0.073170731707317,-0.015078390643311679,-0.0050000000000000044,0.003752345215759928,0.0020790020790021416,0.0,0.0,6.938893903907228e-17
cn7,2026,0,xgboost_balanced,with_side,0.15977796912193298,fixed_0.5,0.3181818181818182,0.96125,0.01441173912243609,0.05605269768542708,0.4,0.3333333333333333,0.5,0.40108729944432847,396,4,2,2,0.5,0.01,404,4,404,0.5,0.4,40.4,0.75,0.23076923076923078,23.30769230769231,0.75,0.14285714285714285,14.428571428571427,0.75,0.07317073170731707,7.390243902439024,1.0,0.04938271604938271,4.987654320987654,0.6339285714285714,0.98875,0.2857142857142857,0.2,0.5,1.0,0.0975609756097561,-0.3157467532467532,-0.02749999999999997,0.11428571428571432,0.1333333333333333,0.0,-0.25,-0.024390243902439032
cn7,2026,0,xgboost_balanced,with_side,0.15977796912193298,inner_f1,0.3181818181818182,0.96125,0.01441173912243609,0.05605269768542708,0.2222222222222222,0.13043478260869565,0.75,0.2991104770563539,380,20,1,3,0.25,0.05,404,4,404,0.5,0.4,40.4,0.75,0.23076923076923078,23.30769230769231,0.75,0.14285714285714285,14.428571428571427,0.75,0.07317073170731707,7.390243902439024,1.0,0.04938271604938271,4.987654320987654,0.6339285714285714,0.98875,0.2857142857142857,0.1666666666666666,1.0,1.0,0.0975609756097561,-0.3157467532467532,-0.02749999999999997,-0.06349206349206349,-0.03623188405797095,-0.25,-0.25,-0.024390243902439032
cn7,2026,0,extratrees,with_side,0.1814444444444444,fixed_0.5,0.5706570657065706,0.8484375000000001,0.006692499730259533,0.10558606270154526,0.5,0.5,0.5,0.495,398,2,2,2,0.5,0.005,404,4,51,0.5,0.4,40.4,0.75,0.23076923076923078,23.30769230769231,0.75,0.14285714285714285,14.428571428571427,0.75,0.07317073170731707,7.390243902439024,0.75,0.037037037037037035,3.7407407407407405,0.6125,0.985,0.6666666666666666,1.0,0.5,1.0,0.0975609756097561,-0.041842934293429446,-0.13656249999999992,-0.16666666666666663,-0.5,0.0,-0.25,-0.024390243902439032
cn7,2026,0,extratrees,with_side,0.1814444444444444,inner_f1,0.5706570657065706,0.8484375000000001,0.006692499730259533,0.10558606270154526,0.3333333333333333,0.25,0.5,0.34467449144157025,394,6,2,2,0.5,0.015,404,4,51,0.5,0.4,40.4,0.75,0.23076923076923078,23.30769230769231,0.75,0.14285714285714285,14.428571428571427,0.75,0.07317073170731707,7.390243902439024,0.75,0.037037037037037035,3.7407407407407405,0.6125,0.985,0.5,0.5,0.5,1.0,0.0975609756097561,-0.041842934293429446,-0.13656249999999992,-0.16666666666666669,-0.25,0.0,-0.25,-0.024390243902439032
cn7,2026,0,extratrees_balanced,with_side,0.3739734383689608,fixed_0.5,0.3395833333333333,0.9774999999999999,0.013811089466088465,0.047444264190194395,0.46153846153846156,0.3333333333333333,0.75,0.49309151331809503,394,6,1,3,0.25,0.015,404,4,72,0.5,0.4,40.4,0.75,0.23076923076923078,23.30769230769231,0.75,0.14285714285714285,14.428571428571427,1.0,0.0975609756097561,9.853658536585366,1.0,0.04938271604938271,4.987654320987654,0.6134615384615385,0.9825,0.4285714285714285,0.3,0.75,1.0,0.0975609756097561,-0.2738782051282052,-0.0050000000000001155,0.03296703296703307,0.033333333333333326,0.0,0.0,0.0
cn7,2026,0,extratrees_balanced,with_side,0.3739734383689608,inner_f1,0.3395833333333333,0.9774999999999999,0.013811089466088465,0.047444264190194395,0.4,0.2727272727272727,0.75,0.44410967421301006,392,8,1,3,0.25,0.02,404,4,72,0.5,0.4,40.4,0.75,0.23076923076923078,23.30769230769231,0.75,0.14285714285714285,14.428571428571427,1.0,0.0975609756097561,9.853658536585366,1.0,0.04938271604938271,4.987654320987654,0.6134615384615385,0.9825,0.2142857142857142,0.125,0.75,1.0,0.0975609756097561,-0.2738782051282052,-0.0050000000000001155,0.18571428571428583,0.1477272727272727,0.0,0.0,0.0
cn7,2026,0,catboost,with_side,0.03604431526010755,fixed_0.5,0.5674751243781094,0.8712500000000001,0.005040743958906129,0.029849346837564614,0.6666666666666666,1.0,0.5,0.7053456158585982,400,0,2,2,0.5,0.0,404,4,404,0.5,0.4,40.4,0.75,0.23076923076923078,23.30769230769231,0.75,0.14285714285714285,14.428571428571427,0.75,0.07317073170731707,7.390243902439024,0.75,0.037037037037037035,3.7407407407407405,0.5696022727272727,0.9675,0.6666666666666666,1.0,0.5,0.75,0.073170731707317,-0.002127148349163277,-0.09624999999999995,0.0,0.0,0.0,0.0,6.938893903907228e-17
cn7,2026,0,catboost,with_side,0.03604431526010755,inner_f1,0.5674751243781094,0.8712500000000001,0.005040743958906129,0.029849346837564614,0.23076923076923078,0.13636363636363635,0.75,0.3065231627623799,381,19,1,3,0.25,0.0475,404,4,404,0.5,0.4,40.4,0.75,0.23076923076923078,23.30769230769231,0.75,0.14285714285714285,14.428571428571427,0.75,0.07317073170731707,7.390243902439024,0.75,0.037037037037037035,3.7407407407407405,0.5696022727272727,0.9675,0.6666666666666666,1.0,0.5,0.75,0.073170731707317,-0.002127148349163277,-0.09624999999999995,-0.43589743589743585,-0.8636363636363636,0.25,0.0,6.938893903907228e-17
cn7,2026,0,catboost_balanced,with_side,0.3650391099556295,fixed_0.5,0.6201298701298701,0.951875,0.014971408695858321,0.05646538685302996,0.46153846153846156,0.3333333333333333,0.75,0.49309151331809503,394,6,1,3,0.25,0.015,404,4,404,0.5,0.4,40.4,0.75,0.23076923076923078,23.30769230769231,0.75,0.14285714285714285,14.428571428571427,0.75,0.07317073170731707,7.390243902439024,1.0,0.04938271604938271,4.987654320987654,0.6107142857142858,0.98125,0.4285714285714285,0.3,0.75,1.0,0.0975609756097561,0.009415584415584322,-0.02937499999999993,0.03296703296703307,0.033333333333333326,0.0,-0.25,-0.024390243902439032
cn7,2026,0,catboost_balanced,with_side,0.3650391099556295,inner_f1,0.6201298701298701,0.951875,0.014971408695858321,0.05646538685302996,0.375,0.25,0.75,0.4242866161606576,391,9,1,3,0.25,0.0225,404,4,404,0.5,0.4,40.4,0.75,0.23076923076923078,23.30769230769231,0.75,0.14285714285714285,14.428571428571427,0.75,0.07317073170731707,7.390243902439024,1.0,0.04938271604938271,4.987654320987654,0.6107142857142858,0.98125,0.375,0.25,0.75,1.0,0.0975609756097561,0.009415584415584322,-0.02937499999999993,0.0,0.0,0.0,-0.25,-0.024390243902439032
cn7,2026,0,lightgbm,with_side,0.033535820679137206,fixed_0.5,0.32382246376811596,0.9675,0.008144314547306315,0.03292191307781579,0.0,0.0,0.0,0.0,400,0,4,0,1.0,0.0,404,4,401,0.25,0.2,20.2,0.75,0.23076923076923078,23.30769230769231,0.75,0.14285714285714285,14.428571428571427,0.75,0.07317073170731707,7.390243902439024,1.0,0.04938271604938271,4.987654320987654,0.592032967032967,0.98,0.0,0.0,0.0,1.0,0.0975609756097561,-0.2682105032648511,-0.012499999999999956,0.0,0.0,0.0,-0.25,-0.024390243902439032
cn7,2026,0,lightgbm,with_side,0.033535820679137206,inner_f1,0.32382246376811596,0.9675,0.008144314547306315,0.03292191307781579,0.25,0.15,0.75,0.32292809119575416,383,17,1,3,0.25,0.0425,404,4,401,0.25,0.2,20.2,0.75,0.23076923076923078,23.30769230769231,0.75,0.14285714285714285,14.428571428571427,0.75,0.07317073170731707,7.390243902439024,1.0,0.04938271604938271,4.987654320987654,0.592032967032967,0.98,0.2,0.1111111111111111,1.0,1.0,0.0975609756097561,-0.2682105032648511,-0.012499999999999956,0.04999999999999999,0.03888888888888889,-0.25,-0.25,-0.024390243902439032
cn7,2026,0,lightgbm_balanced,with_side,0.29236041105426114,fixed_0.5,0.6298701298701299,0.9725,0.014298389595745128,0.05544662061388944,0.5,0.375,0.75,0.5241184277075424,395,5,1,3,0.25,0.0125,404,4,404,0.5,0.4,40.4,0.75,0.23076923076923078,23.30769230769231,0.75,0.14285714285714285,14.428571428571427,0.75,0.07317073170731707,7.390243902439024,1.0,0.04938271604938271,4.987654320987654,0.6125,0.985,0.2857142857142857,0.2,0.5,1.0,0.0975609756097561,0.01737012987012987,-0.012499999999999956,0.2142857142857143,0.175,0.25,-0.25,-0.024390243902439032
cn7,2026,0,lightgbm_balanced,with_side,0.29236041105426114,inner_f1,0.6298701298701299,0.9725,0.014298389595745128,0.05544662061388944,0.3333333333333333,0.21428571428571427,0.75,0.39111234251665394,389,11,1,3,0.25,0.0275,404,4,404,0.5,0.4,40.4,0.75,0.23076923076923078,23.30769230769231,0.75,0.14285714285714285,14.428571428571427,0.75,0.07317073170731707,7.390243902439024,1.0,0.04938271604938271,4.987654320987654,0.6125,0.985,0.3076923076923077,0.1818181818181818,1.0,1.0,0.0975609756097561,0.01737012987012987,-0.012499999999999956,0.025641025641025605,0.03246753246753248,-0.25,-0.25,-0.024390243902439032
cn7,2026,1,dummy_prior,with_side,0.5,fixed_0.5,0.01485148514851485,0.5,0.014632408777838304,0.0773141445005066,0.0,0.0,0.0,0.0,398,0,6,0,1.0,0.0,404,6,1,0.0,0.0,0.0,0.0,0.0,0.0,0.0,0.0,0.0,0.16666666666666666,0.024390243902439025,1.6422764227642277,0.3333333333333333,0.024691358024691357,1.662551440329218,0.0148514851485148,0.5,0.0,0.0,0.0,0.1666666666666666,0.024390243902439,5.0306980803327406e-17,0.0,0.0,0.0,0.0,5.551115123125783e-17,2.42861286636753e-17
cn7,2026,1,dummy_prior,with_side,0.5,inner_f1,0.01485148514851485,0.5,0.014632408777838304,0.0773141445005066,0.0,0.0,0.0,0.0,398,0,6,0,1.0,0.0,404,6,1,0.0,0.0,0.0,0.0,0.0,0.0,0.0,0.0,0.0,0.16666666666666666,0.024390243902439025,1.6422764227642277,0.3333333333333333,0.024691358024691357,1.662551440329218,0.0148514851485148,0.5,0.0,0.0,0.0,0.1666666666666666,0.024390243902439,5.0306980803327406e-17,0.0,0.0,0.0,0.0,5.551115123125783e-17,2.42861286636753e-17
cn7,2026,1,logistic,with_side,0.8889447465071421,fixed_0.5,0.5417171717171717,0.9602177554438861,0.009265834509227727,0.03974458790983071,0.5,1.0,0.3333333333333333,0.5744706987722934,398,0,4,2,0.6666666666666666,0.0,404,6,404,0.5,0.6,40.4,0.5,0.23076923076923078,15.53846153846154,0.6666666666666666,0.19047619047619047,12.825396825396826,0.6666666666666666,0.0975609756097561,6.569105691056911,1.0,0.07407407407407407,4.987654320987654,0.4754544290834613,0.9463986599664992,0.5,1.0,0.3333333333333333,0.6666666666666666,0.0975609756097561,0.0662627426337104,0.013819095477386911,0.0,0.0,0.0,0.0,0.0
cn7,2026,1,logistic,with_side,0.8889447465071421,inner_f1,0.5417171717171717,0.9602177554438861,0.009265834509227727,0.03974458790983071,0.5,1.0,0.3333333333333333,0.5744706987722934,398,0,4,2,0.6666666666666666,0.0,404,6,404,0.5,0.6,40.4,0.5,0.23076923076923078,15.53846153846154,0.6666666666666666,0.19047619047619047,12.825396825396826,0.6666666666666666,0.0975609756097561,6.569105691056911,1.0,0.07407407407407407,4.987654320987654,0.4754544290834613,0.9463986599664992,0.5,1.0,0.3333333333333333,0.6666666666666666,0.0975609756097561,0.0662627426337104,0.013819095477386911,0.0,0.0,0.0,0.0,0.0
cn7,2026,1,logistic_balanced,with_side,0.9942240785564145,fixed_0.5,0.5444255800792303,0.9644053601340035,0.03030265852154252,0.1009819276414111,0.3333333333333333,0.2222222222222222,0.6666666666666666,0.3702152253337167,384,14,2,4,0.3333333333333333,0.035175879396984924,404,6,404,0.5,0.6,40.4,0.6666666666666666,0.3076923076923077,20.71794871794872,0.6666666666666666,0.19047619047619047,12.825396825396826,0.8333333333333334,0.12195121951219512,8.211382113821138,1.0,0.07407407407407407,4.987654320987654,0.4594911469911469,0.9472361809045228,0.2352941176470588,0.1428571428571428,0.6666666666666666,0.6666666666666666,0.0975609756097561,0.08493443308808335,0.01716917922948069,0.09803921568627452,0.07936507936507942,0.0,0.16666666666666674,0.02439024390243902
cn7,2026,1,logistic_balanced,with_side,0.9942240785564145,inner_f1,0.5444255800792303,0.9644053601340035,0.03030265852154252,0.1009819276414111,0.5,1.0,0.3333333333333333,0.5744706987722934,398,0,4,2,0.6666666666666666,0.0,404,6,404,0.5,0.6,40.4,0.6666666666666666,0.3076923076923077,20.71794871794872,0.6666666666666666,0.19047619047619047,12.825396825396826,0.8333333333333334,0.12195121951219512,8.211382113821138,1.0,0.07407407407407407,4.987654320987654,0.4594911469911469,0.9472361809045228,0.5,1.0,0.3333333333333333,0.6666666666666666,0.0975609756097561,0.08493443308808335,0.01716917922948069,0.0,0.0,0.0,0.16666666666666674,0.02439024390243902
cn7,2026,1,xgboost,with_side,0.018093667924404144,fixed_0.5,0.08963048832419805,0.8919597989949749,0.014597621850950942,0.06772062618761156,0.0,0.0,0.0,0.0,398,0,6,0,1.0,0.0,404,6,168,0.16666666666666666,0.2,13.466666666666669,0.16666666666666666,0.07692307692307693,5.17948717948718,0.16666666666666666,0.047619047619047616,3.2063492063492065,0.3333333333333333,0.04878048780487805,3.2845528455284554,1.0,0.07407407407407407,4.987654320987654,0.0816148566148566,0.8919597989949748,0.0,0.0,0.0,0.3333333333333333,0.048780487804878,0.008015631709341456,1.1102230246251565e-16,0.0,0.0,0.0,0.0,4.85722573273506e-17
cn7,2026,1,xgboost,with_side,0.018093667924404144,inner_f1,0.08963048832419805,0.8919597989949749,0.014597621850950942,0.06772062618761156,0.11940298507462686,0.06557377049180328,0.6666666666666666,0.17684014985331917,341,57,2,4,0.3333333333333333,0.14321608040201006,404,6,168,0.16666666666666666,0.2,13.466666666666669,0.16666666666666666,0.07692307692307693,5.17948717948718,0.16666666666666666,0.047619047619047616,3.2063492063492065,0.3333333333333333,0.04878048780487805,3.2845528455284554,1.0,0.07407407407407407,4.987654320987654,0.0816148566148566,0.8919597989949748,0.1379310344827586,0.0769230769230769,0.6666666666666666,0.3333333333333333,0.048780487804878,0.008015631709341456,1.1102230246251565e-16,-0.018528049408131728,-0.011349306431273617,0.0,0.0,4.85722573273506e-17
cn7,2026,1,xgboost_balanced,with_side,0.19014470279216766,fixed_0.5,0.34139670637007236,0.9401172529313233,0.03509459827931361,0.10558409619149088,0.1935483870967742,0.12,0.5,0.2232635089973766,376,22,3,3,0.5,0.05527638190954774,404,6,404,0.3333333333333333,0.4,26.933333333333337,0.5,0.23076923076923078,15.53846153846154,0.5,0.14285714285714285,9.619047619047619,0.8333333333333334,0.12195121951219512,8.211382113821138,0.8333333333333334,0.06172839506172839,4.156378600823046,0.4041843877370193,0.9195979899497486,0.1875,0.1153846153846153,0.5,0.8333333333333334,0.1219512195121951,-0.06278768136694696,0.020519262981574693,0.006048387096774188,0.004615384615384702,0.0,0.0,1.3877787807814457e-17
cn7,2026,1,xgboost_balanced,with_side,0.19014470279216766,inner_f1,0.34139670637007236,0.9401172529313233,0.03509459827931361,0.10558409619149088,0.16666666666666666,0.1,0.5,0.19937289155870674,371,27,3,3,0.5,0.0678391959798995,404,6,404,0.3333333333333333,0.4,26.933333333333337,0.5,0.23076923076923078,15.53846153846154,0.5,0.14285714285714285,9.619047619047619,0.8333333333333334,0.12195121951219512,8.211382113821138,0.8333333333333334,0.06172839506172839,4.156378600823046,0.4041843877370193,0.9195979899497486,0.1764705882352941,0.1071428571428571,0.5,0.8333333333333334,0.1219512195121951,-0.06278768136694696,0.020519262981574693,-0.009803921568627444,-0.00714285714285709,0.0,0.0,1.3877787807814457e-17
cn7,2026,1,extratrees,with_side,0.16333333333333333,fixed_0.5,0.46839826839826837,0.9690117252931323,0.011059328516845728,0.040606823194929025,0.5,1.0,0.3333333333333333,0.5744706987722934,398,0,4,2,0.6666666666666666,0.0,404,6,84,0.3333333333333333,0.4,26.933333333333337,0.3333333333333333,0.15384615384615385,10.35897435897436,0.6666666666666666,0.19047619047619047,12.825396825396826,1.0,0.14634146341463414,9.853658536585366,1.0,0.07407407407407407,4.987654320987654,0.4081701631701631,0.9413735343383584,0.5,1.0,0.3333333333333333,0.6666666666666666,0.0975609756097561,0.06022810522810529,0.027638190954773934,0.0,0.0,0.0,0.33333333333333337,0.04878048780487804
cn7,2026,1,extratrees,with_side,0.16333333333333333,inner_f1,0.46839826839826837,0.9690117252931323,0.011059328516845728,0.040606823194929025,0.21052631578947367,0.15384615384615385,0.3333333333333333,0.20952972550411672,387,11,4,2,0.6666666666666666,0.02763819095477387,404,6,84,0.3333333333333333,0.4,26.933333333333337,0.3333333333333333,0.15384615384615385,10.35897435897436,0.6666666666666666,0.19047619047619047,12.825396825396826,1.0,0.14634146341463414,9.853658536585366,1.0,0.07407407407407407,4.987654320987654,0.4081701631701631,0.9413735343383584,0.5,1.0,0.3333333333333333,0.6666666666666666,0.0975609756097561,0.06022810522810529,0.027638190954773934,-0.2894736842105263,-0.8461538461538461,0.0,0.33333333333333337,0.04878048780487804
cn7,2026,1,extratrees_balanced,with_side,0.12445282098884396,fixed_0.5,0.15740201532884457,0.9438860971524288,0.029960435494192302,0.08957962471890292,0.25,0.16666666666666666,0.5,0.27103289706128864,383,15,3,3,0.5,0.03768844221105527,404,6,68,0.0,0.0,0.0,0.3333333333333333,0.15384615384615385,10.35897435897436,0.5,0.14285714285714285,9.619047619047619,0.8333333333333334,0.12195121951219512,8.211382113821138,1.0,0.07407407407407407,4.987654320987654,0.1338880925837447,0.940536013400335,0.2307692307692307,0.15,0.5,0.6666666666666666,0.0975609756097561,0.023513922745099863,0.00335008375209378,0.0192307692307693,0.016666666666666663,0.0,0.16666666666666674,0.02439024390243902
cn7,2026,1,extratrees_balanced,with_side,0.12445282098884396,inner_f1,0.15740201532884457,0.9438860971524288,0.029960435494192302,0.08957962471890292,0.17391304347826086,0.1,0.6666666666666666,0.23335686687935484,362,36,2,4,0.3333333333333333,0.09045226130653267,404,6,68,0.0,0.0,0.0,0.3333333333333333,0.15384615384615385,10.35897435897436,0.5,0.14285714285714285,9.619047619047619,0.8333333333333334,0.12195121951219512,8.211382113821138,1.0,0.07407407407407407,4.987654320987654,0.1338880925837447,0.940536013400335,0.1818181818181818,0.1052631578947368,0.6666666666666666,0.6666666666666666,0.0975609756097561,0.023513922745099863,0.00335008375209378,-0.00790513833992093,-0.005263157894736789,0.0,0.16666666666666674,0.02439024390243902
cn7,2026,1,catboost,with_side,0.1670126068478954,fixed_0.5,0.45451770451770446,0.9484924623115578,0.010547817165381997,0.045624387601454645,0.2857142857142857,1.0,0.16666666666666666,0.4057078283915617,398,0,5,1,0.8333333333333334,0.0,404,6,404,0.3333333333333333,0.4,26.933333333333337,0.5,0.23076923076923078,15.53846153846154,0.6666666666666666,0.19047619047619047,12.825396825396826,0.6666666666666666,0.0975609756097561,6.569105691056911,1.0,0.07407407407407407,4.987654320987654,0.3986286536972512,0.9229480737018426,0.5,1.0,0.3333333333333333,0.6666666666666666,0.0975609756097561,0.05588905082045326,0.025544388609715196,-0.2142857142857143,0.0,-0.16666666666666666,0.0,0.0
cn7,2026,1,catboost,with_side,0.1670126068478954,inner_f1,0.45451770451770446,0.9484924623115578,0.010547817165381997,0.045624387601454645,0.2857142857142857,0.25,0.3333333333333333,0.27631460743039,392,6,4,2,0.6666666666666666,0.01507537688442211,404,6,404,0.3333333333333333,0.4,26.933333333333337,0.5,0.23076923076923078,15.53846153846154,0.6666666666666666,0.19047619047619047,12.825396825396826,0.6666666666666666,0.0975609756097561,6.569105691056911,1.0,0.07407407407407407,4.987654320987654,0.3986286536972512,0.9229480737018426,0.4,0.5,0.3333333333333333,0.6666666666666666,0.0975609756097561,0.05588905082045326,0.025544388609715196,-0.11428571428571432,-0.25,0.0,0.0,0.0
cn7,2026,1,catboost_balanced,with_side,0.6031646821477011,fixed_0.5,0.2591824479079381,0.9644053601340034,0.02375344027393969,0.07446601909078536,0.2857142857142857,0.2,0.5,0.30057666777123393,386,12,3,3,0.5,0.03015075376884422,404,6,404,0.16666666666666666,0.2,13.466666666666669,0.5,0.23076923076923078,15.53846153846154,0.6666666666666666,0.19047619047619047,12.825396825396826,1.0,0.14634146341463414,9.853658536585366,1.0,0.07407407407407407,4.987654320987654,0.1967314118629908,0.9472361809045226,0.2,0.1428571428571428,0.3333333333333333,1.0,0.1463414634146341,0.06245103604494728,0.017169179229480802,0.08571428571428569,0.05714285714285722,0.16666666666666669,0.0,2.7755575615628914e-17
cn7,2026,1,catboost_balanced,with_side,0.6031646821477011,inner_f1,0.2591824479079381,0.9644053601340034,0.02375344027393969,0.07446601909078536,0.23529411764705882,0.18181818181818182,0.3333333333333333,0.23093732250541646,389,9,4,2,0.6666666666666666,0.022613065326633167,404,6,404,0.16666666666666666,0.2,13.466666666666669,0.5,0.23076923076923078,15.53846153846154,0.6666666666666666,0.19047619047619047,12.825396825396826,1.0,0.14634146341463414,9.853658536585366,1.0,0.07407407407407407,4.987654320987654,0.1967314118629908,0.9472361809045226,0.25,0.2,0.3333333333333333,1.0,0.1463414634146341,0.06245103604494728,0.017169179229480802,-0.01470588235294118,-0.018181818181818188,0.0,0.0,2.7755575615628914e-17
cn7,2026,1,lightgbm,with_side,0.03819454664648241,fixed_0.5,0.1382741945944193,0.9246231155778895,0.01409715334211926,0.05831665098353512,0.0,0.0,0.0,0.0,398,0,6,0,1.0,0.0,404,6,382,0.16666666666666666,0.2,13.466666666666669,0.3333333333333333,0.15384615384615385,10.35897435897436,0.3333333333333333,0.09523809523809523,6.412698412698413,0.6666666666666666,0.0975609756097561,6.569105691056911,0.8333333333333334,0.06172839506172839,4.156378600823046,0.1102838338132455,0.9112227805695142,0.0,0.0,0.0,0.6666666666666666,0.0975609756097561,0.027990360781173812,0.01340033500837523,0.0,0.0,0.0,0.0,0.0
cn7,2026,1,lightgbm,with_side,0.03819454664648241,inner_f1,0.1382741945944193,0.9246231155778895,0.01409715334211926,0.05831665098353512,0.2,0.11764705882352941,0.6666666666666666,0.2576185995000584,368,30,2,4,0.3333333333333333,0.07537688442211055,404,6,382,0.16666666666666666,0.2,13.466666666666669,0.3333333333333333,0.15384615384615385,10.35897435897436,0.3333333333333333,0.09523809523809523,6.412698412698413,0.6666666666666666,0.0975609756097561,6.569105691056911,0.8333333333333334,0.06172839506172839,4.156378600823046,0.1102838338132455,0.9112227805695142,0.1666666666666666,0.1,0.5,0.6666666666666666,0.0975609756097561,0.027990360781173812,0.01340033500837523,0.03333333333333341,0.017647058823529405,0.16666666666666663,0.0,0.0
cn7,2026,1,lightgbm_balanced,with_side,0.33320785840307326,fixed_0.5,0.24486088262642158,0.9338358458961474,0.040459986126846356,0.12056504477729248,0.1875,0.11538461538461539,0.5,0.21797876268590405,375,23,3,3,0.5,0.05778894472361809,404,6,394,0.3333333333333333,0.4,26.933333333333337,0.5,0.23076923076923078,15.53846153846154,0.5,0.14285714285714285,9.619047619047619,0.8333333333333334,0.12195121951219512,8.211382113821138,0.8333333333333334,0.06172839506172839,4.156378600823046,0.4063087406015037,0.9137353433835846,0.1875,0.1153846153846153,0.5,0.6666666666666666,0.0975609756097561,-0.1614478579750821,0.02010050251256279,0.0,9.71445146547012e-17,0.0,0.16666666666666674,0.02439024390243902
cn7,2026,1,lightgbm_balanced,with_side,0.33320785840307326,inner_f1,0.24486088262642158,0.9338358458961474,0.040459986126846356,0.12056504477729248,0.21621621621621623,0.12903225806451613,0.6666666666666666,0.2721345064068116,371,27,2,4,0.3333333333333333,0.0678391959798995,404,6,394,0.3333333333333333,0.4,26.933333333333337,0.5,0.23076923076923078,15.53846153846154,0.5,0.14285714285714285,9.619047619047619,0.8333333333333334,0.12195121951219512,8.211382113821138,0.8333333333333334,0.06172839506172839,4.156378600823046,0.4063087406015037,0.9137353433835846,0.1818181818181818,0.1052631578947368,0.6666666666666666,0.6666666666666666,0.0975609756097561,-0.1614478579750821,0.02010050251256279,0.03439803439803443,0.02376910016977933,0.0,0.16666666666666674,0.02439024390243902
cn7,2026,2,dummy_prior,with_side,0.5,fixed_0.5,0.017369727047146403,0.5,0.017092954566075482,0.08852458894024531,0.0,0.0,0.0,0.0,396,0,7,0,1.0,0.0,403,7,1,0.0,0.0,0.0,0.0,0.0,0.0,0.0,0.0,0.0,0.0,0.0,0.0,0.0,0.0,0.0,0.0173697270471464,0.5,0.0,0.0,0.0,0.0,0.0,3.469446951953614e-18,0.0,0.0,0.0,0.0,0.0,0.0
cn7,2026,2,dummy_prior,with_side,0.5,inner_f1,0.017369727047146403,0.5,0.017092954566075482,0.08852458894024531,0.0,0.0,0.0,0.0,396,0,7,0,1.0,0.0,403,7,1,0.0,0.0,0.0,0.0,0.0,0.0,0.0,0.0,0.0,0.0,0.0,0.0,0.0,0.0,0.0,0.0173697270471464,0.5,0.0,0.0,0.0,0.0,0.0,3.469446951953614e-18,0.0,0.0,0.0,0.0,0.0,0.0
cn7,2026,2,logistic,with_side,0.8576885136553111,fixed_0.5,0.5016180235535075,0.9675324675324676,0.011840326050893135,0.04838920249266703,0.4444444444444444,1.0,0.2857142857142857,0.531179596227605,396,0,5,2,0.7142857142857143,0.0,403,7,403,0.2857142857142857,0.4,23.02857142857143,0.5714285714285714,0.3076923076923077,17.714285714285715,0.7142857142857143,0.23809523809523808,13.707482993197278,0.8571428571428571,0.14634146341463414,8.425087108013937,1.0,0.08641975308641975,4.9753086419753085,0.4336423301715052,0.9518398268398268,0.4444444444444444,1.0,0.2857142857142857,0.7142857142857143,0.1219512195121951,0.06797569338200227,0.015692640692640758,0.0,0.0,0.0,0.1428571428571428,0.024390243902439032
cn7,2026,2,logistic,with_side,0.8576885136553111,inner_f1,0.5016180235535075,0.9675324675324676,0.011840326050893135,0.04838920249266703,0.4444444444444444,1.0,0.2857142857142857,0.531179596227605,396,0,5,2,0.7142857142857143,0.0,403,7,403,0.2857142857142857,0.4,23.02857142857143,0.5714285714285714,0.3076923076923077,17.714285714285715,0.7142857142857143,0.23809523809523808,13.707482993197278,0.8571428571428571,0.14634146341463414,8.425087108013937,1.0,0.08641975308641975,4.9753086419753085,0.4336423301715052,0.9518398268398268,0.4444444444444444,1.0,0.2857142857142857,0.7142857142857143,0.1219512195121951,0.06797569338200227,0.015692640692640758,0.0,0.0,0.0,0.1428571428571428,0.024390243902439032
cn7,2026,2,logistic_balanced,with_side,0.9946573404312565,fixed_0.5,0.5291401409048468,0.9473304473304474,0.021987773508290336,0.08151630266811327,0.47619047619047616,0.35714285714285715,0.7142857142857143,0.49338584019591275,387,9,2,5,0.2857142857142857,0.022727272727272728,403,7,403,0.42857142857142855,0.6,34.54285714285714,0.7142857142857143,0.38461538461538464,22.142857142857142,0.7142857142857143,0.23809523809523808,13.707482993197278,0.7142857142857143,0.12195121951219512,7.020905923344947,0.8571428571428571,0.07407407407407407,4.264550264550264,0.4225943127301165,0.9139610389610388,0.3478260869565217,0.25,0.5714285714285714,0.7142857142857143,0.1219512195121951,0.10654582817473035,0.033369408369408604,0.1283643892339545,0.10714285714285715,0.1428571428571429,0.0,1.3877787807814457e-17
cn7,2026,2,logistic_balanced,with_side,0.9946573404312565,inner_f1,0.5291401409048468,0.9473304473304474,0.021987773508290336,0.08151630266811327,0.4444444444444444,1.0,0.2857142857142857,0.531179596227605,396,0,5,2,0.7142857142857143,0.0,403,7,403,0.42857142857142855,0.6,34.54285714285714,0.7142857142857143,0.38461538461538464,22.142857142857142,0.7142857142857143,0.23809523809523808,13.707482993197278,0.7142857142857143,0.12195121951219512,7.020905923344947,0.8571428571428571,0.07407407407407407,4.264550264550264,0.4225943127301165,0.9139610389610388,0.0,0.0,0.0,0.7142857142857143,0.1219512195121951,0.10654582817473035,0.033369408369408604,0.4444444444444444,1.0,0.2857142857142857,0.0,1.3877787807814457e-17
cn7,2026,2,xgboost,with_side,0.03274064138531685,fixed_0.5,0.31283731441294466,0.9783549783549783,0.015870725079985836,0.063465771499649,0.0,0.0,0.0,0.0,396,0,7,0,1.0,0.0,403,7,169,0.14285714285714285,0.2,11.514285714285714,0.42857142857142855,0.23076923076923078,13.285714285714286,1.0,0.3333333333333333,19.19047619047619,1.0,0.17073170731707318,9.829268292682928,1.0,0.08641975308641975,4.9753086419753085,0.2665429808286951,0.9738455988455988,0.0,0.0,0.0,1.0,0.1707317073170731,0.04629433358424956,0.004509379509379463,0.0,0.0,0.0,0.0,8.326672684688674e-17
cn7,2026,2,xgboost,with_side,0.03274064138531685,inner_f1,0.31283731441294466,0.9783549783549783,0.015870725079985836,0.063465771499649,0.30434782608695654,0.1794871794871795,1.0,0.4061811972299616,364,32,0,7,0.0,0.08080808080808081,403,7,169,0.14285714285714285,0.2,11.514285714285714,0.42857142857142855,0.23076923076923078,13.285714285714286,1.0,0.3333333333333333,19.19047619047619,1.0,0.17073170731707318,9.829268292682928,1.0,0.08641975308641975,4.9753086419753085,0.2665429808286951,0.9738455988455988,0.2456140350877192,0.14,1.0,1.0,0.1707317073170731,0.04629433358424956,0.004509379509379463,0.05873379099923734,0.039487179487179475,0.0,0.0,8.326672684688674e-17
cn7,2026,2,xgboost_balanced,with_side,0.12202323228120804,fixed_0.5,0.6155753968253967,0.9808802308802309,0.01265333878696636,0.047207112575940936,0.42857142857142855,0.42857142857142855,0.42857142857142855,0.4184704184704185,392,4,4,3,0.5714285714285714,0.010101010101010102,403,7,403,0.42857142857142855,0.6,34.54285714285714,0.5714285714285714,0.3076923076923077,17.714285714285715,0.8571428571428571,0.2857142857142857,16.448979591836732,1.0,0.17073170731707318,9.829268292682928,1.0,0.08641975308641975,4.9753086419753085,0.5736394557823129,0.978896103896104,0.4,0.375,0.4285714285714285,1.0,0.1707317073170731,0.041935941043083846,0.001984126984126866,0.028571428571428525,0.05357142857142855,5.551115123125783e-17,0.0,8.326672684688674e-17
cn7,2026,2,xgboost_balanced,with_side,0.12202323228120804,inner_f1,0.6155753968253967,0.9808802308802309,0.01265333878696636,0.047207112575940936,0.34285714285714286,0.21428571428571427,0.8571428571428571,0.41186301283973903,374,22,1,6,0.14285714285714285,0.05555555555555555,403,7,403,0.42857142857142855,0.6,34.54285714285714,0.5714285714285714,0.3076923076923077,17.714285714285715,0.8571428571428571,0.2857142857142857,16.448979591836732,1.0,0.17073170731707318,9.829268292682928,1.0,0.08641975308641975,4.9753086419753085,0.5736394557823129,0.978896103896104,0.2745098039215686,0.1590909090909091,1.0,1.0,0.1707317073170731,0.041935941043083846,0.001984126984126866,0.06834733893557426,0.055194805194805185,-0.1428571428571429,0.0,8.326672684688674e-17
cn7,2026,2,extratrees,with_side,0.37222222222222273,fixed_0.5,0.6337535014005602,0.9862914862914862,0.010817440665600635,0.038452608821356794,0.4444444444444444,1.0,0.2857142857142857,0.531179596227605,396,0,5,2,0.7142857142857143,0.0,403,7,76,0.42857142857142855,0.6,34.54285714285714,0.5714285714285714,0.3076923076923077,17.714285714285715,1.0,0.3333333333333333,19.19047619047619,1.0,0.17073170731707318,9.829268292682928,1.0,0.08641975308641975,4.9753086419753085,0.5497452738832049,0.979978354978355,0.4444444444444444,1.0,0.2857142857142857,1.0,0.1707317073170731,0.08400822751735526,0.0063131313131312705,0.0,0.0,0.0,0.0,8.326672684688674e-17
cn7,2026,2,extratrees,with_side,0.37222222222222273,inner_f1,0.6337535014005602,0.9862914862914862,0.010817440665600635,0.038452608821356794,0.4444444444444444,1.0,0.2857142857142857,0.531179596227605,396,0,5,2,0.7142857142857143,0.0,403,7,76,0.42857142857142855,0.6,34.54285714285714,0.5714285714285714,0.3076923076923077,17.714285714285715,1.0,0.3333333333333333,19.19047619047619,1.0,0.17073170731707318,9.829268292682928,1.0,0.08641975308641975,4.9753086419753085,0.5497452738832049,0.979978354978355,0.4444444444444444,1.0,0.2857142857142857,1.0,0.1707317073170731,0.08400822751735526,0.0063131313131312705,0.0,0.0,0.0,0.0,8.326672684688674e-17
cn7,2026,2,extratrees_balanced,with_side,0.019608558722949865,fixed_0.5,0.16763922352157645,0.9478715728715729,0.028732092070215466,0.08779372236761906,0.09090909090909091,0.06666666666666667,0.14285714285714285,0.07419218453953413,382,14,6,1,0.8571428571428571,0.03535353535353535,403,7,36,0.0,0.0,0.0,0.14285714285714285,0.07692307692307693,4.428571428571429,0.5714285714285714,0.19047619047619047,10.965986394557822,0.8571428571428571,0.14634146341463414,8.425087108013937,1.0,0.08641975308641975,4.9753086419753085,0.1515248317017083,0.9363275613275612,0.0952380952380952,0.0714285714285714,0.1428571428571428,0.7142857142857143,0.1219512195121951,0.01611439181986815,0.011544011544011634,-0.0043290043290042934,-0.004761904761904731,5.551115123125783e-17,0.1428571428571428,0.024390243902439032
cn7,2026,2,extratrees_balanced,with_side,0.019608558722949865,inner_f1,0.16763922352157645,0.9478715728715729,0.028732092070215466,0.08779372236761906,0.3125,0.2,0.7142857142857143,0.3595053069872575,376,20,2,5,0.2857142857142857,0.050505050505050504,403,7,36,0.0,0.0,0.0,0.14285714285714285,0.07692307692307693,4.428571428571429,0.5714285714285714,0.19047619047619047,10.965986394557822,0.8571428571428571,0.14634146341463414,8.425087108013937,1.0,0.08641975308641975,4.9753086419753085,0.1515248317017083,0.9363275613275612,0.3448275862068966,0.2272727272727272,0.7142857142857143,0.7142857142857143,0.1219512195121951,0.01611439181986815,0.011544011544011634,-0.032327586206896575,-0.0272727272727272,0.0,0.1428571428571428,0.024390243902439032
cn7,2026,2,catboost,with_side,0.2460004800747035,fixed_0.5,0.5347779032561641,0.9783549783549783,0.01181766659414267,0.04944798929212837,0.4444444444444444,1.0,0.2857142857142857,0.531179596227605,396,0,5,2,0.7142857142857143,0.0,403,7,403,0.42857142857142855,0.6,34.54285714285714,0.5714285714285714,0.3076923076923077,17.714285714285715,0.5714285714285714,0.19047619047619047,10.965986394557822,1.0,0.17073170731707318,9.829268292682928,1.0,0.08641975308641975,4.9753086419753085,0.4346750874045051,0.9460678210678212,0.4444444444444444,1.0,0.2857142857142857,0.5714285714285714,0.0975609756097561,0.10010281585165903,0.03228715728715714,0.0,0.0,0.0,0.4285714285714286,0.07317073170731708
cn7,2026,2,catboost,with_side,0.2460004800747035,inner_f1,0.5347779032561641,0.9783549783549783,0.01181766659414267,0.04944798929212837,0.4444444444444444,1.0,0.2857142857142857,0.531179596227605,396,0,5,2,0.7142857142857143,0.0,403,7,403,0.42857142857142855,0.6,34.54285714285714,0.5714285714285714,0.3076923076923077,17.714285714285715,0.5714285714285714,0.19047619047619047,10.965986394557822,1.0,0.17073170731707318,9.829268292682928,1.0,0.08641975308641975,4.9753086419753085,0.4346750874045051,0.9460678210678212,0.4444444444444444,1.0,0.2857142857142857,0.5714285714285714,0.0975609756097561,0.10010281585165903,0.03228715728715714,0.0,0.0,0.0,0.4285714285714286,0.07317073170731708
cn7,2026,2,catboost_balanced,with_side,0.2917357913699322,fixed_0.5,0.6732993197278911,0.988095238095238,0.010957052001849224,0.04369592309432834,0.5454545454545454,0.75,0.42857142857142855,0.5614832966572973,395,1,4,3,0.5714285714285714,0.0025252525252525255,403,7,403,0.42857142857142855,0.6,34.54285714285714,0.7142857142857143,0.38461538461538464,22.142857142857142,1.0,0.3333333333333333,19.19047619047619,1.0,0.17073170731707318,9.829268292682928,1.0,0.08641975308641975,4.9753086419753085,0.4703002413086447,0.9738455988455988,0.4444444444444444,1.0,0.2857142857142857,1.0,0.1707317073170731,0.20299907841924647,0.014249639249639179,0.101010101010101,-0.25,0.14285714285714285,0.0,8.326672684688674e-17
cn7,2026,2,catboost_balanced,with_side,0.2917357913699322,inner_f1,0.6732993197278911,0.988095238095238,0.010957052001849224,0.04369592309432834,0.5217391304347826,0.375,0.8571428571428571,0.5566051446384315,386,10,1,6,0.14285714285714285,0.025252525252525252,403,7,403,0.42857142857142855,0.6,34.54285714285714,0.7142857142857143,0.38461538461538464,22.142857142857142,1.0,0.3333333333333333,19.19047619047619,1.0,0.17073170731707318,9.829268292682928,1.0,0.08641975308641975,4.9753086419753085,0.4703002413086447,0.9738455988455988,0.3809523809523809,0.2857142857142857,0.5714285714285714,1.0,0.1707317073170731,0.20299907841924647,0.014249639249639179,0.14078674948240172,0.0892857142857143,0.2857142857142857,0.0,8.326672684688674e-17
cn7,2026,2,lightgbm,with_side,0.021424201377389124,fixed_0.5,0.6505044181206099,0.9823232323232324,0.01355529473200196,0.04731612037235122,0.0,0.0,0.0,0.0,396,0,7,0,1.0,0.0,403,7,397,0.42857142857142855,0.6,34.54285714285714,0.7142857142857143,0.38461538461538464,22.142857142857142,0.7142857142857143,0.23809523809523808,13.707482993197278,1.0,0.17073170731707318,9.829268292682928,1.0,0.08641975308641975,4.9753086419753085,0.5681122448979592,0.977092352092352,0.0,0.0,0.0,1.0,0.1707317073170731,0.08239217322265069,0.005230880230880364,0.0,0.0,0.0,0.0,8.326672684688674e-17
cn7,2026,2,lightgbm,with_side,0.021424201377389124,inner_f1,0.6505044181206099,0.9823232323232324,0.01355529473200196,0.04731612037235122,0.32558139534883723,0.19444444444444445,1.0,0.4245053898811643,367,29,0,7,0.0,0.07323232323232323,403,7,397,0.42857142857142855,0.6,34.54285714285714,0.7142857142857143,0.38461538461538464,22.142857142857142,0.7142857142857143,0.23809523809523808,13.707482993197278,1.0,0.17073170731707318,9.829268292682928,1.0,0.08641975308641975,4.9753086419753085,0.5681122448979592,0.977092352092352,0.3157894736842105,0.1935483870967742,0.8571428571428571,1.0,0.1707317073170731,0.08239217322265069,0.005230880230880364,0.009791921664626724,0.0008960573476702594,0.1428571428571429,0.0,8.326672684688674e-17
cn7,2026,2,lightgbm_balanced,with_side,0.4654279616368195,fixed_0.5,0.6624949124949124,0.9862914862914863,0.01467781486757951,0.05476570105006168,0.5,0.4444444444444444,0.5714285714285714,0.49406653577749693,391,5,3,4,0.42857142857142855,0.012626262626262626,403,7,397,0.42857142857142855,0.6,34.54285714285714,0.8571428571428571,0.46153846153846156,26.571428571428573,0.8571428571428571,0.2857142857142857,16.448979591836732,1.0,0.17073170731707318,9.829268292682928,1.0,0.08641975308641975,4.9753086419753085,0.5688775510204082,0.9839466089466088,0.4705882352941176,0.4,0.5714285714285714,1.0,0.1707317073170731,0.09361736147450428,0.0023448773448775384,0.029411764705882415,0.0444444444444444,0.0,0.0,8.326672684688674e-17
cn7,2026,2,lightgbm_balanced,with_side,0.4654279616368195,inner_f1,0.6624949124949124,0.9862914862914863,0.01467781486757951,0.05476570105006168,0.47058823529411764,0.4,0.5714285714285714,0.4671877917585706,390,6,3,4,0.42857142857142855,0.015151515151515152,403,7,397,0.42857142857142855,0.6,34.54285714285714,0.8571428571428571,0.46153846153846156,26.571428571428573,0.8571428571428571,0.2857142857142857,16.448979591836732,1.0,0.17073170731707318,9.829268292682928,1.0,0.08641975308641975,4.9753086419753085,0.5688775510204082,0.9839466089466088,0.4761904761904761,0.3571428571428571,0.7142857142857143,1.0,0.1707317073170731,0.09361736147450428,0.0023448773448775384,-0.005602240896358468,0.04285714285714293,-0.1428571428571429,0.0,8.326672684688674e-17
rg3,42,0,dummy_prior,with_side,0.5,fixed_0.5,0.017766497461928935,0.5,0.017476616248808263,0.08983887272248704,0.0,0.0,0.0,0.0,387,0,7,0,1.0,0.0,394,7,1,0.0,0.0,0.0,0.0,0.0,0.0,0.14285714285714285,0.05,2.814285714285714,0.14285714285714285,0.025,1.407142857142857,0.2857142857142857,0.02531645569620253,1.4249547920433996,0.0177664974619289,0.5,0.0,0.0,0.0,0.1428571428571428,0.025,3.469446951953614e-17,0.0,0.0,0.0,0.0,5.551115123125783e-17,0.0
rg3,42,0,dummy_prior,with_side,0.5,inner_f1,0.017766497461928935,0.5,0.017476616248808263,0.08983887272248704,0.0,0.0,0.0,0.0,387,0,7,0,1.0,0.0,394,7,1,0.0,0.0,0.0,0.0,0.0,0.0,0.14285714285714285,0.05,2.814285714285714,0.14285714285714285,0.025,1.407142857142857,0.2857142857142857,0.02531645569620253,1.4249547920433996,0.0177664974619289,0.5,0.0,0.0,0.0,0.1428571428571428,0.025,3.469446951953614e-17,0.0,0.0,0.0,0.0,5.551115123125783e-17,0.0
rg3,42,0,logistic,with_side,0.015307209587376254,fixed_0.5,0.03703030334449288,0.709486895533407,0.018945391956057035,0.08959833402205945,0.0,0.0,0.0,0.0,387,0,7,0,1.0,0.0,394,7,394,0.0,0.0,0.0,0.0,0.0,0.0,0.14285714285714285,0.05,2.814285714285714,0.14285714285714285,0.025,1.407142857142857,0.14285714285714285,0.012658227848101266,0.7124773960216998,0.0187102093539396,0.4195275009228497,0.0,0.0,0.0,0.1428571428571428,0.025,0.01832009399055328,0.28995939461055736,0.0,0.0,0.0,5.551115123125783e-17,0.0
rg3,42,0,logistic,with_side,0.015307209587376254,inner_f1,0.03703030334449288,0.709486895533407,0.018945391956057035,0.08959833402205945,0.05714285714285714,0.02976190476190476,0.7142857142857143,0.07829015258181027,224,163,2,5,0.2857142857142857,0.42118863049095606,394,7,394,0.0,0.0,0.0,0.0,0.0,0.0,0.14285714285714285,0.05,2.814285714285714,0.14285714285714285,0.025,1.407142857142857,0.14285714285714285,0.012658227848101266,0.7124773960216998,0.0187102093539396,0.4195275009228497,0.035264483627204,0.0179487179487179,1.0,0.1428571428571428,0.025,0.01832009399055328,0.28995939461055736,0.021878373515653138,0.011813186813186861,-0.2857142857142857,5.551115123125783e-17,0.0
rg3,42,0,logistic_balanced,with_side,0.23222546099081753,fixed_0.5,0.03626135695730538,0.7268364710225175,0.1721979158063478,0.5296828203248283,0.037037037037037035,0.019801980198019802,0.2857142857142857,0.009046613146240645,288,99,5,2,0.7142857142857143,0.2558139534883721,394,7,394,0.0,0.0,0.0,0.0,0.0,0.0,0.0,0.0,0.0,0.14285714285714285,0.025,1.407142857142857,0.2857142857142857,0.02531645569620253,1.4249547920433996,0.0179936250638429,0.4387227759320782,0.0150375939849624,0.0079365079365079,0.1428571428571428,0.0,0.0,0.018267731893462483,0.28811369509043927,0.021999443052074637,0.011865472261511903,0.1428571428571429,0.14285714285714285,0.025
rg3,42,0,logistic_balanced,with_side,0.23222546099081753,inner_f1,0.03626135695730538,0.7268364710225175,0.1721979158063478,0.5296828203248283,0.059880239520958084,0.03125,0.7142857142857143,0.08440078834409946,232,155,2,5,0.2857142857142857,0.4005167958656331,394,7,394,0.0,0.0,0.0,0.0,0.0,0.0,0.0,0.0,0.0,0.14285714285714285,0.025,1.407142857142857,0.2857142857142857,0.02531645569620253,1.4249547920433996,0.0179936250638429,0.4387227759320782,0.0349854227405247,0.0178571428571428,0.8571428571428571,0.0,0.0,0.018267731893462483,0.28811369509043927,0.024894816780433385,0.0133928571428572,-0.1428571428571428,0.14285714285714285,0.025
rg3,42,0,xgboost,with_side,0.09306253492832184,fixed_0.5,0.027688450472327805,0.6415651531930602,0.017726463546642958,0.08990454862169102,0.0,0.0,0.0,0.0,387,0,7,0,1.0,0.0,394,7,394,0.0,0.0,0.0,0.0,0.0,0.0,0.0,0.0,0.0,0.0,0.0,0.0,0.2857142857142857,0.02531645569620253,1.4249547920433996,0.0147471969168755,0.3501291989664082,0.0,0.0,0.0,0.0,0.0,0.012941253555452305,0.29143595422665197,0.0,0.0,0.0,0.0,0.0
rg3,42,0,xgboost,with_side,0.09306253492832184,inner_f1,0.027688450472327805,0.6415651531930602,0.017726463546642958,0.08990454862169102,0.0,0.0,0.0,-0.01178055594798754,384,3,7,0,1.0,0.007751937984496124,394,7,394,0.0,0.0,0.0,0.0,0.0,0.0,0.0,0.0,0.0,0.0,0.0,0.0,0.2857142857142857,0.02531645569620253,1.4249547920433996,0.0147471969168755,0.3501291989664082,0.0,0.0,0.0,0.0,0.0,0.012941253555452305,0.29143595422665197,0.0,0.0,0.0,0.0,0.0
rg3,42,0,xgboost_balanced,with_side,0.7931922674179077,fixed_0.5,0.04498898052782758,0.7356958287190846,0.05659687556157089,0.19008548579210713,0.07692307692307693,0.05263157894736842,0.14285714285714285,0.059407813771606456,369,18,6,1,0.8571428571428571,0.046511627906976744,394,7,394,0.0,0.0,0.0,0.14285714285714285,0.08333333333333333,4.69047619047619,0.14285714285714285,0.05,2.814285714285714,0.14285714285714285,0.025,1.407142857142857,0.14285714285714285,0.012658227848101266,0.7124773960216998,0.0219856973016268,0.517718715393134,0.0,0.0,0.0,0.1428571428571428,0.025,0.02300328322620078,0.2179771133259506,0.07692307692307693,0.05263157894736842,0.14285714285714285,5.551115123125783e-17,0.0
rg3,42,0,xgboost_balanced,with_side,0.7931922674179077,inner_f1,0.04498898052782758,0.7356958287190846,0.05659687556157089,0.19008548579210713,0.0,0.0,0.0,-0.009606506961737248,385,2,7,0,1.0,0.00516795865633075,394,7,394,0.0,0.0,0.0,0.14285714285714285,0.08333333333333333,4.69047619047619,0.14285714285714285,0.05,2.814285714285714,0.14285714285714285,0.025,1.407142857142857,0.14285714285714285,0.012658227848101266,0.7124773960216998,0.0219856973016268,0.517718715393134,0.0,0.0,0.0,0.1428571428571428,0.025,0.02300328322620078,0.2179771133259506,0.0,0.0,0.0,5.551115123125783e-17,0.0
rg3,42,0,extratrees,with_side,0.0039220911102787965,fixed_0.5,0.03717989767852231,0.7504614248800294,0.018015918669696238,0.08153409560893492,0.0,0.0,0.0,0.0,387,0,7,0,1.0,0.0,394,7,198,0.0,0.0,0.0,0.0,0.0,0.0,0.0,0.0,0.0,0.14285714285714285,0.025,1.407142857142857,0.2857142857142857,0.02531645569620253,1.4249547920433996,0.0179812107539799,0.4726836471022517,0.0,0.0,0.0,0.0,0.0,0.01919868692454241,0.27777777777777773,0.0,0.0,0.0,0.14285714285714285,0.025
rg3,42,0,extratrees,with_side,0.0039220911102787965,inner_f1,0.03717989767852231,0.7504614248800294,0.018015918669696238,0.08153409560893492,0.06862745098039216,0.03553299492385787,1.0,0.1344910974643215,197,190,0,7,0.0,0.4909560723514212,394,7,198,0.0,0.0,0.0,0.0,0.0,0.0,0.0,0.0,0.0,0.14285714285714285,0.025,1.407142857142857,0.2857142857142857,0.02531645569620253,1.4249547920433996,0.0179812107539799,0.4726836471022517,0.0244897959183673,0.0126050420168067,0.4285714285714285,0.0,0.0,0.01919868692454241,0.27777777777777773,0.04413765506202486,0.02292795290705117,0.5714285714285715,0.14285714285714285,0.025
rg3,42,0,extratrees_balanced,with_side,0.44234361769922315,fixed_0.5,0.06453243112313418,0.7615356220007382,0.06436676279570579,0.2078097551608034,0.06666666666666667,0.043478260869565216,0.14285714285714285,0.048461912116606824,365,22,6,1,0.8571428571428571,0.056847545219638244,394,7,198,0.0,0.0,0.0,0.14285714285714285,0.08333333333333333,4.69047619047619,0.14285714285714285,0.05,2.814285714285714,0.2857142857142857,0.05,2.814285714285714,0.2857142857142857,0.02531645569620253,1.4249547920433996,0.02832456555857,0.5524178663713547,0.0,0.0,0.0,0.1428571428571428,0.025,0.036207865564564186,0.2091177556293835,0.06666666666666667,0.043478260869565216,0.14285714285714285,0.1428571428571429,0.025
rg3,42,0,extratrees_balanced,with_side,0.44234361769922315,inner_f1,0.06453243112313418,0.7615356220007382,0.06436676279570579,0.2078097551608034,0.08888888888888889,0.05263157894736842,0.2857142857142857,0.08622817673497253,351,36,5,2,0.7142857142857143,0.09302325581395349,394,7,198,0.0,0.0,0.0,0.14285714285714285,0.08333333333333333,4.69047619047619,0.14285714285714285,0.05,2.814285714285714,0.2857142857142857,0.05,2.814285714285714,0.2857142857142857,0.02531645569620253,1.4249547920433996,0.02832456555857,0.5524178663713547,0.0,0.0,0.0,0.1428571428571428,0.025,0.036207865564564186,0.2091177556293835,0.08888888888888889,0.05263157894736842,0.2857142857142857,0.1428571428571429,0.025
rg3,42,0,catboost,with_side,0.016608468782083243,fixed_0.5,0.03149669084377335,0.7035806570690293,0.017617046769591832,0.08197282638438895,0.0,0.0,0.0,0.0,387,0,7,0,1.0,0.0,394,7,394,0.0,0.0,0.0,0.0,0.0,0.0,0.0,0.0,0.0,0.0,0.0,0.0,0.14285714285714285,0.012658227848101266,0.7124773960216998,0.0212439867767791,0.5258397932816536,0.0,0.0,0.0,0.0,0.0,0.010252704066994252,0.17774086378737564,0.0,0.0,0.0,0.0,0.0
rg3,42,0,catboost,with_side,0.016608468782083243,inner_f1,0.03149669084377335,0.7035806570690293,0.017617046769591832,0.08197282638438895,0.06965174129353234,0.03608247422680412,1.0,0.1365550200550106,200,187,0,7,0.0,0.48320413436692505,394,7,394,0.0,0.0,0.0,0.0,0.0,0.0,0.0,0.0,0.0,0.0,0.0,0.0,0.14285714285714285,0.012658227848101266,0.7124773960216998,0.0212439867767791,0.5258397932816536,0.0349127182044887,0.0177664974619289,1.0,0.0,0.0,0.010252704066994252,0.17774086378737564,0.03473902308904364,0.01831597676487522,0.0,0.0,0.0
rg3,42,0,catboost_balanced,with_side,0.4918602529037432,fixed_0.5,0.04474314254445485,0.7674418604651163,0.058879625236784104,0.19528912430261283,0.06451612903225806,0.041666666666666664,0.14285714285714285,0.04607840671160441,364,23,6,1,0.8571428571428571,0.059431524547803614,394,7,394,0.0,0.0,0.0,0.0,0.0,0.0,0.14285714285714285,0.05,2.814285714285714,0.14285714285714285,0.025,1.407142857142857,0.42857142857142855,0.0379746835443038,2.1374321880650995,0.0195451427245213,0.4970468807678109,0.0,0.0,0.0,0.0,0.0,0.02519799981993355,0.2703949796973054,0.06451612903225806,0.041666666666666664,0.14285714285714285,0.14285714285714285,0.025
rg3,42,0,catboost_balanced,with_side,0.4918602529037432,inner_f1,0.04474314254445485,0.7674418604651163,0.058879625236784104,0.19528912430261283,0.06060606060606061,0.038461538461538464,0.14285714285714285,0.041640964009206013,362,25,6,1,0.8571428571428571,0.06459948320413436,394,7,394,0.0,0.0,0.0,0.0,0.0,0.0,0.14285714285714285,0.05,2.814285714285714,0.14285714285714285,0.025,1.407142857142857,0.42857142857142855,0.0379746835443038,2.1374321880650995,0.0195451427245213,0.4970468807678109,0.0,0.0,0.0,0.0,0.0,0.02519799981993355,0.2703949796973054,0.06060606060606061,0.038461538461538464,0.14285714285714285,0.14285714285714285,0.025
rg3,42,0,lightgbm,with_side,0.10952770394300367,fixed_0.5,0.03646575065858606,0.7353266888150609,0.0180561885943653,0.08688209100637334,0.0,0.0,0.0,0.0,387,0,7,0,1.0,0.0,394,7,394,0.0,0.0,0.0,0.0,0.0,0.0,0.0,0.0,0.0,0.0,0.0,0.0,0.2857142857142857,0.02531645569620253,1.4249547920433996,0.0182231664089305,0.479328165374677,0.0,0.0,0.0,0.0,0.0,0.01824258424965556,0.25599852344038393,0.0,0.0,0.0,0.0,0.0
rg3,42,0,lightgbm,with_side,0.10952770394300367,inner_f1,0.03646575065858606,0.7353266888150609,0.0180561885943653,0.08688209100637334,0.0,0.0,0.0,-0.020562903028816623,378,9,7,0,1.0,0.023255813953488372,394,7,394,0.0,0.0,0.0,0.0,0.0,0.0,0.0,0.0,0.0,0.0,0.0,0.0,0.2857142857142857,0.02531645569620253,1.4249547920433996,0.0182231664089305,0.479328165374677,0.0,0.0,0.0,0.0,0.0,0.01824258424965556,0.25599852344038393,0.0,0.0,0.0,0.0,0.0
rg3,42,0,lightgbm_balanced,with_side,0.5849914896779741,fixed_0.5,0.043318478889286485,0.7604282022886674,0.06666303195892605,0.21711295968355973,0.0,0.0,0.0,-0.03861032639995152,357,30,7,0,1.0,0.07751937984496124,394,7,394,0.0,0.0,0.0,0.0,0.0,0.0,0.0,0.0,0.0,0.2857142857142857,0.05,2.814285714285714,0.42857142857142855,0.0379746835443038,2.1374321880650995,0.0289740350229388,0.5900701365817644,0.0,0.0,0.0,0.1428571428571428,0.025,0.014344443866347686,0.17035806570690293,0.0,0.0,0.0,0.1428571428571429,0.025
rg3,42,0,lightgbm_balanced,with_side,0.5849914896779741,inner_f1,0.043318478889286485,0.7604282022886674,0.06666303195892605,0.21711295968355973,0.0,0.0,0.0,-0.03191161391282081,366,21,7,0,1.0,0.05426356589147287,394,7,394,0.0,0.0,0.0,0.0,0.0,0.0,0.0,0.0,0.0,0.2857142857142857,0.05,2.814285714285714,0.42857142857142855,0.0379746835443038,2.1374321880650995,0.0289740350229388,0.5900701365817644,0.0,0.0,0.0,0.1428571428571428,0.025,0.014344443866347686,0.17035806570690293,0.0,0.0,0.0,0.1428571428571429,0.025
rg3,42,1,dummy_prior,with_side,0.5,fixed_0.5,0.025380710659898477,0.5,0.024776791465897084,0.11927561100358437,0.0,0.0,0.0,0.0,384,0,10,0,1.0,0.0,394,10,1,0.0,0.0,0.0,0.0,0.0,0.0,0.0,0.0,0.0,0.0,0.0,0.0,0.2,0.02531645569620253,0.9974683544303797,0.0253807106598984,0.5,0.0,0.0,0.0,0.0,0.0,7.632783294297951e-17,0.0,0.0,0.0,0.0,0.0,0.0
rg3,42,1,dummy_prior,with_side,0.5,inner_f1,0.025380710659898477,0.5,0.024776791465897084,0.11927561100358437,0.0,0.0,0.0,0.0,384,0,10,0,1.0,0.0,394,10,1,0.0,0.0,0.0,0.0,0.0,0.0,0.0,0.0,0.0,0.0,0.0,0.0,0.2,0.02531645569620253,0.9974683544303797,0.0253807106598984,0.5,0.0,0.0,0.0,0.0,0.0,7.632783294297951e-17,0.0,0.0,0.0,0.0,0.0,0.0
rg3,42,1,logistic,with_side,0.025876291602107263,fixed_0.5,0.03708369115468037,0.6552083333333334,0.027788602259680537,0.13416514015758021,0.0,0.0,0.0,-0.008140256928797536,383,1,10,0,1.0,0.0026041666666666665,394,10,394,0.0,0.0,0.0,0.0,0.0,0.0,0.0,0.0,0.0,0.0,0.0,0.0,0.0,0.0,0.0,0.0195635159682134,0.3328125,0.0,0.0,0.0,0.0,0.0,0.01752017518646697,0.3223958333333334,0.0,0.0,0.0,0.0,0.0
rg3,42,1,logistic,with_side,0.025876291602107263,inner_f1,0.03708369115468037,0.6552083333333334,0.027788602259680537,0.13416514015758021,0.019801980198019802,0.01098901098901099,0.1,-0.05014666770599034,294,90,9,1,0.9,0.234375,394,10,394,0.0,0.0,0.0,0.0,0.0,0.0,0.0,0.0,0.0,0.0,0.0,0.0,0.0,0.0,0.0,0.0195635159682134,0.3328125,0.010752688172043,0.0056818181818181,0.1,0.0,0.0,0.01752017518646697,0.3223958333333334,0.009049292025976803,0.00530719280719289,0.0,0.0,0.0
rg3,42,1,logistic_balanced,with_side,0.6737085668124209,fixed_0.5,0.03813799755585338,0.6640625,0.1616649386684765,0.5155080261658733,0.0,0.0,0.0,-0.08527235459909888,298,86,10,0,1.0,0.22395833333333334,394,10,394,0.0,0.0,0.0,0.0,0.0,0.0,0.0,0.0,0.0,0.0,0.0,0.0,0.0,0.0,0.0,0.0195662528799026,0.328125,0.0,0.0,0.0,0.0,0.0,0.018571744675950776,0.3359375,0.0,0.0,0.0,0.0,0.0
rg3,42,1,logistic_balanced,with_side,0.6737085668124209,inner_f1,0.03813799755585338,0.6640625,0.1616649386684765,0.5155080261658733,0.0,0.0,0.0,-0.06636771497124525,327,57,10,0,1.0,0.1484375,394,10,394,0.0,0.0,0.0,0.0,0.0,0.0,0.0,0.0,0.0,0.0,0.0,0.0,0.0,0.0,0.0,0.0195662528799026,0.328125,0.0,0.0,0.0,0.0,0.0,0.018571744675950776,0.3359375,0.0,0.0,0.0,0.0,0.0
rg3,42,1,xgboost,with_side,0.017928214743733406,fixed_0.5,0.032091116345347,0.59765625,0.024976195569537715,0.1205394005525964,0.0,0.0,0.0,0.0,384,0,10,0,1.0,0.0,394,10,393,0.0,0.0,0.0,0.0,0.0,0.0,0.0,0.0,0.0,0.0,0.0,0.0,0.0,0.0,0.0,0.0186839090093472,0.3036458333333333,0.0,0.0,0.0,0.0,0.0,0.013407207335999798,0.2940104166666667,0.0,0.0,0.0,0.0,0.0
rg3,42,1,xgboost,with_side,0.017928214743733406,inner_f1,0.032091116345347,0.59765625,0.024976195569537715,0.1205394005525964,0.056818181818181816,0.030120481927710843,0.5,0.025714294538917177,223,161,5,5,0.5,0.4192708333333333,394,10,393,0.0,0.0,0.0,0.0,0.0,0.0,0.0,0.0,0.0,0.0,0.0,0.0,0.0,0.0,0.0,0.0186839090093472,0.3036458333333333,0.0,0.0,0.0,0.0,0.0,0.013407207335999798,0.2940104166666667,0.056818181818181816,0.030120481927710843,0.5,0.0,0.0
rg3,42,1,xgboost_balanced,with_side,0.4928120970726013,fixed_0.5,0.07490732531498685,0.7244791666666667,0.050468913624213844,0.1811971385862686,0.16666666666666666,0.14285714285714285,0.2,0.14336844589446973,372,12,8,2,0.8,0.03125,394,10,394,0.0,0.0,0.0,0.2,0.16666666666666666,6.566666666666666,0.2,0.1,3.9400000000000004,0.2,0.05,1.9700000000000002,0.3,0.0379746835443038,1.4962025316455696,0.0374218940703088,0.4786458333333334,0.0,0.0,0.0,0.2,0.05,0.037485431244678055,0.2458333333333333,0.16666666666666666,0.14285714285714285,0.2,0.0,0.0
rg3,42,1,xgboost_balanced,with_side,0.4928120970726013,inner_f1,0.07490732531498685,0.7244791666666667,0.050468913624213844,0.1811971385862686,0.16,0.13333333333333333,0.2,0.1365494112692225,371,13,8,2,0.8,0.033854166666666664,394,10,394,0.0,0.0,0.0,0.2,0.16666666666666666,6.566666666666666,0.2,0.1,3.9400000000000004,0.2,0.05,1.9700000000000002,0.3,0.0379746835443038,1.4962025316455696,0.0374218940703088,0.4786458333333334,0.0909090909090909,0.0588235294117647,0.2,0.2,0.05,0.037485431244678055,0.2458333333333333,0.0690909090909091,0.07450980392156864,0.0,0.0,0.0
rg3,42,1,extratrees,with_side,0.09599999999999999,fixed_0.5,0.043819825850130126,0.7041666666666666,0.02534152651525666,0.11596339835981603,0.0,0.0,0.0,0.0,384,0,10,0,1.0,0.0,394,10,198,0.0,0.0,0.0,0.0,0.0,0.0,0.0,0.0,0.0,0.1,0.025,0.9850000000000001,0.3,0.0379746835443038,1.4962025316455696,0.0300458763576562,0.4760416666666666,0.0,0.0,0.0,0.1,0.025,0.013773949492473927,0.22812500000000002,0.0,0.0,0.0,0.0,0.0
rg3,42,1,extratrees,with_side,0.09599999999999999,inner_f1,0.043819825850130126,0.7041666666666666,0.02534152651525666,0.11596339835981603,0.0,0.0,0.0,-0.029808737056430074,371,13,10,0,1.0,0.033854166666666664,394,10,198,0.0,0.0,0.0,0.0,0.0,0.0,0.0,0.0,0.0,0.1,0.025,0.9850000000000001,0.3,0.0379746835443038,1.4962025316455696,0.0300458763576562,0.4760416666666666,0.0476190476190476,0.03125,0.1,0.1,0.025,0.013773949492473927,0.22812500000000002,-0.0476190476190476,-0.03125,-0.1,0.0,0.0
rg3,42,1,extratrees_balanced,with_side,0.7067201300008881,fixed_0.5,0.04889535121670963,0.7208333333333332,0.08120201782194589,0.24938986130056454,0.09836065573770492,0.058823529411764705,0.3,0.08199200616907878,336,48,7,3,0.7,0.125,394,10,198,0.0,0.0,0.0,0.0,0.0,0.0,0.0,0.0,0.0,0.2,0.05,1.9700000000000002,0.3,0.0379746835443038,1.4962025316455696,0.0236749396150341,0.4223958333333333,0.0,0.0,0.0,0.0,0.0,0.025220411601675534,0.2984374999999999,0.09836065573770492,0.058823529411764705,0.3,0.2,0.05
rg3,42,1,extratrees_balanced,with_side,0.7067201300008881,inner_f1,0.04889535121670963,0.7208333333333332,0.08120201782194589,0.24938986130056454,0.0,0.0,0.0,-0.018295512909745848,379,5,10,0,1.0,0.013020833333333334,394,10,198,0.0,0.0,0.0,0.0,0.0,0.0,0.0,0.0,0.0,0.2,0.05,1.9700000000000002,0.3,0.0379746835443038,1.4962025316455696,0.0236749396150341,0.4223958333333333,0.0,0.0,0.0,0.0,0.0,0.025220411601675534,0.2984374999999999,0.0,0.0,0.0,0.2,0.05
rg3,42,1,catboost,with_side,0.054895088345396095,fixed_0.5,0.047682911591039184,0.7182291666666667,0.024819876448571844,0.11390819019832892,0.0,0.0,0.0,0.0,384,0,10,0,1.0,0.0,394,10,394,0.0,0.0,0.0,0.0,0.0,0.0,0.0,0.0,0.0,0.2,0.05,1.9700000000000002,0.2,0.02531645569620253,0.9974683544303797,0.0215095762950744,0.3604166666666666,0.0,0.0,0.0,0.0,0.0,0.026173335295964783,0.3578125000000001,0.0,0.0,0.0,0.2,0.05
rg3,42,1,catboost,with_side,0.054895088345396095,inner_f1,0.047682911591039184,0.7182291666666667,0.024819876448571844,0.11390819019832892,0.0,0.0,0.0,-0.03924408957165708,362,22,10,0,1.0,0.057291666666666664,394,10,394,0.0,0.0,0.0,0.0,0.0,0.0,0.0,0.0,0.0,0.2,0.05,1.9700000000000002,0.2,0.02531645569620253,0.9974683544303797,0.0215095762950744,0.3604166666666666,0.0263157894736842,0.0151515151515151,0.1,0.0,0.0,0.026173335295964783,0.3578125000000001,-0.0263157894736842,-0.0151515151515151,-0.1,0.2,0.05
rg3,42,1,catboost_balanced,with_side,0.5334073915875757,fixed_0.5,0.05379086902498271,0.72890625,0.06559518428838716,0.21591521081160595,0.10526315789473684,0.07142857142857142,0.2,0.08098014344627154,358,26,8,2,0.8,0.06770833333333333,394,10,394,0.0,0.0,0.0,0.0,0.0,0.0,0.0,0.0,0.0,0.2,0.05,1.9700000000000002,0.3,0.0379746835443038,1.4962025316455696,0.0218849246049932,0.4026041666666666,0.0,0.0,0.0,0.0,0.0,0.03190594441998951,0.3263020833333334,0.10526315789473684,0.07142857142857142,0.2,0.2,0.05
rg3,42,1,catboost_balanced,with_side,0.5334073915875757,inner_f1,0.05379086902498271,0.72890625,0.06559518428838716,0.21591521081160595,0.06060606060606061,0.043478260869565216,0.1,0.028650180541019445,362,22,9,1,0.9,0.057291666666666664,394,10,394,0.0,0.0,0.0,0.0,0.0,0.0,0.0,0.0,0.0,0.2,0.05,1.9700000000000002,0.3,0.0379746835443038,1.4962025316455696,0.0218849246049932,0.4026041666666666,0.0289855072463768,0.015625,0.2,0.0,0.0,0.03190594441998951,0.3263020833333334,0.031620553359683806,0.027853260869565216,-0.1,0.2,0.05
rg3,42,1,lightgbm,with_side,0.07004530429078808,fixed_0.5,0.05167388821418355,0.71640625,0.025146205241421325,0.11659348590623493,0.0,0.0,0.0,0.0,384,0,10,0,1.0,0.0,394,10,394,0.0,0.0,0.0,0.0,0.0,0.0,0.1,0.05,1.9700000000000002,0.2,0.05,1.9700000000000002,0.3,0.0379746835443038,1.4962025316455696,0.0256505257906893,0.4463541666666667,0.0,0.0,0.0,0.0,0.0,0.026023362423494248,0.2700520833333333,0.0,0.0,0.0,0.2,0.05
rg3,42,1,lightgbm,with_side,0.07004530429078808,inner_f1,0.05167388821418355,0.71640625,0.025146205241421325,0.11659348590623493,0.0,0.0,0.0,-0.027348363483114042,373,11,10,0,1.0,0.028645833333333332,394,10,394,0.0,0.0,0.0,0.0,0.0,0.0,0.1,0.05,1.9700000000000002,0.2,0.05,1.9700000000000002,0.3,0.0379746835443038,1.4962025316455696,0.0256505257906893,0.4463541666666667,0.0,0.0,0.0,0.0,0.0,0.026023362423494248,0.2700520833333333,0.0,0.0,0.0,0.2,0.05
rg3,42,1,lightgbm_balanced,with_side,0.5987674754015082,fixed_0.5,0.07280385125604116,0.7182291666666666,0.060138000190700674,0.208746379135023,0.13793103448275862,0.10526315789473684,0.2,0.11432550737882995,367,17,8,2,0.8,0.044270833333333336,394,10,394,0.0,0.0,0.0,0.2,0.16666666666666666,6.566666666666666,0.2,0.1,3.9400000000000004,0.2,0.05,1.9700000000000002,0.2,0.02531645569620253,0.9974683544303797,0.0369968000675447,0.4770833333333334,0.0,0.0,0.0,0.2,0.05,0.03580705118849646,0.24114583333333317,0.13793103448275862,0.10526315789473684,0.2,0.0,0.0
rg3,42,1,lightgbm_balanced,with_side,0.5987674754015082,inner_f1,0.07280385125604116,0.7182291666666666,0.060138000190700674,0.208746379135023,0.18181818181818182,0.16666666666666666,0.2,0.15921667343062088,374,10,8,2,0.8,0.026041666666666668,394,10,394,0.0,0.0,0.0,0.2,0.16666666666666666,6.566666666666666,0.2,0.1,3.9400000000000004,0.2,0.05,1.9700000000000002,0.2,0.02531645569620253,0.9974683544303797,0.0369968000675447,0.4770833333333334,0.0,0.0,0.0,0.2,0.05,0.03580705118849646,0.24114583333333317,0.18181818181818182,0.16666666666666666,0.2,0.0,0.0
rg3,42,2,dummy_prior,with_side,0.5,fixed_0.5,0.02030456852791878,0.5,0.01989390347599784,0.0992609859292118,0.0,0.0,0.0,0.0,386,0,8,0,1.0,0.0,394,8,1,0.0,0.0,0.0,0.0,0.0,0.0,0.0,0.0,0.0,0.0,0.0,0.0,0.0,0.0,0.0,0.0203045685279187,0.5,0.0,0.0,0.0,0.0,0.0,7.979727989493313e-17,0.0,0.0,0.0,0.0,0.0,0.0
rg3,42,2,dummy_prior,with_side,0.5,inner_f1,0.02030456852791878,0.5,0.01989390347599784,0.0992609859292118,0.0,0.0,0.0,0.0,386,0,8,0,1.0,0.0,394,8,1,0.0,0.0,0.0,0.0,0.0,0.0,0.0,0.0,0.0,0.0,0.0,0.0,0.0,0.0,0.0,0.0203045685279187,0.5,0.0,0.0,0.0,0.0,0.0,7.979727989493313e-17,0.0,0.0,0.0,0.0,0.0,0.0
rg3,42,2,logistic,with_side,0.02756441565517788,fixed_0.5,0.06618864209379835,0.6965673575129534,0.020501930839331817,0.10227921519456341,0.0,0.0,0.0,0.0,386,0,8,0,1.0,0.0,394,8,394,0.125,0.25,12.312500000000002,0.125,0.08333333333333333,4.104166666666667,0.125,0.05,2.4625000000000004,0.125,0.025,1.2312500000000002,0.375,0.0379746835443038,1.8702531645569622,0.0341799036277485,0.4643782383419689,0.0,0.0,0.0,0.125,0.025,0.03200873846604985,0.2321891191709845,0.0,0.0,0.0,0.0,0.0
rg3,42,2,logistic,with_side,0.02756441565517788,inner_f1,0.06618864209379835,0.6965673575129534,0.020501930839331817,0.10227921519456341,0.057692307692307696,0.03125,0.375,0.04404716352973792,293,93,5,3,0.625,0.24093264248704663,394,8,394,0.125,0.25,12.312500000000002,0.125,0.08333333333333333,4.104166666666667,0.125,0.05,2.4625000000000004,0.125,0.025,1.2312500000000002,0.375,0.0379746835443038,1.8702531645569622,0.0341799036277485,0.4643782383419689,0.0309278350515463,0.0161290322580645,0.375,0.125,0.025,0.03200873846604985,0.2321891191709845,0.026764472640761396,0.015120967741935502,0.0,0.0,0.0
rg3,42,2,logistic_balanced,with_side,0.5102440147195547,fixed_0.5,0.1584553765544621,0.7101683937823833,0.15253130435573387,0.45139210147378744,0.041237113402061855,0.02247191011235955,0.25,0.00830099253784813,299,87,6,2,0.75,0.22538860103626943,394,8,394,0.125,0.25,12.312500000000002,0.125,0.08333333333333333,4.104166666666667,0.125,0.05,2.4625000000000004,0.125,0.025,1.2312500000000002,0.25,0.02531645569620253,1.2468354430379747,0.0482921618810231,0.4274611398963731,0.032258064516129,0.0172413793103448,0.25,0.125,0.025,0.110163214673439,0.2827072538860102,0.008979048885932858,0.00523053080201475,0.0,0.0,0.0
rg3,42,2,logistic_balanced,with_side,0.5102440147195547,inner_f1,0.1584553765544621,0.7101683937823833,0.15253130435573387,0.45139210147378744,0.0425531914893617,0.023255813953488372,0.25,0.01105698626969228,302,84,6,2,0.75,0.21761658031088082,394,8,394,0.125,0.25,12.312500000000002,0.125,0.08333333333333333,4.104166666666667,0.125,0.05,2.4625000000000004,0.125,0.025,1.2312500000000002,0.25,0.02531645569620253,1.2468354430379747,0.0482921618810231,0.4274611398963731,0.0294117647058823,0.015625,0.25,0.125,0.025,0.110163214673439,0.2827072538860102,0.0131414267834794,0.007630813953488372,0.0,0.0,0.0
rg3,42,2,xgboost,with_side,0.018156327307224274,fixed_0.5,0.15234623908140504,0.6389248704663212,0.01971604787094421,0.09664992203305585,0.0,0.0,0.0,0.0,386,0,8,0,1.0,0.0,394,8,392,0.125,0.25,12.312500000000002,0.125,0.08333333333333333,4.104166666666667,0.125,0.05,2.4625000000000004,0.125,0.025,1.2312500000000002,0.25,0.02531645569620253,1.2468354430379747,0.0769156419544583,0.3432642487046632,0.0,0.0,0.0,0.125,0.025,0.07543059712694675,0.29566062176165797,0.0,0.0,0.0,0.0,0.0
rg3,42,2,xgboost,with_side,0.018156327307224274,inner_f1,0.15234623908140504,0.6389248704663212,0.01971604787094421,0.09664992203305585,0.053475935828877004,0.027932960893854747,0.625,0.04935121899498926,212,174,3,5,0.375,0.45077720207253885,394,8,392,0.125,0.25,12.312500000000002,0.125,0.08333333333333333,4.104166666666667,0.125,0.05,2.4625000000000004,0.125,0.025,1.2312500000000002,0.25,0.02531645569620253,1.2468354430379747,0.0769156419544583,0.3432642487046632,0.0301204819277108,0.015432098765432,0.625,0.125,0.025,0.07543059712694675,0.29566062176165797,0.023355453901166202,0.012500862128422746,0.0,0.0,0.0
rg3,42,2,xgboost_balanced,with_side,0.1351190209388733,fixed_0.5,0.039159499244388885,0.6615932642487047,0.043614465196412676,0.16894942137627456,0.08695652173913043,0.06666666666666667,0.125,0.06539532199036825,372,14,7,1,0.875,0.03626943005181347,394,8,394,0.0,0.0,0.0,0.0,0.0,0.0,0.125,0.05,2.4625000000000004,0.125,0.025,1.2312500000000002,0.375,0.0379746835443038,1.8702531645569622,0.0277760825004795,0.3827720207253886,0.0,0.0,0.0,0.125,0.025,0.011383416743909386,0.2788212435233161,0.08695652173913043,0.06666666666666667,0.125,0.0,0.0
rg3,42,2,xgboost_balanced,with_side,0.1351190209388733,inner_f1,0.039159499244388885,0.6615932642487047,0.043614465196412676,0.16894942137627456,0.0594059405940594,0.03225806451612903,0.375,0.047109743822322095,296,90,5,3,0.625,0.23316062176165803,394,8,394,0.0,0.0,0.0,0.0,0.0,0.0,0.125,0.05,2.4625000000000004,0.125,0.025,1.2312500000000002,0.375,0.0379746835443038,1.8702531645569622,0.0277760825004795,0.3827720207253886,0.0,0.0,0.0,0.125,0.025,0.011383416743909386,0.2788212435233161,0.0594059405940594,0.03225806451612903,0.375,0.0,0.0
rg3,42,2,extratrees,with_side,0.024224294224294226,fixed_0.5,0.05540032634399283,0.7441709844559585,0.019958271253442388,0.09370247065545022,0.0,0.0,0.0,0.0,386,0,8,0,1.0,0.0,394,8,199,0.0,0.0,0.0,0.125,0.08333333333333333,4.104166666666667,0.125,0.05,2.4625000000000004,0.25,0.05,2.4625000000000004,0.375,0.0379746835443038,1.8702531645569622,0.0279002280509484,0.5252590673575129,0.0,0.0,0.0,0.125,0.025,0.027500098293044426,0.2189119170984456,0.0,0.0,0.0,0.125,0.025
rg3,42,2,extratrees,with_side,0.024224294224294226,inner_f1,0.05540032634399283,0.7441709844559585,0.019958271253442388,0.09370247065545022,0.06802721088435375,0.03597122302158273,0.625,0.08201081950582233,252,134,3,5,0.375,0.3471502590673575,394,8,199,0.0,0.0,0.0,0.125,0.08333333333333333,4.104166666666667,0.125,0.05,2.4625000000000004,0.25,0.05,2.4625000000000004,0.375,0.0379746835443038,1.8702531645569622,0.0279002280509484,0.5252590673575129,0.0483870967741935,0.0258620689655172,0.375,0.125,0.025,0.027500098293044426,0.2189119170984456,0.01964011411016025,0.010109154056065533,0.25,0.125,0.025
rg3,42,2,extratrees_balanced,with_side,0.802158426808214,fixed_0.5,0.03740377527797474,0.72279792746114,0.07472398485510888,0.22839742657720707,0.0,0.0,0.0,-0.04972841929270343,344,42,8,0,1.0,0.10880829015544041,394,8,198,0.0,0.0,0.0,0.0,0.0,0.0,0.0,0.0,0.0,0.0,0.0,0.0,0.25,0.02531645569620253,1.2468354430379747,0.0184756785097371,0.4255181347150258,0.0,0.0,0.0,0.0,0.0,0.018928096768237642,0.2972797927461142,0.0,0.0,0.0,0.0,0.0
rg3,42,2,extratrees_balanced,with_side,0.802158426808214,inner_f1,0.03740377527797474,0.72279792746114,0.07472398485510888,0.22839742657720707,0.0,0.0,0.0,0.0,386,0,8,0,1.0,0.0,394,8,198,0.0,0.0,0.0,0.0,0.0,0.0,0.0,0.0,0.0,0.0,0.0,0.0,0.25,0.02531645569620253,1.2468354430379747,0.0184756785097371,0.4255181347150258,0.0,0.0,0.0,0.0,0.0,0.018928096768237642,0.2972797927461142,0.0,0.0,0.0,0.0,0.0
rg3,42,2,catboost,with_side,0.03858233084519295,fixed_0.5,0.07739245750297927,0.723121761658031,0.019645053318870963,0.08917686052495505,0.0,0.0,0.0,0.0,386,0,8,0,1.0,0.0,394,8,394,0.125,0.25,12.312500000000002,0.125,0.08333333333333333,4.104166666666667,0.125,0.05,2.4625000000000004,0.125,0.025,1.2312500000000002,0.375,0.0379746835443038,1.8702531645569622,0.030873864719496,0.4255181347150259,0.0,0.0,0.0,0.125,0.025,0.04651859278348327,0.2976036269430051,0.0,0.0,0.0,0.0,0.0
rg3,42,2,catboost,with_side,0.03858233084519295,inner_f1,0.07739245750297927,0.723121761658031,0.019645053318870963,0.08917686052495505,0.06349206349206349,0.03636363636363636,0.25,0.045862677359638615,333,53,6,2,0.75,0.13730569948186527,394,8,394,0.125,0.25,12.312500000000002,0.125,0.08333333333333333,4.104166666666667,0.125,0.05,2.4625000000000004,0.125,0.025,1.2312500000000002,0.375,0.0379746835443038,1.8702531645569622,0.030873864719496,0.4255181347150259,0.031055900621118,0.0159235668789808,0.625,0.125,0.025,0.04651859278348327,0.2976036269430051,0.03243616287094549,0.02044006948465556,-0.375,0.0,0.0
rg3,42,2,catboost_balanced,with_side,0.41715142343286205,fixed_0.5,0.049965387125692824,0.7237694300518135,0.049065714636936486,0.17877290311954624,0.08,0.058823529411764705,0.125,0.05799438193001742,370,16,7,1,0.875,0.04145077720207254,394,8,394,0.0,0.0,0.0,0.0,0.0,0.0,0.125,0.05,2.4625000000000004,0.25,0.05,2.4625000000000004,0.375,0.0379746835443038,1.8702531645569622,0.031331094051882,0.4624352331606217,0.0,0.0,0.0,0.125,0.025,0.01863429307381082,0.2613341968911918,0.08,0.058823529411764705,0.125,0.125,0.025
rg3,42,2,catboost_balanced,with_side,0.41715142343286205,inner_f1,0.049965387125692824,0.7237694300518135,0.049065714636936486,0.17877290311954624,0.0625,0.041666666666666664,0.125,0.03857502717874625,363,23,7,1,0.875,0.05958549222797927,394,8,394,0.0,0.0,0.0,0.0,0.0,0.0,0.125,0.05,2.4625000000000004,0.25,0.05,2.4625000000000004,0.375,0.0379746835443038,1.8702531645569622,0.031331094051882,0.4624352331606217,0.0,0.0,0.0,0.125,0.025,0.01863429307381082,0.2613341968911918,0.0625,0.041666666666666664,0.125,0.125,0.025
rg3,42,2,lightgbm,with_side,0.04745229641339838,fixed_0.5,0.04977719016835677,0.6625647668393784,0.019987349702230015,0.09830668379816698,0.0,0.0,0.0,0.0,386,0,8,0,1.0,0.0,394,8,394,0.0,0.0,0.0,0.125,0.08333333333333333,4.104166666666667,0.125,0.05,2.4625000000000004,0.125,0.025,1.2312500000000002,0.25,0.02531645569620253,1.2468354430379747,0.0312029104531794,0.322538860103627,0.0,0.0,0.0,0.125,0.025,0.01857427971517737,0.3400259067357514,0.0,0.0,0.0,0.0,0.0
rg3,42,2,lightgbm,with_side,0.04745229641339838,inner_f1,0.04977719016835677,0.6625647668393784,0.019987349702230015,0.09830668379816698,0.05405405405405406,0.034482758620689655,0.125,0.02833550372246291,358,28,7,1,0.875,0.07253886010362694,394,8,394,0.0,0.0,0.0,0.125,0.08333333333333333,4.104166666666667,0.125,0.05,2.4625000000000004,0.125,0.025,1.2312500000000002,0.25,0.02531645569620253,1.2468354430379747,0.0312029104531794,0.322538860103627,0.0363636363636363,0.0196078431372549,0.25,0.125,0.025,0.01857427971517737,0.3400259067357514,0.017690417690417758,0.014874915483434753,-0.125,0.0,0.0
rg3,42,2,lightgbm_balanced,with_side,0.18880199310038034,fixed_0.5,0.09482774211073941,0.679080310880829,0.0488483555677893,0.1834923144929219,0.08333333333333333,0.0625,0.125,0.06155128152320097,371,15,7,1,0.875,0.038860103626943004,394,8,394,0.125,0.25,12.312500000000002,0.125,0.08333333333333333,4.104166666666667,0.125,0.05,2.4625000000000004,0.25,0.05,2.4625000000000004,0.375,0.0379746835443038,1.8702531645569622,0.0322105974375527,0.3581606217616581,0.1111111111111111,0.1,0.125,0.125,0.025,0.06261714467318671,0.3209196891191709,-0.027777777777777776,-0.037500000000000006,0.0,0.125,0.025
rg3,42,2,lightgbm_balanced,with_side,0.18880199310038034,inner_f1,0.09482774211073941,0.679080310880829,0.0488483555677893,0.1834923144929219,0.06382978723404255,0.03488372093023256,0.375,0.05462151217227986,303,83,5,3,0.625,0.21502590673575128,394,8,394,0.125,0.25,12.312500000000002,0.125,0.08333333333333333,4.104166666666667,0.125,0.05,2.4625000000000004,0.25,0.05,2.4625000000000004,0.375,0.0379746835443038,1.8702531645569622,0.0322105974375527,0.3581606217616581,0.0,0.0,0.0,0.125,0.025,0.06261714467318671,0.3209196891191709,0.06382978723404255,0.03488372093023256,0.375,0.125,0.025
rg3,1729,0,dummy_prior,with_side,0.5,fixed_0.5,0.027918781725888325,0.5,0.027242392228606773,0.12995073399332752,0.0,0.0,0.0,0.0,383,0,11,0,1.0,0.0,394,11,1,0.0,0.0,0.0,0.0,0.0,0.0,0.0,0.0,0.0,0.0,0.0,0.0,0.2727272727272727,0.0379746835443038,1.3601841196777906,0.0279187817258883,0.5,0.0,0.0,0.0,0.0,0.0,2.42861286636753e-17,0.0,0.0,0.0,0.0,0.0,0.0
rg3,1729,0,dummy_prior,with_side,0.5,inner_f1,0.027918781725888325,0.5,0.027242392228606773,0.12995073399332752,0.0,0.0,0.0,0.0,383,0,11,0,1.0,0.0,394,11,1,0.0,0.0,0.0,0.0,0.0,0.0,0.0,0.0,0.0,0.0,0.0,0.0,0.2727272727272727,0.0379746835443038,1.3601841196777906,0.0279187817258883,0.5,0.0,0.0,0.0,0.0,0.0,2.42861286636753e-17,0.0,0.0,0.0,0.0,0.0,0.0
rg3,1729,0,logistic,with_side,0.003331782872265177,fixed_0.5,0.056373341622881386,0.7581295988606693,0.02729020451372731,0.12023995933361628,0.0,0.0,0.0,0.0,383,0,11,0,1.0,0.0,394,11,394,0.0,0.0,0.0,0.0,0.0,0.0,0.0,0.0,0.0,0.09090909090909091,0.025,0.8954545454545455,0.2727272727272727,0.0379746835443038,1.3601841196777906,0.0282133432536065,0.5023736055067648,0.0,0.0,0.0,0.0,0.0,0.028159998369274887,0.25575599335390453,0.0,0.0,0.0,0.09090909090909091,0.025
rg3,1729,0,logistic,with_side,0.003331782872265177,inner_f1,0.056373341622881386,0.7581295988606693,0.02729020451372731,0.12023995933361628,0.1004566210045662,0.052884615384615384,1.0,0.16025875341394719,186,197,0,11,0.0,0.5143603133159269,394,11,394,0.0,0.0,0.0,0.0,0.0,0.0,0.0,0.0,0.0,0.09090909090909091,0.025,0.8954545454545455,0.2727272727272727,0.0379746835443038,1.3601841196777906,0.0282133432536065,0.5023736055067648,0.0543209876543209,0.0279187817258883,1.0,0.0,0.0,0.028159998369274887,0.25575599335390453,0.04613563335024531,0.024965833658727083,0.0,0.09090909090909091,0.025
rg3,1729,0,logistic_balanced,with_side,0.02090638522212503,fixed_0.5,0.05469012917405704,0.7491098979349633,0.1411677345709753,0.42643543804369366,0.08421052631578947,0.047619047619047616,0.36363636363636365,0.06224885625472983,303,80,7,4,0.6363636363636364,0.20887728459530025,394,11,394,0.0,0.0,0.0,0.0,0.0,0.0,0.0,0.0,0.0,0.0,0.0,0.0,0.36363636363636365,0.05063291139240506,1.813578826237054,0.0273910672156457,0.4838594825539996,0.0,0.0,0.0,0.0,0.0,0.027299061958411336,0.2652504153809637,0.08421052631578947,0.047619047619047616,0.36363636363636365,0.0,0.0
rg3,1729,0,logistic_balanced,with_side,0.02090638522212503,inner_f1,0.05469012917405704,0.7491098979349633,0.1411677345709753,0.42643543804369366,0.10476190476190476,0.05527638190954774,1.0,0.16775973177159598,195,188,0,11,0.0,0.4908616187989556,394,11,394,0.0,0.0,0.0,0.0,0.0,0.0,0.0,0.0,0.0,0.0,0.0,0.0,0.36363636363636365,0.05063291139240506,1.813578826237054,0.0273910672156457,0.4838594825539996,0.0545905707196029,0.0280612244897959,1.0,0.0,0.0,0.027299061958411336,0.2652504153809637,0.05017133404230186,0.02721515741975184,0.0,0.0,0.0
rg3,1729,0,xgboost,with_side,0.010427333414554596,fixed_0.5,0.06164535893938801,0.7659624970329932,0.026933270098753143,0.121091959574688,0.0,0.0,0.0,0.0,383,0,11,0,1.0,0.0,394,11,394,0.0,0.0,0.0,0.0,0.0,0.0,0.0,0.0,0.0,0.18181818181818182,0.05,1.790909090909091,0.45454545454545453,0.06329113924050633,2.266973532796318,0.0345894863210054,0.5431996202231189,0.0,0.0,0.0,0.1818181818181818,0.05,0.02705587261838261,0.2227628768098744,0.0,0.0,0.0,2.7755575615628914e-17,0.0
rg3,1729,0,xgboost,with_side,0.010427333414554596,inner_f1,0.06164535893938801,0.7659624970329932,0.026933270098753143,0.121091959574688,0.07096774193548387,0.03678929765886288,1.0,0.09552634562840465,95,288,0,11,0.0,0.7519582245430809,394,11,394,0.0,0.0,0.0,0.0,0.0,0.0,0.0,0.0,0.0,0.18181818181818182,0.05,1.790909090909091,0.45454545454545453,0.06329113924050633,2.266973532796318,0.0345894863210054,0.5431996202231189,0.0568475452196382,0.0292553191489361,1.0,0.1818181818181818,0.05,0.02705587261838261,0.2227628768098744,0.014120196715845669,0.007533978509926778,0.0,2.7755575615628914e-17,0.0
rg3,1729,0,xgboost_balanced,with_side,0.005809010937809944,fixed_0.5,0.23284365464722653,0.8471398053643485,0.037144675570316005,0.14111318003226525,0.2727272727272727,0.2727272727272727,0.2727272727272727,0.2518395442677427,375,8,8,3,0.7272727272727273,0.020887728459530026,394,11,394,0.09090909090909091,0.25,8.954545454545455,0.2727272727272727,0.25,8.954545454545455,0.2727272727272727,0.15,5.372727272727272,0.6363636363636364,0.175,6.268181818181818,0.6363636363636364,0.08860759493670886,3.1737629459148446,0.1108482356619821,0.6609304533586517,0.1333333333333333,0.25,0.0909090909090909,0.3636363636363636,0.1,0.12199541898524444,0.18620935200569677,0.1393939393939394,0.022727272727272707,0.18181818181818182,0.27272727272727276,0.07499999999999998
rg3,1729,0,xgboost_balanced,with_side,0.005809010937809944,inner_f1,0.23284365464722653,0.8471398053643485,0.037144675570316005,0.14111318003226525,0.06321839080459771,0.032640949554896145,1.0,0.06969785827496928,57,326,0,11,0.0,0.8511749347258486,394,11,394,0.09090909090909091,0.25,8.954545454545455,0.2727272727272727,0.25,8.954545454545455,0.2727272727272727,0.15,5.372727272727272,0.6363636363636364,0.175,6.268181818181818,0.6363636363636364,0.08860759493670886,3.1737629459148446,0.1108482356619821,0.6609304533586517,0.0543209876543209,0.0279187817258883,1.0,0.3636363636363636,0.1,0.12199541898524444,0.18620935200569677,0.00889740315027681,0.004722167829007844,0.0,0.27272727272727276,0.07499999999999998
rg3,1729,0,extratrees,with_side,0.0001234567901234568,fixed_0.5,0.10307167128729973,0.794683123664847,0.02643992251129358,0.1119739165749931,0.0,0.0,0.0,0.0,383,0,11,0,1.0,0.0,394,11,198,0.0,0.0,0.0,0.18181818181818182,0.16666666666666666,5.969696969696969,0.36363636363636365,0.2,7.163636363636364,0.36363636363636365,0.1,3.581818181818182,0.5454545454545454,0.0759493670886076,2.7203682393555813,0.0607551153757285,0.5887728459530026,0.0,0.0,0.0,0.1818181818181818,0.05,0.04231655591157123,0.20591027771184434,0.0,0.0,0.0,0.18181818181818185,0.05
rg3,1729,0,extratrees,with_side,0.0001234567901234568,inner_f1,0.10307167128729973,0.794683123664847,0.02643992251129358,0.1119739165749931,0.10576923076923077,0.05583756345177665,1.0,0.16947161010580442,197,186,0,11,0.0,0.4856396866840731,394,11,198,0.0,0.0,0.0,0.18181818181818182,0.16666666666666666,5.969696969696969,0.36363636363636365,0.2,7.163636363636364,0.36363636363636365,0.1,3.581818181818182,0.5454545454545454,0.0759493670886076,2.7203682393555813,0.0607551153757285,0.5887728459530026,0.0543209876543209,0.0279187817258883,1.0,0.1818181818181818,0.05,0.04231655591157123,0.20591027771184434,0.05144824311490987,0.02791878172588835,0.0,0.18181818181818185,0.05
rg3,1729,0,extratrees_balanced,with_side,0.011185186978876578,fixed_0.5,0.1298448002293484,0.7840018988844053,0.07983859264241305,0.24450480226040594,0.1694915254237288,0.10416666666666667,0.45454545454545453,0.17238952091986184,340,43,6,5,0.5454545454545454,0.1122715404699739,394,11,197,0.09090909090909091,0.25,8.954545454545455,0.18181818181818182,0.16666666666666666,5.969696969696969,0.2727272727272727,0.15,5.372727272727272,0.45454545454545453,0.125,4.4772727272727275,0.5454545454545454,0.0759493670886076,2.7203682393555813,0.0679176755623625,0.5887728459530026,0.0,0.0,0.0,0.3636363636363636,0.1,0.06192712466698591,0.1952290529314027,0.1694915254237288,0.10416666666666667,0.45454545454545453,0.09090909090909094,0.024999999999999994
rg3,1729,0,extratrees_balanced,with_side,0.011185186978876578,inner_f1,0.1298448002293484,0.7840018988844053,0.07983859264241305,0.24450480226040594,0.1073170731707317,0.05670103092783505,1.0,0.17207234941994837,200,183,0,11,0.0,0.47780678851174935,394,11,197,0.09090909090909091,0.25,8.954545454545455,0.18181818181818182,0.16666666666666666,5.969696969696969,0.2727272727272727,0.15,5.372727272727272,0.45454545454545453,0.125,4.4772727272727275,0.5454545454545454,0.0759493670886076,2.7203682393555813,0.0679176755623625,0.5887728459530026,0.0543209876543209,0.0279187817258883,1.0,0.3636363636363636,0.1,0.06192712466698591,0.1952290529314027,0.05299608551641081,0.02878224920194675,0.0,0.09090909090909094,0.024999999999999994
rg3,1729,0,catboost,with_side,0.0034387371733387655,fixed_0.5,0.07920327356184041,0.7961072869689059,0.026801650566404746,0.1147620989600554,0.0,0.0,0.0,0.0,383,0,11,0,1.0,0.0,394,11,394,0.0,0.0,0.0,0.0,0.0,0.0,0.18181818181818182,0.1,3.581818181818182,0.18181818181818182,0.05,1.790909090909091,0.7272727272727273,0.10126582278481013,3.627157652474108,0.0335108640791722,0.5379776881082364,0.0,0.0,0.0,0.0909090909090909,0.025,0.045692409482668214,0.25812959886066944,0.0,0.0,0.0,0.09090909090909093,0.025
rg3,1729,0,catboost,with_side,0.0034387371733387655,inner_f1,0.07920327356184041,0.7961072869689059,0.026801650566404746,0.1147620989600554,0.102803738317757,0.054187192118226604,1.0,0.1643862999140407,191,192,0,11,0.0,0.5013054830287206,394,11,394,0.0,0.0,0.0,0.0,0.0,0.0,0.18181818181818182,0.1,3.581818181818182,0.18181818181818182,0.05,1.790909090909091,0.7272727272727273,0.10126582278481013,3.627157652474108,0.0335108640791722,0.5379776881082364,0.0543209876543209,0.0279187817258883,1.0,0.0909090909090909,0.025,0.045692409482668214,0.25812959886066944,0.04848275066343611,0.026268410392338303,0.0,0.09090909090909093,0.025
rg3,1729,0,catboost_balanced,with_side,0.018241654150511013,fixed_0.5,0.10012510356011935,0.789223830999288,0.044857800197198434,0.16215062045773754,0.17391304347826086,0.16666666666666666,0.18181818181818182,0.1492745619242518,373,10,9,2,0.8181818181818182,0.02610966057441253,394,11,394,0.0,0.0,0.0,0.18181818181818182,0.16666666666666666,5.969696969696969,0.2727272727272727,0.15,5.372727272727272,0.36363636363636365,0.1,3.581818181818182,0.5454545454545454,0.0759493670886076,2.7203682393555813,0.0432266232394557,0.5721576074056491,0.0,0.0,0.0,0.0909090909090909,0.025,0.05689848032066365,0.2170662235936388,0.17391304347826086,0.16666666666666666,0.18181818181818182,0.27272727272727276,0.07500000000000001
rg3,1729,0,catboost_balanced,with_side,0.018241654150511013,inner_f1,0.10012510356011935,0.789223830999288,0.044857800197198434,0.16215062045773754,0.09954751131221719,0.05238095238095238,1.0,0.15863397973023574,184,199,0,11,0.0,0.5195822454308094,394,11,394,0.0,0.0,0.0,0.18181818181818182,0.16666666666666666,5.969696969696969,0.2727272727272727,0.15,5.372727272727272,0.36363636363636365,0.1,3.581818181818182,0.5454545454545454,0.0759493670886076,2.7203682393555813,0.0432266232394557,0.5721576074056491,0.0543209876543209,0.0279187817258883,1.0,0.0909090909090909,0.025,0.05689848032066365,0.2170662235936388,0.04522652365789629,0.02446217065506408,0.0,0.27272727272727276,0.07500000000000001
rg3,1729,0,lightgbm,with_side,0.005648505741596609,fixed_0.5,0.14087879077091486,0.8395442677427012,0.026397634239248423,0.11196181958269104,0.0,0.0,0.0,0.0,383,0,11,0,1.0,0.0,394,11,394,0.09090909090909091,0.25,8.954545454545455,0.2727272727272727,0.25,8.954545454545455,0.2727272727272727,0.15,5.372727272727272,0.45454545454545453,0.125,4.4772727272727275,0.6363636363636364,0.08860759493670886,3.1737629459148446,0.1072958804727457,0.6822929029195347,0.0,0.0,0.0,0.2727272727272727,0.075,0.033582910298169164,0.15725136482316648,0.0,0.0,0.0,0.18181818181818182,0.05
rg3,1729,0,lightgbm,with_side,0.005648505741596609,inner_f1,0.14087879077091486,0.8395442677427012,0.026397634239248423,0.11196181958269104,0.09565217391304348,0.0502283105022831,1.0,0.15149347320170006,175,208,0,11,0.0,0.5430809399477807,394,11,394,0.09090909090909091,0.25,8.954545454545455,0.2727272727272727,0.25,8.954545454545455,0.2727272727272727,0.15,5.372727272727272,0.45454545454545453,0.125,4.4772727272727275,0.6363636363636364,0.08860759493670886,3.1737629459148446,0.1072958804727457,0.6822929029195347,0.0543209876543209,0.0279187817258883,1.0,0.2727272727272727,0.075,0.033582910298169164,0.15725136482316648,0.041331186258722584,0.0223095287763948,0.0,0.18181818181818182,0.05
rg3,1729,0,lightgbm_balanced,with_side,0.01912762223475004,fixed_0.5,0.14254671287885723,0.8165202943270828,0.04622048465743699,0.16888183040831947,0.23076923076923078,0.2,0.2727272727272727,0.207806912017516,371,12,8,3,0.7272727272727273,0.031331592689295036,394,11,394,0.09090909090909091,0.25,8.954545454545455,0.18181818181818182,0.16666666666666666,5.969696969696969,0.2727272727272727,0.15,5.372727272727272,0.2727272727272727,0.075,2.686363636363636,0.5454545454545454,0.0759493670886076,2.7203682393555813,0.09119839178665,0.6324471872774746,0.1176470588235294,0.1666666666666666,0.0909090909090909,0.1818181818181818,0.05,0.05134832109220723,0.18407310704960822,0.11312217194570139,0.03333333333333341,0.18181818181818182,0.09090909090909091,0.024999999999999994
rg3,1729,0,lightgbm_balanced,with_side,0.01912762223475004,inner_f1,0.14254671287885723,0.8165202943270828,0.04622048465743699,0.16888183040831947,0.0873015873015873,0.04564315352697095,1.0,0.13503120700736435,153,230,0,11,0.0,0.6005221932114883,394,11,394,0.09090909090909091,0.25,8.954545454545455,0.18181818181818182,0.16666666666666666,5.969696969696969,0.2727272727272727,0.15,5.372727272727272,0.2727272727272727,0.075,2.686363636363636,0.5454545454545454,0.0759493670886076,2.7203682393555813,0.09119839178665,0.6324471872774746,0.0543209876543209,0.0279187817258883,1.0,0.1818181818181818,0.05,0.05134832109220723,0.18407310704960822,0.0329805996472664,0.01772437180108265,0.0,0.09090909090909091,0.024999999999999994
rg3,1729,1,dummy_prior,with_side,0.5,fixed_0.5,0.017766497461928935,0.5,0.017476616248808266,0.08983887272248704,0.0,0.0,0.0,0.0,387,0,7,0,1.0,0.0,394,7,1,0.0,0.0,0.0,0.0,0.0,0.0,0.0,0.0,0.0,0.0,0.0,0.0,0.14285714285714285,0.012658227848101266,0.7124773960216998,0.0177664974619289,0.5,0.0,0.0,0.0,0.0,0.0,3.469446951953614e-17,0.0,0.0,0.0,0.0,0.0,0.0
rg3,1729,1,dummy_prior,with_side,0.5,inner_f1,0.017766497461928935,0.5,0.017476616248808266,0.08983887272248704,0.0,0.0,0.0,0.0,387,0,7,0,1.0,0.0,394,7,1,0.0,0.0,0.0,0.0,0.0,0.0,0.0,0.0,0.0,0.0,0.0,0.0,0.14285714285714285,0.012658227848101266,0.7124773960216998,0.0177664974619289,0.5,0.0,0.0,0.0,0.0,0.0,3.469446951953614e-17,0.0,0.0,0.0,0.0,0.0,0.0
rg3,1729,1,logistic,with_side,0.045866355233325634,fixed_0.5,0.04383449138471013,0.7349575489110374,0.018066733012495503,0.08615469605509132,0.0,0.0,0.0,0.0,387,0,7,0,1.0,0.0,394,7,394,0.0,0.0,0.0,0.14285714285714285,0.08333333333333333,4.69047619047619,0.14285714285714285,0.05,2.814285714285714,0.14285714285714285,0.025,1.407142857142857,0.2857142857142857,0.02531645569620253,1.4249547920433996,0.0219787318796653,0.4638242894056847,0.0,0.0,0.0,0.1428571428571428,0.025,0.021855759505044828,0.27113325950535266,0.0,0.0,0.0,5.551115123125783e-17,0.0
rg3,1729,1,logistic,with_side,0.045866355233325634,inner_f1,0.04383449138471013,0.7349575489110374,0.018066733012495503,0.08615469605509132,0.05,0.0273972602739726,0.2857142857142857,0.03476652790097756,316,71,5,2,0.7142857142857143,0.1834625322997416,394,7,394,0.0,0.0,0.0,0.14285714285714285,0.08333333333333333,4.69047619047619,0.14285714285714285,0.05,2.814285714285714,0.14285714285714285,0.025,1.407142857142857,0.2857142857142857,0.02531645569620253,1.4249547920433996,0.0219787318796653,0.4638242894056847,0.0,0.0,0.0,0.1428571428571428,0.025,0.021855759505044828,0.27113325950535266,0.05,0.0273972602739726,0.2857142857142857,5.551115123125783e-17,0.0
rg3,1729,1,logistic_balanced,with_side,0.7947835517567151,fixed_0.5,0.05035898741788278,0.7504614248800294,0.1684396110675214,0.5054781027031041,0.05660377358490566,0.030303030303030304,0.42857142857142855,0.05497633083641854,291,96,4,3,0.5714285714285714,0.24806201550387597,394,7,394,0.0,0.0,0.0,0.14285714285714285,0.08333333333333333,4.69047619047619,0.14285714285714285,0.05,2.814285714285714,0.2857142857142857,0.05,2.814285714285714,0.42857142857142855,0.0379746835443038,2.1374321880650995,0.0241266902629627,0.4970468807678109,0.0279720279720279,0.0147058823529411,0.2857142857142857,0.1428571428571428,0.025,0.02623229715492008,0.25341454411221853,0.028631745612877763,0.015597147950089204,0.14285714285714285,0.1428571428571429,0.025
rg3,1729,1,logistic_balanced,with_side,0.7947835517567151,inner_f1,0.05035898741788278,0.7504614248800294,0.1684396110675214,0.5054781027031041,0.08163265306122448,0.047619047619047616,0.2857142857142857,0.07805962659575537,347,40,5,2,0.7142857142857143,0.10335917312661498,394,7,394,0.0,0.0,0.0,0.14285714285714285,0.08333333333333333,4.69047619047619,0.14285714285714285,0.05,2.814285714285714,0.2857142857142857,0.05,2.814285714285714,0.42857142857142855,0.0379746835443038,2.1374321880650995,0.0241266902629627,0.4970468807678109,0.0606060606060606,0.0384615384615384,0.1428571428571428,0.1428571428571428,0.025,0.02623229715492008,0.25341454411221853,0.021026592455163882,0.009157509157509215,0.1428571428571429,0.1428571428571429,0.025
rg3,1729,1,xgboost,with_side,0.022215021774172783,fixed_0.5,0.023402612031592187,0.5618309339239571,0.018069444402989642,0.0944000957691213,0.0,0.0,0.0,0.0,387,0,7,0,1.0,0.0,394,7,392,0.0,0.0,0.0,0.0,0.0,0.0,0.0,0.0,0.0,0.0,0.0,0.0,0.2857142857142857,0.02531645569620253,1.4249547920433996,0.0148566748263873,0.3582502768549279,0.0,0.0,0.0,0.0,0.0,0.008545937205204888,0.20358065706902922,0.0,0.0,0.0,0.0,0.0
rg3,1729,1,xgboost,with_side,0.022215021774172783,inner_f1,0.023402612031592187,0.5618309339239571,0.018069444402989642,0.0944000957691213,0.046511627906976744,0.02459016393442623,0.42857142857142855,0.03459433397857018,268,119,4,3,0.5714285714285714,0.30749354005167956,394,7,392,0.0,0.0,0.0,0.0,0.0,0.0,0.0,0.0,0.0,0.0,0.0,0.0,0.2857142857142857,0.02531645569620253,1.4249547920433996,0.0148566748263873,0.3582502768549279,0.0203045685279187,0.0105263157894736,0.2857142857142857,0.0,0.0,0.008545937205204888,0.20358065706902922,0.026207059379058043,0.014063848144952628,0.14285714285714285,0.0,0.0
rg3,1729,1,xgboost_balanced,with_side,0.8109561204910278,fixed_0.5,0.03809107870398579,0.6821705426356589,0.05145117878162177,0.18235956469893658,0.0,0.0,0.0,-0.031100884057415703,367,20,7,0,1.0,0.05167958656330749,394,7,394,0.0,0.0,0.0,0.0,0.0,0.0,0.0,0.0,0.0,0.2857142857142857,0.05,2.814285714285714,0.42857142857142855,0.0379746835443038,2.1374321880650995,0.0194589521594783,0.4143595422665189,0.0,0.0,0.0,0.0,0.0,0.018632126544507487,0.26781100036914,0.0,0.0,0.0,0.2857142857142857,0.05
rg3,1729,1,xgboost_balanced,with_side,0.8109561204910278,inner_f1,0.03809107870398579,0.6821705426356589,0.05145117878162177,0.18235956469893658,0.0,0.0,0.0,-0.01178055594798754,384,3,7,0,1.0,0.007751937984496124,394,7,394,0.0,0.0,0.0,0.0,0.0,0.0,0.0,0.0,0.0,0.2857142857142857,0.05,2.814285714285714,0.42857142857142855,0.0379746835443038,2.1374321880650995,0.0194589521594783,0.4143595422665189,0.0,0.0,0.0,0.0,0.0,0.018632126544507487,0.26781100036914,0.0,0.0,0.0,0.2857142857142857,0.05
rg3,1729,1,extratrees,with_side,0.11028029304432564,fixed_0.5,0.026404921425457625,0.6282761166482097,0.0191766244474536,0.1801844689172012,0.0,0.0,0.0,0.0,387,0,7,0,1.0,0.0,394,7,193,0.0,0.0,0.0,0.0,0.0,0.0,0.0,0.0,0.0,0.0,0.0,0.0,0.2857142857142857,0.02531645569620253,1.4249547920433996,0.0161647988143166,0.387781469176818,0.0,0.0,0.0,0.0,0.0,0.010240122611141024,0.2404946474713917,0.0,0.0,0.0,0.0,0.0
rg3,1729,1,extratrees,with_side,0.11028029304432564,inner_f1,0.026404921425457625,0.6282761166482097,0.0191766244474536,0.1801844689172012,0.0,0.0,0.0,-0.037909329592926415,358,29,7,0,1.0,0.07493540051679587,394,7,193,0.0,0.0,0.0,0.0,0.0,0.0,0.0,0.0,0.0,0.0,0.0,0.0,0.2857142857142857,0.02531645569620253,1.4249547920433996,0.0161647988143166,0.387781469176818,0.0,0.0,0.0,0.0,0.0,0.010240122611141024,0.2404946474713917,0.0,0.0,0.0,0.0,0.0
rg3,1729,1,extratrees_balanced,with_side,0.6205789763120048,fixed_0.5,0.0301245675302902,0.6819859726836471,0.0808250530265162,0.25204863354389906,0.0392156862745098,0.022727272727272728,0.14285714285714285,0.013314767531800603,344,43,6,1,0.8571428571428571,0.1111111111111111,394,7,188,0.0,0.0,0.0,0.0,0.0,0.0,0.0,0.0,0.0,0.14285714285714285,0.025,1.407142857142857,0.2857142857142857,0.02531645569620253,1.4249547920433996,0.0149790097450629,0.35234403839055,0.0,0.0,0.0,0.0,0.0,0.015145557785227299,0.3296419342930971,0.0392156862745098,0.022727272727272728,0.14285714285714285,0.14285714285714285,0.025
rg3,1729,1,extratrees_balanced,with_side,0.6205789763120048,inner_f1,0.0301245675302902,0.6819859726836471,0.0808250530265162,0.25204863354389906,0.0,0.0,0.0,-0.03191161391282081,366,21,7,0,1.0,0.05426356589147287,394,7,188,0.0,0.0,0.0,0.0,0.0,0.0,0.0,0.0,0.0,0.14285714285714285,0.025,1.407142857142857,0.2857142857142857,0.02531645569620253,1.4249547920433996,0.0149790097450629,0.35234403839055,0.0229885057471264,0.0125,0.1428571428571428,0.0,0.0,0.015145557785227299,0.3296419342930971,-0.0229885057471264,-0.0125,-0.1428571428571428,0.14285714285714285,0.025
rg3,1729,1,catboost,with_side,0.025227350335627598,fixed_0.5,0.028692098958190155,0.6747877445551864,0.017968276911831556,0.08866173020326891,0.0,0.0,0.0,0.0,387,0,7,0,1.0,0.0,394,7,394,0.0,0.0,0.0,0.0,0.0,0.0,0.0,0.0,0.0,0.0,0.0,0.0,0.14285714285714285,0.012658227848101266,0.7124773960216998,0.0153778832117425,0.3626799557032115,0.0,0.0,0.0,0.0,0.0,0.013314215746447654,0.31210778885197493,0.0,0.0,0.0,0.0,0.0
rg3,1729,1,catboost,with_side,0.025227350335627598,inner_f1,0.028692098958190155,0.6747877445551864,0.017968276911831556,0.08866173020326891,0.031496062992125984,0.016666666666666666,0.2857142857142857,-0.005509763233616065,269,118,5,2,0.7142857142857143,0.3049095607235142,394,7,394,0.0,0.0,0.0,0.0,0.0,0.0,0.0,0.0,0.0,0.0,0.0,0.0,0.14285714285714285,0.012658227848101266,0.7124773960216998,0.0153778832117425,0.3626799557032115,0.0223048327137546,0.0114503816793893,0.4285714285714285,0.0,0.0,0.013314215746447654,0.31210778885197493,0.009191230278371383,0.005216284987277366,-0.1428571428571428,0.0,0.0
rg3,1729,1,catboost_balanced,with_side,0.20643993208024009,fixed_0.5,0.029239998756880905,0.6770025839793282,0.06747018209334413,0.21545767942882021,0.0,0.0,0.0,-0.04066276498870772,354,33,7,0,1.0,0.08527131782945736,394,7,394,0.0,0.0,0.0,0.0,0.0,0.0,0.0,0.0,0.0,0.0,0.0,0.0,0.2857142857142857,0.02531645569620253,1.4249547920433996,0.0175425010371105,0.4246954595791805,0.0,0.0,0.0,0.0,0.0,0.011697497719770404,0.25230712440014774,0.0,0.0,0.0,0.0,0.0
rg3,1729,1,catboost_balanced,with_side,0.20643993208024009,inner_f1,0.029239998756880905,0.6770025839793282,0.06747018209334413,0.21545767942882021,0.04081632653061224,0.02197802197802198,0.2857142857142857,0.017471509728212656,298,89,5,2,0.7142857142857143,0.22997416020671835,394,7,394,0.0,0.0,0.0,0.0,0.0,0.0,0.0,0.0,0.0,0.0,0.0,0.0,0.2857142857142857,0.02531645569620253,1.4249547920433996,0.0175425010371105,0.4246954595791805,0.0202020202020202,0.0108695652173913,0.1428571428571428,0.0,0.0,0.011697497719770404,0.25230712440014774,0.02061430632859204,0.01110845676063068,0.1428571428571429,0.0,0.0
rg3,1729,1,lightgbm,with_side,0.08625131007701484,fixed_0.5,0.032236427097974335,0.6670358065706902,0.01828373054502659,0.09318275960065014,0.0,0.0,0.0,0.0,387,0,7,0,1.0,0.0,394,7,394,0.0,0.0,0.0,0.0,0.0,0.0,0.0,0.0,0.0,0.14285714285714285,0.025,1.407142857142857,0.42857142857142855,0.0379746835443038,2.1374321880650995,0.0179955941720665,0.3759689922480619,0.0,0.0,0.0,0.0,0.0,0.014240832925907835,0.29106681432262826,0.0,0.0,0.0,0.14285714285714285,0.025
rg3,1729,1,lightgbm,with_side,0.08625131007701484,inner_f1,0.032236427097974335,0.6670358065706902,0.01828373054502659,0.09318275960065014,0.0,0.0,0.0,-0.030272947247600226,368,19,7,0,1.0,0.04909560723514212,394,7,394,0.0,0.0,0.0,0.0,0.0,0.0,0.0,0.0,0.0,0.14285714285714285,0.025,1.407142857142857,0.42857142857142855,0.0379746835443038,2.1374321880650995,0.0179955941720665,0.3759689922480619,0.0,0.0,0.0,0.0,0.0,0.014240832925907835,0.29106681432262826,0.0,0.0,0.0,0.14285714285714285,0.025
rg3,1729,1,lightgbm_balanced,with_side,0.6913243401993708,fixed_0.5,0.03815416321884009,0.6360280546327057,0.0654462121758328,0.22196908533068205,0.10810810810810811,0.06666666666666667,0.2857142857142857,0.106270326948438,359,28,5,2,0.7142857142857143,0.07235142118863049,394,7,394,0.0,0.0,0.0,0.0,0.0,0.0,0.14285714285714285,0.05,2.814285714285714,0.2857142857142857,0.05,2.814285714285714,0.2857142857142857,0.02531645569620253,1.4249547920433996,0.0218088159484164,0.399593946105574,0.0,0.0,0.0,0.1428571428571428,0.025,0.01634534727042369,0.2364341085271317,0.10810810810810811,0.06666666666666667,0.2857142857142857,0.1428571428571429,0.025
rg3,1729,1,lightgbm_balanced,with_side,0.6913243401993708,inner_f1,0.03815416321884009,0.6360280546327057,0.0654462121758328,0.22196908533068205,0.0,0.0,0.0,-0.020562903028816623,378,9,7,0,1.0,0.023255813953488372,394,7,394,0.0,0.0,0.0,0.0,0.0,0.0,0.14285714285714285,0.05,2.814285714285714,0.2857142857142857,0.05,2.814285714285714,0.2857142857142857,0.02531645569620253,1.4249547920433996,0.0218088159484164,0.399593946105574,0.0,0.0,0.0,0.1428571428571428,0.025,0.01634534727042369,0.2364341085271317,0.0,0.0,0.0,0.1428571428571429,0.025
rg3,1729,2,dummy_prior,with_side,0.5,fixed_0.5,0.017766497461928935,0.5,0.017476616248808266,0.08983887272248706,0.0,0.0,0.0,0.0,387,0,7,0,1.0,0.0,394,7,1,0.0,0.0,0.0,0.0,0.0,0.0,0.14285714285714285,0.05,2.814285714285714,0.14285714285714285,0.025,1.407142857142857,0.14285714285714285,0.012658227848101266,0.7124773960216998,0.0177664974619289,0.5,0.0,0.0,0.0,0.1428571428571428,0.025,3.469446951953614e-17,0.0,0.0,0.0,0.0,5.551115123125783e-17,0.0
rg3,1729,2,dummy_prior,with_side,0.5,inner_f1,0.017766497461928935,0.5,0.017476616248808266,0.08983887272248706,0.0,0.0,0.0,0.0,387,0,7,0,1.0,0.0,394,7,1,0.0,0.0,0.0,0.0,0.0,0.0,0.14285714285714285,0.05,2.814285714285714,0.14285714285714285,0.025,1.407142857142857,0.14285714285714285,0.012658227848101266,0.7124773960216998,0.0177664974619289,0.5,0.0,0.0,0.0,0.1428571428571428,0.025,3.469446951953614e-17,0.0,0.0,0.0,0.0,5.551115123125783e-17,0.0
rg3,1729,2,logistic,with_side,0.14895092960987302,fixed_0.5,0.02766005540993738,0.6511627906976745,0.018818803106901,0.09717234114675671,0.0,0.0,0.0,0.0,387,0,7,0,1.0,0.0,394,7,394,0.0,0.0,0.0,0.0,0.0,0.0,0.0,0.0,0.0,0.0,0.0,0.0,0.2857142857142857,0.02531645569620253,1.4249547920433996,0.0145429767408226,0.340531561461794,0.0,0.0,0.0,0.0,0.0,0.013117078669114778,0.3106312292358805,0.0,0.0,0.0,0.0,0.0
rg3,1729,2,logistic,with_side,0.14895092960987302,inner_f1,0.02766005540993738,0.6511627906976745,0.018818803106901,0.09717234114675671,0.0,0.0,0.0,-0.01524767894897695,382,5,7,0,1.0,0.012919896640826873,394,7,394,0.0,0.0,0.0,0.0,0.0,0.0,0.0,0.0,0.0,0.0,0.0,0.0,0.2857142857142857,0.02531645569620253,1.4249547920433996,0.0145429767408226,0.340531561461794,0.0,0.0,0.0,0.0,0.0,0.013117078669114778,0.3106312292358805,0.0,0.0,0.0,0.0,0.0
rg3,1729,2,logistic_balanced,with_side,0.7900540434737927,fixed_0.5,0.028737627348846436,0.6722037652270211,0.1624472946982419,0.4600586913836215,0.037037037037037035,0.019801980198019802,0.2857142857142857,0.009046613146240645,288,99,5,2,0.7142857142857143,0.2558139534883721,394,7,394,0.0,0.0,0.0,0.0,0.0,0.0,0.0,0.0,0.0,0.0,0.0,0.0,0.14285714285714285,0.012658227848101266,0.7124773960216998,0.0139259761084601,0.3198597268364709,0.0,0.0,0.0,0.0,0.0,0.014811651240386336,0.3523440383905502,0.037037037037037035,0.019801980198019802,0.2857142857142857,0.0,0.0
rg3,1729,2,logistic_balanced,with_side,0.7900540434737927,inner_f1,0.028737627348846436,0.6722037652270211,0.1624472946982419,0.4600586913836215,0.0,0.0,0.0,-0.03861032639995152,357,30,7,0,1.0,0.07751937984496124,394,7,394,0.0,0.0,0.0,0.0,0.0,0.0,0.0,0.0,0.0,0.0,0.0,0.0,0.14285714285714285,0.012658227848101266,0.7124773960216998,0.0139259761084601,0.3198597268364709,0.0349127182044887,0.0177664974619289,1.0,0.0,0.0,0.014811651240386336,0.3523440383905502,-0.0349127182044887,-0.0177664974619289,-1.0,0.0,0.0
rg3,1729,2,xgboost,with_side,0.059851620346307755,fixed_0.5,0.021755688271313918,0.5322997416020672,0.017776781826638634,0.09283906075043571,0.0,0.0,0.0,0.0,387,0,7,0,1.0,0.0,394,7,394,0.0,0.0,0.0,0.0,0.0,0.0,0.0,0.0,0.0,0.0,0.0,0.0,0.14285714285714285,0.012658227848101266,0.7124773960216998,0.0132068541423243,0.278516057585825,0.0,0.0,0.0,0.0,0.0,0.008548834128989618,0.2537836840162422,0.0,0.0,0.0,0.0,0.0
rg3,1729,2,xgboost,with_side,0.059851620346307755,inner_f1,0.021755688271313918,0.5322997416020672,0.017776781826638634,0.09283906075043571,0.0,0.0,0.0,-0.024842924861035336,374,13,7,0,1.0,0.03359173126614987,394,7,394,0.0,0.0,0.0,0.0,0.0,0.0,0.0,0.0,0.0,0.0,0.0,0.0,0.14285714285714285,0.012658227848101266,0.7124773960216998,0.0132068541423243,0.278516057585825,0.0,0.0,0.0,0.0,0.0,0.008548834128989618,0.2537836840162422,0.0,0.0,0.0,0.0,0.0
rg3,1729,2,xgboost_balanced,with_side,0.4802800714969635,fixed_0.5,0.028227862846552158,0.6674049464747139,0.05128091747768922,0.1796164864275354,0.0,0.0,0.0,-0.030272947247600226,368,19,7,0,1.0,0.04909560723514212,394,7,394,0.0,0.0,0.0,0.0,0.0,0.0,0.0,0.0,0.0,0.0,0.0,0.0,0.2857142857142857,0.02531645569620253,1.4249547920433996,0.0144378349951232,0.3434846806939829,0.0,0.0,0.0,0.0,0.0,0.013790027851428958,0.323920265780731,0.0,0.0,0.0,0.0,0.0
rg3,1729,2,xgboost_balanced,with_side,0.4802800714969635,inner_f1,0.028227862846552158,0.6674049464747139,0.05128091747768922,0.1796164864275354,0.0,0.0,0.0,-0.030272947247600226,368,19,7,0,1.0,0.04909560723514212,394,7,394,0.0,0.0,0.0,0.0,0.0,0.0,0.0,0.0,0.0,0.0,0.0,0.0,0.2857142857142857,0.02531645569620253,1.4249547920433996,0.0144378349951232,0.3434846806939829,0.0,0.0,0.0,0.0,0.0,0.013790027851428958,0.323920265780731,0.0,0.0,0.0,0.0,0.0
rg3,1729,2,extratrees,with_side,0.0005911507614670632,fixed_0.5,0.03647642128431629,0.728313030638612,0.01778069082481292,0.08267561301628877,0.0,0.0,0.0,0.0,387,0,7,0,1.0,0.0,394,7,198,0.0,0.0,0.0,0.0,0.0,0.0,0.0,0.0,0.0,0.14285714285714285,0.025,1.407142857142857,0.2857142857142857,0.02531645569620253,1.4249547920433996,0.0171585757636795,0.437984496124031,0.0,0.0,0.0,0.0,0.0,0.019317845520636787,0.29032853451458096,0.0,0.0,0.0,0.14285714285714285,0.025
rg3,1729,2,extratrees,with_side,0.0005911507614670632,inner_f1,0.03647642128431629,0.728313030638612,0.01778069082481292,0.08267561301628877,0.06862745098039216,0.03553299492385787,1.0,0.1344910974643215,197,190,0,7,0.0,0.4909560723514212,394,7,198,0.0,0.0,0.0,0.0,0.0,0.0,0.0,0.0,0.0,0.14285714285714285,0.025,1.407142857142857,0.2857142857142857,0.02531645569620253,1.4249547920433996,0.0171585757636795,0.437984496124031,0.0,0.0,0.0,0.0,0.0,0.019317845520636787,0.29032853451458096,0.06862745098039216,0.03553299492385787,1.0,0.14285714285714285,0.025
rg3,1729,2,extratrees_balanced,with_side,0.580535845095669,fixed_0.5,0.03472913083689642,0.7083794758213362,0.08235212875653464,0.2528543695965045,0.03773584905660377,0.021739130434782608,0.14285714285714285,0.010933506213680597,342,45,6,1,0.8571428571428571,0.11627906976744186,394,7,198,0.0,0.0,0.0,0.0,0.0,0.0,0.0,0.0,0.0,0.14285714285714285,0.025,1.407142857142857,0.42857142857142855,0.0379746835443038,2.1374321880650995,0.0200106151659343,0.4815430047988187,0.0,0.0,0.0,0.0,0.0,0.014718515670962117,0.22683647102251753,0.03773584905660377,0.021739130434782608,0.14285714285714285,0.14285714285714285,0.025
rg3,1729,2,extratrees_balanced,with_side,0.580535845095669,inner_f1,0.03472913083689642,0.7083794758213362,0.08235212875653464,0.2528543695965045,0.0,0.0,0.0,-0.03500663438588376,362,25,7,0,1.0,0.06459948320413436,394,7,198,0.0,0.0,0.0,0.0,0.0,0.0,0.0,0.0,0.0,0.14285714285714285,0.025,1.407142857142857,0.42857142857142855,0.0379746835443038,2.1374321880650995,0.0200106151659343,0.4815430047988187,0.0,0.0,0.0,0.0,0.0,0.014718515670962117,0.22683647102251753,0.0,0.0,0.0,0.14285714285714285,0.025
rg3,1729,2,catboost,with_side,0.012427115414116266,fixed_0.5,0.0317970620999303,0.6843853820598007,0.017472746638879166,0.08247115333312907,0.0,0.0,0.0,0.0,387,0,7,0,1.0,0.0,394,7,394,0.0,0.0,0.0,0.0,0.0,0.0,0.0,0.0,0.0,0.14285714285714285,0.025,1.407142857142857,0.2857142857142857,0.02531645569620253,1.4249547920433996,0.0153339516069978,0.3767072720561092,0.0,0.0,0.0,0.0,0.0,0.016463110492932503,0.3076781100036915,0.0,0.0,0.0,0.14285714285714285,0.025
rg3,1729,2,catboost,with_side,0.012427115414116266,inner_f1,0.0317970620999303,0.6843853820598007,0.017472746638879166,0.08247115333312907,0.06965174129353234,0.03608247422680412,1.0,0.1365550200550106,200,187,0,7,0.0,0.48320413436692505,394,7,394,0.0,0.0,0.0,0.0,0.0,0.0,0.0,0.0,0.0,0.14285714285714285,0.025,1.407142857142857,0.2857142857142857,0.02531645569620253,1.4249547920433996,0.0153339516069978,0.3767072720561092,0.0,0.0,0.0,0.0,0.0,0.016463110492932503,0.3076781100036915,0.06965174129353234,0.03608247422680412,1.0,0.14285714285714285,0.025
rg3,1729,2,catboost_balanced,with_side,0.41320266556278373,fixed_0.5,0.03521056537007687,0.699889258028793,0.06528338463013224,0.21469848841906367,0.058823529411764705,0.037037037037037035,0.14285714285714285,0.03956712038423237,361,26,6,1,0.8571428571428571,0.06718346253229975,394,7,394,0.0,0.0,0.0,0.0,0.0,0.0,0.0,0.0,0.0,0.14285714285714285,0.025,1.407142857142857,0.2857142857142857,0.02531645569620253,1.4249547920433996,0.0168220233365081,0.3995939461055739,0.0,0.0,0.0,0.0,0.0,0.01838854203356877,0.30029531192321907,0.058823529411764705,0.037037037037037035,0.14285714285714285,0.14285714285714285,0.025
rg3,1729,2,catboost_balanced,with_side,0.41320266556278373,inner_f1,0.03521056537007687,0.699889258028793,0.06528338463013224,0.21469848841906367,0.0392156862745098,0.022727272727272728,0.14285714285714285,0.013314767531800603,344,43,6,1,0.8571428571428571,0.1111111111111111,394,7,394,0.0,0.0,0.0,0.0,0.0,0.0,0.0,0.0,0.0,0.14285714285714285,0.025,1.407142857142857,0.2857142857142857,0.02531645569620253,1.4249547920433996,0.0168220233365081,0.3995939461055739,0.0253164556962025,0.0138888888888888,0.1428571428571428,0.0,0.0,0.01838854203356877,0.30029531192321907,0.013899230578307303,0.008838383838383928,5.551115123125783e-17,0.14285714285714285,0.025
rg3,1729,2,lightgbm,with_side,0.0651002569514801,fixed_0.5,0.025422555145095834,0.6275378368401624,0.018089918916344795,0.09492417752367645,0.0,0.0,0.0,0.0,387,0,7,0,1.0,0.0,394,7,394,0.0,0.0,0.0,0.0,0.0,0.0,0.0,0.0,0.0,0.0,0.0,0.0,0.14285714285714285,0.012658227848101266,0.7124773960216998,0.0139471673028857,0.308047249907715,0.0,0.0,0.0,0.0,0.0,0.011475387842210133,0.3194905869324474,0.0,0.0,0.0,0.0,0.0
rg3,1729,2,lightgbm,with_side,0.0651002569514801,inner_f1,0.025422555145095834,0.6275378368401624,0.018089918916344795,0.09492417752367645,0.0,0.0,0.0,-0.031100884057415703,367,20,7,0,1.0,0.05167958656330749,394,7,394,0.0,0.0,0.0,0.0,0.0,0.0,0.0,0.0,0.0,0.0,0.0,0.0,0.14285714285714285,0.012658227848101266,0.7124773960216998,0.0139471673028857,0.308047249907715,0.0,0.0,0.0,0.0,0.0,0.011475387842210133,0.3194905869324474,0.0,0.0,0.0,0.0,0.0
rg3,1729,2,lightgbm_balanced,with_side,0.6296271764785952,fixed_0.5,0.027549824523897024,0.6522702104097454,0.05708088735090291,0.19824162725095973,0.0,0.0,0.0,-0.03348655729945793,364,23,7,0,1.0,0.059431524547803614,394,7,394,0.0,0.0,0.0,0.0,0.0,0.0,0.0,0.0,0.0,0.0,0.0,0.0,0.2857142857142857,0.02531645569620253,1.4249547920433996,0.0153346967708978,0.375968992248062,0.0,0.0,0.0,0.0,0.0,0.012215127752999223,0.2763012181616834,0.0,0.0,0.0,0.0,0.0
rg3,1729,2,lightgbm_balanced,with_side,0.6296271764785952,inner_f1,0.027549824523897024,0.6522702104097454,0.05708088735090291,0.19824162725095973,0.0,0.0,0.0,-0.020562903028816623,378,9,7,0,1.0,0.023255813953488372,394,7,394,0.0,0.0,0.0,0.0,0.0,0.0,0.0,0.0,0.0,0.0,0.0,0.0,0.2857142857142857,0.02531645569620253,1.4249547920433996,0.0153346967708978,0.375968992248062,0.0,0.0,0.0,0.0,0.0,0.012215127752999223,0.2763012181616834,0.0,0.0,0.0,0.0,0.0
rg3,2026,0,dummy_prior,with_side,0.5,fixed_0.5,0.017766497461928935,0.5,0.017476616248808263,0.08983887272248706,0.0,0.0,0.0,0.0,387,0,7,0,1.0,0.0,394,7,1,0.0,0.0,0.0,0.0,0.0,0.0,0.0,0.0,0.0,0.0,0.0,0.0,0.0,0.0,0.0,0.0177664974619289,0.5,0.0,0.0,0.0,0.0,0.0,3.469446951953614e-17,0.0,0.0,0.0,0.0,0.0,0.0
rg3,2026,0,dummy_prior,with_side,0.5,inner_f1,0.017766497461928935,0.5,0.017476616248808263,0.08983887272248706,0.0,0.0,0.0,0.0,387,0,7,0,1.0,0.0,394,7,1,0.0,0.0,0.0,0.0,0.0,0.0,0.0,0.0,0.0,0.0,0.0,0.0,0.0,0.0,0.0,0.0177664974619289,0.5,0.0,0.0,0.0,0.0,0.0,3.469446951953614e-17,0.0,0.0,0.0,0.0,0.0,0.0
rg3,2026,0,logistic,with_side,0.005980251994025905,fixed_0.5,0.045352901101044285,0.7545219638242894,0.017756312367612607,0.08173004077625995,0.0,0.0,0.0,0.0,387,0,7,0,1.0,0.0,394,7,394,0.0,0.0,0.0,0.0,0.0,0.0,0.14285714285714285,0.05,2.814285714285714,0.2857142857142857,0.05,2.814285714285714,0.2857142857142857,0.02531645569620253,1.4249547920433996,0.0226323969038419,0.4985234403839054,0.0,0.0,0.0,0.1428571428571428,0.025,0.022720504197202385,0.255998523440384,0.0,0.0,0.0,0.1428571428571429,0.025
rg3,2026,0,logistic,with_side,0.005980251994025905,inner_f1,0.045352901101044285,0.7545219638242894,0.017756312367612607,0.08173004077625995,0.06698564593301436,0.034653465346534656,1.0,0.13111985706257545,192,195,0,7,0.0,0.5038759689922481,394,7,394,0.0,0.0,0.0,0.0,0.0,0.0,0.14285714285714285,0.05,2.814285714285714,0.2857142857142857,0.05,2.814285714285714,0.2857142857142857,0.02531645569620253,1.4249547920433996,0.0226323969038419,0.4985234403839054,0.0349127182044887,0.0177664974619289,1.0,0.1428571428571428,0.025,0.022720504197202385,0.255998523440384,0.03207292772852566,0.016886967884605756,0.0,0.1428571428571429,0.025
rg3,2026,0,logistic_balanced,with_side,0.020855119259054304,fixed_0.5,0.04166244701846647,0.7482465854558877,0.18664317721131476,0.5241286139039747,0.04878048780487805,0.02586206896551724,0.42857142857142855,0.03958638362110815,274,113,4,3,0.5714285714285714,0.29198966408268734,394,7,394,0.0,0.0,0.0,0.0,0.0,0.0,0.0,0.0,0.0,0.14285714285714285,0.025,1.407142857142857,0.42857142857142855,0.0379746835443038,2.1374321880650995,0.0210619883563001,0.4881875230712439,0.0377358490566037,0.0197368421052631,0.4285714285714285,0.0,0.0,0.02060045866216637,0.2600590623846438,0.011044638748274348,0.00612522686025414,5.551115123125783e-17,0.14285714285714285,0.025
rg3,2026,0,logistic_balanced,with_side,0.020855119259054304,inner_f1,0.04166244701846647,0.7482465854558877,0.18664317721131476,0.5241286139039747,0.0625,0.03225806451612903,1.0,0.12146476205923068,177,210,0,7,0.0,0.5426356589147286,394,7,394,0.0,0.0,0.0,0.0,0.0,0.0,0.0,0.0,0.0,0.14285714285714285,0.025,1.407142857142857,0.42857142857142855,0.0379746835443038,2.1374321880650995,0.0210619883563001,0.4881875230712439,0.0349127182044887,0.0177664974619289,1.0,0.0,0.0,0.02060045866216637,0.2600590623846438,0.0275872817955113,0.01449156705420013,0.0,0.14285714285714285,0.025
rg3,2026,0,xgboost,with_side,0.01699606142938137,fixed_0.5,0.02956016524266628,0.6648209671465485,0.01765869152580021,0.08878099707762213,0.0,0.0,0.0,0.0,387,0,7,0,1.0,0.0,394,7,394,0.0,0.0,0.0,0.0,0.0,0.0,0.0,0.0,0.0,0.14285714285714285,0.025,1.407142857142857,0.14285714285714285,0.012658227848101266,0.7124773960216998,0.0132639952989268,0.2770394979697305,0.0,0.0,0.0,0.0,0.0,0.016296169943739478,0.387781469176818,0.0,0.0,0.0,0.14285714285714285,0.025
rg3,2026,0,xgboost,with_side,0.01699606142938137,inner_f1,0.02956016524266628,0.6648209671465485,0.01765869152580021,0.08878099707762213,0.06542056074766354,0.033816425120772944,1.0,0.12782893423582561,187,200,0,7,0.0,0.5167958656330749,394,7,394,0.0,0.0,0.0,0.0,0.0,0.0,0.0,0.0,0.0,0.14285714285714285,0.025,1.407142857142857,0.14285714285714285,0.012658227848101266,0.7124773960216998,0.0132639952989268,0.2770394979697305,0.0373333333333333,0.0190217391304347,1.0,0.0,0.0,0.016296169943739478,0.387781469176818,0.028087227414330243,0.014794685990338244,0.0,0.14285714285714285,0.025
rg3,2026,0,xgboost_balanced,with_side,0.551194429397583,fixed_0.5,0.06560284584869965,0.7873754152823919,0.07130513651407049,0.22387496762557163,0.08695652173913043,0.05128205128205128,0.2857142857142857,0.08409230300066496,350,37,5,2,0.7142857142857143,0.09560723514211886,394,7,394,0.0,0.0,0.0,0.14285714285714285,0.08333333333333333,4.69047619047619,0.2857142857142857,0.1,5.628571428571428,0.2857142857142857,0.05,2.814285714285714,0.42857142857142855,0.0379746835443038,2.1374321880650995,0.0459117343632546,0.5538944259874492,0.0888888888888888,0.0526315789473684,0.2857142857142857,0.2857142857142857,0.05,0.019691111485445043,0.23348098929494265,-0.0019323671497583628,-0.001349527665317117,0.0,0.0,0.0
rg3,2026,0,xgboost_balanced,with_side,0.551194429397583,inner_f1,0.06560284584869965,0.7873754152823919,0.07130513651407049,0.22387496762557163,0.0975609756097561,0.058823529411764705,0.2857142857142857,0.09551409785718942,355,32,5,2,0.7142857142857143,0.082687338501292,394,7,394,0.0,0.0,0.0,0.14285714285714285,0.08333333333333333,4.69047619047619,0.2857142857142857,0.1,5.628571428571428,0.2857142857142857,0.05,2.814285714285714,0.42857142857142855,0.0379746835443038,2.1374321880650995,0.0459117343632546,0.5538944259874492,0.032520325203252,0.0172413793103448,0.2857142857142857,0.2857142857142857,0.05,0.019691111485445043,0.23348098929494265,0.0650406504065041,0.041582150101419905,0.0,0.0,0.0
rg3,2026,0,extratrees,with_side,0.00011799410029498524,fixed_0.5,0.04070427587296266,0.7486157253599114,0.01797735132013426,0.0826844415965839,0.0,0.0,0.0,0.0,387,0,7,0,1.0,0.0,394,7,198,0.0,0.0,0.0,0.0,0.0,0.0,0.0,0.0,0.0,0.14285714285714285,0.025,1.407142857142857,0.42857142857142855,0.0379746835443038,2.1374321880650995,0.0208374993540645,0.4874492432631967,0.0,0.0,0.0,0.0,0.0,0.01986677651889816,0.26116648209671467,0.0,0.0,0.0,0.14285714285714285,0.025
rg3,2026,0,extratrees,with_side,0.00011799410029498524,inner_f1,0.04070427587296266,0.7486157253599114,0.01797735132013426,0.0826844415965839,0.06862745098039216,0.03553299492385787,1.0,0.1344910974643215,197,190,0,7,0.0,0.4909560723514212,394,7,198,0.0,0.0,0.0,0.0,0.0,0.0,0.0,0.0,0.0,0.14285714285714285,0.025,1.407142857142857,0.42857142857142855,0.0379746835443038,2.1374321880650995,0.0208374993540645,0.4874492432631967,0.0,0.0,0.0,0.0,0.0,0.01986677651889816,0.26116648209671467,0.06862745098039216,0.03553299492385787,1.0,0.14285714285714285,0.025
rg3,2026,0,extratrees_balanced,with_side,0.012298780007870913,fixed_0.5,0.054146642587043284,0.765596160944998,0.09699453995207181,0.2808256709671947,0.08333333333333333,0.046153846153846156,0.42857142857142855,0.09551581397532469,325,62,4,3,0.5714285714285714,0.16020671834625322,394,7,198,0.0,0.0,0.0,0.14285714285714285,0.08333333333333333,4.69047619047619,0.14285714285714285,0.05,2.814285714285714,0.2857142857142857,0.05,2.814285714285714,0.42857142857142855,0.0379746835443038,2.1374321880650995,0.0222173062575539,0.5014765596160945,0.0,0.0,0.0,0.0,0.0,0.03192933632948938,0.26411960132890355,0.08333333333333333,0.046153846153846156,0.42857142857142855,0.2857142857142857,0.05
rg3,2026,0,extratrees_balanced,with_side,0.012298780007870913,inner_f1,0.054146642587043284,0.765596160944998,0.09699453995207181,0.2808256709671947,0.06896551724137931,0.03571428571428571,1.0,0.13517553495055767,198,189,0,7,0.0,0.4883720930232558,394,7,198,0.0,0.0,0.0,0.14285714285714285,0.08333333333333333,4.69047619047619,0.14285714285714285,0.05,2.814285714285714,0.2857142857142857,0.05,2.814285714285714,0.42857142857142855,0.0379746835443038,2.1374321880650995,0.0222173062575539,0.5014765596160945,0.0350877192982456,0.0178571428571428,1.0,0.0,0.0,0.03192933632948938,0.26411960132890355,0.03387779794313371,0.01785714285714291,0.0,0.2857142857142857,0.05
rg3,2026,0,catboost,with_side,0.011252479065654105,fixed_0.5,0.0388032380276543,0.7600590623846437,0.017739416646497887,0.08107453786860717,0.0,0.0,0.0,0.0,387,0,7,0,1.0,0.0,394,7,394,0.0,0.0,0.0,0.0,0.0,0.0,0.0,0.0,0.0,0.0,0.0,0.0,0.2857142857142857,0.02531645569620253,1.4249547920433996,0.018468443223888,0.4837578442229605,0.0,0.0,0.0,0.0,0.0,0.0203347948037663,0.27630121816168324,0.0,0.0,0.0,0.0,0.0
rg3,2026,0,catboost,with_side,0.011252479065654105,inner_f1,0.0388032380276543,0.7600590623846437,0.017739416646497887,0.08107453786860717,0.06862745098039216,0.03553299492385787,1.0,0.1344910974643215,197,190,0,7,0.0,0.4909560723514212,394,7,394,0.0,0.0,0.0,0.0,0.0,0.0,0.0,0.0,0.0,0.0,0.0,0.0,0.2857142857142857,0.02531645569620253,1.4249547920433996,0.018468443223888,0.4837578442229605,0.0349127182044887,0.0177664974619289,1.0,0.0,0.0,0.0203347948037663,0.27630121816168324,0.033714732775903464,0.01776649746192897,0.0,0.0,0.0
rg3,2026,0,catboost_balanced,with_side,0.051983107540633726,fixed_0.5,0.06941288889190937,0.760797342192691,0.06797502736343489,0.21734318604423192,0.10256410256410256,0.0625,0.2857142857142857,0.10068049150664148,357,30,5,2,0.7142857142857143,0.07751937984496124,394,7,394,0.0,0.0,0.0,0.14285714285714285,0.08333333333333333,4.69047619047619,0.14285714285714285,0.05,2.814285714285714,0.2857142857142857,0.05,2.814285714285714,0.2857142857142857,0.02531645569620253,1.4249547920433996,0.0353613893487229,0.541343669250646,0.064516129032258,0.0416666666666666,0.1428571428571428,0.1428571428571428,0.025,0.034051499543186474,0.21945367294204499,0.03804797353184457,0.020833333333333398,0.1428571428571429,0.1428571428571429,0.025
rg3,2026,0,catboost_balanced,with_side,0.051983107540633726,inner_f1,0.06941288889190937,0.760797342192691,0.06797502736343489,0.21734318604423192,0.07291666666666667,0.03783783783783784,1.0,0.1429488995279374,209,178,0,7,0.0,0.4599483204134367,394,7,394,0.0,0.0,0.0,0.14285714285714285,0.08333333333333333,4.69047619047619,0.14285714285714285,0.05,2.814285714285714,0.2857142857142857,0.05,2.814285714285714,0.2857142857142857,0.02531645569620253,1.4249547920433996,0.0353613893487229,0.541343669250646,0.0350877192982456,0.0178571428571428,1.0,0.1428571428571428,0.025,0.034051499543186474,0.21945367294204499,0.03782894736842107,0.01998069498069504,0.0,0.1428571428571429,0.025
rg3,2026,0,lightgbm,with_side,0.03948923976087533,fixed_0.5,0.04904825760618463,0.7958656330749354,0.017533868929148867,0.08055929077432122,0.0,0.0,0.0,0.0,387,0,7,0,1.0,0.0,394,7,394,0.0,0.0,0.0,0.0,0.0,0.0,0.0,0.0,0.0,0.2857142857142857,0.05,2.814285714285714,0.5714285714285714,0.05063291139240506,2.849909584086799,0.0251278125317269,0.5789959394610557,0.0,0.0,0.0,0.1428571428571428,0.025,0.023920445074457727,0.21686969361387975,0.0,0.0,0.0,0.1428571428571429,0.025
rg3,2026,0,lightgbm,with_side,0.03948923976087533,inner_f1,0.04904825760618463,0.7958656330749354,0.017533868929148867,0.08055929077432122,0.09411764705882353,0.05128205128205128,0.5714285714285714,0.12604971832786163,313,74,3,4,0.42857142857142855,0.19121447028423771,394,7,394,0.0,0.0,0.0,0.0,0.0,0.0,0.0,0.0,0.0,0.2857142857142857,0.05,2.814285714285714,0.5714285714285714,0.05063291139240506,2.849909584086799,0.0251278125317269,0.5789959394610557,0.0273972602739726,0.0151515151515151,0.1428571428571428,0.1428571428571428,0.025,0.023920445074457727,0.21686969361387975,0.06672038678485093,0.036130536130536184,0.4285714285714286,0.1428571428571429,0.025
rg3,2026,0,lightgbm_balanced,with_side,0.11673401426372697,fixed_0.5,0.05390961466551503,0.7914359542266519,0.07634356684011463,0.24174445120991175,0.08333333333333333,0.04878048780487805,0.2857142857142857,0.08001178187003434,348,39,5,2,0.7142857142857143,0.10077519379844961,394,7,394,0.0,0.0,0.0,0.0,0.0,0.0,0.14285714285714285,0.05,2.814285714285714,0.2857142857142857,0.05,2.814285714285714,0.42857142857142855,0.0379746835443038,2.1374321880650995,0.030388932853902,0.5930232558139534,0.0930232558139534,0.0555555555555555,0.2857142857142857,0.2857142857142857,0.05,0.023520681811613025,0.19841269841269848,-0.009689922480620075,-0.0067750677506774465,0.0,0.0,0.0
rg3,2026,0,lightgbm_balanced,with_side,0.11673401426372697,inner_f1,0.05390961466551503,0.7914359542266519,0.07634356684011463,0.24174445120991175,0.08641975308641975,0.04516129032258064,1.0,0.16700390986384359,239,148,0,7,0.0,0.38242894056847543,394,7,394,0.0,0.0,0.0,0.0,0.0,0.0,0.14285714285714285,0.05,2.814285714285714,0.2857142857142857,0.05,2.814285714285714,0.42857142857142855,0.0379746835443038,2.1374321880650995,0.030388932853902,0.5930232558139534,0.0816326530612244,0.0476190476190476,0.2857142857142857,0.2857142857142857,0.05,0.023520681811613025,0.19841269841269848,0.004787100025195348,-0.00245775729646696,0.7142857142857143,0.0,0.0
rg3,2026,1,dummy_prior,with_side,0.5,fixed_0.5,0.02284263959390863,0.5,0.022327295215027448,0.10906065265052664,0.0,0.0,0.0,0.0,385,0,9,0,1.0,0.0,394,9,1,0.0,0.0,0.0,0.0,0.0,0.0,0.1111111111111111,0.05,2.188888888888889,0.1111111111111111,0.025,1.0944444444444446,0.1111111111111111,0.012658227848101266,0.5541490857946554,0.0228426395939086,0.5,0.0,0.0,0.0,0.1111111111111111,0.025,2.7755575615628914e-17,0.0,0.0,0.0,0.0,0.0,0.0
rg3,2026,1,dummy_prior,with_side,0.5,inner_f1,0.02284263959390863,0.5,0.022327295215027448,0.10906065265052664,0.0,0.0,0.0,0.0,385,0,9,0,1.0,0.0,394,9,1,0.0,0.0,0.0,0.0,0.0,0.0,0.1111111111111111,0.05,2.188888888888889,0.1111111111111111,0.025,1.0944444444444446,0.1111111111111111,0.012658227848101266,0.5541490857946554,0.0228426395939086,0.5,0.0,0.0,0.0,0.1111111111111111,0.025,2.7755575615628914e-17,0.0,0.0,0.0,0.0,0.0,0.0
rg3,2026,1,logistic,with_side,0.03368626464777134,fixed_0.5,0.0676045502785931,0.7316017316017316,0.02228729074735483,0.10271796765217597,0.0,0.0,0.0,0.0,385,0,9,0,1.0,0.0,394,9,394,0.1111111111111111,0.25,10.944444444444445,0.1111111111111111,0.08333333333333333,3.648148148148148,0.1111111111111111,0.05,2.188888888888889,0.1111111111111111,0.025,1.0944444444444446,0.3333333333333333,0.0379746835443038,1.6624472573839664,0.0338455261996454,0.4515151515151515,0.0,0.0,0.0,0.1111111111111111,0.025,0.03375902407894771,0.2800865800865801,0.0,0.0,0.0,0.0,0.0
rg3,2026,1,logistic,with_side,0.03368626464777134,inner_f1,0.0676045502785931,0.7316017316017316,0.02228729074735483,0.10271796765217597,0.07142857142857142,0.04,0.3333333333333333,0.055683992542488514,313,72,6,3,0.6666666666666666,0.18701298701298702,394,9,394,0.1111111111111111,0.25,10.944444444444445,0.1111111111111111,0.08333333333333333,3.648148148148148,0.1111111111111111,0.05,2.188888888888889,0.1111111111111111,0.025,1.0944444444444446,0.3333333333333333,0.0379746835443038,1.6624472573839664,0.0338455261996454,0.4515151515151515,0.0377358490566037,0.02,0.3333333333333333,0.1111111111111111,0.025,0.03375902407894771,0.2800865800865801,0.03369272237196772,0.02,0.0,0.0,0.0
rg3,2026,1,logistic_balanced,with_side,0.8447220548421278,fixed_0.5,0.05389095497963815,0.7217893217893219,0.14990822624382388,0.4365360357063706,0.061855670103092786,0.03409090909090909,0.3333333333333333,0.04037485152265243,300,85,6,3,0.6666666666666666,0.22077922077922077,394,9,394,0.0,0.0,0.0,0.1111111111111111,0.08333333333333333,3.648148148148148,0.1111111111111111,0.05,2.188888888888889,0.2222222222222222,0.05,2.188888888888889,0.3333333333333333,0.0379746835443038,1.6624472573839664,0.0268748498254255,0.4272727272727272,0.0330578512396694,0.0178571428571428,0.2222222222222222,0.1111111111111111,0.025,0.02701610515421265,0.2945165945165947,0.028797818863423384,0.016233766233766288,0.1111111111111111,0.1111111111111111,0.025
rg3,2026,1,logistic_balanced,with_side,0.8447220548421278,inner_f1,0.05389095497963815,0.7217893217893219,0.14990822624382388,0.4365360357063706,0.11764705882352941,0.08,0.2222222222222222,0.09958033614694047,362,23,7,2,0.7777777777777778,0.05974025974025974,394,9,394,0.0,0.0,0.0,0.1111111111111111,0.08333333333333333,3.648148148148148,0.1111111111111111,0.05,2.188888888888889,0.2222222222222222,0.05,2.188888888888889,0.3333333333333333,0.0379746835443038,1.6624472573839664,0.0268748498254255,0.4272727272727272,0.0597014925373134,0.0344827586206896,0.2222222222222222,0.1111111111111111,0.025,0.02701610515421265,0.2945165945165947,0.05794556628621601,0.0455172413793104,0.0,0.1111111111111111,0.025
rg3,2026,1,xgboost,with_side,0.01775204762816429,fixed_0.5,0.047874246742569654,0.6857142857142857,0.022213687281282077,0.10502890123006067,0.0,0.0,0.0,0.0,385,0,9,0,1.0,0.0,394,9,394,0.0,0.0,0.0,0.0,0.0,0.0,0.1111111111111111,0.05,2.188888888888889,0.3333333333333333,0.075,3.283333333333333,0.3333333333333333,0.0379746835443038,1.6624472573839664,0.0263284727488251,0.4642135642135642,0.0,0.0,0.0,0.1111111111111111,0.025,0.021545773993744553,0.22150072150072153,0.0,0.0,0.0,0.2222222222222222,0.049999999999999996
rg3,2026,1,xgboost,with_side,0.01775204762816429,inner_f1,0.047874246742569654,0.6857142857142857,0.022213687281282077,0.10502890123006067,0.06779661016949153,0.03571428571428571,0.6666666666666666,0.07428123485414465,223,162,3,6,0.3333333333333333,0.42077922077922075,394,9,394,0.0,0.0,0.0,0.0,0.0,0.0,0.1111111111111111,0.05,2.188888888888889,0.3333333333333333,0.075,3.283333333333333,0.3333333333333333,0.0379746835443038,1.6624472573839664,0.0263284727488251,0.4642135642135642,0.0395256916996047,0.0204918032786885,0.5555555555555556,0.1111111111111111,0.025,0.021545773993744553,0.22150072150072153,0.028270918469886823,0.015222482435597214,0.11111111111111105,0.2222222222222222,0.049999999999999996
rg3,2026,1,xgboost_balanced,with_side,0.09247724711894989,fixed_0.5,0.0942684819605362,0.8049062049062048,0.046470822697376256,0.16432729011042294,0.14285714285714285,0.10526315789473684,0.2222222222222222,0.12417698476867337,368,17,7,2,0.7777777777777778,0.04415584415584416,394,9,394,0.0,0.0,0.0,0.2222222222222222,0.16666666666666666,7.296296296296296,0.2222222222222222,0.1,4.377777777777778,0.4444444444444444,0.1,4.377777777777778,0.6666666666666666,0.0759493670886076,3.3248945147679327,0.0428526004440256,0.607936507936508,0.0952380952380952,0.0833333333333333,0.1111111111111111,0.1111111111111111,0.025,0.051415881516510595,0.1969696969696968,0.047619047619047644,0.021929824561403535,0.1111111111111111,0.3333333333333333,0.07500000000000001
rg3,2026,1,xgboost_balanced,with_side,0.09247724711894989,inner_f1,0.0942684819605362,0.8049062049062048,0.046470822697376256,0.16432729011042294,0.09917355371900827,0.05357142857142857,0.6666666666666666,0.12962074240771473,279,106,3,6,0.3333333333333333,0.2753246753246753,394,9,394,0.0,0.0,0.0,0.2222222222222222,0.16666666666666666,7.296296296296296,0.2222222222222222,0.1,4.377777777777778,0.4444444444444444,0.1,4.377777777777778,0.6666666666666666,0.0759493670886076,3.3248945147679327,0.0428526004440256,0.607936507936508,0.0,0.0,0.0,0.1111111111111111,0.025,0.051415881516510595,0.1969696969696968,0.09917355371900827,0.05357142857142857,0.6666666666666666,0.3333333333333333,0.07500000000000001
rg3,2026,1,extratrees,with_side,0.04079689366786141,fixed_0.5,0.06047935923110323,0.7803751803751804,0.022248511506873826,0.10206812320156931,0.0,0.0,0.0,0.0,385,0,9,0,1.0,0.0,394,9,198,0.0,0.0,0.0,0.0,0.0,0.0,0.1111111111111111,0.05,2.188888888888889,0.2222222222222222,0.05,2.188888888888889,0.5555555555555556,0.06329113924050633,2.7707454289732776,0.0389350029156733,0.5750360750360751,0.0,0.0,0.0,0.1111111111111111,0.025,0.021544356315429933,0.20533910533910527,0.0,0.0,0.0,0.1111111111111111,0.025
rg3,2026,1,extratrees,with_side,0.04079689366786141,inner_f1,0.06047935923110323,0.7803751803751804,0.022248511506873826,0.10206812320156931,0.10989010989010989,0.06097560975609756,0.5555555555555556,0.13085034292566244,308,77,4,5,0.4444444444444444,0.2,394,9,198,0.0,0.0,0.0,0.0,0.0,0.0,0.1111111111111111,0.05,2.188888888888889,0.2222222222222222,0.05,2.188888888888889,0.5555555555555556,0.06329113924050633,2.7707454289732776,0.0389350029156733,0.5750360750360751,0.0558659217877094,0.0294117647058823,0.5555555555555556,0.1111111111111111,0.025,0.021544356315429933,0.20533910533910527,0.05402418810240049,0.031563845050215256,0.0,0.1111111111111111,0.025
rg3,2026,1,extratrees_balanced,with_side,0.11269225579274393,fixed_0.5,0.07222464046326553,0.7826839826839828,0.06155583537332457,0.19862132098525112,0.1111111111111111,0.07407407407407407,0.2222222222222222,0.09301006943659994,360,25,7,2,0.7777777777777778,0.06493506493506493,394,9,198,0.0,0.0,0.0,0.1111111111111111,0.08333333333333333,3.648148148148148,0.2222222222222222,0.1,4.377777777777778,0.2222222222222222,0.05,2.188888888888889,0.5555555555555556,0.06329113924050633,2.7707454289732776,0.0315663393084023,0.5011544011544011,0.0,0.0,0.0,0.1111111111111111,0.025,0.04065830115486323,0.28152958152958163,0.1111111111111111,0.07407407407407407,0.2222222222222222,0.1111111111111111,0.025
rg3,2026,1,extratrees_balanced,with_side,0.11269225579274393,inner_f1,0.07222464046326553,0.7826839826839828,0.06155583537332457,0.19862132098525112,0.10126582278481013,0.053691275167785234,0.8888888888888888,0.1610240162007204,244,141,1,8,0.1111111111111111,0.36623376623376624,394,9,198,0.0,0.0,0.0,0.1111111111111111,0.08333333333333333,3.648148148148148,0.2222222222222222,0.1,4.377777777777778,0.2222222222222222,0.05,2.188888888888889,0.5555555555555556,0.06329113924050633,2.7707454289732776,0.0315663393084023,0.5011544011544011,0.0353356890459364,0.0182481751824817,0.5555555555555556,0.1111111111111111,0.025,0.04065830115486323,0.28152958152958163,0.06593013373887373,0.03544309998530354,0.33333333333333326,0.1111111111111111,0.025
rg3,2026,1,catboost,with_side,0.02125633811231816,fixed_0.5,0.0932596517359029,0.7515151515151515,0.022025165158755612,0.0960301621400227,0.0,0.0,0.0,0.0,385,0,9,0,1.0,0.0,394,9,394,0.1111111111111111,0.25,10.944444444444445,0.2222222222222222,0.16666666666666666,7.296296296296296,0.2222222222222222,0.1,4.377777777777778,0.2222222222222222,0.05,2.188888888888889,0.4444444444444444,0.05063291139240506,2.2165963431786215,0.0376471132681737,0.5404040404040403,0.0,0.0,0.0,0.1111111111111111,0.025,0.05561253846772919,0.21111111111111114,0.0,0.0,0.0,0.1111111111111111,0.025
rg3,2026,1,catboost,with_side,0.02125633811231816,inner_f1,0.0932596517359029,0.7515151515151515,0.022025165158755612,0.0960301621400227,0.0718562874251497,0.0379746835443038,0.6666666666666666,0.08287332015852551,233,152,3,6,0.3333333333333333,0.3948051948051948,394,9,394,0.1111111111111111,0.25,10.944444444444445,0.2222222222222222,0.16666666666666666,7.296296296296296,0.2222222222222222,0.1,4.377777777777778,0.2222222222222222,0.05,2.188888888888889,0.4444444444444444,0.05063291139240506,2.2165963431786215,0.0376471132681737,0.5404040404040403,0.0493827160493827,0.0277777777777777,0.2222222222222222,0.1111111111111111,0.025,0.05561253846772919,0.21111111111111114,0.022473571375767,0.010196905766526099,0.4444444444444444,0.1111111111111111,0.025
rg3,2026,1,catboost_balanced,with_side,0.03405912926608692,fixed_0.5,0.06864374184281646,0.814141414141414,0.05015673346420662,0.172524342005045,0.07407407407407407,0.05555555555555555,0.1111111111111111,0.04790779586962839,368,17,8,1,0.8888888888888888,0.04415584415584416,394,9,394,0.0,0.0,0.0,0.0,0.0,0.0,0.1111111111111111,0.05,2.188888888888889,0.2222222222222222,0.05,2.188888888888889,0.6666666666666666,0.0759493670886076,3.3248945147679327,0.0389691355924615,0.5721500721500722,0.0,0.0,0.0,0.1111111111111111,0.025,0.029674606250354965,0.24199134199134187,0.07407407407407407,0.05555555555555555,0.1111111111111111,0.1111111111111111,0.025
rg3,2026,1,catboost_balanced,with_side,0.03405912926608692,inner_f1,0.06864374184281646,0.814141414141414,0.05015673346420662,0.172524342005045,0.07960199004975124,0.041666666666666664,0.8888888888888888,0.12283781160707435,201,184,1,8,0.1111111111111111,0.4779220779220779,394,9,394,0.0,0.0,0.0,0.0,0.0,0.0,0.1111111111111111,0.05,2.188888888888889,0.2222222222222222,0.05,2.188888888888889,0.6666666666666666,0.0759493670886076,3.3248945147679327,0.0389691355924615,0.5721500721500722,0.0553359683794466,0.0286885245901639,0.7777777777777778,0.1111111111111111,0.025,0.029674606250354965,0.24199134199134187,0.024266021670304644,0.012978142076502764,0.11111111111111105,0.1111111111111111,0.025
rg3,2026,1,lightgbm,with_side,0.015457387764406649,fixed_0.5,0.06961198116147901,0.7659451659451659,0.022077164802688412,0.10063906125114523,0.0,0.0,0.0,0.0,385,0,9,0,1.0,0.0,394,9,394,0.0,0.0,0.0,0.0,0.0,0.0,0.2222222222222222,0.1,4.377777777777778,0.3333333333333333,0.075,3.283333333333333,0.4444444444444444,0.05063291139240506,2.2165963431786215,0.0428474182091147,0.5415584415584416,0.0,0.0,0.0,0.2222222222222222,0.05,0.02676456295236431,0.22438672438672436,0.0,0.0,0.0,0.1111111111111111,0.024999999999999994
rg3,2026,1,lightgbm,with_side,0.015457387764406649,inner_f1,0.06961198116147901,0.7659451659451659,0.022077164802688412,0.10063906125114523,0.08391608391608392,0.04477611940298507,0.6666666666666666,0.10539448031624242,257,128,3,6,0.3333333333333333,0.33246753246753247,394,9,394,0.0,0.0,0.0,0.0,0.0,0.0,0.2222222222222222,0.1,4.377777777777778,0.3333333333333333,0.075,3.283333333333333,0.4444444444444444,0.05063291139240506,2.2165963431786215,0.0428474182091147,0.5415584415584416,0.043010752688172,0.0222222222222222,0.6666666666666666,0.2222222222222222,0.05,0.02676456295236431,0.22438672438672436,0.04090533122791192,0.022553897180762873,0.0,0.1111111111111111,0.024999999999999994
rg3,2026,1,lightgbm_balanced,with_side,0.11137518014115279,fixed_0.5,0.08382666319474917,0.7806637806637806,0.058167413914844014,0.1983702575163817,0.1111111111111111,0.07407407407407407,0.2222222222222222,0.09301006943659994,360,25,7,2,0.7777777777777778,0.06493506493506493,394,9,394,0.0,0.0,0.0,0.2222222222222222,0.16666666666666666,7.296296296296296,0.2222222222222222,0.1,4.377777777777778,0.3333333333333333,0.075,3.283333333333333,0.5555555555555556,0.06329113924050633,2.7707454289732776,0.0570479471491844,0.5640692640692642,0.1379310344827586,0.1,0.2222222222222222,0.2222222222222222,0.05,0.026778716045564768,0.21659451659451645,-0.026819923371647486,-0.025925925925925936,0.0,0.1111111111111111,0.024999999999999994
rg3,2026,1,lightgbm_balanced,with_side,0.11137518014115279,inner_f1,0.08382666319474917,0.7806637806637806,0.058167413914844014,0.1983702575163817,0.08759124087591241,0.046875,0.6666666666666666,0.11158484056047205,263,122,3,6,0.3333333333333333,0.3168831168831169,394,9,394,0.0,0.0,0.0,0.2222222222222222,0.16666666666666666,7.296296296296296,0.2222222222222222,0.1,4.377777777777778,0.3333333333333333,0.075,3.283333333333333,0.5555555555555556,0.06329113924050633,2.7707454289732776,0.0570479471491844,0.5640692640692642,0.1481481481481481,0.1111111111111111,0.2222222222222222,0.2222222222222222,0.05,0.026778716045564768,0.21659451659451645,-0.0605569072722357,-0.0642361111111111,0.4444444444444444,0.1111111111111111,0.024999999999999994
rg3,2026,2,dummy_prior,with_side,0.5,fixed_0.5,0.02284263959390863,0.5,0.022327295215027444,0.10906065265052664,0.0,0.0,0.0,0.0,385,0,9,0,1.0,0.0,394,9,1,0.0,0.0,0.0,0.0,0.0,0.0,0.0,0.0,0.0,0.0,0.0,0.0,0.2222222222222222,0.02531645569620253,1.1082981715893108,0.0228426395939086,0.5,0.0,0.0,0.0,0.0,0.0,2.7755575615628914e-17,0.0,0.0,0.0,0.0,0.0,0.0
rg3,2026,2,dummy_prior,with_side,0.5,inner_f1,0.02284263959390863,0.5,0.022327295215027444,0.10906065265052664,0.0,0.0,0.0,0.0,385,0,9,0,1.0,0.0,394,9,1,0.0,0.0,0.0,0.0,0.0,0.0,0.0,0.0,0.0,0.0,0.0,0.0,0.2222222222222222,0.02531645569620253,1.1082981715893108,0.0228426395939086,0.5,0.0,0.0,0.0,0.0,0.0,2.7755575615628914e-17,0.0,0.0,0.0,0.0,0.0,0.0
rg3,2026,2,logistic,with_side,0.061306480555165896,fixed_0.5,0.0878723907549968,0.6692640692640692,0.02271085583699253,0.11533254334066002,0.0,0.0,0.0,0.0,385,0,9,0,1.0,0.0,394,9,394,0.1111111111111111,0.25,10.944444444444445,0.1111111111111111,0.08333333333333333,3.648148148148148,0.1111111111111111,0.05,2.188888888888889,0.1111111111111111,0.025,1.0944444444444446,0.3333333333333333,0.0379746835443038,1.6624472573839664,0.0446252373967592,0.3597402597402597,0.0,0.0,0.0,0.1111111111111111,0.025,0.043247153358237596,0.30952380952380953,0.0,0.0,0.0,0.0,0.0
rg3,2026,2,logistic,with_side,0.061306480555165896,inner_f1,0.0878723907549968,0.6692640692640692,0.02271085583699253,0.11533254334066002,0.04878048780487805,0.03125,0.1111111111111111,0.016731118353737907,354,31,8,1,0.8888888888888888,0.08051948051948052,394,9,394,0.1111111111111111,0.25,10.944444444444445,0.1111111111111111,0.08333333333333333,3.648148148148148,0.1111111111111111,0.05,2.188888888888889,0.1111111111111111,0.025,1.0944444444444446,0.3333333333333333,0.0379746835443038,1.6624472573839664,0.0446252373967592,0.3597402597402597,0.0392156862745098,0.0238095238095238,0.1111111111111111,0.1111111111111111,0.025,0.043247153358237596,0.30952380952380953,0.009564801530368247,0.007440476190476199,0.0,0.0,0.0
rg3,2026,2,logistic_balanced,with_side,0.8662881932415415,fixed_0.5,0.044469764738252454,0.6894660894660896,0.1400004254324516,0.4203071541493225,0.046511627906976744,0.025974025974025976,0.2222222222222222,0.010329920808185322,310,75,7,2,0.7777777777777778,0.19480519480519481,394,9,394,0.0,0.0,0.0,0.1111111111111111,0.08333333333333333,3.648148148148148,0.1111111111111111,0.05,2.188888888888889,0.1111111111111111,0.025,1.0944444444444446,0.2222222222222222,0.02531645569620253,1.1082981715893108,0.0227982292200305,0.3643578643578643,0.0206185567010309,0.0113636363636363,0.1111111111111111,0.1111111111111111,0.025,0.021671535518221954,0.32510822510822524,0.025893071205945844,0.014610389610389676,0.1111111111111111,0.0,0.0
rg3,2026,2,logistic_balanced,with_side,0.8662881932415415,inner_f1,0.044469764738252454,0.6894660894660896,0.1400004254324516,0.4203071541493225,0.06896551724137931,0.05,0.1111111111111111,0.042035029345503995,366,19,8,1,0.8888888888888888,0.04935064935064935,394,9,394,0.0,0.0,0.0,0.1111111111111111,0.08333333333333333,3.648148148148148,0.1111111111111111,0.05,2.188888888888889,0.1111111111111111,0.025,1.0944444444444446,0.2222222222222222,0.02531645569620253,1.1082981715893108,0.0227982292200305,0.3643578643578643,0.0425531914893617,0.0263157894736842,0.1111111111111111,0.1111111111111111,0.025,0.021671535518221954,0.32510822510822524,0.02641232575201761,0.023684210526315804,0.0,0.0,0.0
rg3,2026,2,xgboost,with_side,0.02884722501039505,fixed_0.5,0.04251322506420276,0.6733044733044733,0.022244096731387643,0.1055427862314281,0.0,0.0,0.0,0.0,385,0,9,0,1.0,0.0,394,9,394,0.0,0.0,0.0,0.0,0.0,0.0,0.0,0.0,0.0,0.2222222222222222,0.05,2.188888888888889,0.3333333333333333,0.0379746835443038,1.6624472573839664,0.0246948250668376,0.4226551226551225,0.0,0.0,0.0,0.0,0.0,0.01781839999736516,0.2506493506493508,0.0,0.0,0.0,0.2222222222222222,0.05
rg3,2026,2,xgboost,with_side,0.02884722501039505,inner_f1,0.04251322506420276,0.6733044733044733,0.022244096731387643,0.1055427862314281,0.07692307692307693,0.043478260869565216,0.3333333333333333,0.06364217536436899,319,66,6,3,0.6666666666666666,0.17142857142857143,394,9,394,0.0,0.0,0.0,0.0,0.0,0.0,0.0,0.0,0.0,0.2222222222222222,0.05,2.188888888888889,0.3333333333333333,0.0379746835443038,1.6624472573839664,0.0246948250668376,0.4226551226551225,0.048780487804878,0.0263157894736842,0.3333333333333333,0.0,0.0,0.01781839999736516,0.2506493506493508,0.028142589118198925,0.017162471395881018,0.0,0.2222222222222222,0.05
rg3,2026,2,xgboost_balanced,with_side,0.24827168881893158,fixed_0.5,0.05949638399548704,0.6793650793650793,0.04171932795623723,0.16322215500302736,0.1,0.09090909090909091,0.1111111111111111,0.07721019813653479,375,10,8,1,0.8888888888888888,0.025974025974025976,394,9,394,0.0,0.0,0.0,0.1111111111111111,0.08333333333333333,3.648148148148148,0.2222222222222222,0.1,4.377777777777778,0.2222222222222222,0.05,2.188888888888889,0.3333333333333333,0.0379746835443038,1.6624472573839664,0.0236699490158309,0.4226551226551226,0.0,0.0,0.0,0.1111111111111111,0.025,0.03582643497965614,0.25670995670995667,0.1,0.09090909090909091,0.1111111111111111,0.1111111111111111,0.025
rg3,2026,2,xgboost_balanced,with_side,0.24827168881893158,inner_f1,0.05949638399548704,0.6793650793650793,0.04171932795623723,0.16322215500302736,0.06896551724137931,0.04081632653061224,0.2222222222222222,0.045338825730363054,338,47,7,2,0.7777777777777778,0.12207792207792208,394,9,394,0.0,0.0,0.0,0.1111111111111111,0.08333333333333333,3.648148148148148,0.2222222222222222,0.1,4.377777777777778,0.2222222222222222,0.05,2.188888888888889,0.3333333333333333,0.0379746835443038,1.6624472573839664,0.0236699490158309,0.4226551226551226,0.056338028169014,0.032258064516129,0.2222222222222222,0.1111111111111111,0.025,0.03582643497965614,0.25670995670995667,0.012627489072365307,0.008558262014483245,0.0,0.1111111111111111,0.025
rg3,2026,2,extratrees,with_side,0.03905452878014038,fixed_0.5,0.05967331374248398,0.7500721500721501,0.022367510926147412,0.10064797065207678,0.0,0.0,0.0,0.0,385,0,9,0,1.0,0.0,394,9,198,0.0,0.0,0.0,0.0,0.0,0.0,0.1111111111111111,0.05,2.188888888888889,0.3333333333333333,0.075,3.283333333333333,0.4444444444444444,0.05063291139240506,2.2165963431786215,0.0231003531463252,0.4792207792207791,0.0,0.0,0.0,0.0,0.0,0.036572960596158784,0.270851370851371,0.0,0.0,0.0,0.3333333333333333,0.075
rg3,2026,2,extratrees,with_side,0.03905452878014038,inner_f1,0.05967331374248398,0.7500721500721501,0.022367510926147412,0.10064797065207678,0.09090909090909091,0.05063291139240506,0.4444444444444444,0.09315274679256126,310,75,5,4,0.5555555555555556,0.19480519480519481,394,9,198,0.0,0.0,0.0,0.0,0.0,0.0,0.1111111111111111,0.05,2.188888888888889,0.3333333333333333,0.075,3.283333333333333,0.4444444444444444,0.05063291139240506,2.2165963431786215,0.0231003531463252,0.4792207792207791,0.0284360189573459,0.0148514851485148,0.3333333333333333,0.0,0.0,0.036572960596158784,0.270851370851371,0.06247307195174501,0.03578142624389026,0.1111111111111111,0.3333333333333333,0.075
rg3,2026,2,extratrees_balanced,with_side,0.7027042995065801,fixed_0.5,0.08239545334012116,0.7454545454545455,0.06784248153131542,0.21897254466302205,0.09523809523809523,0.06060606060606061,0.2222222222222222,0.07642215882260443,354,31,7,2,0.7777777777777778,0.08051948051948052,394,9,196,0.1111111111111111,0.25,10.944444444444445,0.1111111111111111,0.08333333333333333,3.648148148148148,0.1111111111111111,0.05,2.188888888888889,0.2222222222222222,0.05,2.188888888888889,0.3333333333333333,0.0379746835443038,1.6624472573839664,0.0400891666978986,0.4601731601731601,0.1176470588235294,0.125,0.1111111111111111,0.1111111111111111,0.025,0.04230628664222256,0.28528138528138536,-0.022408963585434163,-0.06439393939393939,0.1111111111111111,0.1111111111111111,0.025
rg3,2026,2,extratrees_balanced,with_side,0.7027042995065801,inner_f1,0.08239545334012116,0.7454545454545455,0.06784248153131542,0.21897254466302205,0.14285714285714285,0.2,0.1111111111111111,0.13443551172687487,381,4,8,1,0.8888888888888888,0.01038961038961039,394,9,196,0.1111111111111111,0.25,10.944444444444445,0.1111111111111111,0.08333333333333333,3.648148148148148,0.1111111111111111,0.05,2.188888888888889,0.2222222222222222,0.05,2.188888888888889,0.3333333333333333,0.0379746835443038,1.6624472573839664,0.0400891666978986,0.4601731601731601,0.0429184549356223,0.0223214285714285,0.5555555555555556,0.1111111111111111,0.025,0.04230628664222256,0.28528138528138536,0.09993868792152055,0.17767857142857152,-0.4444444444444445,0.1111111111111111,0.025
rg3,2026,2,catboost,with_side,0.020898601972281456,fixed_0.5,0.05943241675480073,0.7884559884559885,0.022178244958460915,0.09722437228047416,0.0,0.0,0.0,0.0,385,0,9,0,1.0,0.0,394,9,394,0.0,0.0,0.0,0.0,0.0,0.0,0.0,0.0,0.0,0.3333333333333333,0.075,3.283333333333333,0.5555555555555556,0.06329113924050633,2.7707454289732776,0.0224909977068639,0.3972582972582972,0.0,0.0,0.0,0.1111111111111111,0.025,0.03694141904793683,0.3911976911976913,0.0,0.0,0.0,0.2222222222222222,0.049999999999999996
rg3,2026,2,catboost,with_side,0.020898601972281456,inner_f1,0.05943241675480073,0.7884559884559885,0.022178244958460915,0.09722437228047416,0.08536585365853659,0.04516129032258064,0.7777777777777778,0.12030382529533394,237,148,2,7,0.2222222222222222,0.38441558441558443,394,9,394,0.0,0.0,0.0,0.0,0.0,0.0,0.0,0.0,0.0,0.3333333333333333,0.075,3.283333333333333,0.5555555555555556,0.06329113924050633,2.7707454289732776,0.0224909977068639,0.3972582972582972,0.0306513409961685,0.0158730158730158,0.4444444444444444,0.1111111111111111,0.025,0.03694141904793683,0.3911976911976913,0.05471451266236809,0.029288274449564843,0.33333333333333337,0.2222222222222222,0.049999999999999996
rg3,2026,2,catboost_balanced,with_side,0.1085038177892968,fixed_0.5,0.06384497588536675,0.7584415584415585,0.0483399825103661,0.1777355700333677,0.09090909090909091,0.07692307692307693,0.1111111111111111,0.0668642512324436,373,12,8,1,0.8888888888888888,0.03116883116883117,394,9,394,0.0,0.0,0.0,0.1111111111111111,0.08333333333333333,3.648148148148148,0.2222222222222222,0.1,4.377777777777778,0.2222222222222222,0.05,2.188888888888889,0.4444444444444444,0.05063291139240506,2.2165963431786215,0.0358445833932456,0.4786435786435786,0.1052631578947368,0.1,0.1111111111111111,0.1111111111111111,0.025,0.02800039249212115,0.2797979797979799,-0.014354066985645883,-0.023076923076923078,0.0,0.1111111111111111,0.025
rg3,2026,2,catboost_balanced,with_side,0.1085038177892968,inner_f1,0.06384497588536675,0.7584415584415585,0.0483399825103661,0.1777355700333677,0.0945945945945946,0.050359712230215826,0.7777777777777778,0.1359828510618684,253,132,2,7,0.2222222222222222,0.34285714285714286,394,9,394,0.0,0.0,0.0,0.1111111111111111,0.08333333333333333,3.648148148148148,0.2222222222222222,0.1,4.377777777777778,0.2222222222222222,0.05,2.188888888888889,0.4444444444444444,0.05063291139240506,2.2165963431786215,0.0358445833932456,0.4786435786435786,0.0176991150442477,0.0096153846153846,0.1111111111111111,0.1111111111111111,0.025,0.02800039249212115,0.2797979797979799,0.0768954795503469,0.040744327614831224,0.6666666666666667,0.1111111111111111,0.025
rg3,2026,2,lightgbm,with_side,0.05276235276667646,fixed_0.5,0.054239490114797576,0.6877344877344876,0.02240189704247264,0.10826893388316197,0.0,0.0,0.0,0.0,385,0,9,0,1.0,0.0,394,9,394,0.0,0.0,0.0,0.1111111111111111,0.08333333333333333,3.648148148148148,0.2222222222222222,0.1,4.377777777777778,0.2222222222222222,0.05,2.188888888888889,0.2222222222222222,0.02531645569620253,1.1082981715893108,0.0234167550531451,0.3759018759018758,0.0,0.0,0.0,0.2222222222222222,0.05,0.030822735061652475,0.31183261183261185,0.0,0.0,0.0,0.0,0.0
rg3,2026,2,lightgbm,with_side,0.05276235276667646,inner_f1,0.054239490114797576,0.6877344877344876,0.02240189704247264,0.10826893388316197,0.12121212121212122,0.08333333333333333,0.2222222222222222,0.103118818037692,363,22,7,2,0.7777777777777778,0.05714285714285714,394,9,394,0.0,0.0,0.0,0.1111111111111111,0.08333333333333333,3.648148148148148,0.2222222222222222,0.1,4.377777777777778,0.2222222222222222,0.05,2.188888888888889,0.2222222222222222,0.02531645569620253,1.1082981715893108,0.0234167550531451,0.3759018759018758,0.056338028169014,0.032258064516129,0.2222222222222222,0.2222222222222222,0.05,0.030822735061652475,0.31183261183261185,0.0648740930431072,0.05107526881720433,0.0,0.0,0.0
rg3,2026,2,lightgbm_balanced,with_side,0.23690166135589616,fixed_0.5,0.06923822791474334,0.6865800865800866,0.050611092506250246,0.18833718742992506,0.15384615384615385,0.11764705882352941,0.2222222222222222,0.13474944031994887,370,15,7,2,0.7777777777777778,0.03896103896103896,394,9,394,0.0,0.0,0.0,0.2222222222222222,0.16666666666666666,7.296296296296296,0.2222222222222222,0.1,4.377777777777778,0.2222222222222222,0.05,2.188888888888889,0.4444444444444444,0.05063291139240506,2.2165963431786215,0.0307345041762241,0.4434343434343434,0.0,0.0,0.0,0.2222222222222222,0.05,0.038503723738519235,0.24314574314574322,0.15384615384615385,0.11764705882352941,0.2222222222222222,0.0,0.0
rg3,2026,2,lightgbm_balanced,with_side,0.23690166135589616,inner_f1,0.06923822791474334,0.6865800865800866,0.050611092506250246,0.18833718742992506,0.10256410256410256,0.057971014492753624,0.4444444444444444,0.10833917553114507,320,65,5,4,0.5555555555555556,0.16883116883116883,394,9,394,0.0,0.0,0.0,0.2222222222222222,0.16666666666666666,7.296296296296296,0.2222222222222222,0.1,4.377777777777778,0.2222222222222222,0.05,2.188888888888889,0.4444444444444444,0.05063291139240506,2.2165963431786215,0.0307345041762241,0.4434343434343434,0.0347826086956521,0.0188679245283018,0.2222222222222222,0.2222222222222222,0.05,0.038503723738519235,0.24314574314574322,0.06778149386845046,0.039103089964451825,0.2222222222222222,0.0,0.0
pooled,42,0,dummy_prior,with_side,0.5,fixed_0.5,0.01756587202007528,0.5,0.01725731264479409,0.08840838973464826,0.0,0.0,0.0,0.0,783,0,14,0,1.0,0.0,797,14,1,0.0,0.0,0.0,0.0,0.0,0.0,0.07142857142857142,0.025,1.4232142857142858,0.07142857142857142,0.0125,0.7116071428571429,0.21428571428571427,0.01875,1.0674107142857143,0.0175658720200752,0.5,0.0,0.0,0.0,0.0714285714285714,0.0125,7.979727989493313e-17,0.0,0.0,0.0,0.0,2.7755575615628914e-17,0.0
pooled,42,0,dummy_prior,with_side,0.5,inner_f1,0.01756587202007528,0.5,0.01725731264479409,0.08840838973464826,0.0,0.0,0.0,0.0,783,0,14,0,1.0,0.0,797,14,1,0.0,0.0,0.0,0.0,0.0,0.0,0.07142857142857142,0.025,1.4232142857142858,0.07142857142857142,0.0125,0.7116071428571429,0.21428571428571427,0.01875,1.0674107142857143,0.0175658720200752,0.5,0.0,0.0,0.0,0.0714285714285714,0.0125,7.979727989493313e-17,0.0,0.0,0.0,0.0,2.7755575615628914e-17,0.0
pooled,42,0,logistic,with_side,0.651539398085071,fixed_0.5,0.24886932700165737,0.8627075351213281,0.014517304248739517,0.0660820979080183,0.25,1.0,0.14285714285714285,0.375101064548392,783,0,12,2,0.8571428571428571,0.0,797,14,797,0.14285714285714285,0.25,14.232142857142858,0.2857142857142857,0.16666666666666666,9.488095238095237,0.35714285714285715,0.125,7.116071428571429,0.42857142857142855,0.075,4.269642857142857,0.7857142857142857,0.06875,3.9138392857142863,0.1983675512484464,0.752964787447546,0.25,1.0,0.1428571428571428,0.3571428571428571,0.0625,0.050501775753210965,0.10974274767378212,0.0,0.0,5.551115123125783e-17,0.07142857142857145,0.012499999999999997
pooled,42,0,logistic,with_side,0.651539398085071,inner_f1,0.24886932700165737,0.8627075351213281,0.014517304248739517,0.0660820979080183,0.25,1.0,0.14285714285714285,0.375101064548392,783,0,12,2,0.8571428571428571,0.0,797,14,797,0.14285714285714285,0.25,14.232142857142858,0.2857142857142857,0.16666666666666666,9.488095238095237,0.35714285714285715,0.125,7.116071428571429,0.42857142857142855,0.075,4.269642857142857,0.7857142857142857,0.06875,3.9138392857142863,0.1983675512484464,0.752964787447546,0.25,1.0,0.1428571428571428,0.3571428571428571,0.0625,0.050501775753210965,0.10974274767378212,0.0,0.0,5.551115123125783e-17,0.07142857142857145,0.012499999999999997
pooled,42,0,logistic_balanced,with_side,0.9768560170834354,fixed_0.5,0.17613096819660937,0.8459222769567597,0.1314359413022848,0.3877019014516888,0.11235955056179775,0.06097560975609756,0.7142857142857143,0.16819793267068753,629,154,4,10,0.2857142857142857,0.1966794380587484,797,14,797,0.14285714285714285,0.25,14.232142857142858,0.14285714285714285,0.08333333333333333,4.744047619047619,0.21428571428571427,0.075,4.269642857142857,0.35714285714285715,0.0625,3.5580357142857144,0.7142857142857143,0.0625,3.5580357142857144,0.1700326863514322,0.6957671957671958,0.0611353711790393,0.0325581395348837,0.5,0.1428571428571428,0.025,0.006098281845177161,0.1501550811895639,0.05122417938275845,0.02841747022121386,0.2142857142857143,0.21428571428571436,0.0375
pooled,42,0,logistic_balanced,with_side,0.9768560170834354,inner_f1,0.17613096819660937,0.8459222769567597,0.1314359413022848,0.3877019014516888,0.125,0.5,0.07142857142857142,0.18419713833825888,782,1,13,1,0.9285714285714286,0.001277139208173691,797,14,797,0.14285714285714285,0.25,14.232142857142858,0.14285714285714285,0.08333333333333333,4.744047619047619,0.21428571428571427,0.075,4.269642857142857,0.35714285714285715,0.0625,3.5580357142857144,0.7142857142857143,0.0625,3.5580357142857144,0.1700326863514322,0.6957671957671958,0.2222222222222222,0.5,0.1428571428571428,0.1428571428571428,0.025,0.006098281845177161,0.1501550811895639,-0.09722222222222221,0.0,-0.07142857142857137,0.21428571428571436,0.0375
pooled,42,0,xgboost,with_side,0.06421060115098953,fixed_0.5,0.19912319052207653,0.8451924831235176,0.016310131976549642,0.07348829987701859,0.0,0.0,0.0,0.0,783,0,14,0,1.0,0.0,797,14,797,0.14285714285714285,0.25,14.232142857142858,0.21428571428571427,0.125,7.116071428571429,0.35714285714285715,0.125,7.116071428571429,0.35714285714285715,0.0625,3.5580357142857144,0.7142857142857143,0.0625,3.5580357142857144,0.2099059182509003,0.734263820470717,0.0,0.0,0.0,0.3571428571428571,0.0625,-0.010782727728823771,0.11092866265280055,0.0,0.0,0.0,5.551115123125783e-17,0.0
pooled,42,0,xgboost,with_side,0.06421060115098953,inner_f1,0.19912319052207653,0.8451924831235176,0.016310131976549642,0.07348829987701859,0.1951219512195122,0.14814814814814814,0.2857142857142857,0.18613762846554732,760,23,10,4,0.7142857142857143,0.02937420178799489,797,14,797,0.14285714285714285,0.25,14.232142857142858,0.21428571428571427,0.125,7.116071428571429,0.35714285714285715,0.125,7.116071428571429,0.35714285714285715,0.0625,3.5580357142857144,0.7142857142857143,0.0625,3.5580357142857144,0.2099059182509003,0.734263820470717,0.1764705882352941,0.15,0.2142857142857142,0.3571428571428571,0.0625,-0.010782727728823771,0.11092866265280055,0.0186513629842181,-0.0018518518518518545,0.07142857142857151,5.551115123125783e-17,0.0
pooled,42,0,xgboost_balanced,with_side,0.46117016673088074,fixed_0.5,0.11620453524655883,0.823207443897099,0.04490339273607139,0.1554871570512582,0.10714285714285714,0.07142857142857142,0.21428571428571427,0.09670584116169033,744,39,11,3,0.7857142857142857,0.04980842911877394,797,14,797,0.14285714285714285,0.25,14.232142857142858,0.21428571428571427,0.125,7.116071428571429,0.21428571428571427,0.075,4.269642857142857,0.35714285714285715,0.0625,3.5580357142857144,0.5714285714285714,0.05,2.8464285714285715,0.1722349711870469,0.7149242838898011,0.0689655172413793,0.0454545454545454,0.1428571428571428,0.2142857142857142,0.0375,-0.056030435940488066,0.10828316000729787,0.03817733990147784,0.025974025974026024,0.07142857142857148,0.14285714285714296,0.025
pooled,42,0,xgboost_balanced,with_side,0.46117016673088074,inner_f1,0.11620453524655883,0.823207443897099,0.04490339273607139,0.1554871570512582,0.09230769230769231,0.058823529411764705,0.21428571428571427,0.08211711101892306,735,48,11,3,0.7857142857142857,0.06130268199233716,797,14,797,0.14285714285714285,0.25,14.232142857142858,0.21428571428571427,0.125,7.116071428571429,0.21428571428571427,0.075,4.269642857142857,0.35714285714285715,0.0625,3.5580357142857144,0.5714285714285714,0.05,2.8464285714285715,0.1722349711870469,0.7149242838898011,0.0833333333333333,0.0588235294117647,0.1428571428571428,0.2142857142857142,0.0375,-0.056030435940488066,0.10828316000729787,0.008974358974359012,6.938893903907228e-18,0.07142857142857148,0.14285714285714296,0.025
pooled,42,0,extratrees,with_side,0.37771662274923157,fixed_0.5,0.19641481381844644,0.8455573800401386,0.015894764117456134,0.07026740312655363,0.2222222222222222,0.5,0.14285714285714285,0.2608223762475765,781,2,12,2,0.8571428571428571,0.002554278416347382,797,14,313,0.14285714285714285,0.25,14.232142857142858,0.14285714285714285,0.08333333333333333,4.744047619047619,0.21428571428571427,0.075,4.269642857142857,0.2857142857142857,0.05,2.8464285714285715,0.5714285714285714,0.05,2.8464285714285715,0.1744305628560872,0.7019704433497537,0.2222222222222222,0.5,0.1428571428571428,0.2142857142857142,0.0375,0.02198425096235923,0.14358693669038491,0.0,0.0,5.551115123125783e-17,0.07142857142857151,0.012500000000000004
pooled,42,0,extratrees,with_side,0.37771662274923157,inner_f1,0.19641481381844644,0.8455573800401386,0.015894764117456134,0.07026740312655363,0.2222222222222222,0.5,0.14285714285714285,0.2608223762475765,781,2,12,2,0.8571428571428571,0.002554278416347382,797,14,313,0.14285714285714285,0.25,14.232142857142858,0.14285714285714285,0.08333333333333333,4.744047619047619,0.21428571428571427,0.075,4.269642857142857,0.2857142857142857,0.05,2.8464285714285715,0.5714285714285714,0.05,2.8464285714285715,0.1744305628560872,0.7019704433497537,0.2222222222222222,0.5,0.1428571428571428,0.2142857142857142,0.0375,0.02198425096235923,0.14358693669038491,0.0,0.0,5.551115123125783e-17,0.07142857142857151,0.012500000000000004
pooled,42,0,extratrees_balanced,with_side,0.4364012037772638,fixed_0.5,0.1743379934492073,0.861247947454844,0.06090951286996897,0.17918659872379844,0.11235955056179775,0.06666666666666667,0.35714285714285715,0.12046585746306757,713,70,9,5,0.6428571428571429,0.08939974457215837,797,14,324,0.14285714285714285,0.25,14.232142857142858,0.14285714285714285,0.08333333333333333,4.744047619047619,0.14285714285714285,0.05,2.8464285714285715,0.35714285714285715,0.0625,3.5580357142857144,0.5714285714285714,0.05,2.8464285714285715,0.1653916725150132,0.6677613574165298,0.1052631578947368,0.0833333333333333,0.1428571428571428,0.1428571428571428,0.025,0.008946320934194119,0.19348659003831425,0.007096392667060955,-0.016666666666666635,0.21428571428571436,0.21428571428571436,0.0375
pooled,42,0,extratrees_balanced,with_side,0.4364012037772638,inner_f1,0.1743379934492073,0.861247947454844,0.06090951286996897,0.17918659872379844,0.10619469026548672,0.06060606060606061,0.42857142857142855,0.12338929251479105,690,93,8,6,0.5714285714285714,0.11877394636015326,797,14,324,0.14285714285714285,0.25,14.232142857142858,0.14285714285714285,0.08333333333333333,4.744047619047619,0.14285714285714285,0.05,2.8464285714285715,0.35714285714285715,0.0625,3.5580357142857144,0.5714285714285714,0.05,2.8464285714285715,0.1653916725150132,0.6677613574165298,0.0452488687782805,0.0241545893719806,0.3571428571428571,0.1428571428571428,0.025,0.008946320934194119,0.19348659003831425,0.060945821487206224,0.036451471234080005,0.07142857142857145,0.21428571428571436,0.0375
pooled,42,0,catboost,with_side,0.35431387681526727,fixed_0.5,0.2148944498399449,0.8362525086663019,0.014677002423740142,0.06825308758272158,0.25,1.0,0.14285714285714285,0.375101064548392,783,0,12,2,0.8571428571428571,0.0,797,14,797,0.21428571428571427,0.375,21.34821428571429,0.21428571428571427,0.125,7.116071428571429,0.2857142857142857,0.1,5.692857142857143,0.35714285714285715,0.0625,3.5580357142857144,0.5,0.04375,2.490625,0.1780955707716788,0.6915708812260536,0.25,1.0,0.1428571428571428,0.2142857142857142,0.0375,0.036798879068266094,0.14468162744024826,0.0,0.0,5.551115123125783e-17,0.14285714285714296,0.025
pooled,42,0,catboost,with_side,0.35431387681526727,inner_f1,0.2148944498399449,0.8362525086663019,0.014677002423740142,0.06825308758272158,0.25,1.0,0.14285714285714285,0.375101064548392,783,0,12,2,0.8571428571428571,0.0,797,14,797,0.21428571428571427,0.375,21.34821428571429,0.21428571428571427,0.125,7.116071428571429,0.2857142857142857,0.1,5.692857142857143,0.35714285714285715,0.0625,3.5580357142857144,0.5,0.04375,2.490625,0.1780955707716788,0.6915708812260536,0.25,1.0,0.1428571428571428,0.2142857142857142,0.0375,0.036798879068266094,0.14468162744024826,0.0,0.0,5.551115123125783e-17,0.14285714285714296,0.025
pooled,42,0,catboost_balanced,with_side,0.7877744197595129,fixed_0.5,0.1898645330956849,0.8264002919175333,0.06268231827923289,0.20664121741321653,0.07058823529411765,0.04225352112676056,0.21428571428571427,0.058769774257720245,715,68,11,3,0.7857142857142857,0.08684546615581099,797,14,797,0.14285714285714285,0.25,14.232142857142858,0.14285714285714285,0.08333333333333333,4.744047619047619,0.14285714285714285,0.05,2.8464285714285715,0.21428571428571427,0.0375,2.1348214285714286,0.6428571428571429,0.05625,3.202232142857143,0.1658955428261404,0.6665754424375114,0.0689655172413793,0.0454545454545454,0.1428571428571428,0.1428571428571428,0.025,0.023968990269544493,0.15982484948002185,0.0016227180527383506,-0.0032010243277848377,0.07142857142857148,0.07142857142857148,0.012499999999999997
pooled,42,0,catboost_balanced,with_side,0.7877744197595129,inner_f1,0.1898645330956849,0.8264002919175333,0.06268231827923289,0.20664121741321653,0.2,0.3333333333333333,0.14285714285714285,0.20934769402769843,779,4,12,2,0.8571428571428571,0.005108556832694764,797,14,797,0.14285714285714285,0.25,14.232142857142858,0.14285714285714285,0.08333333333333333,4.744047619047619,0.14285714285714285,0.05,2.8464285714285715,0.21428571428571427,0.0375,2.1348214285714286,0.6428571428571429,0.05625,3.202232142857143,0.1658955428261404,0.6665754424375114,0.074074074074074,0.05,0.1428571428571428,0.1428571428571428,0.025,0.023968990269544493,0.15982484948002185,0.125925925925926,0.2833333333333333,5.551115123125783e-17,0.07142857142857148,0.012499999999999997
pooled,42,0,lightgbm,with_side,0.047094553872129526,fixed_0.5,0.2054504985493446,0.8437328954570333,0.01601645051497328,0.0733502581707621,0.0,0.0,0.0,0.0,783,0,14,0,1.0,0.0,797,14,797,0.14285714285714285,0.25,14.232142857142858,0.21428571428571427,0.125,7.116071428571429,0.21428571428571427,0.075,4.269642857142857,0.35714285714285715,0.0625,3.5580357142857144,0.5714285714285714,0.05,2.8464285714285715,0.1879396683101114,0.7069877759532932,0.0,0.0,0.0,0.2142857142857142,0.0375,0.017510830239233194,0.13674511950374013,0.0,0.0,0.0,0.14285714285714296,0.025
pooled,42,0,lightgbm,with_side,0.047094553872129526,inner_f1,0.2054504985493446,0.8437328954570333,0.01601645051497328,0.0733502581707621,0.1,0.06060606060606061,0.2857142857142857,0.09844663302120092,721,62,10,4,0.7142857142857143,0.07918263090676884,797,14,797,0.14285714285714285,0.25,14.232142857142858,0.21428571428571427,0.125,7.116071428571429,0.21428571428571427,0.075,4.269642857142857,0.35714285714285715,0.0625,3.5580357142857144,0.5714285714285714,0.05,2.8464285714285715,0.1879396683101114,0.7069877759532932,0.1111111111111111,0.075,0.2142857142857142,0.2142857142857142,0.0375,0.017510830239233194,0.13674511950374013,-0.0111111111111111,-0.01439393939393939,0.07142857142857151,0.14285714285714296,0.025
pooled,42,0,lightgbm_balanced,with_side,0.4200813818237176,fixed_0.5,0.09525384290487732,0.8320561941251596,0.05149553364892356,0.17379899731466583,0.09090909090909091,0.057692307692307696,0.21428571428571427,0.08069888647806435,734,49,11,3,0.7857142857142857,0.06257982120051085,797,14,797,0.14285714285714285,0.25,14.232142857142858,0.21428571428571427,0.125,7.116071428571429,0.21428571428571427,0.075,4.269642857142857,0.2857142857142857,0.05,2.8464285714285715,0.5714285714285714,0.05,2.8464285714285715,0.1686407090613585,0.6708629812078087,0.1034482758620689,0.0681818181818181,0.2142857142857142,0.2142857142857142,0.0375,-0.07338686615648118,0.1611932129173509,-0.012539184952977983,-0.010489510489510398,8.326672684688674e-17,0.07142857142857151,0.012500000000000004
pooled,42,0,lightgbm_balanced,with_side,0.4200813818237176,inner_f1,0.09525384290487732,0.8320561941251596,0.05149553364892356,0.17379899731466583,0.07228915662650602,0.043478260869565216,0.21428571428571427,0.06072670685779419,717,66,11,3,0.7857142857142857,0.0842911877394636,797,14,797,0.14285714285714285,0.25,14.232142857142858,0.21428571428571427,0.125,7.116071428571429,0.21428571428571427,0.075,4.269642857142857,0.2857142857142857,0.05,2.8464285714285715,0.5714285714285714,0.05,2.8464285714285715,0.1686407090613585,0.6708629812078087,0.1666666666666666,0.2,0.1428571428571428,0.2142857142857142,0.0375,-0.07338686615648118,0.1611932129173509,-0.09437751004016058,-0.1565217391304348,0.07142857142857148,0.07142857142857151,0.012500000000000004
pooled,42,1,dummy_prior,with_side,0.5,fixed_0.5,0.016290726817042606,0.5,0.016028915263365025,0.0833325880483163,0.0,0.0,0.0,0.0,785,0,13,0,1.0,0.0,798,13,1,0.0,0.0,0.0,0.0,0.0,0.0,0.0,0.0,0.0,0.0,0.0,0.0,0.15384615384615385,0.0125,0.7673076923076924,0.0162907268170426,0.5,0.0,0.0,0.0,0.0,0.0,6.938893903907228e-18,0.0,0.0,0.0,0.0,0.0,0.0
pooled,42,1,dummy_prior,with_side,0.5,inner_f1,0.016290726817042606,0.5,0.016028915263365025,0.0833325880483163,0.0,0.0,0.0,0.0,785,0,13,0,1.0,0.0,798,13,1,0.0,0.0,0.0,0.0,0.0,0.0,0.0,0.0,0.0,0.0,0.0,0.0,0.15384615384615385,0.0125,0.7673076923076924,0.0162907268170426,0.5,0.0,0.0,0.0,0.0,0.0,6.938893903907228e-18,0.0,0.0,0.0,0.0,0.0,0.0
pooled,42,1,logistic,with_side,0.7902122896258179,fixed_0.5,0.21857806605650396,0.8384125428711415,0.014909353466966988,0.06993659454401013,0.25,0.6666666666666666,0.15384615384615385,0.31560066988103286,784,1,11,2,0.8461538461538461,0.0012738853503184713,798,13,798,0.15384615384615385,0.25,15.346153846153847,0.3076923076923077,0.16666666666666666,10.23076923076923,0.3076923076923077,0.1,6.138461538461539,0.46153846153846156,0.075,4.603846153846154,0.6153846153846154,0.05,3.0692307692307694,0.2046743393066875,0.7355707986281235,0.2666666666666666,1.0,0.1538461538461538,0.3846153846153846,0.0625,0.013903726749816464,0.10284174424301806,-0.016666666666666607,-0.33333333333333337,5.551115123125783e-17,0.07692307692307698,0.012499999999999997
pooled,42,1,logistic,with_side,0.7902122896258179,inner_f1,0.21857806605650396,0.8384125428711415,0.014909353466966988,0.06993659454401013,0.26666666666666666,1.0,0.15384615384615385,0.38951269447519304,785,0,11,2,0.8461538461538461,0.0,798,13,798,0.15384615384615385,0.25,15.346153846153847,0.3076923076923077,0.16666666666666666,10.23076923076923,0.3076923076923077,0.1,6.138461538461539,0.46153846153846156,0.075,4.603846153846154,0.6153846153846154,0.05,3.0692307692307694,0.2046743393066875,0.7355707986281235,0.2666666666666666,1.0,0.1538461538461538,0.3846153846153846,0.0625,0.013903726749816464,0.10284174424301806,5.551115123125783e-17,0.0,5.551115123125783e-17,0.07692307692307698,0.012499999999999997
pooled,42,1,logistic_balanced,with_side,0.9365890281688993,fixed_0.5,0.15461871641629407,0.8371386575208231,0.13891874755482286,0.4245561967605682,0.09782608695652174,0.05263157894736842,0.6923076923076923,0.14991868982357107,623,162,4,9,0.3076923076923077,0.20636942675159237,798,13,798,0.15384615384615385,0.25,15.346153846153847,0.15384615384615385,0.08333333333333333,5.115384615384615,0.15384615384615385,0.05,3.0692307692307694,0.38461538461538464,0.0625,3.8365384615384617,0.6923076923076923,0.05625,3.4528846153846158,0.1890209789622002,0.7424301812836845,0.0595744680851063,0.0315315315315315,0.5384615384615384,0.3076923076923077,0.05,-0.034402262545906115,0.09470847623713852,0.03825161887141544,0.021100047415836917,0.15384615384615385,0.07692307692307693,0.012499999999999997
pooled,42,1,logistic_balanced,with_side,0.9365890281688993,inner_f1,0.15461871641629407,0.8371386575208231,0.13891874755482286,0.4245561967605682,0.125,0.10526315789473684,0.15384615384615385,0.10976399764963428,768,17,11,2,0.8461538461538461,0.02165605095541401,798,13,798,0.15384615384615385,0.25,15.346153846153847,0.15384615384615385,0.08333333333333333,5.115384615384615,0.15384615384615385,0.05,3.0692307692307694,0.38461538461538464,0.0625,3.8365384615384617,0.6923076923076923,0.05625,3.4528846153846158,0.1890209789622002,0.7424301812836845,0.1481481481481481,0.1428571428571428,0.1538461538461538,0.3076923076923077,0.05,-0.034402262545906115,0.09470847623713852,-0.023148148148148112,-0.03759398496240596,5.551115123125783e-17,0.07692307692307693,0.012499999999999997
pooled,42,1,xgboost,with_side,0.07872499525547028,fixed_0.5,0.085981167677044,0.8421362077413033,0.015624424621750035,0.07140530103965981,0.0,0.0,0.0,0.0,785,0,13,0,1.0,0.0,798,13,798,0.07692307692307693,0.125,7.673076923076923,0.15384615384615385,0.08333333333333333,5.115384615384615,0.15384615384615385,0.05,3.0692307692307694,0.38461538461538464,0.0625,3.8365384615384617,0.6923076923076923,0.05625,3.4528846153846158,0.1996984155952045,0.7471337579617835,0.0,0.0,0.0,0.3076923076923077,0.05,-0.11371724791816049,0.09500244977951977,0.0,0.0,0.0,0.07692307692307693,0.012499999999999997
pooled,42,1,xgboost,with_side,0.07872499525547028,inner_f1,0.085981167677044,0.8421362077413033,0.015624424621750035,0.07140530103965981,0.12903225806451613,0.1111111111111111,0.15384615384615385,0.11378553325107225,769,16,11,2,0.8461538461538461,0.02038216560509554,798,13,798,0.07692307692307693,0.125,7.673076923076923,0.15384615384615385,0.08333333333333333,5.115384615384615,0.15384615384615385,0.05,3.0692307692307694,0.38461538461538464,0.0625,3.8365384615384617,0.6923076923076923,0.05625,3.4528846153846158,0.1996984155952045,0.7471337579617835,0.1481481481481481,0.1428571428571428,0.1538461538461538,0.3076923076923077,0.05,-0.11371724791816049,0.09500244977951977,-0.019115890083631987,-0.03174603174603169,5.551115123125783e-17,0.07692307692307693,0.012499999999999997
pooled,42,1,xgboost_balanced,with_side,0.729546070098877,fixed_0.5,0.1088015121373057,0.8829985301322881,0.04921378371536854,0.16441507270711964,0.16393442622950818,0.10416666666666667,0.38461538461538464,0.1756128765511887,742,43,8,5,0.6153846153846154,0.05477707006369427,798,13,798,0.07692307692307693,0.125,7.673076923076923,0.23076923076923078,0.125,7.673076923076923,0.3076923076923077,0.1,6.138461538461539,0.38461538461538464,0.0625,3.8365384615384617,0.7692307692307693,0.0625,3.8365384615384617,0.1257976365152888,0.806124448799608,0.1587301587301587,0.1,0.3846153846153846,0.3846153846153846,0.0625,-0.016996124377983104,0.07687408133268014,0.005204267499349491,0.004166666666666666,5.551115123125783e-17,5.551115123125783e-17,0.0
pooled,42,1,xgboost_balanced,with_side,0.729546070098877,inner_f1,0.1088015121373057,0.8829985301322881,0.04921378371536854,0.16441507270711964,0.18181818181818182,0.15,0.23076923076923078,0.16934918629076665,768,17,10,3,0.7692307692307693,0.02165605095541401,798,13,798,0.07692307692307693,0.125,7.673076923076923,0.23076923076923078,0.125,7.673076923076923,0.3076923076923077,0.1,6.138461538461539,0.38461538461538464,0.0625,3.8365384615384617,0.7692307692307693,0.0625,3.8365384615384617,0.1257976365152888,0.806124448799608,0.24,0.25,0.2307692307692307,0.3846153846153846,0.0625,-0.016996124377983104,0.07687408133268014,-0.05818181818181817,-0.1,8.326672684688674e-17,5.551115123125783e-17,0.0
pooled,42,1,extratrees,with_side,0.09530572537442762,fixed_0.5,0.22025628513882523,0.8439980401763841,0.01439223996840581,0.10187581740705584,0.26666666666666666,1.0,0.15384615384615385,0.38951269447519304,785,0,11,2,0.8461538461538461,0.0,798,13,357,0.15384615384615385,0.25,15.346153846153847,0.23076923076923078,0.125,7.673076923076923,0.3076923076923077,0.1,6.138461538461539,0.46153846153846156,0.075,4.603846153846154,0.7692307692307693,0.0625,3.8365384615384617,0.2101015047826129,0.8043606075453209,0.2666666666666666,1.0,0.1538461538461538,0.3846153846153846,0.0625,0.010154780356212312,0.03963743263106323,5.551115123125783e-17,0.0,5.551115123125783e-17,0.07692307692307698,0.012499999999999997
pooled,42,1,extratrees,with_side,0.09530572537442762,inner_f1,0.22025628513882523,0.8439980401763841,0.01439223996840581,0.10187581740705584,0.19047619047619047,0.13793103448275862,0.3076923076923077,0.1865991778001616,760,25,9,4,0.6923076923076923,0.03184713375796178,798,13,357,0.15384615384615385,0.25,15.346153846153847,0.23076923076923078,0.125,7.673076923076923,0.3076923076923077,0.1,6.138461538461539,0.46153846153846156,0.075,4.603846153846154,0.7692307692307693,0.0625,3.8365384615384617,0.2101015047826129,0.8043606075453209,0.2666666666666666,1.0,0.1538461538461538,0.3846153846153846,0.0625,0.010154780356212312,0.03963743263106323,-0.07619047619047614,-0.8620689655172413,0.1538461538461539,0.07692307692307698,0.012499999999999997
pooled,42,1,extratrees_balanced,with_side,0.6654338382351738,fixed_0.5,0.180163685142963,0.8509554140127389,0.04397964805825586,0.18090166395286245,0.19607843137254902,0.13157894736842105,0.38461538461538464,0.203641517652727,752,33,8,5,0.6153846153846154,0.04203821656050955,798,13,309,0.15384615384615385,0.25,15.346153846153847,0.3076923076923077,0.16666666666666666,10.23076923076923,0.38461538461538464,0.125,7.673076923076923,0.5384615384615384,0.0875,5.371153846153846,0.6923076923076923,0.05625,3.4528846153846158,0.106557387006017,0.788486036256737,0.1463414634146341,0.1071428571428571,0.2307692307692307,0.4615384615384615,0.075,0.073606298136946,0.06246937775600192,0.04973696795791491,0.02443609022556395,0.15384615384615394,0.07692307692307693,0.012499999999999997
pooled,42,1,extratrees_balanced,with_side,0.6654338382351738,inner_f1,0.180163685142963,0.8509554140127389,0.04397964805825586,0.18090166395286245,0.2222222222222222,0.21428571428571427,0.23076923076923078,0.2090049485630253,774,11,10,3,0.7692307692307693,0.014012738853503185,798,13,309,0.15384615384615385,0.25,15.346153846153847,0.3076923076923077,0.16666666666666666,10.23076923076923,0.38461538461538464,0.125,7.673076923076923,0.5384615384615384,0.0875,5.371153846153846,0.6923076923076923,0.05625,3.4528846153846158,0.106557387006017,0.788486036256737,0.16,0.1666666666666666,0.1538461538461538,0.4615384615384615,0.075,0.073606298136946,0.06246937775600192,0.06222222222222221,0.04761904761904767,0.07692307692307698,0.07692307692307693,0.012499999999999997
pooled,42,1,catboost,with_side,0.27054825959980366,fixed_0.5,0.21628410539417262,0.8417442430181283,0.013961265545940375,0.0658132838437131,0.14285714285714285,1.0,0.07692307692307693,0.27525422350822504,785,0,12,1,0.9230769230769231,0.0,798,13,798,0.15384615384615385,0.25,15.346153846153847,0.23076923076923078,0.125,7.673076923076923,0.23076923076923078,0.075,4.603846153846154,0.46153846153846156,0.075,4.603846153846154,0.6923076923076923,0.05625,3.4528846153846158,0.2194892138951734,0.7878980891719745,0.2666666666666666,1.0,0.1538461538461538,0.5384615384615384,0.0875,-0.0032051085010007807,0.05384615384615388,-0.12380952380952376,0.0,-0.07692307692307687,-0.07692307692307687,-0.012499999999999997
pooled,42,1,catboost,with_side,0.27054825959980366,inner_f1,0.21628410539417262,0.8417442430181283,0.013961265545940375,0.0658132838437131,0.26666666666666666,1.0,0.15384615384615385,0.38951269447519304,785,0,11,2,0.8461538461538461,0.0,798,13,798,0.15384615384615385,0.25,15.346153846153847,0.23076923076923078,0.125,7.673076923076923,0.23076923076923078,0.075,4.603846153846154,0.46153846153846156,0.075,4.603846153846154,0.6923076923076923,0.05625,3.4528846153846158,0.2194892138951734,0.7878980891719745,0.2666666666666666,1.0,0.1538461538461538,0.5384615384615384,0.0875,-0.0032051085010007807,0.05384615384615388,5.551115123125783e-17,0.0,5.551115123125783e-17,-0.07692307692307687,-0.012499999999999997
pooled,42,1,catboost_balanced,with_side,0.6931071800123496,fixed_0.5,0.17232453008737522,0.8625183733463988,0.05581913790639245,0.18350315687025667,0.14705882352941177,0.09090909090909091,0.38461538461538464,0.1603721856869892,735,50,8,5,0.6153846153846154,0.06369426751592357,798,13,798,0.07692307692307693,0.125,7.673076923076923,0.23076923076923078,0.125,7.673076923076923,0.38461538461538464,0.125,7.673076923076923,0.46153846153846156,0.075,4.603846153846154,0.6923076923076923,0.05625,3.4528846153846158,0.1382613537606659,0.7588926996570309,0.1403508771929824,0.0909090909090909,0.3076923076923077,0.3846153846153846,0.0625,0.03406317632670933,0.10362567368936793,0.006707946336429377,1.3877787807814457e-17,0.07692307692307693,0.07692307692307698,0.012499999999999997
pooled,42,1,catboost_balanced,with_side,0.6931071800123496,inner_f1,0.17232453008737522,0.8625183733463988,0.05581913790639245,0.18350315687025667,0.2,0.17647058823529413,0.23076923076923078,0.18668234351833618,771,14,10,3,0.7692307692307693,0.017834394904458598,798,13,798,0.07692307692307693,0.125,7.673076923076923,0.23076923076923078,0.125,7.673076923076923,0.38461538461538464,0.125,7.673076923076923,0.46153846153846156,0.075,4.603846153846154,0.6923076923076923,0.05625,3.4528846153846158,0.1382613537606659,0.7588926996570309,0.2352941176470588,0.5,0.1538461538461538,0.3846153846153846,0.0625,0.03406317632670933,0.10362567368936793,-0.03529411764705878,-0.32352941176470584,0.07692307692307698,0.07692307692307698,0.012499999999999997
pooled,42,1,lightgbm,with_side,0.08647793920761163,fixed_0.5,0.17506863415005855,0.8759431651151397,0.014982663845235987,0.0666044988514187,0.0,0.0,0.0,0.0,785,0,13,0,1.0,0.0,798,13,798,0.15384615384615385,0.25,15.346153846153847,0.23076923076923078,0.125,7.673076923076923,0.38461538461538464,0.125,7.673076923076923,0.38461538461538464,0.0625,3.8365384615384617,0.7692307692307693,0.0625,3.8365384615384617,0.2418355869845505,0.8190592846643803,0.0,0.0,0.0,0.3076923076923077,0.05,-0.06676695283449194,0.05688388045075943,0.0,0.0,0.0,0.07692307692307693,0.012499999999999997
pooled,42,1,lightgbm,with_side,0.08647793920761163,inner_f1,0.17506863415005855,0.8759431651151397,0.014982663845235987,0.0666044988514187,0.14285714285714285,0.10344827586206896,0.23076923076923078,0.13370179098505364,759,26,10,3,0.7692307692307693,0.033121019108280254,798,13,798,0.15384615384615385,0.25,15.346153846153847,0.23076923076923078,0.125,7.673076923076923,0.38461538461538464,0.125,7.673076923076923,0.38461538461538464,0.0625,3.8365384615384617,0.7692307692307693,0.0625,3.8365384615384617,0.2418355869845505,0.8190592846643803,0.0,0.0,0.0,0.3076923076923077,0.05,-0.06676695283449194,0.05688388045075943,0.14285714285714285,0.10344827586206896,0.23076923076923078,0.07692307692307693,0.012499999999999997
pooled,42,1,lightgbm_balanced,with_side,0.6329737316202926,fixed_0.5,0.2077052614555425,0.8853503184713376,0.051217561668039265,0.1689229910227055,0.14925373134328357,0.09259259259259259,0.38461538461538464,0.16238352196349448,736,49,8,5,0.6153846153846154,0.062420382165605096,798,13,798,0.15384615384615385,0.25,15.346153846153847,0.23076923076923078,0.125,7.673076923076923,0.3076923076923077,0.1,6.138461538461539,0.5384615384615384,0.0875,5.371153846153846,0.6923076923076923,0.05625,3.4528846153846158,0.1489450316575049,0.7976972072513473,0.144927536231884,0.0892857142857142,0.3846153846153846,0.4615384615384615,0.075,0.058760229798037605,0.08765311121999031,0.004326195111399561,0.003306878306878383,5.551115123125783e-17,0.07692307692307693,0.012499999999999997
pooled,42,1,lightgbm_balanced,with_side,0.6329737316202926,inner_f1,0.2077052614555425,0.8853503184713376,0.051217561668039265,0.1689229910227055,0.18181818181818182,0.12903225806451613,0.3076923076923077,0.1790455291087459,758,27,9,4,0.6923076923076923,0.034394904458598725,798,13,798,0.15384615384615385,0.25,15.346153846153847,0.23076923076923078,0.125,7.673076923076923,0.3076923076923077,0.1,6.138461538461539,0.5384615384615384,0.0875,5.371153846153846,0.6923076923076923,0.05625,3.4528846153846158,0.1489450316575049,0.7976972072513473,0.2352941176470588,0.5,0.1538461538461538,0.4615384615384615,0.075,0.058760229798037605,0.08765311121999031,-0.05347593582887697,-0.3709677419354839,0.1538461538461539,0.07692307692307693,0.012499999999999997
pooled,42,2,dummy_prior,with_side,0.5,fixed_0.5,0.018796992481203006,0.5,0.018447159062739735,0.09342092210757724,0.0,0.0,0.0,0.0,783,0,15,0,1.0,0.0,798,15,1,0.0,0.0,0.0,0.0,0.0,0.0,0.06666666666666667,0.025,1.33,0.06666666666666667,0.0125,0.665,0.06666666666666667,0.00625,0.3325,0.018796992481203,0.5,0.0,0.0,0.0,0.0666666666666666,0.0125,6.938893903907228e-18,0.0,0.0,0.0,0.0,6.938893903907228e-17,0.0
pooled,42,2,dummy_prior,with_side,0.5,inner_f1,0.018796992481203006,0.5,0.018447159062739735,0.09342092210757724,0.0,0.0,0.0,0.0,783,0,15,0,1.0,0.0,798,15,1,0.0,0.0,0.0,0.0,0.0,0.0,0.06666666666666667,0.025,1.33,0.06666666666666667,0.0125,0.665,0.06666666666666667,0.00625,0.3325,0.018796992481203,0.5,0.0,0.0,0.0,0.0666666666666666,0.0125,6.938893903907228e-18,0.0,0.0,0.0,0.0,6.938893903907228e-17,0.0
pooled,42,2,logistic,with_side,0.08555325359673793,fixed_0.5,0.23136634914235282,0.8431673052362707,0.015942747397073763,0.07464562456364256,0.23529411764705882,1.0,0.13333333333333333,0.362154357828913,783,0,13,2,0.8666666666666667,0.0,798,15,798,0.13333333333333333,0.25,13.3,0.26666666666666666,0.16666666666666666,8.866666666666667,0.3333333333333333,0.125,6.65,0.3333333333333333,0.0625,3.325,0.6,0.05625,2.9925,0.1864365017999841,0.7126862494678586,0.2352941176470588,1.0,0.1333333333333333,0.3333333333333333,0.0625,0.04492984734236871,0.13048105576841207,2.7755575615628914e-17,0.0,2.7755575615628914e-17,0.0,0.0
pooled,42,2,logistic,with_side,0.08555325359673793,inner_f1,0.23136634914235282,0.8431673052362707,0.015942747397073763,0.07464562456364256,0.2222222222222222,0.16666666666666666,0.3333333333333333,0.21519665385343417,758,25,10,5,0.6666666666666666,0.031928480204342274,798,15,798,0.13333333333333333,0.25,13.3,0.26666666666666666,0.16666666666666666,8.866666666666667,0.3333333333333333,0.125,6.65,0.3333333333333333,0.0625,3.325,0.6,0.05625,2.9925,0.1864365017999841,0.7126862494678586,0.2352941176470588,1.0,0.1333333333333333,0.3333333333333333,0.0625,0.04492984734236871,0.13048105576841207,-0.013071895424836583,-0.8333333333333334,0.2,0.0,0.0
pooled,42,2,logistic_balanced,with_side,0.964609729584165,fixed_0.5,0.23134371650893304,0.8586632609621117,0.12589984769954812,0.4052397980967491,0.11834319526627218,0.06493506493506493,0.6666666666666666,0.16613198501617218,639,144,5,10,0.3333333333333333,0.1839080459770115,798,15,798,0.13333333333333333,0.25,13.3,0.26666666666666666,0.16666666666666666,8.866666666666667,0.4,0.15,7.98,0.5333333333333333,0.1,5.32,0.6666666666666666,0.0625,3.325,0.1822982937208007,0.7525329927628779,0.0780487804878048,0.0421052631578947,0.5333333333333333,0.3333333333333333,0.0625,0.04904542278813234,0.10613026819923377,0.04029441477846739,0.022829801777170228,0.1333333333333333,0.2,0.037500000000000006
pooled,42,2,logistic_balanced,with_side,0.964609729584165,inner_f1,0.23134371650893304,0.8586632609621117,0.12589984769954812,0.4052397980967491,0.22857142857142856,0.2,0.26666666666666666,0.21392768018555944,767,16,11,4,0.7333333333333333,0.020434227330779056,798,15,798,0.13333333333333333,0.25,13.3,0.26666666666666666,0.16666666666666666,8.866666666666667,0.4,0.15,7.98,0.5333333333333333,0.1,5.32,0.6666666666666666,0.0625,3.325,0.1822982937208007,0.7525329927628779,0.2352941176470588,1.0,0.1333333333333333,0.3333333333333333,0.0625,0.04904542278813234,0.10613026819923377,-0.006722689075630228,-0.8,0.13333333333333336,0.2,0.037500000000000006
pooled,42,2,xgboost,with_side,0.03604917228221893,fixed_0.5,0.2313043052619845,0.8135376756066411,0.017002562870049635,0.07727555966290597,0.0,0.0,0.0,0.0,783,0,15,0,1.0,0.0,798,15,798,0.2,0.375,19.950000000000003,0.4,0.25,13.3,0.4,0.15,7.98,0.4666666666666667,0.0875,4.655,0.5333333333333333,0.05,2.66,0.2412973066923764,0.7312473392933163,0.0,0.0,0.0,0.4666666666666667,0.0875,-0.00999300143039189,0.08229033631332483,0.0,0.0,0.0,0.0,0.0
pooled,42,2,xgboost,with_side,0.03604917228221893,inner_f1,0.2313043052619845,0.8135376756066411,0.017002562870049635,0.07727555966290597,0.1391304347826087,0.08,0.5333333333333333,0.17057737759147518,691,92,7,8,0.4666666666666667,0.11749680715197956,798,15,798,0.2,0.375,19.950000000000003,0.4,0.25,13.3,0.4,0.15,7.98,0.4666666666666667,0.0875,4.655,0.5333333333333333,0.05,2.66,0.2412973066923764,0.7312473392933163,0.2580645161290322,0.25,0.2666666666666666,0.4666666666666667,0.0875,-0.00999300143039189,0.08229033631332483,-0.1189340813464235,-0.16999999999999998,0.2666666666666667,0.0,0.0
pooled,42,2,xgboost_balanced,with_side,0.43409693241119385,fixed_0.5,0.20926765625500346,0.8309919114516815,0.04361422906885098,0.15111057584383422,0.1875,0.12244897959183673,0.4,0.19521408267927598,740,43,9,6,0.6,0.05491698595146871,798,15,798,0.26666666666666666,0.5,26.6,0.3333333333333333,0.20833333333333334,11.083333333333334,0.4,0.15,7.98,0.4666666666666667,0.0875,4.655,0.6666666666666666,0.0625,3.325,0.2179322210976313,0.7615581098339719,0.1846153846153846,0.12,0.4,0.4,0.075,-0.008664564842627842,0.06943380161770962,0.002884615384615402,0.0024489795918367363,0.0,0.06666666666666665,0.012499999999999997
pooled,42,2,xgboost_balanced,with_side,0.43409693241119385,inner_f1,0.20926765625500346,0.8309919114516815,0.04361422906885098,0.15111057584383422,0.17391304347826086,0.1111111111111111,0.4,0.18312807091837563,735,48,9,6,0.6,0.06130268199233716,798,15,798,0.26666666666666666,0.5,26.6,0.3333333333333333,0.20833333333333334,11.083333333333334,0.4,0.15,7.98,0.4666666666666667,0.0875,4.655,0.6666666666666666,0.0625,3.325,0.2179322210976313,0.7615581098339719,0.2105263157894736,0.5,0.1333333333333333,0.4,0.075,-0.008664564842627842,0.06943380161770962,-0.036613272311212725,-0.3888888888888889,0.2666666666666667,0.06666666666666665,0.012499999999999997
pooled,42,2,extratrees,with_side,0.32944444444444454,fixed_0.5,0.21853221011532423,0.8499787143465305,0.01605256540606313,0.07489045641224483,0.23529411764705882,1.0,0.13333333333333333,0.362154357828913,783,0,13,2,0.8666666666666667,0.0,798,15,369,0.13333333333333333,0.25,13.3,0.26666666666666666,0.16666666666666666,8.866666666666667,0.3333333333333333,0.125,6.65,0.4,0.075,3.99,0.6666666666666666,0.0625,3.325,0.208636598196392,0.7373776074925501,0.2352941176470588,1.0,0.1333333333333333,0.4666666666666667,0.0875,0.009895611918932234,0.11260110685398039,2.7755575615628914e-17,0.0,2.7755575615628914e-17,-0.06666666666666665,-0.012499999999999997
pooled,42,2,extratrees,with_side,0.32944444444444454,inner_f1,0.21853221011532423,0.8499787143465305,0.01605256540606313,0.07489045641224483,0.23529411764705882,1.0,0.13333333333333333,0.362154357828913,783,0,13,2,0.8666666666666667,0.0,798,15,369,0.13333333333333333,0.25,13.3,0.26666666666666666,0.16666666666666666,8.866666666666667,0.3333333333333333,0.125,6.65,0.4,0.075,3.99,0.6666666666666666,0.0625,3.325,0.208636598196392,0.7373776074925501,0.2352941176470588,1.0,0.1333333333333333,0.4666666666666667,0.0875,0.009895611918932234,0.11260110685398039,2.7755575615628914e-17,0.0,2.7755575615628914e-17,-0.06666666666666665,-0.012499999999999997
pooled,42,2,extratrees_balanced,with_side,0.4910874167630995,fixed_0.5,0.17968407974638417,0.8720306513409961,0.0430855078132837,0.1408106150276325,0.18518518518518517,0.1282051282051282,0.3333333333333333,0.18261540644678642,749,34,10,5,0.6666666666666666,0.04342273307790549,798,15,325,0.06666666666666667,0.125,6.65,0.26666666666666666,0.16666666666666666,8.866666666666667,0.3333333333333333,0.125,6.65,0.6,0.1125,5.985,0.6666666666666666,0.0625,3.325,0.2033134007300812,0.7382290336313324,0.1632653061224489,0.1176470588235294,0.2666666666666666,0.4,0.075,-0.023629320983697022,0.1338016177096637,0.021919879062736264,0.010558069381598797,0.06666666666666671,0.19999999999999996,0.037500000000000006
pooled,42,2,extratrees_balanced,with_side,0.4910874167630995,inner_f1,0.17968407974638417,0.8720306513409961,0.0430855078132837,0.1408106150276325,0.1724137931034483,0.11627906976744186,0.3333333333333333,0.17130179269755658,745,38,10,5,0.6666666666666666,0.04853128991060025,798,15,325,0.06666666666666667,0.125,6.65,0.26666666666666666,0.16666666666666666,8.866666666666667,0.3333333333333333,0.125,6.65,0.6,0.1125,5.985,0.6666666666666666,0.0625,3.325,0.2033134007300812,0.7382290336313324,0.2105263157894736,0.5,0.1333333333333333,0.4,0.075,-0.023629320983697022,0.1338016177096637,-0.0381125226860253,-0.38372093023255816,0.2,0.19999999999999996,0.037500000000000006
pooled,42,2,catboost,with_side,0.2598958766724922,fixed_0.5,0.24712864073171661,0.8680289484887186,0.015816647855089908,0.0710256901460776,0.23529411764705882,1.0,0.13333333333333333,0.362154357828913,783,0,13,2,0.8666666666666667,0.0,798,15,798,0.2,0.375,19.950000000000003,0.26666666666666666,0.16666666666666666,8.866666666666667,0.26666666666666666,0.1,5.32,0.4666666666666667,0.0875,4.655,0.6,0.05625,2.9925,0.2025465235453193,0.7058748403575991,0.2352941176470588,1.0,0.1333333333333333,0.3333333333333333,0.0625,0.04458211718639732,0.16215410813111952,2.7755575615628914e-17,0.0,2.7755575615628914e-17,0.13333333333333336,0.024999999999999994
pooled,42,2,catboost,with_side,0.2598958766724922,inner_f1,0.24712864073171661,0.8680289484887186,0.015816647855089908,0.0710256901460776,0.2,0.4,0.13333333333333333,0.22288513646896752,780,3,13,2,0.8666666666666667,0.0038314176245210726,798,15,798,0.2,0.375,19.950000000000003,0.26666666666666666,0.16666666666666666,8.866666666666667,0.26666666666666666,0.1,5.32,0.4666666666666667,0.0875,4.655,0.6,0.05625,2.9925,0.2025465235453193,0.7058748403575991,0.2352941176470588,1.0,0.1333333333333333,0.3333333333333333,0.0625,0.04458211718639732,0.16215410813111952,-0.03529411764705878,-0.6,2.7755575615628914e-17,0.13333333333333336,0.024999999999999994
pooled,42,2,catboost_balanced,with_side,0.4579686131478445,fixed_0.5,0.3218857494670919,0.8634312473392933,0.04969582242390476,0.1699110578532834,0.16666666666666666,0.10526315789473684,0.4,0.17658381855353686,732,51,9,6,0.6,0.06513409961685823,798,15,798,0.3333333333333333,0.625,33.25,0.4,0.25,13.3,0.4,0.15,7.98,0.4666666666666667,0.0875,4.655,0.6666666666666666,0.0625,3.325,0.2180496709546713,0.7375478927203066,0.1739130434782608,0.1111111111111111,0.4,0.4,0.075,0.10383607851242063,0.1258833546189867,-0.007246376811594152,-0.005847953216374269,0.0,0.06666666666666665,0.012499999999999997
pooled,42,2,catboost_balanced,with_side,0.4579686131478445,inner_f1,0.3218857494670919,0.8634312473392933,0.04969582242390476,0.1699110578532834,0.17721518987341772,0.109375,0.4666666666666667,0.19694325021040676,726,57,8,7,0.5333333333333333,0.07279693486590039,798,15,798,0.3333333333333333,0.625,33.25,0.4,0.25,13.3,0.4,0.15,7.98,0.4666666666666667,0.0875,4.655,0.6666666666666666,0.0625,3.325,0.2180496709546713,0.7375478927203066,0.2352941176470588,1.0,0.1333333333333333,0.4,0.075,0.10383607851242063,0.1258833546189867,-0.05807892777364107,-0.890625,0.33333333333333337,0.06666666666666665,0.012499999999999997
pooled,42,2,lightgbm,with_side,0.047367311781628015,fixed_0.5,0.2723423671279276,0.80970625798212,0.016582027834677007,0.0771696952674443,0.0,0.0,0.0,0.0,783,0,15,0,1.0,0.0,798,15,798,0.2,0.375,19.950000000000003,0.4,0.25,13.3,0.4666666666666667,0.175,9.31,0.4666666666666667,0.0875,4.655,0.6,0.05625,2.9925,0.2685817993510202,0.7208599404001704,0.0,0.0,0.0,0.4666666666666667,0.0875,0.003760567776907364,0.08884631758194961,0.0,0.0,0.0,0.0,0.0
pooled,42,2,lightgbm,with_side,0.047367311781628015,inner_f1,0.2723423671279276,0.80970625798212,0.016582027834677007,0.0771696952674443,0.18666666666666668,0.11666666666666667,0.4666666666666667,0.20548114051847052,730,53,8,7,0.5333333333333333,0.06768837803320563,798,15,798,0.2,0.375,19.950000000000003,0.4,0.25,13.3,0.4666666666666667,0.175,9.31,0.4666666666666667,0.0875,4.655,0.6,0.05625,2.9925,0.2685817993510202,0.7208599404001704,0.1102362204724409,0.0625,0.4666666666666667,0.4666666666666667,0.0875,0.003760567776907364,0.08884631758194961,0.07643044619422577,0.05416666666666667,0.0,0.0,0.0
pooled,42,2,lightgbm_balanced,with_side,0.2709160503581623,fixed_0.5,0.2585364800820069,0.8322690506598553,0.05056421708815239,0.17107558652305213,0.17647058823529413,0.11320754716981132,0.4,0.1854200647772624,736,47,9,6,0.6,0.06002554278416347,798,15,798,0.2,0.375,19.950000000000003,0.3333333333333333,0.20833333333333334,11.083333333333334,0.4,0.15,7.98,0.4666666666666667,0.0875,4.655,0.6666666666666666,0.0625,3.325,0.1999333648222639,0.749467858663261,0.1538461538461538,0.1,0.3333333333333333,0.4666666666666667,0.0875,0.058603115259743016,0.0828011919965943,0.02262443438914033,0.013207547169811318,0.06666666666666671,0.0,0.0
pooled,42,2,lightgbm_balanced,with_side,0.2709160503581623,inner_f1,0.2585364800820069,0.8322690506598553,0.05056421708815239,0.17107558652305213,0.13333333333333333,0.0761904761904762,0.5333333333333333,0.16450041566474335,686,97,7,8,0.4666666666666667,0.12388250319284802,798,15,798,0.2,0.375,19.950000000000003,0.3333333333333333,0.20833333333333334,11.083333333333334,0.4,0.15,7.98,0.4666666666666667,0.0875,4.655,0.6666666666666666,0.0625,3.325,0.1999333648222639,0.749467858663261,0.2608695652173913,0.375,0.2,0.4666666666666667,0.0875,0.058603115259743016,0.0828011919965943,-0.12753623188405797,-0.2988095238095238,0.3333333333333333,0.0,0.0
pooled,1729,0,dummy_prior,with_side,0.5,fixed_0.5,0.012547051442910916,0.5,0.012445919060504126,0.06905267771134249,0.0,0.0,0.0,0.0,787,0,10,0,1.0,0.0,797,10,1,0.0,0.0,0.0,0.0,0.0,0.0,0.0,0.0,0.0,0.0,0.0,0.0,0.1,0.00625,0.49812500000000004,0.0125470514429109,0.5,0.0,0.0,0.0,0.0,0.0,1.5612511283791264e-17,0.0,0.0,0.0,0.0,0.0,0.0
pooled,1729,0,dummy_prior,with_side,0.5,inner_f1,0.012547051442910916,0.5,0.012445919060504126,0.06905267771134249,0.0,0.0,0.0,0.0,787,0,10,0,1.0,0.0,797,10,1,0.0,0.0,0.0,0.0,0.0,0.0,0.0,0.0,0.0,0.0,0.0,0.0,0.1,0.00625,0.49812500000000004,0.0125470514429109,0.5,0.0,0.0,0.0,0.0,0.0,1.5612511283791264e-17,0.0,0.0,0.0,0.0,0.0,0.0
pooled,1729,0,logistic,with_side,0.12921605532208147,fixed_0.5,0.2681669877965075,0.7925031766200763,0.01047715304759484,0.05684503659456385,0.3333333333333333,1.0,0.2,0.4449577748322281,787,0,8,2,0.8,0.0,797,10,797,0.3,0.375,29.8875,0.3,0.125,9.9625,0.3,0.075,5.9775,0.3,0.0375,2.98875,0.6,0.0375,2.98875,0.2435694293355815,0.6476493011435832,0.3333333333333333,1.0,0.2,0.3,0.0375,0.024597558460925983,0.1448538754764931,0.0,0.0,0.0,0.0,0.0
pooled,1729,0,logistic,with_side,0.12921605532208147,inner_f1,0.2681669877965075,0.7925031766200763,0.01047715304759484,0.05684503659456385,0.25,0.21428571428571427,0.3,0.24235011489543068,776,11,7,3,0.7,0.01397712833545108,797,10,797,0.3,0.375,29.8875,0.3,0.125,9.9625,0.3,0.075,5.9775,0.3,0.0375,2.98875,0.6,0.0375,2.98875,0.2435694293355815,0.6476493011435832,0.3333333333333333,1.0,0.2,0.3,0.0375,0.024597558460925983,0.1448538754764931,-0.08333333333333331,-0.7857142857142857,0.09999999999999998,0.0,0.0
pooled,1729,0,logistic_balanced,with_side,0.9777601137874044,fixed_0.5,0.19710550350958952,0.8376111817026684,0.11741065794791283,0.3557878764957715,0.07692307692307693,0.0410958904109589,0.6,0.12146337372245834,647,140,4,6,0.4,0.17789072426937738,797,10,797,0.2,0.25,19.925,0.2,0.08333333333333333,6.641666666666666,0.2,0.05,3.9850000000000003,0.6,0.075,5.9775,0.6,0.0375,2.98875,0.223100792626968,0.6853875476493012,0.0518134715025906,0.0273224043715847,0.5,0.3,0.0375,-0.025995289117378473,0.15222363405336714,0.025109605420486326,0.013773486039374203,0.09999999999999998,0.3,0.0375
pooled,1729,0,logistic_balanced,with_side,0.9777601137874044,inner_f1,0.19710550350958952,0.8376111817026684,0.11741065794791283,0.3557878764957715,0.15384615384615385,0.3333333333333333,0.1,0.17714835311045946,785,2,9,1,0.9,0.0025412960609911056,797,10,797,0.2,0.25,19.925,0.2,0.08333333333333333,6.641666666666666,0.2,0.05,3.9850000000000003,0.6,0.075,5.9775,0.6,0.0375,2.98875,0.223100792626968,0.6853875476493012,0.1428571428571428,0.1111111111111111,0.2,0.3,0.0375,-0.025995289117378473,0.15222363405336714,0.010989010989011061,0.2222222222222222,-0.1,0.3,0.0375
pooled,1729,0,xgboost,with_side,0.08037979900836945,fixed_0.5,0.14698208173724908,0.7844980940279542,0.012111271765748869,0.061184100626416923,0.0,0.0,0.0,0.0,787,0,10,0,1.0,0.0,797,10,797,0.1,0.125,9.9625,0.1,0.041666666666666664,3.320833333333333,0.4,0.1,7.970000000000001,0.5,0.0625,4.98125,0.5,0.03125,2.490625,0.2212743233568887,0.6500635324015247,0.0,0.0,0.0,0.3,0.0375,-0.07429224161963963,0.13443456162642953,0.0,0.0,0.0,0.2,0.025
pooled,1729,0,xgboost,with_side,0.08037979900836945,inner_f1,0.14698208173724908,0.7844980940279542,0.012111271765748869,0.061184100626416923,0.05128205128205128,0.034482758620689655,0.1,0.03829490391562824,759,28,9,1,0.9,0.035578144853875476,797,10,797,0.1,0.125,9.9625,0.1,0.041666666666666664,3.320833333333333,0.4,0.1,7.970000000000001,0.5,0.0625,4.98125,0.5,0.03125,2.490625,0.2212743233568887,0.6500635324015247,0.0888888888888888,0.0571428571428571,0.2,0.3,0.0375,-0.07429224161963963,0.13443456162642953,-0.037606837606837515,-0.022660098522167445,-0.1,0.2,0.025
pooled,1729,0,xgboost_balanced,with_side,0.35436657071113586,fixed_0.5,0.06397430013026935,0.7623888182973316,0.03543755445049483,0.13189515006311373,0.13636363636363635,0.08823529411764706,0.3,0.14354119804676163,756,31,7,3,0.7,0.03939008894536213,797,10,797,0.0,0.0,0.0,0.2,0.08333333333333333,6.641666666666666,0.3,0.075,5.9775,0.5,0.0625,4.98125,0.5,0.03125,2.490625,0.0864255509886702,0.6348157560355783,0.0909090909090909,0.0588235294117647,0.2,0.3,0.0375,-0.022451250858400856,0.12757306226175336,0.045454545454545456,0.029411764705882366,0.09999999999999998,0.2,0.025
pooled,1729,0,xgboost_balanced,with_side,0.35436657071113586,inner_f1,0.06397430013026935,0.7623888182973316,0.03543755445049483,0.13189515006311373,0.12307692307692308,0.07272727272727272,0.4,0.1471987519051718,736,51,6,4,0.6,0.06480304955527319,797,10,797,0.0,0.0,0.0,0.2,0.08333333333333333,6.641666666666666,0.3,0.075,5.9775,0.5,0.0625,4.98125,0.5,0.03125,2.490625,0.0864255509886702,0.6348157560355783,0.2,0.2,0.2,0.3,0.0375,-0.022451250858400856,0.12757306226175336,-0.07692307692307693,-0.1272727272727273,0.2,0.2,0.025
pooled,1729,0,extratrees,with_side,0.19122652934435191,fixed_0.5,0.2498123139931395,0.8585768742058449,0.011354312178074696,0.05305942154407391,0.2857142857142857,0.5,0.2,0.31102626059499155,785,2,8,2,0.8,0.0025412960609911056,797,10,369,0.2,0.25,19.925,0.3,0.125,9.9625,0.3,0.075,5.9775,0.5,0.0625,4.98125,0.5,0.03125,2.490625,0.224457623538662,0.7224904701397713,0.2857142857142857,0.5,0.2,0.4,0.05,0.025354690454477496,0.13608640406607364,0.0,0.0,0.0,0.09999999999999998,0.012499999999999997
pooled,1729,0,extratrees,with_side,0.19122652934435191,inner_f1,0.2498123139931395,0.8585768742058449,0.011354312178074696,0.05305942154407391,0.2222222222222222,0.25,0.2,0.21481025659608272,781,6,8,2,0.8,0.007623888182973317,797,10,369,0.2,0.25,19.925,0.3,0.125,9.9625,0.3,0.075,5.9775,0.5,0.0625,4.98125,0.5,0.03125,2.490625,0.224457623538662,0.7224904701397713,0.2857142857142857,0.5,0.2,0.4,0.05,0.025354690454477496,0.13608640406607364,-0.06349206349206349,-0.25,0.0,0.09999999999999998,0.012499999999999997
pooled,1729,0,extratrees_balanced,with_side,0.24585189676239197,fixed_0.5,0.2319447874359987,0.8811944091486658,0.03990839256937251,0.13364706962562148,0.13953488372093023,0.09090909090909091,0.3,0.1463143682176038,757,30,7,3,0.7,0.03811944091486658,797,10,340,0.2,0.25,19.925,0.3,0.125,9.9625,0.3,0.075,5.9775,0.6,0.075,5.9775,0.6,0.0375,2.98875,0.2783810616577193,0.7715374841168996,0.2,0.1333333333333333,0.4,0.4,0.05,-0.046436274221720614,0.10965692503176616,-0.06046511627906978,-0.04242424242424239,-0.10000000000000003,0.19999999999999996,0.024999999999999994
pooled,1729,0,extratrees_balanced,with_side,0.24585189676239197,inner_f1,0.2319447874359987,0.8811944091486658,0.03990839256937251,0.13364706962562148,0.0851063829787234,0.04580152671755725,0.6,0.13250113178798154,662,125,4,6,0.4,0.1588310038119441,797,10,340,0.2,0.25,19.925,0.3,0.125,9.9625,0.3,0.075,5.9775,0.6,0.075,5.9775,0.6,0.0375,2.98875,0.2783810616577193,0.7715374841168996,0.0898876404494382,0.050632911392405,0.4,0.4,0.05,-0.046436274221720614,0.10965692503176616,-0.0047812574707147976,-0.004831384674847748,0.19999999999999996,0.19999999999999996,0.024999999999999994
pooled,1729,0,catboost,with_side,0.14632300367088108,fixed_0.5,0.2458394137768636,0.8298602287166454,0.010087305786127801,0.05169806694538728,0.3333333333333333,1.0,0.2,0.4449577748322281,787,0,8,2,0.8,0.0,797,10,797,0.2,0.25,19.925,0.3,0.125,9.9625,0.4,0.1,7.970000000000001,0.4,0.05,3.9850000000000003,0.6,0.0375,2.98875,0.2272760063482991,0.6716645489199492,0.3333333333333333,1.0,0.2,0.4,0.05,0.01856340742856452,0.15819567979669624,0.0,0.0,0.0,0.0,0.0
pooled,1729,0,catboost,with_side,0.14632300367088108,inner_f1,0.2458394137768636,0.8298602287166454,0.010087305786127801,0.05169806694538728,0.2857142857142857,0.5,0.2,0.31102626059499155,785,2,8,2,0.8,0.0025412960609911056,797,10,797,0.2,0.25,19.925,0.3,0.125,9.9625,0.4,0.1,7.970000000000001,0.4,0.05,3.9850000000000003,0.6,0.0375,2.98875,0.2272760063482991,0.6716645489199492,0.3333333333333333,1.0,0.2,0.4,0.05,0.01856340742856452,0.15819567979669624,-0.047619047619047616,-0.5,0.0,0.0,0.0
pooled,1729,0,catboost_balanced,with_side,0.4461629341150588,fixed_0.5,0.2467475207384354,0.8137229987293519,0.050081923172345326,0.17232175339556813,0.12903225806451613,0.07692307692307693,0.4,0.15279834520008992,739,48,6,4,0.6,0.060991105463786534,797,10,797,0.2,0.25,19.925,0.2,0.08333333333333333,6.641666666666666,0.4,0.1,7.970000000000001,0.4,0.05,3.9850000000000003,0.6,0.0375,2.98875,0.2236881186026792,0.6829733163913596,0.08,0.0461538461538461,0.3,0.3,0.0375,0.02305940213575619,0.13074968233799233,0.049032258064516124,0.030769230769230826,0.10000000000000003,0.10000000000000003,0.012500000000000004
pooled,1729,0,catboost_balanced,with_side,0.4461629341150588,inner_f1,0.2467475207384354,0.8137229987293519,0.050081923172345326,0.17232175339556813,0.1111111111111111,0.06451612903225806,0.4,0.13560263818481977,729,58,6,4,0.6,0.07369758576874205,797,10,797,0.2,0.25,19.925,0.2,0.08333333333333333,6.641666666666666,0.4,0.1,7.970000000000001,0.4,0.05,3.9850000000000003,0.6,0.0375,2.98875,0.2236881186026792,0.6829733163913596,0.072992700729927,0.0393700787401574,0.5,0.3,0.0375,0.02305940213575619,0.13074968233799233,0.038118410381184104,0.02514605029210066,-0.09999999999999998,0.10000000000000003,0.012500000000000004
pooled,1729,0,lightgbm,with_side,0.075349006509232,fixed_0.5,0.10385715759830101,0.7714104193138501,0.012133869803200427,0.06112635052766131,0.0,0.0,0.0,0.0,787,0,10,0,1.0,0.0,797,10,797,0.1,0.125,9.9625,0.2,0.08333333333333333,6.641666666666666,0.3,0.075,5.9775,0.4,0.05,3.9850000000000003,0.5,0.03125,2.490625,0.2226905437825738,0.6602287166454892,0.0,0.0,0.0,0.4,0.05,-0.11883338618427279,0.11118170266836092,0.0,0.0,0.0,0.0,0.0
pooled,1729,0,lightgbm,with_side,0.075349006509232,inner_f1,0.10385715759830101,0.7714104193138501,0.012133869803200427,0.06112635052766131,0.0975609756097561,0.06451612903225806,0.2,0.09392526430094662,758,29,8,2,0.8,0.036848792884371026,797,10,797,0.1,0.125,9.9625,0.2,0.08333333333333333,6.641666666666666,0.3,0.075,5.9775,0.4,0.05,3.9850000000000003,0.5,0.03125,2.490625,0.2226905437825738,0.6602287166454892,0.0,0.0,0.0,0.4,0.05,-0.11883338618427279,0.11118170266836092,0.0975609756097561,0.06451612903225806,0.2,0.0,0.0
pooled,1729,0,lightgbm_balanced,with_side,0.37070431358001094,fixed_0.5,0.06421307662113127,0.7756035578144855,0.04214507946839208,0.15089040752053773,0.14545454545454545,0.08888888888888889,0.4,0.16777641119844158,746,41,6,4,0.6,0.052096569250317665,797,10,797,0.1,0.125,9.9625,0.2,0.08333333333333333,6.641666666666666,0.3,0.075,5.9775,0.4,0.05,3.9850000000000003,0.5,0.03125,2.490625,0.0722442696912714,0.647141041931385,0.0833333333333333,0.0526315789473684,0.2,0.3,0.0375,-0.008031193070140136,0.12846251588310054,0.062121212121212147,0.036257309941520495,0.2,0.10000000000000003,0.012500000000000004
pooled,1729,0,lightgbm_balanced,with_side,0.37070431358001094,inner_f1,0.06421307662113127,0.7756035578144855,0.04214507946839208,0.15089040752053773,0.10810810810810811,0.0625,0.4,0.13260810934706316,727,60,6,4,0.6,0.07623888182973317,797,10,797,0.1,0.125,9.9625,0.2,0.08333333333333333,6.641666666666666,0.3,0.075,5.9775,0.4,0.05,3.9850000000000003,0.5,0.03125,2.490625,0.0722442696912714,0.647141041931385,0.0705882352941176,0.04,0.3,0.3,0.0375,-0.008031193070140136,0.12846251588310054,0.03751987281399051,0.0225,0.10000000000000003,0.10000000000000003,0.012500000000000004
pooled,1729,1,dummy_prior,with_side,0.5,fixed_0.5,0.020050125313283207,0.5,0.019662174175427365,0.09864272543752237,0.0,0.0,0.0,0.0,782,0,16,0,1.0,0.0,798,16,1,0.0,0.0,0.0,0.0,0.0,0.0,0.0625,0.025,1.2468750000000002,0.125,0.025,1.2468750000000002,0.3125,0.03125,1.55859375,0.0200501253132832,0.5,0.0,0.0,0.0,0.125,0.025,6.938893903907228e-18,0.0,0.0,0.0,0.0,0.0,0.0
pooled,1729,1,dummy_prior,with_side,0.5,inner_f1,0.020050125313283207,0.5,0.019662174175427365,0.09864272543752237,0.0,0.0,0.0,0.0,782,0,16,0,1.0,0.0,798,16,1,0.0,0.0,0.0,0.0,0.0,0.0,0.0625,0.025,1.2468750000000002,0.125,0.025,1.2468750000000002,0.3125,0.03125,1.55859375,0.0200501253132832,0.5,0.0,0.0,0.0,0.125,0.025,6.938893903907228e-18,0.0,0.0,0.0,0.0,0.0,0.0
pooled,1729,1,logistic,with_side,0.5934794899916624,fixed_0.5,0.24419524160108577,0.8449488491048593,0.017121255636497586,0.07878497901431818,0.21052631578947367,0.6666666666666666,0.125,0.2833762160356769,781,1,14,2,0.875,0.0012787723785166241,798,16,798,0.1875,0.375,18.703125,0.3125,0.20833333333333334,10.390625000000002,0.3125,0.125,6.234375,0.4375,0.0875,4.3640625,0.6875,0.06875,3.4289062500000003,0.2009350197978181,0.7407289002557544,0.2222222222222222,1.0,0.125,0.375,0.075,0.04326022180326766,0.1042199488491049,-0.011695906432748537,-0.33333333333333337,0.0,0.0625,0.012499999999999997
pooled,1729,1,logistic,with_side,0.5934794899916624,inner_f1,0.24419524160108577,0.8449488491048593,0.017121255636497586,0.07878497901431818,0.2222222222222222,1.0,0.125,0.35043046034511394,782,0,14,2,0.875,0.0,798,16,798,0.1875,0.375,18.703125,0.3125,0.20833333333333334,10.390625000000002,0.3125,0.125,6.234375,0.4375,0.0875,4.3640625,0.6875,0.06875,3.4289062500000003,0.2009350197978181,0.7407289002557544,0.2222222222222222,1.0,0.125,0.375,0.075,0.04326022180326766,0.1042199488491049,0.0,0.0,0.0,0.0625,0.012499999999999997
pooled,1729,1,logistic_balanced,with_side,0.9918232063784774,fixed_0.5,0.18118829311296467,0.8385549872122762,0.12079552972002634,0.3672464866833574,0.11538461538461539,0.06428571428571428,0.5625,0.14556682465715995,651,131,7,9,0.4375,0.16751918158567775,798,16,798,0.1875,0.375,18.703125,0.1875,0.125,6.234375,0.3125,0.125,6.234375,0.375,0.075,3.740625,0.6875,0.06875,3.4289062500000003,0.1978682850198349,0.7236253196930946,0.0648148148148148,0.035,0.4375,0.375,0.075,-0.016679991906870223,0.11492966751918154,0.050569800569800594,0.029285714285714276,0.125,0.0,0.0
pooled,1729,1,logistic_balanced,with_side,0.9918232063784774,inner_f1,0.18118829311296467,0.8385549872122762,0.12079552972002634,0.3672464866833574,0.1111111111111111,0.5,0.0625,0.17163026382631538,781,1,15,1,0.9375,0.0012787723785166241,798,16,798,0.1875,0.375,18.703125,0.1875,0.125,6.234375,0.3125,0.125,6.234375,0.375,0.075,3.740625,0.6875,0.06875,3.4289062500000003,0.1978682850198349,0.7236253196930946,0.2,0.5,0.125,0.375,0.075,-0.016679991906870223,0.11492966751918154,-0.0888888888888889,0.0,-0.0625,0.0,0.0
pooled,1729,1,xgboost,with_side,0.043880581855773926,fixed_0.5,0.13503033385363153,0.8276054987212276,0.018831387110579956,0.08399911724879051,0.0,0.0,0.0,0.0,782,0,16,0,1.0,0.0,798,16,798,0.125,0.25,12.46875,0.25,0.16666666666666666,8.3125,0.25,0.1,4.987500000000001,0.4375,0.0875,4.3640625,0.5,0.05,2.4937500000000004,0.1039555008860968,0.7322570332480819,0.0,0.0,0.0,0.375,0.075,0.03107483296753473,0.09534846547314568,0.0,0.0,0.0,0.0625,0.012499999999999997
pooled,1729,1,xgboost,with_side,0.043880581855773926,inner_f1,0.13503033385363153,0.8276054987212276,0.018831387110579956,0.08399911724879051,0.15151515151515152,0.1,0.3125,0.14746586889290894,737,45,11,5,0.6875,0.05754475703324808,798,16,798,0.125,0.25,12.46875,0.25,0.16666666666666666,8.3125,0.25,0.1,4.987500000000001,0.4375,0.0875,4.3640625,0.5,0.05,2.4937500000000004,0.1039555008860968,0.7322570332480819,0.2142857142857142,0.25,0.1875,0.375,0.075,0.03107483296753473,0.09534846547314568,-0.06277056277056267,-0.15,0.125,0.0625,0.012499999999999997
pooled,1729,1,xgboost_balanced,with_side,0.7964914441108704,fixed_0.5,0.13398896470884827,0.8667679028132992,0.042593168890880766,0.1460778061931552,0.18181818181818182,0.1282051282051282,0.3125,0.17490311824174232,748,34,11,5,0.6875,0.043478260869565216,798,16,798,0.125,0.25,12.46875,0.25,0.16666666666666666,8.3125,0.3125,0.125,6.234375,0.5,0.1,4.987500000000001,0.75,0.075,3.740625,0.1038361034386757,0.7773337595907929,0.16,0.1176470588235294,0.25,0.375,0.075,0.030152861270172568,0.08943414322250631,0.02181818181818182,0.010558069381598797,0.0625,0.125,0.02500000000000001
pooled,1729,1,xgboost_balanced,with_side,0.7964914441108704,inner_f1,0.13398896470884827,0.8667679028132992,0.042593168890880766,0.1460778061931552,0.10526315789473684,0.3333333333333333,0.0625,0.137294678311859,780,2,15,1,0.9375,0.0025575447570332483,798,16,798,0.125,0.25,12.46875,0.25,0.16666666666666666,8.3125,0.3125,0.125,6.234375,0.5,0.1,4.987500000000001,0.75,0.075,3.740625,0.1038361034386757,0.7773337595907929,0.0,0.0,0.0,0.375,0.075,0.030152861270172568,0.08943414322250631,0.10526315789473684,0.3333333333333333,0.0625,0.125,0.02500000000000001
pooled,1729,1,extratrees,with_side,0.4060000000000002,fixed_0.5,0.20653727800090663,0.8415521099744244,0.01748611765194054,0.11323311669120838,0.2222222222222222,1.0,0.125,0.35043046034511394,782,0,14,2,0.875,0.0,798,16,311,0.125,0.25,12.46875,0.1875,0.125,6.234375,0.3125,0.125,6.234375,0.375,0.075,3.740625,0.75,0.075,3.740625,0.1769162639212621,0.7810102301790282,0.2222222222222222,1.0,0.125,0.3125,0.0625,0.029621014079644514,0.06054187979539627,0.0,0.0,0.0,0.0625,0.012499999999999997
pooled,1729,1,extratrees,with_side,0.4060000000000002,inner_f1,0.20653727800090663,0.8415521099744244,0.01748611765194054,0.11323311669120838,0.2222222222222222,1.0,0.125,0.35043046034511394,782,0,14,2,0.875,0.0,798,16,311,0.125,0.25,12.46875,0.1875,0.125,6.234375,0.3125,0.125,6.234375,0.375,0.075,3.740625,0.75,0.075,3.740625,0.1769162639212621,0.7810102301790282,0.2222222222222222,1.0,0.125,0.3125,0.0625,0.029621014079644514,0.06054187979539627,0.0,0.0,0.0,0.0625,0.012499999999999997
pooled,1729,1,extratrees_balanced,with_side,0.7962690408856263,fixed_0.5,0.15449357228389993,0.8487052429667519,0.055823748115519184,0.2090743872190862,0.17721518987341772,0.1111111111111111,0.4375,0.19019472871592377,726,56,9,7,0.5625,0.07161125319693094,798,16,310,0.0625,0.125,6.234375,0.25,0.16666666666666666,8.3125,0.3125,0.125,6.234375,0.4375,0.0875,4.3640625,0.625,0.0625,3.1171875,0.1863493152827077,0.7782928388746803,0.1818181818181818,0.1428571428571428,0.25,0.375,0.075,-0.03185574299880778,0.07041240409207161,-0.004602991944764073,-0.03174603174603169,0.1875,0.0625,0.012499999999999997
pooled,1729,1,extratrees_balanced,with_side,0.7962690408856263,inner_f1,0.15449357228389993,0.8487052429667519,0.055823748115519184,0.2090743872190862,0.1,0.25,0.0625,0.11643738550226371,779,3,15,1,0.9375,0.0038363171355498722,798,16,310,0.0625,0.125,6.234375,0.25,0.16666666666666666,8.3125,0.3125,0.125,6.234375,0.4375,0.0875,4.3640625,0.625,0.0625,3.1171875,0.1863493152827077,0.7782928388746803,0.1538461538461538,0.2,0.125,0.375,0.075,-0.03185574299880778,0.07041240409207161,-0.053846153846153794,0.04999999999999999,-0.0625,0.0625,0.012499999999999997
pooled,1729,1,catboost,with_side,0.19108327522356106,fixed_0.5,0.2320488603700494,0.851502557544757,0.017295650454125032,0.07814574589195461,0.11764705882352941,1.0,0.0625,0.2476362532571253,782,0,15,1,0.9375,0.0,798,16,798,0.125,0.25,12.46875,0.3125,0.20833333333333334,10.390625000000002,0.3125,0.125,6.234375,0.4375,0.0875,4.3640625,0.625,0.0625,3.1171875,0.197996790514199,0.7915601023017903,0.2222222222222222,1.0,0.125,0.4375,0.0875,0.03405206985585041,0.05994245524296671,-0.1045751633986928,0.0,-0.0625,0.0,0.0
pooled,1729,1,catboost,with_side,0.19108327522356106,inner_f1,0.2320488603700494,0.851502557544757,0.017295650454125032,0.07814574589195461,0.2222222222222222,1.0,0.125,0.35043046034511394,782,0,14,2,0.875,0.0,798,16,798,0.125,0.25,12.46875,0.3125,0.20833333333333334,10.390625000000002,0.3125,0.125,6.234375,0.4375,0.0875,4.3640625,0.625,0.0625,3.1171875,0.197996790514199,0.7915601023017903,0.2222222222222222,1.0,0.125,0.4375,0.0875,0.03405206985585041,0.05994245524296671,0.0,0.0,0.0,0.0,0.0
pooled,1729,1,catboost_balanced,with_side,0.7174234957521836,fixed_0.5,0.146326847803559,0.8565377237851663,0.05925372427560449,0.19479076746201246,0.15384615384615385,0.09333333333333334,0.4375,0.16838580564217515,714,68,9,7,0.5625,0.08695652173913043,798,16,798,0.0625,0.125,6.234375,0.25,0.16666666666666666,8.3125,0.4375,0.175,8.728125,0.4375,0.0875,4.3640625,0.625,0.0625,3.1171875,0.1914645263670356,0.7659846547314578,0.1395348837209302,0.0857142857142857,0.375,0.375,0.075,-0.045137678563476585,0.09055306905370852,0.014311270125223652,0.007619047619047636,0.0625,0.0625,0.012499999999999997
pooled,1729,1,catboost_balanced,with_side,0.7174234957521836,inner_f1,0.146326847803559,0.8565377237851663,0.05925372427560449,0.19479076746201246,0.08333333333333333,0.125,0.0625,0.07534473256596137,775,7,15,1,0.9375,0.008951406649616368,798,16,798,0.0625,0.125,6.234375,0.25,0.16666666666666666,8.3125,0.4375,0.175,8.728125,0.4375,0.0875,4.3640625,0.625,0.0625,3.1171875,0.1914645263670356,0.7659846547314578,0.2222222222222222,1.0,0.125,0.375,0.075,-0.045137678563476585,0.09055306905370852,-0.1388888888888889,-0.875,-0.0625,0.0625,0.012499999999999997
pooled,1729,1,lightgbm,with_side,0.07678737411044308,fixed_0.5,0.1470659607419834,0.8571771099744245,0.018671350242107695,0.08144863004076433,0.0,0.0,0.0,0.0,782,0,16,0,1.0,0.0,798,16,798,0.125,0.25,12.46875,0.25,0.16666666666666666,8.3125,0.3125,0.125,6.234375,0.4375,0.0875,4.3640625,0.75,0.075,3.740625,0.1444411471158378,0.781809462915601,0.0,0.0,0.0,0.4375,0.0875,0.0026248136261455834,0.07536764705882348,0.0,0.0,0.0,0.0,0.0
pooled,1729,1,lightgbm,with_side,0.07678737411044308,inner_f1,0.1470659607419834,0.8571771099744245,0.018671350242107695,0.08144863004076433,0.23529411764705882,0.2222222222222222,0.25,0.21910368926818174,768,14,12,4,0.75,0.017902813299232736,798,16,798,0.125,0.25,12.46875,0.25,0.16666666666666666,8.3125,0.3125,0.125,6.234375,0.4375,0.0875,4.3640625,0.75,0.075,3.740625,0.1444411471158378,0.781809462915601,0.0,0.0,0.0,0.4375,0.0875,0.0026248136261455834,0.07536764705882348,0.23529411764705882,0.2222222222222222,0.25,0.0,0.0
pooled,1729,1,lightgbm_balanced,with_side,0.30454959086777006,fixed_0.5,0.1945710054910238,0.8718829923273657,0.04653225863341959,0.15874617962584403,0.1875,0.125,0.375,0.1894137205821084,740,42,10,6,0.625,0.05370843989769821,798,16,798,0.1875,0.375,18.703125,0.25,0.16666666666666666,8.3125,0.375,0.15,7.48125,0.5625,0.1125,5.6109375,0.6875,0.06875,3.4289062500000003,0.1932533194432291,0.7725383631713556,0.1428571428571428,0.1,0.25,0.375,0.075,0.0013176860477946972,0.09934462915601006,0.044642857142857206,0.024999999999999994,0.125,0.1875,0.037500000000000006
pooled,1729,1,lightgbm_balanced,with_side,0.30454959086777006,inner_f1,0.1945710054910238,0.8718829923273657,0.04653225863341959,0.15874617962584403,0.140625,0.08035714285714286,0.5625,0.1738418472395597,679,103,7,9,0.4375,0.13171355498721227,798,16,798,0.1875,0.375,18.703125,0.25,0.16666666666666666,8.3125,0.375,0.15,7.48125,0.5625,0.1125,5.6109375,0.6875,0.06875,3.4289062500000003,0.1932533194432291,0.7725383631713556,0.2,0.5,0.125,0.375,0.075,0.0013176860477946972,0.09934462915601006,-0.05937500000000001,-0.41964285714285715,0.4375,0.1875,0.037500000000000006
pooled,1729,2,dummy_prior,with_side,0.5,fixed_0.5,0.020050125313283207,0.5,0.019662174175427365,0.09864272543752237,0.0,0.0,0.0,0.0,782,0,16,0,1.0,0.0,798,16,1,0.0,0.0,0.0,0.0,0.0,0.0,0.0,0.0,0.0,0.0,0.0,0.0,0.0,0.0,0.0,0.0200501253132832,0.5,0.0,0.0,0.0,0.0,0.0,6.938893903907228e-18,0.0,0.0,0.0,0.0,0.0,0.0
pooled,1729,2,dummy_prior,with_side,0.5,inner_f1,0.020050125313283207,0.5,0.019662174175427365,0.09864272543752237,0.0,0.0,0.0,0.0,782,0,16,0,1.0,0.0,798,16,1,0.0,0.0,0.0,0.0,0.0,0.0,0.0,0.0,0.0,0.0,0.0,0.0,0.0,0.0,0.0,0.0200501253132832,0.5,0.0,0.0,0.0,0.0,0.0,6.938893903907228e-18,0.0,0.0,0.0,0.0,0.0,0.0
pooled,1729,2,logistic,with_side,0.3774296120774512,fixed_0.5,0.24561032161553042,0.8817135549872123,0.016989755555251587,0.07290102765587934,0.2222222222222222,1.0,0.125,0.35043046034511394,782,0,14,2,0.875,0.0,798,16,798,0.1875,0.375,18.703125,0.1875,0.125,6.234375,0.3125,0.125,6.234375,0.625,0.125,6.234375,0.875,0.0875,4.3640625,0.1901011675731132,0.7850063938618926,0.2222222222222222,1.0,0.125,0.3125,0.0625,0.055509154042417214,0.09670716112531963,0.0,0.0,0.0,0.3125,0.0625
pooled,1729,2,logistic,with_side,0.3774296120774512,inner_f1,0.24561032161553042,0.8817135549872123,0.016989755555251587,0.07290102765587934,0.21052631578947367,0.6666666666666666,0.125,0.2833762160356769,781,1,14,2,0.875,0.0012787723785166241,798,16,798,0.1875,0.375,18.703125,0.1875,0.125,6.234375,0.3125,0.125,6.234375,0.625,0.125,6.234375,0.875,0.0875,4.3640625,0.1901011675731132,0.7850063938618926,0.2222222222222222,1.0,0.125,0.3125,0.0625,0.055509154042417214,0.09670716112531963,-0.011695906432748537,-0.33333333333333337,0.0,0.3125,0.0625
pooled,1729,2,logistic_balanced,with_side,0.9849917389089172,fixed_0.5,0.23805466288954755,0.8932225063938619,0.1445351302152774,0.43011468623588467,0.14354066985645933,0.07772020725388601,0.9375,0.23237588626417735,604,178,1,15,0.0625,0.22762148337595908,798,16,798,0.125,0.25,12.46875,0.25,0.16666666666666666,8.3125,0.375,0.15,7.48125,0.625,0.125,6.234375,0.75,0.075,3.740625,0.1898810796157513,0.7963554987212277,0.0967741935483871,0.0517241379310344,0.75,0.4375,0.0875,0.048173583273796255,0.09686700767263423,0.046766476308072236,0.02599606932285161,0.1875,0.1875,0.037500000000000006
pooled,1729,2,logistic_balanced,with_side,0.9849917389089172,inner_f1,0.23805466288954755,0.8932225063938619,0.1445351302152774,0.43011468623588467,0.1111111111111111,0.5,0.0625,0.17163026382631538,781,1,15,1,0.9375,0.0012787723785166241,798,16,798,0.125,0.25,12.46875,0.25,0.16666666666666666,8.3125,0.375,0.15,7.48125,0.625,0.125,6.234375,0.75,0.075,3.740625,0.1898810796157513,0.7963554987212277,0.0,0.0,0.0,0.4375,0.0875,0.048173583273796255,0.09686700767263423,0.1111111111111111,0.5,0.0625,0.1875,0.037500000000000006
pooled,1729,2,xgboost,with_side,0.07366658747196198,fixed_0.5,0.16165715452200363,0.8614130434782609,0.0185518592316885,0.08040265496726594,0.0,0.0,0.0,0.0,782,0,16,0,1.0,0.0,798,16,796,0.1875,0.375,18.703125,0.3125,0.20833333333333334,10.390625000000002,0.375,0.15,7.48125,0.5625,0.1125,5.6109375,0.625,0.0625,3.1171875,0.0963701278507505,0.742007672634271,0.0,0.0,0.0,0.375,0.075,0.06528702667125313,0.11940537084398983,0.0,0.0,0.0,0.1875,0.037500000000000006
pooled,1729,2,xgboost,with_side,0.07366658747196198,inner_f1,0.16165715452200363,0.8614130434782609,0.0185518592316885,0.08040265496726594,0.23255813953488372,0.18518518518518517,0.3125,0.22046187909801854,760,22,11,5,0.6875,0.028132992327365727,798,16,796,0.1875,0.375,18.703125,0.3125,0.20833333333333334,10.390625000000002,0.375,0.15,7.48125,0.5625,0.1125,5.6109375,0.625,0.0625,3.1171875,0.0963701278507505,0.742007672634271,0.25,0.2083333333333333,0.3125,0.375,0.075,0.06528702667125313,0.11940537084398983,-0.017441860465116282,-0.023148148148148112,0.0,0.1875,0.037500000000000006
pooled,1729,2,xgboost_balanced,with_side,0.8631410598754883,fixed_0.5,0.0966200284699241,0.8463874680306905,0.04456765540538128,0.15480584662921862,0.17857142857142858,0.125,0.3125,0.17199540348476006,747,35,11,5,0.6875,0.04475703324808184,798,16,798,0.0625,0.125,6.234375,0.1875,0.125,6.234375,0.3125,0.125,6.234375,0.375,0.075,3.740625,0.75,0.075,3.740625,0.0618667450941363,0.742806905370844,0.1428571428571428,0.1,0.25,0.3125,0.0625,0.0347532833757878,0.1035805626598465,0.03571428571428578,0.024999999999999994,0.0625,0.0625,0.012499999999999997
pooled,1729,2,xgboost_balanced,with_side,0.8631410598754883,inner_f1,0.0966200284699241,0.8463874680306905,0.04456765540538128,0.15480584662921862,0.0,0.0,0.0,-0.008786859411958975,779,3,16,0,1.0,0.0038363171355498722,798,16,798,0.0625,0.125,6.234375,0.1875,0.125,6.234375,0.3125,0.125,6.234375,0.375,0.075,3.740625,0.75,0.075,3.740625,0.0618667450941363,0.742806905370844,0.0909090909090909,0.1666666666666666,0.0625,0.3125,0.0625,0.0347532833757878,0.1035805626598465,-0.0909090909090909,-0.1666666666666666,-0.0625,0.0625,0.012499999999999997
pooled,1729,2,extratrees,with_side,0.3105555555555558,fixed_0.5,0.25479279826501006,0.9056106138107417,0.016632538170907724,0.06764365514225186,0.2222222222222222,1.0,0.125,0.35043046034511394,782,0,14,2,0.875,0.0,798,16,375,0.125,0.25,12.46875,0.25,0.16666666666666666,8.3125,0.4375,0.175,8.728125,0.5625,0.1125,5.6109375,0.8125,0.08125,4.05234375,0.1820619612642866,0.8156969309462916,0.2222222222222222,1.0,0.125,0.4375,0.0875,0.07273083700072347,0.08991368286445012,0.0,0.0,0.0,0.125,0.02500000000000001
pooled,1729,2,extratrees,with_side,0.3105555555555558,inner_f1,0.25479279826501006,0.9056106138107417,0.016632538170907724,0.06764365514225186,0.2222222222222222,1.0,0.125,0.35043046034511394,782,0,14,2,0.875,0.0,798,16,375,0.125,0.25,12.46875,0.25,0.16666666666666666,8.3125,0.4375,0.175,8.728125,0.5625,0.1125,5.6109375,0.8125,0.08125,4.05234375,0.1820619612642866,0.8156969309462916,0.2222222222222222,1.0,0.125,0.4375,0.0875,0.07273083700072347,0.08991368286445012,0.0,0.0,0.0,0.125,0.02500000000000001
pooled,1729,2,extratrees_balanced,with_side,0.6955322596981681,fixed_0.5,0.18141057171839173,0.8825927109974424,0.046104378829310906,0.14789166246928034,0.07692307692307693,0.05555555555555555,0.125,0.05505643261751048,748,34,14,2,0.875,0.043478260869565216,798,16,338,0.125,0.25,12.46875,0.125,0.08333333333333333,4.15625,0.125,0.05,2.4937500000000004,0.5,0.1,4.987500000000001,0.75,0.075,3.740625,0.1716907633694245,0.7701406649616369,0.0909090909090909,0.0714285714285714,0.125,0.3125,0.0625,0.00971980834896724,0.1124520460358055,-0.01398601398601397,-0.015873015873015844,0.0,0.1875,0.037500000000000006
pooled,1729,2,extratrees_balanced,with_side,0.6955322596981681,inner_f1,0.18141057171839173,0.8825927109974424,0.046104378829310906,0.14789166246928034,0.14814814814814814,0.18181818181818182,0.125,0.13643986083489557,773,9,14,2,0.875,0.011508951406649617,798,16,338,0.125,0.25,12.46875,0.125,0.08333333333333333,4.15625,0.125,0.05,2.4937500000000004,0.5,0.1,4.987500000000001,0.75,0.075,3.740625,0.1716907633694245,0.7701406649616369,0.2,0.5,0.125,0.3125,0.0625,0.00971980834896724,0.1124520460358055,-0.05185185185185187,-0.3181818181818182,0.0,0.1875,0.037500000000000006
pooled,1729,2,catboost,with_side,0.22254822177867828,fixed_0.5,0.244687213032792,0.8678868286445013,0.016968331024064632,0.0758841960639946,0.2222222222222222,1.0,0.125,0.35043046034511394,782,0,14,2,0.875,0.0,798,16,798,0.1875,0.375,18.703125,0.3125,0.20833333333333334,10.390625000000002,0.375,0.15,7.48125,0.4375,0.0875,4.3640625,0.625,0.0625,3.1171875,0.1956251466951794,0.7990728900255755,0.2222222222222222,1.0,0.125,0.4375,0.0875,0.04906206633761259,0.06881393861892582,0.0,0.0,0.0,0.0,0.0
pooled,1729,2,catboost,with_side,0.22254822177867828,inner_f1,0.244687213032792,0.8678868286445013,0.016968331024064632,0.0758841960639946,0.2222222222222222,1.0,0.125,0.35043046034511394,782,0,14,2,0.875,0.0,798,16,798,0.1875,0.375,18.703125,0.3125,0.20833333333333334,10.390625000000002,0.375,0.15,7.48125,0.4375,0.0875,4.3640625,0.625,0.0625,3.1171875,0.1956251466951794,0.7990728900255755,0.2222222222222222,1.0,0.125,0.4375,0.0875,0.04906206633761259,0.06881393861892582,0.0,0.0,0.0,0.0,0.0
pooled,1729,2,catboost_balanced,with_side,0.7154720686085168,fixed_0.5,0.19149804299961776,0.8335997442455243,0.05391355125813924,0.1849823749795631,0.14925373134328357,0.09803921568627451,0.3125,0.1453778245050182,736,46,11,5,0.6875,0.058823529411764705,798,16,798,0.125,0.25,12.46875,0.125,0.08333333333333333,4.15625,0.25,0.1,4.987500000000001,0.4375,0.0875,4.3640625,0.5,0.05,2.4937500000000004,0.1691906312114691,0.72346547314578,0.0857142857142857,0.0555555555555555,0.1875,0.3125,0.0625,0.022307411788148657,0.11013427109974427,0.06353944562899787,0.04248366013071901,0.125,0.125,0.024999999999999994
pooled,1729,2,catboost_balanced,with_side,0.7154720686085168,inner_f1,0.19149804299961776,0.8335997442455243,0.05391355125813924,0.1849823749795631,0.13333333333333333,0.14285714285714285,0.125,0.11707622060958862,770,12,14,2,0.875,0.015345268542199489,798,16,798,0.125,0.25,12.46875,0.125,0.08333333333333333,4.15625,0.25,0.1,4.987500000000001,0.4375,0.0875,4.3640625,0.5,0.05,2.4937500000000004,0.1691906312114691,0.72346547314578,0.1666666666666666,0.25,0.125,0.3125,0.0625,0.022307411788148657,0.11013427109974427,-0.03333333333333327,-0.10714285714285715,0.0,0.125,0.024999999999999994
pooled,1729,2,lightgbm,with_side,0.26818741399898993,fixed_0.5,0.1191232110226526,0.8774776214833759,0.018914822414732524,0.08048444908170416,0.0,0.0,0.0,0.0,782,0,16,0,1.0,0.0,798,16,798,0.0625,0.125,6.234375,0.125,0.08333333333333333,4.15625,0.3125,0.125,6.234375,0.5,0.1,4.987500000000001,0.8125,0.08125,4.05234375,0.115810792792895,0.7842071611253196,0.0,0.0,0.0,0.375,0.075,0.0033124182297575994,0.0932704603580563,0.0,0.0,0.0,0.125,0.02500000000000001
pooled,1729,2,lightgbm,with_side,0.26818741399898993,inner_f1,0.1191232110226526,0.8774776214833759,0.018914822414732524,0.08048444908170416,0.0,0.0,0.0,-0.005066726409352947,781,1,16,0,1.0,0.0012787723785166241,798,16,798,0.0625,0.125,6.234375,0.125,0.08333333333333333,4.15625,0.3125,0.125,6.234375,0.5,0.1,4.987500000000001,0.8125,0.08125,4.05234375,0.115810792792895,0.7842071611253196,0.1818181818181818,0.3333333333333333,0.125,0.375,0.075,0.0033124182297575994,0.0932704603580563,-0.1818181818181818,-0.3333333333333333,-0.125,0.125,0.02500000000000001
pooled,1729,2,lightgbm_balanced,with_side,0.8221061417370703,fixed_0.5,0.1147245190823739,0.8599744245524297,0.048253385638593736,0.1656776358022615,0.17857142857142858,0.125,0.3125,0.17199540348476006,747,35,11,5,0.6875,0.04475703324808184,798,16,798,0.125,0.25,12.46875,0.1875,0.125,6.234375,0.3125,0.125,6.234375,0.3125,0.0625,3.1171875,0.6875,0.06875,3.4289062500000003,0.0716043907795046,0.7608695652173914,0.1153846153846153,0.0833333333333333,0.1875,0.3125,0.0625,0.04312012830286929,0.09910485933503832,0.06318681318681328,0.0416666666666667,0.125,0.0,0.0
pooled,1729,2,lightgbm_balanced,with_side,0.8221061417370703,inner_f1,0.1147245190823739,0.8599744245524297,0.048253385638593736,0.1656776358022615,0.09090909090909091,0.16666666666666666,0.0625,0.09104068741979271,777,5,15,1,0.9375,0.00639386189258312,798,16,798,0.125,0.25,12.46875,0.1875,0.125,6.234375,0.3125,0.125,6.234375,0.3125,0.0625,3.1171875,0.6875,0.06875,3.4289062500000003,0.0716043907795046,0.7608695652173914,0.0,0.0,0.0,0.3125,0.0625,0.04312012830286929,0.09910485933503832,0.09090909090909091,0.16666666666666666,0.0625,0.0,0.0
pooled,2026,0,dummy_prior,with_side,0.5,fixed_0.5,0.02132998745294856,0.5,0.020907120684388183,0.1041069111814681,0.0,0.0,0.0,0.0,780,0,17,0,1.0,0.0,797,17,1,0.0,0.0,0.0,0.0,0.0,0.0,0.0,0.0,0.0,0.0,0.0,0.0,0.11764705882352941,0.0125,0.5860294117647059,0.0213299874529485,0.5,0.0,0.0,0.0,0.0,0.0,5.898059818321144e-17,0.0,0.0,0.0,0.0,0.0,0.0
pooled,2026,0,dummy_prior,with_side,0.5,inner_f1,0.02132998745294856,0.5,0.020907120684388183,0.1041069111814681,0.0,0.0,0.0,0.0,780,0,17,0,1.0,0.0,797,17,1,0.0,0.0,0.0,0.0,0.0,0.0,0.0,0.0,0.0,0.0,0.0,0.0,0.11764705882352941,0.0125,0.5860294117647059,0.0213299874529485,0.5,0.0,0.0,0.0,0.0,0.0,5.898059818321144e-17,0.0,0.0,0.0,0.0,0.0,0.0
pooled,2026,0,logistic,with_side,0.20596350909721298,fixed_0.5,0.14197922263270105,0.7440422322775264,0.020693635852979897,0.10924237574638983,0.2,0.6666666666666666,0.11764705882352941,0.2745511615666388,779,1,15,2,0.8823529411764706,0.001282051282051282,797,17,797,0.11764705882352941,0.25,11.720588235294116,0.11764705882352941,0.08333333333333333,3.9068627450980387,0.17647058823529413,0.075,3.516176470588235,0.29411764705882354,0.0625,2.930147058823529,0.47058823529411764,0.05,2.3441176470588236,0.1461027050355769,0.5884238310708899,0.1904761904761904,0.5,0.1176470588235294,0.2352941176470588,0.05,-0.0041234824028758554,0.1556184012066365,0.009523809523809601,0.16666666666666663,1.3877787807814457e-17,0.05882352941176475,0.012499999999999997
pooled,2026,0,logistic,with_side,0.20596350909721298,inner_f1,0.14197922263270105,0.7440422322775264,0.020693635852979897,0.10924237574638983,0.16,0.25,0.11764705882352941,0.15936841994136508,774,6,15,2,0.8823529411764706,0.007692307692307693,797,17,797,0.11764705882352941,0.25,11.720588235294116,0.11764705882352941,0.08333333333333333,3.9068627450980387,0.17647058823529413,0.075,3.516176470588235,0.29411764705882354,0.0625,2.930147058823529,0.47058823529411764,0.05,2.3441176470588236,0.1461027050355769,0.5884238310708899,0.2105263157894736,1.0,0.1176470588235294,0.2352941176470588,0.05,-0.0041234824028758554,0.1556184012066365,-0.050526315789473586,-0.75,1.3877787807814457e-17,0.05882352941176475,0.012499999999999997
pooled,2026,0,logistic_balanced,with_side,0.9027105936292196,fixed_0.5,0.11907112937602372,0.7879336349924585,0.10833187890642373,0.37117077772829166,0.09302325581395349,0.05357142857142857,0.35294117647058826,0.0902328615792445,674,106,11,6,0.6470588235294118,0.1358974358974359,797,17,797,0.058823529411764705,0.125,5.860294117647058,0.11764705882352941,0.08333333333333333,3.9068627450980387,0.17647058823529413,0.075,3.516176470588235,0.29411764705882354,0.0625,2.930147058823529,0.5294117647058824,0.05625,2.6371323529411765,0.147467434791145,0.640158371040724,0.0666666666666666,0.0368098159509202,0.3529411764705882,0.1764705882352941,0.0375,-0.028396305415121267,0.14777526395173446,0.02635658914728689,0.01676161262050837,5.551115123125783e-17,0.11764705882352944,0.025
pooled,2026,0,logistic_balanced,with_side,0.9027105936292196,inner_f1,0.11907112937602372,0.7879336349924585,0.10833187890642373,0.37117077772829166,0.10714285714285714,0.07692307692307693,0.17647058823529413,0.08727805708725256,744,36,14,3,0.8235294117647058,0.046153846153846156,797,17,797,0.058823529411764705,0.125,5.860294117647058,0.11764705882352941,0.08333333333333333,3.9068627450980387,0.17647058823529413,0.075,3.516176470588235,0.29411764705882354,0.0625,2.930147058823529,0.5294117647058824,0.05625,2.6371323529411765,0.147467434791145,0.640158371040724,0.1739130434782608,0.3333333333333333,0.1176470588235294,0.1764705882352941,0.0375,-0.028396305415121267,0.14777526395173446,-0.06677018633540367,-0.2564102564102564,0.05882352941176473,0.11764705882352944,0.025
pooled,2026,0,xgboost,with_side,0.06392811238765717,fixed_0.5,0.05157590977639201,0.6796380090497737,0.021254407806766736,0.10410343086602676,0.0,0.0,0.0,0.0,780,0,17,0,1.0,0.0,797,17,795,0.058823529411764705,0.125,5.860294117647058,0.058823529411764705,0.041666666666666664,1.9534313725490193,0.17647058823529413,0.075,3.516176470588235,0.23529411764705882,0.05,2.3441176470588236,0.5294117647058824,0.05625,2.6371323529411765,0.0500295287757434,0.5886500754147813,0.0,0.0,0.0,0.2352941176470588,0.05,0.0015463810006486126,0.09098793363499236,0.0,0.0,0.0,2.7755575615628914e-17,0.0
pooled,2026,0,xgboost,with_side,0.06392811238765717,inner_f1,0.05157590977639201,0.6796380090497737,0.021254407806766736,0.10410343086602676,0.10526315789473684,0.075,0.17647058823529413,0.08538868238347819,743,37,14,3,0.8235294117647058,0.047435897435897434,797,17,795,0.058823529411764705,0.125,5.860294117647058,0.058823529411764705,0.041666666666666664,1.9534313725490193,0.17647058823529413,0.075,3.516176470588235,0.23529411764705882,0.05,2.3441176470588236,0.5294117647058824,0.05625,2.6371323529411765,0.0500295287757434,0.5886500754147813,0.0983606557377049,0.0681818181818181,0.1764705882352941,0.2352941176470588,0.05,0.0015463810006486126,0.09098793363499236,0.006902502157031934,0.006818181818181904,2.7755575615628914e-17,2.7755575615628914e-17,0.0
pooled,2026,0,xgboost_balanced,with_side,0.4436807930469513,fixed_0.5,0.12010242653287168,0.673001508295626,0.03762445199892404,0.14957263712112273,0.17391304347826086,0.13793103448275862,0.23529411764705882,0.1568221481484744,755,25,13,4,0.7647058823529411,0.03205128205128205,797,17,797,0.11764705882352941,0.25,11.720588235294116,0.17647058823529413,0.125,5.860294117647058,0.29411764705882354,0.125,5.860294117647058,0.29411764705882354,0.0625,2.930147058823529,0.4117647058823529,0.04375,2.0511029411764703,0.1091573821576243,0.5500377073906486,0.1176470588235294,0.088235294117647,0.1764705882352941,0.3529411764705882,0.075,0.010945044375247376,0.12296380090497738,0.05626598465473147,0.049695740365111624,0.05882352941176472,-0.05882352941176466,-0.012499999999999997
pooled,2026,0,xgboost_balanced,with_side,0.4436807930469513,inner_f1,0.12010242653287168,0.673001508295626,0.03762445199892404,0.14957263712112273,0.18867924528301888,0.1388888888888889,0.29411764705882354,0.17697054990537525,749,31,12,5,0.7058823529411765,0.03974358974358974,797,17,797,0.11764705882352941,0.25,11.720588235294116,0.17647058823529413,0.125,5.860294117647058,0.29411764705882354,0.125,5.860294117647058,0.29411764705882354,0.0625,2.930147058823529,0.4117647058823529,0.04375,2.0511029411764703,0.1091573821576243,0.5500377073906486,0.1025641025641025,0.0655737704918032,0.2352941176470588,0.3529411764705882,0.075,0.010945044375247376,0.12296380090497738,0.08611514271891638,0.0733151183970857,0.05882352941176475,-0.05882352941176466,-0.012499999999999997
pooled,2026,0,extratrees,with_side,0.14553287292523107,fixed_0.5,0.16939873230761832,0.7863876319758673,0.020250307059173637,0.14043476223427095,0.19047619047619047,0.5,0.11764705882352941,0.2352968874359333,778,2,15,2,0.8823529411764706,0.002564102564102564,797,17,336,0.11764705882352941,0.25,11.720588235294116,0.11764705882352941,0.08333333333333333,3.9068627450980387,0.17647058823529413,0.075,3.516176470588235,0.23529411764705882,0.05,2.3441176470588236,0.4117647058823529,0.04375,2.0511029411764703,0.1525299196260945,0.6162518853695323,0.1904761904761904,0.5,0.1176470588235294,0.2352941176470588,0.05,0.01686881268152382,0.1701357466063349,5.551115123125783e-17,0.0,1.3877787807814457e-17,2.7755575615628914e-17,0.0
pooled,2026,0,extratrees,with_side,0.14553287292523107,inner_f1,0.16939873230761832,0.7863876319758673,0.020250307059173637,0.14043476223427095,0.11764705882352941,0.11764705882352941,0.11764705882352941,0.09841628959276018,765,15,15,2,0.8823529411764706,0.019230769230769232,797,17,336,0.11764705882352941,0.25,11.720588235294116,0.11764705882352941,0.08333333333333333,3.9068627450980387,0.17647058823529413,0.075,3.516176470588235,0.23529411764705882,0.05,2.3441176470588236,0.4117647058823529,0.04375,2.0511029411764703,0.1525299196260945,0.6162518853695323,0.1904761904761904,0.5,0.1176470588235294,0.2352941176470588,0.05,0.01686881268152382,0.1701357466063349,-0.072829131652661,-0.38235294117647056,1.3877787807814457e-17,2.7755575615628914e-17,0.0
pooled,2026,0,extratrees_balanced,with_side,0.5864675485379106,fixed_0.5,0.068340511601082,0.729524886877828,0.04648408039086077,0.28252497770968066,0.10344827586206896,0.07317073170731707,0.17647058823529413,0.08355815035251614,742,38,14,3,0.8235294117647058,0.04871794871794872,797,17,267,0.058823529411764705,0.125,5.860294117647058,0.11764705882352941,0.08333333333333333,3.9068627450980387,0.17647058823529413,0.075,3.516176470588235,0.35294117647058826,0.075,3.516176470588235,0.5882352941176471,0.0625,2.930147058823529,0.0706576017327578,0.633446455505279,0.0930232558139534,0.0769230769230769,0.1176470588235294,0.1764705882352941,0.0375,-0.002317090131675803,0.09607843137254901,0.01042502004811556,-0.003752345215759831,0.05882352941176473,0.17647058823529416,0.0375
pooled,2026,0,extratrees_balanced,with_side,0.5864675485379106,inner_f1,0.068340511601082,0.729524886877828,0.04648408039086077,0.28252497770968066,0.09523809523809523,0.08,0.11764705882352941,0.07307420422784855,757,23,15,2,0.8823529411764706,0.029487179487179487,797,17,267,0.058823529411764705,0.125,5.860294117647058,0.11764705882352941,0.08333333333333333,3.9068627450980387,0.17647058823529413,0.075,3.516176470588235,0.35294117647058826,0.075,3.516176470588235,0.5882352941176471,0.0625,2.930147058823529,0.0706576017327578,0.633446455505279,0.0851063829787234,0.0666666666666666,0.1176470588235294,0.1764705882352941,0.0375,-0.002317090131675803,0.09607843137254901,0.01013171225937183,0.013333333333333405,1.3877787807814457e-17,0.17647058823529416,0.0375
pooled,2026,0,catboost,with_side,0.1465346726136507,fixed_0.5,0.1787460919021529,0.7357466063348417,0.01883670248177265,0.09705555222545463,0.21052631578947367,1.0,0.11764705882352941,0.3397459388965089,780,0,15,2,0.8823529411764706,0.0,797,17,797,0.17647058823529413,0.375,17.580882352941174,0.17647058823529413,0.125,5.860294117647058,0.23529411764705882,0.1,4.688235294117647,0.29411764705882354,0.0625,2.930147058823529,0.35294117647058826,0.0375,1.7580882352941174,0.1498645323268887,0.5144419306184012,0.2105263157894736,1.0,0.1176470588235294,0.2941176470588235,0.0625,0.0288815595752642,0.22130467571644052,8.326672684688674e-17,0.0,1.3877787807814457e-17,5.551115123125783e-17,0.0
pooled,2026,0,catboost,with_side,0.1465346726136507,inner_f1,0.1787460919021529,0.7357466063348417,0.01883670248177265,0.09705555222545463,0.23076923076923078,0.3333333333333333,0.17647058823529413,0.2307830755379745,774,6,14,3,0.8235294117647058,0.007692307692307693,797,17,797,0.17647058823529413,0.375,17.580882352941174,0.17647058823529413,0.125,5.860294117647058,0.23529411764705882,0.1,4.688235294117647,0.29411764705882354,0.0625,2.930147058823529,0.35294117647058826,0.0375,1.7580882352941174,0.1498645323268887,0.5144419306184012,0.1081081081081081,0.1,0.1176470588235294,0.2941176470588235,0.0625,0.0288815595752642,0.22130467571644052,0.12266112266112268,0.2333333333333333,0.05882352941176473,5.551115123125783e-17,0.0
pooled,2026,0,catboost_balanced,with_side,0.5460493500676477,fixed_0.5,0.11025450022386334,0.6923076923076923,0.053174356021614064,0.18767298791754547,0.12307692307692308,0.08333333333333333,0.23529411764705882,0.10863790828805275,736,44,13,4,0.7647058823529411,0.05641025641025641,797,17,797,0.058823529411764705,0.125,5.860294117647058,0.17647058823529413,0.125,5.860294117647058,0.17647058823529413,0.075,3.516176470588235,0.29411764705882354,0.0625,2.930147058823529,0.4117647058823529,0.04375,2.0511029411764703,0.1459269714903678,0.5186651583710408,0.0869565217391304,0.0576923076923076,0.1764705882352941,0.2352941176470588,0.05,-0.035672471266504455,0.17364253393665152,0.03612040133779268,0.02564102564102573,0.05882352941176472,0.05882352941176475,0.012499999999999997
pooled,2026,0,catboost_balanced,with_side,0.5460493500676477,inner_f1,0.11025450022386334,0.6923076923076923,0.053174356021614064,0.18767298791754547,0.10344827586206896,0.07317073170731707,0.17647058823529413,0.08355815035251614,742,38,14,3,0.8235294117647058,0.04871794871794872,797,17,797,0.058823529411764705,0.125,5.860294117647058,0.17647058823529413,0.125,5.860294117647058,0.17647058823529413,0.075,3.516176470588235,0.29411764705882354,0.0625,2.930147058823529,0.4117647058823529,0.04375,2.0511029411764703,0.1459269714903678,0.5186651583710408,0.0,0.0,0.0,0.2352941176470588,0.05,-0.035672471266504455,0.17364253393665152,0.10344827586206896,0.07317073170731707,0.17647058823529413,0.05882352941176475,0.012499999999999997
pooled,2026,0,lightgbm,with_side,0.08083471925134308,fixed_0.5,0.09160622333903083,0.6918552036199095,0.02076212776598534,0.10855093633212717,0.0,0.0,0.0,0.0,780,0,17,0,1.0,0.0,797,17,797,0.11764705882352941,0.25,11.720588235294116,0.17647058823529413,0.125,5.860294117647058,0.23529411764705882,0.1,4.688235294117647,0.35294117647058826,0.075,3.516176470588235,0.35294117647058826,0.0375,1.7580882352941174,0.0947342722741776,0.590158371040724,0.0,0.0,0.0,0.2941176470588235,0.0625,-0.003128048935146774,0.10169683257918549,0.0,0.0,0.0,0.058823529411764774,0.012499999999999997
pooled,2026,0,lightgbm,with_side,0.08083471925134308,inner_f1,0.09160622333903083,0.6918552036199095,0.02076212776598534,0.10855093633212717,0.13636363636363635,0.1111111111111111,0.17647058823529413,0.11636117964406953,756,24,14,3,0.8235294117647058,0.03076923076923077,797,17,797,0.11764705882352941,0.25,11.720588235294116,0.17647058823529413,0.125,5.860294117647058,0.23529411764705882,0.1,4.688235294117647,0.35294117647058826,0.075,3.516176470588235,0.35294117647058826,0.0375,1.7580882352941174,0.0947342722741776,0.590158371040724,0.1153846153846153,0.0857142857142857,0.1764705882352941,0.2941176470588235,0.0625,-0.003128048935146774,0.10169683257918549,0.02097902097902106,0.025396825396825404,2.7755575615628914e-17,0.058823529411764774,0.012499999999999997
pooled,2026,0,lightgbm_balanced,with_side,0.5290624763314308,fixed_0.5,0.11449654493950907,0.6942684766214178,0.04387540042214476,0.16258942448152086,0.14545454545454545,0.10526315789473684,0.23529411764705882,0.12998435932081587,746,34,13,4,0.7647058823529411,0.04358974358974359,797,17,797,0.11764705882352941,0.25,11.720588235294116,0.17647058823529413,0.125,5.860294117647058,0.29411764705882354,0.125,5.860294117647058,0.29411764705882354,0.0625,2.930147058823529,0.4117647058823529,0.04375,2.0511029411764703,0.0936668489429987,0.5967948717948718,0.1052631578947368,0.075,0.1764705882352941,0.2941176470588235,0.0625,0.02082969599651037,0.09747360482654599,0.04019138755980865,0.03026315789473684,0.05882352941176472,5.551115123125783e-17,0.0
pooled,2026,0,lightgbm_balanced,with_side,0.5290624763314308,inner_f1,0.11449654493950907,0.6942684766214178,0.04387540042214476,0.16258942448152086,0.11320754716981132,0.08333333333333333,0.17647058823529413,0.09333845487152759,747,33,14,3,0.8235294117647058,0.04230769230769231,797,17,797,0.11764705882352941,0.25,11.720588235294116,0.17647058823529413,0.125,5.860294117647058,0.29411764705882354,0.125,5.860294117647058,0.29411764705882354,0.0625,2.930147058823529,0.4117647058823529,0.04375,2.0511029411764703,0.0936668489429987,0.5967948717948718,0.0888888888888888,0.0547945205479452,0.2352941176470588,0.2941176470588235,0.0625,0.02082969599651037,0.09747360482654599,0.024318658280922528,0.028538812785388126,-0.05882352941176466,5.551115123125783e-17,0.0
pooled,2026,1,dummy_prior,with_side,0.5,fixed_0.5,0.008771929824561403,0.5,0.008868475273245167,0.0554957486486444,0.0,0.0,0.0,0.0,791,0,7,0,1.0,0.0,798,7,1,0.0,0.0,0.0,0.0,0.0,0.0,0.14285714285714285,0.025,2.8500000000000005,0.14285714285714285,0.0125,1.4250000000000003,0.42857142857142855,0.01875,2.1375,0.0087719298245614,0.5,0.0,0.0,0.0,0.1428571428571428,0.0125,3.469446951953614e-18,0.0,0.0,0.0,0.0,5.551115123125783e-17,0.0
pooled,2026,1,dummy_prior,with_side,0.5,inner_f1,0.008771929824561403,0.5,0.008868475273245167,0.0554957486486444,0.0,0.0,0.0,0.0,791,0,7,0,1.0,0.0,798,7,1,0.0,0.0,0.0,0.0,0.0,0.0,0.14285714285714285,0.025,2.8500000000000005,0.14285714285714285,0.0125,1.4250000000000003,0.42857142857142855,0.01875,2.1375,0.0087719298245614,0.5,0.0,0.0,0.0,0.1428571428571428,0.0125,3.469446951953614e-18,0.0,0.0,0.0,0.0,5.551115123125783e-17,0.0
pooled,2026,1,logistic,with_side,0.7417544912453244,fixed_0.5,0.07311365437127819,0.7567274697489614,0.009265234698962378,0.05082758589226487,0.0,0.0,0.0,0.0,791,0,7,0,1.0,0.0,798,7,798,0.14285714285714285,0.125,14.25,0.2857142857142857,0.08333333333333333,9.5,0.2857142857142857,0.05,5.700000000000001,0.42857142857142855,0.0375,4.275,0.42857142857142855,0.01875,2.1375,0.0372900694196613,0.57802058876648,0.0,0.0,0.0,0.2857142857142857,0.025,0.03582358495161689,0.17870688098248144,0.0,0.0,0.0,0.14285714285714285,0.012499999999999997
pooled,2026,1,logistic,with_side,0.7417544912453244,inner_f1,0.07311365437127819,0.7567274697489614,0.009265234698962378,0.05082758589226487,0.0,0.0,0.0,0.0,791,0,7,0,1.0,0.0,798,7,798,0.14285714285714285,0.125,14.25,0.2857142857142857,0.08333333333333333,9.5,0.2857142857142857,0.05,5.700000000000001,0.42857142857142855,0.0375,4.275,0.42857142857142855,0.01875,2.1375,0.0372900694196613,0.57802058876648,0.0,0.0,0.0,0.2857142857142857,0.025,0.03582358495161689,0.17870688098248144,0.0,0.0,0.0,0.14285714285714285,0.012499999999999997
pooled,2026,1,logistic_balanced,with_side,0.9816765894152765,fixed_0.5,0.04570767937138564,0.7812895069532237,0.12159920842841868,0.3654068772462169,0.04,0.02097902097902098,0.42857142857142855,0.06116812750169846,651,140,4,3,0.5714285714285714,0.17699115044247787,798,7,798,0.14285714285714285,0.125,14.25,0.14285714285714285,0.041666666666666664,4.75,0.14285714285714285,0.025,2.8500000000000005,0.42857142857142855,0.0375,4.275,0.42857142857142855,0.01875,2.1375,0.0180620606410863,0.6112515802781289,0.0199004975124378,0.0103092783505154,0.2857142857142857,0.1428571428571428,0.0125,0.02764561873029934,0.17003792667509487,0.0200995024875622,0.01066974262850558,0.14285714285714285,0.28571428571428575,0.024999999999999998
pooled,2026,1,logistic_balanced,with_side,0.9816765894152765,inner_f1,0.04570767937138564,0.7812895069532237,0.12159920842841868,0.3654068772462169,0.0,0.0,0.0,-0.004715407633605504,789,2,7,0,1.0,0.0025284450063211127,798,7,798,0.14285714285714285,0.125,14.25,0.14285714285714285,0.041666666666666664,4.75,0.14285714285714285,0.025,2.8500000000000005,0.42857142857142855,0.0375,4.275,0.42857142857142855,0.01875,2.1375,0.0180620606410863,0.6112515802781289,0.0,0.0,0.0,0.1428571428571428,0.0125,0.02764561873029934,0.17003792667509487,0.0,0.0,0.0,0.28571428571428575,0.024999999999999998
pooled,2026,1,xgboost,with_side,0.06486229598522186,fixed_0.5,0.20033055601701355,0.8723135271807838,0.008384555390380624,0.04468365244966664,0.0,0.0,0.0,0.0,791,0,7,0,1.0,0.0,798,7,798,0.14285714285714285,0.125,14.25,0.42857142857142855,0.125,14.25,0.42857142857142855,0.075,8.55,0.5714285714285714,0.05,5.700000000000001,0.7142857142857143,0.03125,3.5625,0.1011147489833998,0.7524832942026367,0.0,0.0,0.0,0.4285714285714285,0.0375,0.09921580703361375,0.1198302329781471,0.0,0.0,0.0,0.1428571428571429,0.012500000000000004
pooled,2026,1,xgboost,with_side,0.06486229598522186,inner_f1,0.20033055601701355,0.8723135271807838,0.008384555390380624,0.04468365244966664,0.13953488372093023,0.08333333333333333,0.42857142857142855,0.17380147933552859,758,33,4,3,0.5714285714285714,0.041719342604298354,798,7,798,0.14285714285714285,0.125,14.25,0.42857142857142855,0.125,14.25,0.42857142857142855,0.075,8.55,0.5714285714285714,0.05,5.700000000000001,0.7142857142857143,0.03125,3.5625,0.1011147489833998,0.7524832942026367,0.0869565217391304,0.0625,0.1428571428571428,0.4285714285714285,0.0375,0.09921580703361375,0.1198302329781471,0.052578361981799826,0.02083333333333333,0.28571428571428575,0.1428571428571429,0.012500000000000004
pooled,2026,1,xgboost_balanced,with_side,0.7362541556358337,fixed_0.5,0.1757257702178378,0.8753837818313166,0.04720463658277921,0.16017537525308578,0.03571428571428571,0.02040816326530612,0.14285714285714285,0.03191796440285389,743,48,6,1,0.8571428571428571,0.0606826801517067,798,7,798,0.14285714285714285,0.125,14.25,0.14285714285714285,0.041666666666666664,4.75,0.14285714285714285,0.025,2.8500000000000005,0.42857142857142855,0.0375,4.275,0.7142857142857143,0.03125,3.5625,0.0393500832061049,0.7279212569983746,0.0377358490566037,0.0217391304347826,0.1428571428571428,0.1428571428571428,0.0125,0.13637568701173292,0.14746252483294198,-0.0020215633423179905,-0.0013309671694764803,5.551115123125783e-17,0.28571428571428575,0.024999999999999998
pooled,2026,1,xgboost_balanced,with_side,0.7362541556358337,inner_f1,0.1757257702178378,0.8753837818313166,0.04720463658277921,0.16017537525308578,0.09090909090909091,0.06666666666666667,0.14285714285714285,0.08593487751567708,777,14,6,1,0.8571428571428571,0.017699115044247787,798,7,798,0.14285714285714285,0.125,14.25,0.14285714285714285,0.041666666666666664,4.75,0.14285714285714285,0.025,2.8500000000000005,0.42857142857142855,0.0375,4.275,0.7142857142857143,0.03125,3.5625,0.0393500832061049,0.7279212569983746,0.1538461538461538,0.1666666666666666,0.1428571428571428,0.1428571428571428,0.0125,0.13637568701173292,0.14746252483294198,-0.06293706293706289,-0.09999999999999994,5.551115123125783e-17,0.28571428571428575,0.024999999999999998
pooled,2026,1,extratrees,with_side,0.34744444444444444,fixed_0.5,0.03596668521936398,0.8645475889470833,0.009488774203822617,0.04500931567767408,0.0,0.0,0.0,0.0,791,0,7,0,1.0,0.0,798,7,338,0.0,0.0,0.0,0.0,0.0,0.0,0.0,0.0,0.0,0.42857142857142855,0.0375,4.275,0.7142857142857143,0.03125,3.5625,0.0227986109378054,0.7560953584973813,0.0,0.0,0.0,0.2857142857142857,0.025,0.013168074281558577,0.10845223044970198,0.0,0.0,0.0,0.14285714285714285,0.012499999999999997
pooled,2026,1,extratrees,with_side,0.34744444444444444,inner_f1,0.03596668521936398,0.8645475889470833,0.009488774203822617,0.04500931567767408,0.0,0.0,0.0,-0.0033322042776079584,790,1,7,0,1.0,0.0012642225031605564,798,7,338,0.0,0.0,0.0,0.0,0.0,0.0,0.0,0.0,0.0,0.42857142857142855,0.0375,4.275,0.7142857142857143,0.03125,3.5625,0.0227986109378054,0.7560953584973813,0.0,0.0,0.0,0.2857142857142857,0.025,0.013168074281558577,0.10845223044970198,0.0,0.0,0.0,0.14285714285714285,0.012499999999999997
pooled,2026,1,extratrees_balanced,with_side,0.41021099767027897,fixed_0.5,0.043735349734274336,0.891999277587141,0.04793774944758046,0.1499030091107318,0.03636363636363636,0.020833333333333332,0.14285714285714285,0.03272302645198013,744,47,6,1,0.8571428571428571,0.05941845764854614,798,7,313,0.0,0.0,0.0,0.0,0.0,0.0,0.14285714285714285,0.025,2.8500000000000005,0.42857142857142855,0.0375,4.275,0.8571428571428571,0.0375,4.275,0.0208249692266005,0.7105833483836013,0.0689655172413793,0.0454545454545454,0.1428571428571428,0.1428571428571428,0.0125,0.022910380507673835,0.18141592920353977,-0.032601880877742934,-0.024621212121212068,5.551115123125783e-17,0.28571428571428575,0.024999999999999998
pooled,2026,1,extratrees_balanced,with_side,0.41021099767027897,inner_f1,0.043735349734274336,0.891999277587141,0.04793774944758046,0.1499030091107318,0.06818181818181818,0.037037037037037035,0.42857142857142855,0.10188240737147804,713,78,4,3,0.5714285714285714,0.0986093552465234,798,7,313,0.0,0.0,0.0,0.0,0.0,0.0,0.14285714285714285,0.025,2.8500000000000005,0.42857142857142855,0.0375,4.275,0.8571428571428571,0.0375,4.275,0.0208249692266005,0.7105833483836013,0.0,0.0,0.0,0.1428571428571428,0.0125,0.022910380507673835,0.18141592920353977,0.06818181818181818,0.037037037037037035,0.42857142857142855,0.28571428571428575,0.024999999999999998
pooled,2026,1,catboost,with_side,0.12357176828513142,fixed_0.5,0.03400802044852661,0.8264403106375294,0.00868142850443104,0.046083688187927976,0.0,0.0,0.0,0.0,791,0,7,0,1.0,0.0,798,7,798,0.0,0.0,0.0,0.14285714285714285,0.041666666666666664,4.75,0.14285714285714285,0.025,2.8500000000000005,0.2857142857142857,0.025,2.8500000000000005,0.5714285714285714,0.025,2.8500000000000005,0.0195330694182292,0.6795195954487989,0.0,0.0,0.0,0.2857142857142857,0.025,0.01447495103029741,0.1469207151887305,0.0,0.0,0.0,0.0,0.0
pooled,2026,1,catboost,with_side,0.12357176828513142,inner_f1,0.03400802044852661,0.8264403106375294,0.00868142850443104,0.046083688187927976,0.0,0.0,0.0,0.0,791,0,7,0,1.0,0.0,798,7,798,0.0,0.0,0.0,0.14285714285714285,0.041666666666666664,4.75,0.14285714285714285,0.025,2.8500000000000005,0.2857142857142857,0.025,2.8500000000000005,0.5714285714285714,0.025,2.8500000000000005,0.0195330694182292,0.6795195954487989,0.0,0.0,0.0,0.2857142857142857,0.025,0.01447495103029741,0.1469207151887305,0.0,0.0,0.0,0.0,0.0
pooled,2026,1,catboost_balanced,with_side,0.649305517416671,fixed_0.5,0.056994890604998,0.854614412136536,0.05552333581593013,0.19003835855708373,0.03125,0.017543859649122806,0.14285714285714285,0.026090902514277467,735,56,6,1,0.8571428571428571,0.07079646017699115,798,7,798,0.14285714285714285,0.125,14.25,0.14285714285714285,0.041666666666666664,4.75,0.14285714285714285,0.025,2.8500000000000005,0.2857142857142857,0.025,2.8500000000000005,0.7142857142857143,0.03125,3.5625,0.0157230147345027,0.6979411233519957,0.0,0.0,0.0,0.0,0.0,0.0412718758704953,0.15667328878454034,0.03125,0.017543859649122806,0.14285714285714285,0.2857142857142857,0.025
pooled,2026,1,catboost_balanced,with_side,0.649305517416671,inner_f1,0.056994890604998,0.854614412136536,0.05552333581593013,0.19003835855708373,0.08695652173913043,0.0625,0.14285714285714285,0.08241826845585862,776,15,6,1,0.8571428571428571,0.018963337547408345,798,7,798,0.14285714285714285,0.125,14.25,0.14285714285714285,0.041666666666666664,4.75,0.14285714285714285,0.025,2.8500000000000005,0.2857142857142857,0.025,2.8500000000000005,0.7142857142857143,0.03125,3.5625,0.0157230147345027,0.6979411233519957,0.0,0.0,0.0,0.0,0.0,0.0412718758704953,0.15667328878454034,0.08695652173913043,0.0625,0.14285714285714285,0.2857142857142857,0.025
pooled,2026,1,lightgbm,with_side,0.10158932507771684,fixed_0.5,0.1087143658354507,0.8547950153512731,0.008610687053701665,0.044205439424882066,0.0,0.0,0.0,0.0,791,0,7,0,1.0,0.0,798,7,798,0.14285714285714285,0.125,14.25,0.14285714285714285,0.041666666666666664,4.75,0.2857142857142857,0.05,5.700000000000001,0.42857142857142855,0.0375,4.275,0.5714285714285714,0.025,2.8500000000000005,0.0490249395935881,0.7676539642405635,0.0,0.0,0.0,0.4285714285714285,0.0375,0.0596894262418626,0.08714105111070958,0.0,0.0,0.0,5.551115123125783e-17,0.0
pooled,2026,1,lightgbm,with_side,0.10158932507771684,inner_f1,0.1087143658354507,0.8547950153512731,0.008610687053701665,0.044205439424882066,0.09090909090909091,0.06666666666666667,0.14285714285714285,0.08593487751567708,777,14,6,1,0.8571428571428571,0.017699115044247787,798,7,798,0.14285714285714285,0.125,14.25,0.14285714285714285,0.041666666666666664,4.75,0.2857142857142857,0.05,5.700000000000001,0.42857142857142855,0.0375,4.275,0.5714285714285714,0.025,2.8500000000000005,0.0490249395935881,0.7676539642405635,0.0,0.0,0.0,0.4285714285714285,0.0375,0.0596894262418626,0.08714105111070958,0.09090909090909091,0.06666666666666667,0.14285714285714285,5.551115123125783e-17,0.0
pooled,2026,1,lightgbm_balanced,with_side,0.7432469455707681,fixed_0.5,0.17414887367459944,0.8753837818313166,0.048852271225692905,0.16787039277582153,0.03636363636363636,0.020833333333333332,0.14285714285714285,0.03272302645198013,744,47,6,1,0.8571428571428571,0.05941845764854614,798,7,798,0.14285714285714285,0.125,14.25,0.14285714285714285,0.041666666666666664,4.75,0.14285714285714285,0.025,2.8500000000000005,0.2857142857142857,0.025,2.8500000000000005,1.0,0.04375,4.9875,0.0397242410742105,0.7488712299078923,0.0350877192982456,0.02,0.1428571428571428,0.1428571428571428,0.0125,0.13442463260038895,0.12651255192342425,0.0012759170653907637,0.0008333333333333318,5.551115123125783e-17,0.1428571428571429,0.0125
pooled,2026,1,lightgbm_balanced,with_side,0.7432469455707681,inner_f1,0.17414887367459944,0.8753837818313166,0.048852271225692905,0.16787039277582153,0.10526315789473684,0.08333333333333333,0.14285714285714285,0.09880047987748924,780,11,6,1,0.8571428571428571,0.01390644753476612,798,7,798,0.14285714285714285,0.125,14.25,0.14285714285714285,0.041666666666666664,4.75,0.14285714285714285,0.025,2.8500000000000005,0.2857142857142857,0.025,2.8500000000000005,1.0,0.04375,4.9875,0.0397242410742105,0.7488712299078923,0.0,0.0,0.0,0.1428571428571428,0.0125,0.13442463260038895,0.12651255192342425,0.10526315789473684,0.08333333333333333,0.14285714285714285,0.1428571428571429,0.0125
pooled,2026,2,dummy_prior,with_side,0.5,fixed_0.5,0.022556390977443608,0.5,0.022103990826803147,0.10947898165297058,0.0,0.0,0.0,0.0,780,0,18,0,1.0,0.0,798,18,1,0.0,0.0,0.0,0.0,0.0,0.0,0.05555555555555555,0.025,1.1083333333333334,0.05555555555555555,0.0125,0.5541666666666667,0.1111111111111111,0.0125,0.5541666666666667,0.0225563909774436,0.5,0.0,0.0,0.0,0.0555555555555555,0.0125,6.938893903907228e-18,0.0,0.0,0.0,0.0,5.551115123125783e-17,0.0
pooled,2026,2,dummy_prior,with_side,0.5,inner_f1,0.022556390977443608,0.5,0.022103990826803147,0.10947898165297058,0.0,0.0,0.0,0.0,780,0,18,0,1.0,0.0,798,18,1,0.0,0.0,0.0,0.0,0.0,0.0,0.05555555555555555,0.025,1.1083333333333334,0.05555555555555555,0.0125,0.5541666666666667,0.1111111111111111,0.0125,0.5541666666666667,0.0225563909774436,0.5,0.0,0.0,0.0,0.0555555555555555,0.0125,6.938893903907228e-18,0.0,0.0,0.0,0.0,5.551115123125783e-17,0.0
pooled,2026,2,logistic,with_side,0.01332289160146132,fixed_0.5,0.2948797118020831,0.8571225071225071,0.017650023560119427,0.08029695067300166,0.36363636363636365,1.0,0.2222222222222222,0.46723007850912596,780,0,14,4,0.7777777777777778,0.0,798,18,798,0.2222222222222222,0.5,22.166666666666668,0.2222222222222222,0.16666666666666666,7.388888888888889,0.2777777777777778,0.125,5.541666666666667,0.3888888888888889,0.0875,3.8791666666666664,0.7777777777777778,0.0875,3.8791666666666664,0.2609639410216338,0.7413105413105414,0.3636363636363636,1.0,0.2222222222222222,0.2777777777777778,0.0625,0.03391577078044933,0.11581196581196573,5.551115123125783e-17,0.0,0.0,0.1111111111111111,0.024999999999999994
pooled,2026,2,logistic,with_side,0.01332289160146132,inner_f1,0.2948797118020831,0.8571225071225071,0.017650023560119427,0.08029695067300166,0.13617021276595745,0.07373271889400922,0.8888888888888888,0.21063486498955575,579,201,2,16,0.1111111111111111,0.25769230769230766,798,18,798,0.2222222222222222,0.5,22.166666666666668,0.2222222222222222,0.16666666666666666,7.388888888888889,0.2777777777777778,0.125,5.541666666666667,0.3888888888888889,0.0875,3.8791666666666664,0.7777777777777778,0.0875,3.8791666666666664,0.2609639410216338,0.7413105413105414,0.0761904761904762,0.0398009950248756,0.8888888888888888,0.2777777777777778,0.0625,0.03391577078044933,0.11581196581196573,0.05997973657548125,0.033931723869133616,0.0,0.1111111111111111,0.024999999999999994
pooled,2026,2,logistic_balanced,with_side,0.9964112477864004,fixed_0.5,0.2226456899037111,0.8482193732193732,0.13981122968294016,0.42444122634126996,0.1319796954314721,0.07262569832402235,0.7222222222222222,0.1813310230879575,614,166,5,13,0.2777777777777778,0.2128205128205128,798,18,798,0.16666666666666666,0.375,16.625,0.2222222222222222,0.16666666666666666,7.388888888888889,0.2777777777777778,0.125,5.541666666666667,0.3888888888888889,0.0875,3.8791666666666664,0.6666666666666666,0.075,3.325,0.130343991605245,0.6977207977207976,0.0826446280991735,0.0446428571428571,0.5555555555555556,0.2222222222222222,0.05,0.0923016982984661,0.1504985754985756,0.04933506733229859,0.02798284118116525,0.16666666666666663,0.16666666666666669,0.03749999999999999
pooled,2026,2,logistic_balanced,with_side,0.9964112477864004,inner_f1,0.2226456899037111,0.8482193732193732,0.13981122968294016,0.42444122634126996,0.2,1.0,0.1111111111111111,0.32996624364175287,780,0,16,2,0.8888888888888888,0.0,798,18,798,0.16666666666666666,0.375,16.625,0.2222222222222222,0.16666666666666666,7.388888888888889,0.2777777777777778,0.125,5.541666666666667,0.3888888888888889,0.0875,3.8791666666666664,0.6666666666666666,0.075,3.325,0.130343991605245,0.6977207977207976,0.0,0.0,0.0,0.2222222222222222,0.05,0.0923016982984661,0.1504985754985756,0.2,1.0,0.1111111111111111,0.16666666666666669,0.03749999999999999
pooled,2026,2,xgboost,with_side,0.018567169085144997,fixed_0.5,0.06726303953916177,0.8157407407407408,0.021688541494285375,0.09706250167919864,0.0,0.0,0.0,0.0,780,0,18,0,1.0,0.0,798,18,798,0.0,0.0,0.0,0.05555555555555555,0.041666666666666664,1.8472222222222223,0.2222222222222222,0.1,4.433333333333334,0.2777777777777778,0.0625,2.7708333333333335,0.5555555555555556,0.0625,2.7708333333333335,0.0826387109108109,0.7331908831908831,0.0,0.0,0.0,0.3333333333333333,0.075,-0.015375671371649136,0.08254985754985766,0.0,0.0,0.0,-0.055555555555555525,-0.012499999999999997
pooled,2026,2,xgboost,with_side,0.018567169085144997,inner_f1,0.06726303953916177,0.8157407407407408,0.021688541494285375,0.09706250167919864,0.11764705882352941,0.06403940886699508,0.7222222222222222,0.16318461731115494,590,190,5,13,0.2777777777777778,0.24358974358974358,798,18,798,0.0,0.0,0.0,0.05555555555555555,0.041666666666666664,1.8472222222222223,0.2222222222222222,0.1,4.433333333333334,0.2777777777777778,0.0625,2.7708333333333335,0.5555555555555556,0.0625,2.7708333333333335,0.0826387109108109,0.7331908831908831,0.0732984293193717,0.0384615384615384,0.7777777777777778,0.3333333333333333,0.075,-0.015375671371649136,0.08254985754985766,0.044348629504157716,0.025577870405456678,-0.05555555555555558,-0.055555555555555525,-0.012499999999999997
pooled,2026,2,xgboost_balanced,with_side,0.37867531180381775,fixed_0.5,0.06752726348063799,0.7786324786324786,0.04786066613847797,0.1663254894851729,0.037037037037037035,0.027777777777777776,0.05555555555555555,0.0076432659119051475,745,35,17,1,0.9444444444444444,0.04487179487179487,798,18,798,0.0,0.0,0.0,0.05555555555555555,0.041666666666666664,1.8472222222222223,0.05555555555555555,0.025,1.1083333333333334,0.3888888888888889,0.0875,3.8791666666666664,0.5555555555555556,0.0625,2.7708333333333335,0.0393571442298718,0.6757834757834758,0.0344827586206896,0.025,0.0555555555555555,0.1111111111111111,0.025,0.028170119250766193,0.10284900284900289,0.002554278416347436,0.002777777777777775,5.551115123125783e-17,0.2777777777777778,0.06249999999999999
pooled,2026,2,xgboost_balanced,with_side,0.37867531180381775,inner_f1,0.06752726348063799,0.7786324786324786,0.04786066613847797,0.1663254894851729,0.14814814814814814,0.09523809523809523,0.3333333333333333,0.14330820122114624,723,57,12,6,0.6666666666666666,0.07307692307692308,798,18,798,0.0,0.0,0.0,0.05555555555555555,0.041666666666666664,1.8472222222222223,0.05555555555555555,0.025,1.1083333333333334,0.3888888888888889,0.0875,3.8791666666666664,0.5555555555555556,0.0625,2.7708333333333335,0.0393571442298718,0.6757834757834758,0.037037037037037,0.0222222222222222,0.1111111111111111,0.1111111111111111,0.025,0.028170119250766193,0.10284900284900289,0.11111111111111113,0.07301587301587303,0.2222222222222222,0.2777777777777778,0.06249999999999999
pooled,2026,2,extratrees,with_side,0.028,fixed_0.5,0.2824923556948081,0.8487535612535613,0.019233076234873338,0.08778902384194956,0.0,0.0,0.0,0.0,780,0,18,0,1.0,0.0,798,18,283,0.2222222222222222,0.5,22.166666666666668,0.2222222222222222,0.16666666666666666,7.388888888888889,0.2777777777777778,0.125,5.541666666666667,0.3888888888888889,0.0875,3.8791666666666664,0.6111111111111112,0.06875,3.047916666666667,0.2745977800493404,0.7362535612535612,0.0,0.0,0.0,0.3333333333333333,0.075,0.007894575645467694,0.11250000000000004,0.0,0.0,0.0,0.05555555555555558,0.012499999999999997
pooled,2026,2,extratrees,with_side,0.028,inner_f1,0.2824923556948081,0.8487535612535613,0.019233076234873338,0.08778902384194956,0.12021857923497267,0.06666666666666667,0.6111111111111112,0.15166983932258338,626,154,7,11,0.3888888888888889,0.19743589743589743,798,18,283,0.2222222222222222,0.5,22.166666666666668,0.2222222222222222,0.16666666666666666,7.388888888888889,0.2777777777777778,0.125,5.541666666666667,0.3888888888888889,0.0875,3.8791666666666664,0.6111111111111112,0.06875,3.047916666666667,0.2745977800493404,0.7362535612535612,0.0895522388059701,0.0517241379310344,0.3333333333333333,0.3333333333333333,0.075,0.007894575645467694,0.11250000000000004,0.03066634042900257,0.014942528735632267,0.27777777777777785,0.05555555555555558,0.012499999999999997
pooled,2026,2,extratrees_balanced,with_side,0.7621966481571235,fixed_0.5,0.08016638605020152,0.8508547008547008,0.07681110830116664,0.2127784079334227,0.12598425196850394,0.07339449541284404,0.4444444444444444,0.13617968473459616,679,101,10,8,0.5555555555555556,0.1294871794871795,798,18,278,0.0,0.0,0.0,0.1111111111111111,0.08333333333333333,3.6944444444444446,0.1111111111111111,0.05,2.216666666666667,0.3333333333333333,0.075,3.325,0.6111111111111112,0.06875,3.047916666666667,0.0345162641370229,0.6767806267806268,0.0,0.0,0.0,0.0,0.0,0.04565012191317862,0.17407407407407405,0.12598425196850394,0.07339449541284404,0.4444444444444444,0.3333333333333333,0.075
pooled,2026,2,extratrees_balanced,with_side,0.7621966481571235,inner_f1,0.08016638605020152,0.8508547008547008,0.07681110830116664,0.2127784079334227,0.0,0.0,0.0,-0.021729291497670916,764,16,18,0,1.0,0.020512820512820513,798,18,278,0.0,0.0,0.0,0.1111111111111111,0.08333333333333333,3.6944444444444446,0.1111111111111111,0.05,2.216666666666667,0.3333333333333333,0.075,3.325,0.6111111111111112,0.06875,3.047916666666667,0.0345162641370229,0.6767806267806268,0.0543478260869565,0.0301204819277108,0.2777777777777778,0.0,0.0,0.04565012191317862,0.17407407407407405,-0.0543478260869565,-0.0301204819277108,-0.2777777777777778,0.3333333333333333,0.075
pooled,2026,2,catboost,with_side,0.023004815278409158,fixed_0.5,0.2795006576322142,0.8542022792022792,0.01811046428234321,0.0802992638424268,0.2,1.0,0.1111111111111111,0.32996624364175287,780,0,16,2,0.8888888888888888,0.0,798,18,798,0.2222222222222222,0.5,22.166666666666668,0.2222222222222222,0.16666666666666666,7.388888888888889,0.2222222222222222,0.1,4.433333333333334,0.2777777777777778,0.0625,2.7708333333333335,0.6111111111111112,0.06875,3.047916666666667,0.2523314986406624,0.6867521367521368,0.3636363636363636,1.0,0.2222222222222222,0.2777777777777778,0.0625,0.02716915899155181,0.16745014245014245,-0.16363636363636358,0.0,-0.1111111111111111,0.0,0.0
pooled,2026,2,catboost,with_side,0.023004815278409158,inner_f1,0.2795006576322142,0.8542022792022792,0.01811046428234321,0.0802992638424268,0.12834224598930483,0.07100591715976332,0.6666666666666666,0.16913243490696622,623,157,6,12,0.3333333333333333,0.2012820512820513,798,18,798,0.2222222222222222,0.5,22.166666666666668,0.2222222222222222,0.16666666666666666,7.388888888888889,0.2222222222222222,0.1,4.433333333333334,0.2777777777777778,0.0625,2.7708333333333335,0.6111111111111112,0.06875,3.047916666666667,0.2523314986406624,0.6867521367521368,0.0685483870967741,0.0355648535564853,0.9444444444444444,0.2777777777777778,0.0625,0.02716915899155181,0.16745014245014245,0.05979385889253072,0.03544106360327801,-0.2777777777777778,0.0,0.0
pooled,2026,2,catboost_balanced,with_side,0.34462918618597727,fixed_0.5,0.05634260052799121,0.7608974358974359,0.0574044129759632,0.19310239081676278,0.08571428571428572,0.057692307692307696,0.16666666666666666,0.062474513736928035,731,49,15,3,0.8333333333333334,0.06282051282051282,798,18,798,0.0,0.0,0.0,0.05555555555555555,0.041666666666666664,1.8472222222222223,0.16666666666666666,0.075,3.325,0.2777777777777778,0.0625,2.7708333333333335,0.4444444444444444,0.05,2.216666666666667,0.0447067498178265,0.6997150997150998,0.025,0.0161290322580645,0.0555555555555555,0.0555555555555555,0.0125,0.011635850710164715,0.06118233618233604,0.060714285714285714,0.041563275434243194,0.11111111111111116,0.2222222222222223,0.05
pooled,2026,2,catboost_balanced,with_side,0.34462918618597727,inner_f1,0.05634260052799121,0.7608974358974359,0.0574044129759632,0.19310239081676278,0.10526315789473684,0.06086956521739131,0.3888888888888889,0.10587807593132849,672,108,11,7,0.6111111111111112,0.13846153846153847,798,18,798,0.0,0.0,0.0,0.05555555555555555,0.041666666666666664,1.8472222222222223,0.16666666666666666,0.075,3.325,0.2777777777777778,0.0625,2.7708333333333335,0.4444444444444444,0.05,2.216666666666667,0.0447067498178265,0.6997150997150998,0.0,0.0,0.0,0.0555555555555555,0.0125,0.011635850710164715,0.06118233618233604,0.10526315789473684,0.06086956521739131,0.3888888888888889,0.2222222222222223,0.05
pooled,2026,2,lightgbm,with_side,0.03184211402023111,fixed_0.5,0.06479971681975226,0.8064102564102564,0.021940261505645098,0.10019863503553392,0.0,0.0,0.0,0.0,780,0,18,0,1.0,0.0,798,18,798,0.0,0.0,0.0,0.05555555555555555,0.041666666666666664,1.8472222222222223,0.2222222222222222,0.1,4.433333333333334,0.2222222222222222,0.05,2.216666666666667,0.5555555555555556,0.0625,2.7708333333333335,0.0438408890008121,0.6972934472934473,0.0,0.0,0.0,0.2222222222222222,0.05,0.020958827818940158,0.1091168091168091,0.0,0.0,0.0,0.0,0.0
pooled,2026,2,lightgbm,with_side,0.03184211402023111,inner_f1,0.06479971681975226,0.8064102564102564,0.021940261505645098,0.10019863503553392,0.08791208791208792,0.0547945205479452,0.2222222222222222,0.06889403172292556,711,69,14,4,0.7777777777777778,0.08846153846153847,798,18,798,0.0,0.0,0.0,0.05555555555555555,0.041666666666666664,1.8472222222222223,0.2222222222222222,0.1,4.433333333333334,0.2222222222222222,0.05,2.216666666666667,0.5555555555555556,0.0625,2.7708333333333335,0.0438408890008121,0.6972934472934473,0.0769230769230769,0.0465116279069767,0.2222222222222222,0.2222222222222222,0.05,0.020958827818940158,0.1091168091168091,0.01098901098901102,0.0082828926409685,0.0,0.0,0.0
pooled,2026,2,lightgbm_balanced,with_side,0.34821131627990665,fixed_0.5,0.05512291363821231,0.7668091168091168,0.05084587979023079,0.17706237169233022,0.07142857142857142,0.05263157894736842,0.1111111111111111,0.04529108136578383,744,36,16,2,0.8888888888888888,0.046153846153846156,798,18,798,0.0,0.0,0.0,0.05555555555555555,0.041666666666666664,1.8472222222222223,0.1111111111111111,0.05,2.216666666666667,0.2777777777777778,0.0625,2.7708333333333335,0.5,0.05625,2.4937500000000004,0.0371453185463663,0.6586894586894587,0.032258064516129,0.0227272727272727,0.0555555555555555,0.1111111111111111,0.025,0.01797759509184601,0.10811965811965807,0.03917050691244243,0.029904306220095718,0.05555555555555561,0.16666666666666669,0.0375
pooled,2026,2,lightgbm_balanced,with_side,0.34821131627990665,inner_f1,0.05512291363821231,0.7668091168091168,0.05084587979023079,0.17706237169233022,0.08791208791208792,0.0547945205479452,0.2222222222222222,0.06889403172292556,711,69,14,4,0.7777777777777778,0.08846153846153847,798,18,798,0.0,0.0,0.0,0.05555555555555555,0.041666666666666664,1.8472222222222223,0.1111111111111111,0.05,2.216666666666667,0.2777777777777778,0.0625,2.7708333333333335,0.5,0.05625,2.4937500000000004,0.0371453185463663,0.6586894586894587,0.0769230769230769,0.0446428571428571,0.2777777777777778,0.1111111111111111,0.025,0.01797759509184601,0.10811965811965807,0.01098901098901102,0.0101516634050881,-0.05555555555555558,0.16666666666666669,0.0375
