scenario,seed,fold,model,variant,inner_precision95,inner_recall95,inner_ap,policy,threshold,ap,roc_auc,brier,log_loss,f1,precision,recall,mcc,tn,fp,fn,tp,fnr,fpr,rows,positives,unique_scores,recall_at_1pct,precision_at_1pct,lift_at_1pct,recall_at_3pct,precision_at_3pct,lift_at_3pct,recall_at_5pct,precision_at_5pct,lift_at_5pct,recall_at_10pct,precision_at_10pct,lift_at_10pct,recall_at_20pct,precision_at_20pct,lift_at_20pct,inspection_fraction,recall95_met
cn7,42,0,catboost_balanced,reference,0.04,1.0,0.276766446380417,fixed_0.5,0.5,0.6909090909090909,0.993483709273183,0.01367157803909105,0.05088153475917134,0.5882352941176471,0.4166666666666667,1.0,0.6398099132915954,392,7,0,5,0.0,0.017543859649122806,404,5,404,0.4,0.4,32.32,1.0,0.38461538461538464,31.076923076923077,1.0,0.23809523809523808,19.238095238095237,1.0,0.12195121951219512,9.853658536585366,1.0,0.06172839506172839,4.987654320987653,0.0297029702970297,True
cn7,42,0,catboost_balanced,reference,0.04,1.0,0.276766446380417,inner_f1,0.22308219448338998,0.6909090909090909,0.993483709273183,0.01367157803909105,0.05088153475917134,0.3448275862068966,0.20833333333333334,1.0,0.445435403187374,380,19,0,5,0.0,0.047619047619047616,404,5,404,0.4,0.4,32.32,1.0,0.38461538461538464,31.076923076923077,1.0,0.23809523809523808,19.238095238095237,1.0,0.12195121951219512,9.853658536585366,1.0,0.06172839506172839,4.987654320987653,0.0594059405940594,True
cn7,42,0,catboost_balanced,reference,0.04,1.0,0.276766446380417,inner_recall95,0.005646697998323797,0.6909090909090909,0.993483709273183,0.01367157803909105,0.05088153475917134,0.06535947712418301,0.033783783783783786,1.0,0.14722707342569627,256,143,0,5,0.0,0.3583959899749373,404,5,404,0.4,0.4,32.32,1.0,0.38461538461538464,31.076923076923077,1.0,0.23809523809523808,19.238095238095237,1.0,0.12195121951219512,9.853658536585366,1.0,0.06172839506172839,4.987654320987653,0.36633663366336633,True
cn7,42,1,catboost_balanced,reference,0.06172839506172839,1.0,0.4228054453543176,fixed_0.5,0.5,0.5239598538470719,0.9856063332133862,0.012779683963786748,0.047168841299066885,0.36363636363636365,0.5,0.2857142857142857,0.3699051160639013,395,2,5,2,0.7142857142857143,0.005037783375314861,404,7,404,0.2857142857142857,0.4,23.085714285714285,0.7142857142857143,0.38461538461538464,22.197802197802197,1.0,0.3333333333333333,19.238095238095234,1.0,0.17073170731707318,9.853658536585366,1.0,0.08641975308641975,4.987654320987653,0.009900990099009901,False
cn7,42,1,catboost_balanced,reference,0.06172839506172839,1.0,0.4228054453543176,inner_f1,0.7918313162388438,0.5239598538470719,0.9856063332133862,0.012779683963786748,0.047168841299066885,0.0,0.0,0.0,0.0,397,0,7,0,1.0,0.0,404,7,404,0.2857142857142857,0.4,23.085714285714285,0.7142857142857143,0.38461538461538464,22.197802197802197,1.0,0.3333333333333333,19.238095238095234,1.0,0.17073170731707318,9.853658536585366,1.0,0.08641975308641975,4.987654320987653,0.0,False
cn7,42,1,catboost_balanced,reference,0.06172839506172839,1.0,0.4228054453543176,inner_recall95,0.014798733817199927,0.5239598538470719,0.9856063332133862,0.012779683963786748,0.047168841299066885,0.15217391304347827,0.08235294117647059,1.0,0.25724067784033194,319,78,0,7,0.0,0.1964735516372796,404,7,404,0.2857142857142857,0.4,23.085714285714285,0.7142857142857143,0.38461538461538464,22.197802197802197,1.0,0.3333333333333333,19.238095238095234,1.0,0.17073170731707318,9.853658536585366,1.0,0.08641975308641975,4.987654320987653,0.2103960396039604,True
cn7,42,2,catboost_balanced,reference,0.10714285714285714,1.0,0.26023670410925315,fixed_0.5,0.5,0.523030303030303,0.9597989949748744,0.019620146085421192,0.06759045850682524,0.26666666666666666,0.2,0.4,0.2703329490340776,390,8,3,2,0.6,0.020100502512562814,403,5,403,0.4,0.4,32.24,0.6,0.23076923076923078,18.6,0.8,0.19047619047619047,15.352380952380951,0.8,0.0975609756097561,7.863414634146341,1.0,0.06172839506172839,4.975308641975308,0.02481389578163772,False
cn7,42,2,catboost_balanced,reference,0.10714285714285714,1.0,0.26023670410925315,inner_f1,0.22853357837033347,0.523030303030303,0.9597989949748744,0.019620146085421192,0.06759045850682524,0.3076923076923077,0.19047619047619047,0.8,0.37717715927958223,381,17,1,4,0.2,0.04271356783919598,403,5,403,0.4,0.4,32.24,0.6,0.23076923076923078,18.6,0.8,0.19047619047619047,15.352380952380951,0.8,0.0975609756097561,7.863414634146341,1.0,0.06172839506172839,4.975308641975308,0.052109181141439205,False
cn7,42,2,catboost_balanced,reference,0.10714285714285714,1.0,0.26023670410925315,inner_recall95,0.039477991258272754,0.523030303030303,0.9597989949748744,0.019620146085421192,0.06759045850682524,0.12698412698412698,0.06896551724137931,0.8,0.2094987194107399,344,54,1,4,0.2,0.135678391959799,403,5,403,0.4,0.4,32.24,0.6,0.23076923076923078,18.6,0.8,0.19047619047619047,15.352380952380951,0.8,0.0975609756097561,7.863414634146341,1.0,0.06172839506172839,4.975308641975308,0.14392059553349876,False
cn7,1729,0,catboost_balanced,reference,0.16470588235294117,1.0,0.22560265791832612,fixed_0.5,0.5,0.7666666666666666,0.9941812136325852,0.012914525516428063,0.04739656653457417,0.4,0.25,1.0,0.49435718608251406,392,9,0,3,0.0,0.022443890274314215,404,3,404,0.6666666666666666,0.4,53.866666666666674,1.0,0.23076923076923078,31.07692307692308,1.0,0.14285714285714285,19.238095238095237,1.0,0.07317073170731707,9.853658536585366,1.0,0.037037037037037035,4.987654320987654,0.0297029702970297,True
cn7,1729,0,catboost_balanced,reference,0.16470588235294117,1.0,0.22560265791832612,inner_f1,0.33020953020611093,0.7666666666666666,0.9941812136325852,0.012914525516428063,0.04739656653457417,0.3333333333333333,0.2,1.0,0.4404712959927312,389,12,0,3,0.0,0.029925187032418952,404,3,404,0.6666666666666666,0.4,53.866666666666674,1.0,0.23076923076923078,31.07692307692308,1.0,0.14285714285714285,19.238095238095237,1.0,0.07317073170731707,9.853658536585366,1.0,0.037037037037037035,4.987654320987654,0.03712871287128713,True
cn7,1729,0,catboost_balanced,reference,0.16470588235294117,1.0,0.22560265791832612,inner_recall95,0.09714650629518597,0.7666666666666666,0.9941812136325852,0.012914525516428063,0.04739656653457417,0.14285714285714285,0.07692307692307693,1.0,0.2646077559917325,365,36,0,3,0.0,0.08977556109725686,404,3,404,0.6666666666666666,0.4,53.866666666666674,1.0,0.23076923076923078,31.07692307692308,1.0,0.14285714285714285,19.238095238095237,1.0,0.07317073170731707,9.853658536585366,1.0,0.037037037037037035,4.987654320987654,0.09653465346534654,True
cn7,1729,1,catboost_balanced,reference,0.011272141706924315,1.0,0.4238195383434896,fixed_0.5,0.5,0.42377429158501256,0.951522842639594,0.01872386491953319,0.06839989144362556,0.3333333333333333,1.0,0.2,0.4427413471740723,394,0,8,2,0.8,0.0,404,10,404,0.3,0.6,24.24,0.4,0.3076923076923077,12.430769230769231,0.4,0.19047619047619047,7.6952380952380945,0.8,0.1951219512195122,7.882926829268293,1.0,0.12345679012345678,4.987654320987653,0.0049504950495049506,False
cn7,1729,1,catboost_balanced,reference,0.011272141706924315,1.0,0.4238195383434896,inner_f1,0.4970160580813185,0.42377429158501256,0.951522842639594,0.01872386491953319,0.06839989144362556,0.3333333333333333,1.0,0.2,0.4427413471740723,394,0,8,2,0.8,0.0,404,10,404,0.3,0.6,24.24,0.4,0.3076923076923077,12.430769230769231,0.4,0.19047619047619047,7.6952380952380945,0.8,0.1951219512195122,7.882926829268293,1.0,0.12345679012345678,4.987654320987653,0.0049504950495049506,False
cn7,1729,1,catboost_balanced,reference,0.011272141706924315,1.0,0.4238195383434896,inner_recall95,0.0007367648599784601,0.42377429158501256,0.951522842639594,0.01872386491953319,0.06839989144362556,0.06389776357827476,0.033003300330033,1.0,0.09197954602319379,101,293,0,10,0.0,0.7436548223350253,404,10,404,0.3,0.6,24.24,0.4,0.3076923076923077,12.430769230769231,0.4,0.19047619047619047,7.6952380952380945,0.8,0.1951219512195122,7.882926829268293,1.0,0.12345679012345678,4.987654320987653,0.75,True
cn7,1729,2,catboost_balanced,reference,0.09774436090225563,1.0,0.2869067167650164,fixed_0.5,0.5,0.5059523809523809,0.9536340852130326,0.018599419309180864,0.0654039915024589,0.35294117647058826,0.23076923076923078,0.75,0.4067363020210857,389,10,1,3,0.25,0.02506265664160401,403,4,403,0.5,0.4,40.300000000000004,0.75,0.23076923076923078,23.25,0.75,0.14285714285714285,14.392857142857142,0.75,0.07317073170731707,7.371951219512194,1.0,0.04938271604938271,4.9753086419753085,0.03225806451612903,False
cn7,1729,2,catboost_balanced,reference,0.09774436090225563,1.0,0.2869067167650164,inner_f1,0.46440220212354333,0.5059523809523809,0.9536340852130326,0.018599419309180864,0.0654039915024589,0.35294117647058826,0.23076923076923078,0.75,0.4067363020210857,389,10,1,3,0.25,0.02506265664160401,403,4,403,0.5,0.4,40.300000000000004,0.75,0.23076923076923078,23.25,0.75,0.14285714285714285,14.392857142857142,0.75,0.07317073170731707,7.371951219512194,1.0,0.04938271604938271,4.9753086419753085,0.03225806451612903,False
cn7,1729,2,catboost_balanced,reference,0.09774436090225563,1.0,0.2869067167650164,inner_recall95,0.031388234939605714,0.5059523809523809,0.9536340852130326,0.018599419309180864,0.0654039915024589,0.08955223880597014,0.047619047619047616,0.75,0.16367628568890044,339,60,1,3,0.25,0.15037593984962405,403,4,403,0.5,0.4,40.300000000000004,0.75,0.23076923076923078,23.25,0.75,0.14285714285714285,14.392857142857142,0.75,0.07317073170731707,7.371951219512194,1.0,0.04938271604938271,4.9753086419753085,0.15632754342431762,False
cn7,2026,0,catboost_balanced,reference,0.12037037037037036,1.0,0.40121239487188554,fixed_0.5,0.5,0.6201298701298701,0.951875,0.014971408695858321,0.05646538685302996,0.46153846153846156,0.3333333333333333,0.75,0.49309151331809503,394,6,1,3,0.25,0.015,404,4,404,0.5,0.4,40.4,0.75,0.23076923076923078,23.30769230769231,0.75,0.14285714285714285,14.428571428571427,0.75,0.07317073170731707,7.390243902439024,1.0,0.04938271604938271,4.987654320987654,0.022277227722772276,False
cn7,2026,0,catboost_balanced,reference,0.12037037037037036,1.0,0.40121239487188554,inner_f1,0.3650391099556295,0.6201298701298701,0.951875,0.014971408695858321,0.05646538685302996,0.375,0.25,0.75,0.4242866161606576,391,9,1,3,0.25,0.0225,404,4,404,0.5,0.4,40.4,0.75,0.23076923076923078,23.30769230769231,0.75,0.14285714285714285,14.428571428571427,0.75,0.07317073170731707,7.390243902439024,1.0,0.04938271604938271,4.987654320987654,0.0297029702970297,False
cn7,2026,0,catboost_balanced,reference,0.12037037037037036,1.0,0.40121239487188554,inner_recall95,0.04065732704382483,0.6201298701298701,0.951875,0.014971408695858321,0.05646538685302996,0.10909090909090909,0.058823529411764705,0.75,0.1878140595904276,352,48,1,3,0.25,0.12,404,4,404,0.5,0.4,40.4,0.75,0.23076923076923078,23.30769230769231,0.75,0.14285714285714285,14.428571428571427,0.75,0.07317073170731707,7.390243902439024,1.0,0.04938271604938271,4.987654320987654,0.12623762376237624,False
cn7,2026,1,catboost_balanced,reference,0.03333333333333333,1.0,0.43118719780579917,fixed_0.5,0.5,0.2591824479079381,0.9644053601340034,0.02375344027393969,0.07446601909078536,0.2857142857142857,0.2,0.5,0.30057666777123393,386,12,3,3,0.5,0.03015075376884422,404,6,404,0.16666666666666666,0.2,13.466666666666669,0.5,0.23076923076923078,15.53846153846154,0.6666666666666666,0.19047619047619047,12.825396825396826,1.0,0.14634146341463414,9.853658536585366,1.0,0.07407407407407407,4.987654320987654,0.03712871287128713,False
cn7,2026,1,catboost_balanced,reference,0.03333333333333333,1.0,0.43118719780579917,inner_f1,0.6031646821477011,0.2591824479079381,0.9644053601340034,0.02375344027393969,0.07446601909078536,0.23529411764705882,0.18181818181818182,0.3333333333333333,0.23093732250541646,389,9,4,2,0.6666666666666666,0.022613065326633167,404,6,404,0.16666666666666666,0.2,13.466666666666669,0.5,0.23076923076923078,15.53846153846154,0.6666666666666666,0.19047619047619047,12.825396825396826,1.0,0.14634146341463414,9.853658536585366,1.0,0.07407407407407407,4.987654320987654,0.027227722772277228,False
cn7,2026,1,catboost_balanced,reference,0.03333333333333333,1.0,0.43118719780579917,inner_recall95,0.00426072639981844,0.2591824479079381,0.9644053601340034,0.02375344027393969,0.07446601909078536,0.08888888888888889,0.046511627906976744,1.0,0.17926915892802175,275,123,0,6,0.0,0.30904522613065327,404,6,404,0.16666666666666666,0.2,13.466666666666669,0.5,0.23076923076923078,15.53846153846154,0.6666666666666666,0.19047619047619047,12.825396825396826,1.0,0.14634146341463414,9.853658536585366,1.0,0.07407407407407407,4.987654320987654,0.3193069306930693,True
cn7,2026,2,catboost_balanced,reference,0.014164305949008499,1.0,0.1419813090614803,fixed_0.5,0.5,0.6732993197278911,0.988095238095238,0.010957052001849224,0.04369592309432834,0.5454545454545454,0.75,0.42857142857142855,0.5614832966572973,395,1,4,3,0.5714285714285714,0.0025252525252525255,403,7,403,0.42857142857142855,0.6,34.54285714285714,0.7142857142857143,0.38461538461538464,22.142857142857142,1.0,0.3333333333333333,19.19047619047619,1.0,0.17073170731707318,9.829268292682928,1.0,0.08641975308641975,4.9753086419753085,0.009925558312655087,False
cn7,2026,2,catboost_balanced,reference,0.014164305949008499,1.0,0.1419813090614803,inner_f1,0.2917357913699322,0.6732993197278911,0.988095238095238,0.010957052001849224,0.04369592309432834,0.5217391304347826,0.375,0.8571428571428571,0.5566051446384315,386,10,1,6,0.14285714285714285,0.025252525252525252,403,7,403,0.42857142857142855,0.6,34.54285714285714,0.7142857142857143,0.38461538461538464,22.142857142857142,1.0,0.3333333333333333,19.19047619047619,1.0,0.17073170731707318,9.829268292682928,1.0,0.08641975308641975,4.9753086419753085,0.03970223325062035,False
cn7,2026,2,catboost_balanced,reference,0.014164305949008499,1.0,0.1419813090614803,inner_recall95,0.0009036992900298002,0.6732993197278911,0.988095238095238,0.010957052001849224,0.04369592309432834,0.03814713896457766,0.019444444444444445,1.0,0.04594988242340809,43,353,0,7,0.0,0.8914141414141414,403,7,403,0.42857142857142855,0.6,34.54285714285714,0.7142857142857143,0.38461538461538464,22.142857142857142,1.0,0.3333333333333333,19.19047619047619,1.0,0.17073170731707318,9.829268292682928,1.0,0.08641975308641975,4.9753086419753085,0.8933002481389578,True
rg3,42,0,xgboost_balanced,reference,0.043689320388349516,1.0,0.06344647618712024,fixed_0.5,0.5,0.04498898052782758,0.7356958287190846,0.05659687556157089,0.19008548579210713,0.07692307692307693,0.05263157894736842,0.14285714285714285,0.059407813771606456,369,18,6,1,0.8571428571428571,0.046511627906976744,394,7,394,0.0,0.0,0.0,0.14285714285714285,0.08333333333333333,4.69047619047619,0.14285714285714285,0.05,2.814285714285714,0.14285714285714285,0.025,1.407142857142857,0.14285714285714285,0.012658227848101266,0.7124773960216998,0.048223350253807105,False
rg3,42,0,xgboost_balanced,reference,0.043689320388349516,1.0,0.06344647618712024,inner_f1,0.7931922674179077,0.04498898052782758,0.7356958287190846,0.05659687556157089,0.19008548579210713,0.0,0.0,0.0,-0.009606506961737248,385,2,7,0,1.0,0.00516795865633075,394,7,394,0.0,0.0,0.0,0.14285714285714285,0.08333333333333333,4.69047619047619,0.14285714285714285,0.05,2.814285714285714,0.14285714285714285,0.025,1.407142857142857,0.14285714285714285,0.012658227848101266,0.7124773960216998,0.005076142131979695,False
rg3,42,0,xgboost_balanced,reference,0.043689320388349516,1.0,0.06344647618712024,inner_recall95,0.022802885621786118,0.04498898052782758,0.7356958287190846,0.05659687556157089,0.19008548579210713,0.06635071090047394,0.03431372549019608,1.0,0.12979419052643118,190,197,0,7,0.0,0.5090439276485789,394,7,394,0.0,0.0,0.0,0.14285714285714285,0.08333333333333333,4.69047619047619,0.14285714285714285,0.05,2.814285714285714,0.14285714285714285,0.025,1.407142857142857,0.14285714285714285,0.012658227848101266,0.7124773960216998,0.5177664974619289,True
rg3,42,0,xgboost_balanced,raw,0.043689320388349516,1.0,0.06344647618712024,fixed_0.5,0.5,0.04498898052782758,0.7356958287190846,0.05659687556157089,0.19008548579210713,0.07692307692307693,0.05263157894736842,0.14285714285714285,0.059407813771606456,369,18,6,1,0.8571428571428571,0.046511627906976744,394,7,394,0.0,0.0,0.0,0.14285714285714285,0.08333333333333333,4.69047619047619,0.14285714285714285,0.05,2.814285714285714,0.14285714285714285,0.025,1.407142857142857,0.14285714285714285,0.012658227848101266,0.7124773960216998,0.048223350253807105,False
rg3,42,0,xgboost_balanced,raw,0.043689320388349516,1.0,0.06344647618712024,inner_f1,0.7931922674179077,0.04498898052782758,0.7356958287190846,0.05659687556157089,0.19008548579210713,0.0,0.0,0.0,-0.009606506961737248,385,2,7,0,1.0,0.00516795865633075,394,7,394,0.0,0.0,0.0,0.14285714285714285,0.08333333333333333,4.69047619047619,0.14285714285714285,0.05,2.814285714285714,0.14285714285714285,0.025,1.407142857142857,0.14285714285714285,0.012658227848101266,0.7124773960216998,0.005076142131979695,False
rg3,42,0,xgboost_balanced,raw,0.043689320388349516,1.0,0.06344647618712024,inner_recall95,0.022802885621786118,0.04498898052782758,0.7356958287190846,0.05659687556157089,0.19008548579210713,0.06635071090047394,0.03431372549019608,1.0,0.12979419052643118,190,197,0,7,0.0,0.5090439276485789,394,7,394,0.0,0.0,0.0,0.14285714285714285,0.08333333333333333,4.69047619047619,0.14285714285714285,0.05,2.814285714285714,0.14285714285714285,0.025,1.407142857142857,0.14285714285714285,0.012658227848101266,0.7124773960216998,0.5177664974619289,True
rg3,42,0,xgboost_balanced,raw_engineered,0.0430622009569378,1.0,0.049122192506052854,fixed_0.5,0.5,0.0317609010268178,0.7021040974529347,0.047045381623474526,0.1687209118037452,0.0,0.0,0.0,-0.024842924861035336,374,13,7,0,1.0,0.03359173126614987,394,7,394,0.0,0.0,0.0,0.0,0.0,0.0,0.0,0.0,0.0,0.0,0.0,0.0,0.14285714285714285,0.012658227848101266,0.7124773960216998,0.03299492385786802,False
rg3,42,0,xgboost_balanced,raw_engineered,0.0430622009569378,1.0,0.049122192506052854,inner_f1,0.5076043009757996,0.0317609010268178,0.7021040974529347,0.047045381623474526,0.1687209118037452,0.0,0.0,0.0,-0.024842924861035336,374,13,7,0,1.0,0.03359173126614987,394,7,394,0.0,0.0,0.0,0.0,0.0,0.0,0.0,0.0,0.0,0.0,0.0,0.0,0.14285714285714285,0.012658227848101266,0.7124773960216998,0.03299492385786802,False
rg3,42,0,xgboost_balanced,raw_engineered,0.0430622009569378,1.0,0.049122192506052854,inner_recall95,0.018607014790177345,0.0317609010268178,0.7021040974529347,0.047045381623474526,0.1687209118037452,0.06363636363636363,0.03286384976525822,1.0,0.12397754243072458,181,206,0,7,0.0,0.5322997416020672,394,7,394,0.0,0.0,0.0,0.0,0.0,0.0,0.0,0.0,0.0,0.0,0.0,0.0,0.14285714285714285,0.012658227848101266,0.7124773960216998,0.5406091370558376,True
rg3,42,0,xgboost_balanced,raw_engineered_tuned,0.037815126050420166,1.0,0.05524143410009925,fixed_0.5,0.5,0.03153840173689363,0.7039497969730527,0.08697198113384996,0.2718255721082677,0.0,0.0,0.0,-0.04768544650923937,343,44,7,0,1.0,0.11369509043927649,394,7,394,0.0,0.0,0.0,0.0,0.0,0.0,0.0,0.0,0.0,0.0,0.0,0.0,0.14285714285714285,0.012658227848101266,0.7124773960216998,0.1116751269035533,False
rg3,42,0,xgboost_balanced,raw_engineered_tuned,0.037815126050420166,1.0,0.05524143410009925,inner_f1,0.41247060894966125,0.03153840173689363,0.7039497969730527,0.08697198113384996,0.2718255721082677,0.025974025974025976,0.014285714285714285,0.14285714285714285,-0.012247436753534275,318,69,6,1,0.8571428571428571,0.17829457364341086,394,7,394,0.0,0.0,0.0,0.0,0.0,0.0,0.0,0.0,0.0,0.0,0.0,0.0,0.14285714285714285,0.012658227848101266,0.7124773960216998,0.17766497461928935,False
rg3,42,0,xgboost_balanced,raw_engineered_tuned,0.037815126050420166,1.0,0.05524143410009925,inner_recall95,0.03688298910856247,0.03153840173689363,0.7039497969730527,0.08697198113384996,0.2718255721082677,0.05761316872427984,0.029661016949152543,1.0,0.1100439268407745,158,229,0,7,0.0,0.5917312661498708,394,7,394,0.0,0.0,0.0,0.0,0.0,0.0,0.0,0.0,0.0,0.0,0.0,0.0,0.14285714285714285,0.012658227848101266,0.7124773960216998,0.5989847715736041,True
rg3,42,0,xgboost_balanced,raw_engineered_weight,0.03377110694183865,1.0,0.06345230463152497,fixed_0.5,0.5,0.0272189480015392,0.6548541897379107,0.02819113811183387,0.12261025223265888,0.0,0.0,0.0,-0.009606506961737248,385,2,7,0,1.0,0.00516795865633075,394,7,394,0.0,0.0,0.0,0.0,0.0,0.0,0.0,0.0,0.0,0.0,0.0,0.0,0.14285714285714285,0.012658227848101266,0.7124773960216998,0.005076142131979695,False
rg3,42,0,xgboost_balanced,raw_engineered_weight,0.03377110694183865,1.0,0.06345230463152497,inner_f1,0.11165383458137512,0.0272189480015392,0.6548541897379107,0.02819113811183387,0.12261025223265888,0.0,0.0,0.0,-0.055311573687540645,330,57,7,0,1.0,0.14728682170542637,394,7,394,0.0,0.0,0.0,0.0,0.0,0.0,0.0,0.0,0.0,0.0,0.0,0.0,0.14285714285714285,0.012658227848101266,0.7124773960216998,0.1446700507614213,False
rg3,42,0,xgboost_balanced,raw_engineered_weight,0.03377110694183865,1.0,0.06345230463152497,inner_recall95,0.012329153716564178,0.0272189480015392,0.6548541897379107,0.02819113811183387,0.12261025223265888,0.05384615384615385,0.02766798418972332,1.0,0.10040210847862438,141,246,0,7,0.0,0.6356589147286822,394,7,394,0.0,0.0,0.0,0.0,0.0,0.0,0.0,0.0,0.0,0.0,0.0,0.0,0.14285714285714285,0.012658227848101266,0.7124773960216998,0.6421319796954315,True
rg3,42,0,xgboost_balanced,inner_selected,0.043689320388349516,1.0,0.06344647618712024,fixed_0.5,0.5,0.04498898052782758,0.7356958287190846,0.05659687556157089,0.19008548579210713,0.07692307692307693,0.05263157894736842,0.14285714285714285,0.059407813771606456,369,18,6,1,0.8571428571428571,0.046511627906976744,394,7,394,0.0,0.0,0.0,0.14285714285714285,0.08333333333333333,4.69047619047619,0.14285714285714285,0.05,2.814285714285714,0.14285714285714285,0.025,1.407142857142857,0.14285714285714285,0.012658227848101266,0.7124773960216998,0.048223350253807105,False
rg3,42,0,xgboost_balanced,inner_selected,0.043689320388349516,1.0,0.06344647618712024,inner_f1,0.7931922674179077,0.04498898052782758,0.7356958287190846,0.05659687556157089,0.19008548579210713,0.0,0.0,0.0,-0.009606506961737248,385,2,7,0,1.0,0.00516795865633075,394,7,394,0.0,0.0,0.0,0.14285714285714285,0.08333333333333333,4.69047619047619,0.14285714285714285,0.05,2.814285714285714,0.14285714285714285,0.025,1.407142857142857,0.14285714285714285,0.012658227848101266,0.7124773960216998,0.005076142131979695,False
rg3,42,0,xgboost_balanced,inner_selected,0.043689320388349516,1.0,0.06344647618712024,inner_recall95,0.022802885621786118,0.04498898052782758,0.7356958287190846,0.05659687556157089,0.19008548579210713,0.06635071090047394,0.03431372549019608,1.0,0.12979419052643118,190,197,0,7,0.0,0.5090439276485789,394,7,394,0.0,0.0,0.0,0.14285714285714285,0.08333333333333333,4.69047619047619,0.14285714285714285,0.05,2.814285714285714,0.14285714285714285,0.025,1.407142857142857,0.14285714285714285,0.012658227848101266,0.7124773960216998,0.5177664974619289,True
rg3,42,0,svm_rbf,reference,0.04986149584487535,1.0,0.06985807069606019,fixed_0.5,0.5,0.040486288936797725,0.7438169066076044,,,0.0,0.0,0.0,0.0,387,0,7,0,1.0,0.0,394,7,394,0.0,0.0,0.0,0.0,0.0,0.0,0.0,0.0,0.0,0.14285714285714285,0.025,1.407142857142857,0.42857142857142855,0.0379746835443038,2.1374321880650995,0.0,False
rg3,42,0,svm_rbf,reference,0.04986149584487535,1.0,0.06985807069606019,inner_f1,0.271910060380991,0.040486288936797725,0.7438169066076044,,,0.04878048780487805,0.029411764705882353,0.14285714285714285,0.027091271392221002,354,33,6,1,0.8571428571428571,0.08527131782945736,394,7,394,0.0,0.0,0.0,0.0,0.0,0.0,0.0,0.0,0.0,0.14285714285714285,0.025,1.407142857142857,0.42857142857142855,0.0379746835443038,2.1374321880650995,0.08629441624365482,False
rg3,42,0,svm_rbf,reference,0.04986149584487535,1.0,0.06985807069606019,inner_recall95,0.25450440273236313,0.040486288936797725,0.7438169066076044,,,0.060240963855421686,0.031446540880503145,0.7142857142857143,0.08518121415245704,233,154,2,5,0.2857142857142857,0.3979328165374677,394,7,394,0.0,0.0,0.0,0.0,0.0,0.0,0.0,0.0,0.0,0.14285714285714285,0.025,1.407142857142857,0.42857142857142855,0.0379746835443038,2.1374321880650995,0.4035532994923858,False
rg3,42,0,svm_rbf,raw,0.04986149584487535,1.0,0.06985807069606019,fixed_0.5,0.5,0.040486288936797725,0.7438169066076044,,,0.0,0.0,0.0,0.0,387,0,7,0,1.0,0.0,394,7,394,0.0,0.0,0.0,0.0,0.0,0.0,0.0,0.0,0.0,0.14285714285714285,0.025,1.407142857142857,0.42857142857142855,0.0379746835443038,2.1374321880650995,0.0,False
rg3,42,0,svm_rbf,raw,0.04986149584487535,1.0,0.06985807069606019,inner_f1,0.27191006038099025,0.040486288936797725,0.7438169066076044,,,0.04878048780487805,0.029411764705882353,0.14285714285714285,0.027091271392221002,354,33,6,1,0.8571428571428571,0.08527131782945736,394,7,394,0.0,0.0,0.0,0.0,0.0,0.0,0.0,0.0,0.0,0.14285714285714285,0.025,1.407142857142857,0.42857142857142855,0.0379746835443038,2.1374321880650995,0.08629441624365482,False
rg3,42,0,svm_rbf,raw,0.04986149584487535,1.0,0.06985807069606019,inner_recall95,0.25450440273236463,0.040486288936797725,0.7438169066076044,,,0.060240963855421686,0.031446540880503145,0.7142857142857143,0.08518121415245704,233,154,2,5,0.2857142857142857,0.3979328165374677,394,7,394,0.0,0.0,0.0,0.0,0.0,0.0,0.0,0.0,0.0,0.14285714285714285,0.025,1.407142857142857,0.42857142857142855,0.0379746835443038,2.1374321880650995,0.4035532994923858,False
rg3,42,0,svm_rbf,raw_engineered,0.04534005037783375,1.0,0.05122472944079975,fixed_0.5,0.5,0.03657657567695166,0.7323735695828719,,,0.0,0.0,0.0,0.0,387,0,7,0,1.0,0.0,394,7,394,0.0,0.0,0.0,0.0,0.0,0.0,0.0,0.0,0.0,0.14285714285714285,0.025,1.407142857142857,0.2857142857142857,0.02531645569620253,1.4249547920433996,0.0,False
rg3,42,0,svm_rbf,raw_engineered,0.04534005037783375,1.0,0.05122472944079975,inner_f1,0.2656920854736091,0.03657657567695166,0.7323735695828719,,,0.046511627906976744,0.02531645569620253,0.2857142857142857,0.02862164147015751,310,77,5,2,0.7142857142857143,0.19896640826873385,394,7,394,0.0,0.0,0.0,0.0,0.0,0.0,0.0,0.0,0.0,0.14285714285714285,0.025,1.407142857142857,0.2857142857142857,0.02531645569620253,1.4249547920433996,0.20050761421319796,False
rg3,42,0,svm_rbf,raw_engineered,0.04534005037783375,1.0,0.05122472944079975,inner_recall95,0.2523860768912171,0.03657657567695166,0.7323735695828719,,,0.06930693069306931,0.035897435897435895,1.0,0.13586349114581917,199,188,0,7,0.0,0.48578811369509045,394,7,394,0.0,0.0,0.0,0.0,0.0,0.0,0.0,0.0,0.0,0.14285714285714285,0.025,1.407142857142857,0.2857142857142857,0.02531645569620253,1.4249547920433996,0.4949238578680203,True
rg3,42,0,svm_rbf,raw_engineered_tuned,0.045454545454545456,1.0,0.05127401273258746,fixed_0.5,0.5,0.03654990441512117,0.7323735695828717,,,0.0,0.0,0.0,0.0,387,0,7,0,1.0,0.0,394,7,394,0.0,0.0,0.0,0.0,0.0,0.0,0.0,0.0,0.0,0.14285714285714285,0.025,1.407142857142857,0.2857142857142857,0.02531645569620253,1.4249547920433996,0.0,False
rg3,42,0,svm_rbf,raw_engineered_tuned,0.045454545454545456,1.0,0.05127401273258746,inner_f1,0.25925628529102973,0.03654990441512117,0.7323735695828717,,,0.046511627906976744,0.02531645569620253,0.2857142857142857,0.02862164147015751,310,77,5,2,0.7142857142857143,0.19896640826873385,394,7,394,0.0,0.0,0.0,0.0,0.0,0.0,0.0,0.0,0.0,0.14285714285714285,0.025,1.407142857142857,0.2857142857142857,0.02531645569620253,1.4249547920433996,0.20050761421319796,False
rg3,42,0,svm_rbf,raw_engineered_tuned,0.045454545454545456,1.0,0.05127401273258746,inner_recall95,0.22133839957184837,0.03654990441512117,0.7323735695828717,,,0.06930693069306931,0.035897435897435895,1.0,0.13586349114581917,199,188,0,7,0.0,0.48578811369509045,394,7,394,0.0,0.0,0.0,0.0,0.0,0.0,0.0,0.0,0.0,0.14285714285714285,0.025,1.407142857142857,0.2857142857142857,0.02531645569620253,1.4249547920433996,0.4949238578680203,True
rg3,42,0,svm_rbf,raw_engineered_weight,0.026905829596412557,1.0,0.035035193363395556,fixed_0.5,0.5,0.03187548138901029,0.5673680324843116,,,0.0,0.0,0.0,-0.01808785529715762,380,7,7,0,1.0,0.01808785529715762,394,7,394,0.0,0.0,0.0,0.0,0.0,0.0,0.14285714285714285,0.05,2.814285714285714,0.14285714285714285,0.025,1.407142857142857,0.2857142857142857,0.02531645569620253,1.4249547920433996,0.017766497461928935,False
rg3,42,0,svm_rbf,raw_engineered_weight,0.026905829596412557,1.0,0.035035193363395556,inner_f1,0.45477574584955055,0.03187548138901029,0.5673680324843116,,,0.07692307692307693,0.05263157894736842,0.14285714285714285,0.059407813771606456,369,18,6,1,0.8571428571428571,0.046511627906976744,394,7,394,0.0,0.0,0.0,0.0,0.0,0.0,0.14285714285714285,0.05,2.814285714285714,0.14285714285714285,0.025,1.407142857142857,0.2857142857142857,0.02531645569620253,1.4249547920433996,0.048223350253807105,False
rg3,42,0,svm_rbf,raw_engineered_weight,0.026905829596412557,1.0,0.035035193363395556,inner_recall95,0.14981171892047948,0.03187548138901029,0.5673680324843116,,,0.033783783783783786,0.01730103806228374,0.7142857142857143,-0.005845582526720218,103,284,2,5,0.2857142857142857,0.7338501291989664,394,7,394,0.0,0.0,0.0,0.0,0.0,0.0,0.14285714285714285,0.05,2.814285714285714,0.14285714285714285,0.025,1.407142857142857,0.2857142857142857,0.02531645569620253,1.4249547920433996,0.733502538071066,False
rg3,42,0,svm_rbf,inner_selected,0.04986149584487535,1.0,0.06985807069606019,fixed_0.5,0.5,0.040486288936797725,0.7438169066076044,,,0.0,0.0,0.0,0.0,387,0,7,0,1.0,0.0,394,7,394,0.0,0.0,0.0,0.0,0.0,0.0,0.0,0.0,0.0,0.14285714285714285,0.025,1.407142857142857,0.42857142857142855,0.0379746835443038,2.1374321880650995,0.0,False
rg3,42,0,svm_rbf,inner_selected,0.04986149584487535,1.0,0.06985807069606019,inner_f1,0.271910060380991,0.040486288936797725,0.7438169066076044,,,0.04878048780487805,0.029411764705882353,0.14285714285714285,0.027091271392221002,354,33,6,1,0.8571428571428571,0.08527131782945736,394,7,394,0.0,0.0,0.0,0.0,0.0,0.0,0.0,0.0,0.0,0.14285714285714285,0.025,1.407142857142857,0.42857142857142855,0.0379746835443038,2.1374321880650995,0.08629441624365482,False
rg3,42,0,svm_rbf,inner_selected,0.04986149584487535,1.0,0.06985807069606019,inner_recall95,0.25450440273236313,0.040486288936797725,0.7438169066076044,,,0.060240963855421686,0.031446540880503145,0.7142857142857143,0.08518121415245704,233,154,2,5,0.2857142857142857,0.3979328165374677,394,7,394,0.0,0.0,0.0,0.0,0.0,0.0,0.0,0.0,0.0,0.14285714285714285,0.025,1.407142857142857,0.42857142857142855,0.0379746835443038,2.1374321880650995,0.4035532994923858,False
rg3,42,1,xgboost_balanced,reference,0.021613832853025938,1.0,0.056974772137921036,fixed_0.5,0.5,0.07490732531498685,0.7244791666666667,0.050468913624213844,0.1811971385862686,0.16666666666666666,0.14285714285714285,0.2,0.14336844589446973,372,12,8,2,0.8,0.03125,394,10,394,0.0,0.0,0.0,0.2,0.16666666666666666,6.566666666666666,0.2,0.1,3.9400000000000004,0.2,0.05,1.9700000000000002,0.3,0.0379746835443038,1.4962025316455696,0.03553299492385787,False
rg3,42,1,xgboost_balanced,reference,0.021613832853025938,1.0,0.056974772137921036,inner_f1,0.4928120970726013,0.07490732531498685,0.7244791666666667,0.050468913624213844,0.1811971385862686,0.16,0.13333333333333333,0.2,0.1365494112692225,371,13,8,2,0.8,0.033854166666666664,394,10,394,0.0,0.0,0.0,0.2,0.16666666666666666,6.566666666666666,0.2,0.1,3.9400000000000004,0.2,0.05,1.9700000000000002,0.3,0.0379746835443038,1.4962025316455696,0.03807106598984772,False
rg3,42,1,xgboost_balanced,reference,0.021613832853025938,1.0,0.056974772137921036,inner_recall95,0.005783639848232269,0.07490732531498685,0.7244791666666667,0.050468913624213844,0.1811971385862686,0.05649717514124294,0.029069767441860465,1.0,0.06152337741860608,50,334,0,10,0.0,0.8697916666666666,394,10,394,0.0,0.0,0.0,0.2,0.16666666666666666,6.566666666666666,0.2,0.1,3.9400000000000004,0.2,0.05,1.9700000000000002,0.3,0.0379746835443038,1.4962025316455696,0.8730964467005076,True
rg3,42,1,xgboost_balanced,raw,0.021613832853025938,1.0,0.056974772137921036,fixed_0.5,0.5,0.07490732531498685,0.7244791666666667,0.050468913624213844,0.1811971385862686,0.16666666666666666,0.14285714285714285,0.2,0.14336844589446973,372,12,8,2,0.8,0.03125,394,10,394,0.0,0.0,0.0,0.2,0.16666666666666666,6.566666666666666,0.2,0.1,3.9400000000000004,0.2,0.05,1.9700000000000002,0.3,0.0379746835443038,1.4962025316455696,0.03553299492385787,False
rg3,42,1,xgboost_balanced,raw,0.021613832853025938,1.0,0.056974772137921036,inner_f1,0.4928120970726013,0.07490732531498685,0.7244791666666667,0.050468913624213844,0.1811971385862686,0.16,0.13333333333333333,0.2,0.1365494112692225,371,13,8,2,0.8,0.033854166666666664,394,10,394,0.0,0.0,0.0,0.2,0.16666666666666666,6.566666666666666,0.2,0.1,3.9400000000000004,0.2,0.05,1.9700000000000002,0.3,0.0379746835443038,1.4962025316455696,0.03807106598984772,False
rg3,42,1,xgboost_balanced,raw,0.021613832853025938,1.0,0.056974772137921036,inner_recall95,0.005783639848232269,0.07490732531498685,0.7244791666666667,0.050468913624213844,0.1811971385862686,0.05649717514124294,0.029069767441860465,1.0,0.06152337741860608,50,334,0,10,0.0,0.8697916666666666,394,10,394,0.0,0.0,0.0,0.2,0.16666666666666666,6.566666666666666,0.2,0.1,3.9400000000000004,0.2,0.05,1.9700000000000002,0.3,0.0379746835443038,1.4962025316455696,0.8730964467005076,True
rg3,42,1,xgboost_balanced,raw_engineered,0.02245508982035928,1.0,0.07183887926553534,fixed_0.5,0.5,0.056672650904436135,0.6838541666666667,0.04234049583936838,0.16237118260710987,0.09523809523809523,0.09090909090909091,0.1,0.07060850208367626,374,10,9,1,0.9,0.026041666666666668,394,10,394,0.0,0.0,0.0,0.1,0.08333333333333333,3.283333333333333,0.2,0.1,3.9400000000000004,0.2,0.05,1.9700000000000002,0.2,0.02531645569620253,0.9974683544303797,0.027918781725888325,False
rg3,42,1,xgboost_balanced,raw_engineered,0.02245508982035928,1.0,0.07183887926553534,inner_f1,0.334429532289505,0.056672650904436135,0.6838541666666667,0.04234049583936838,0.16237118260710987,0.1111111111111111,0.07692307692307693,0.2,0.08710793673449319,360,24,8,2,0.8,0.0625,394,10,394,0.0,0.0,0.0,0.1,0.08333333333333333,3.283333333333333,0.2,0.1,3.9400000000000004,0.2,0.05,1.9700000000000002,0.2,0.02531645569620253,0.9974683544303797,0.06598984771573604,False
rg3,42,1,xgboost_balanced,raw_engineered,0.02245508982035928,1.0,0.07183887926553534,inner_recall95,0.006217658519744873,0.056672650904436135,0.6838541666666667,0.04234049583936838,0.16237118260710987,0.06269592476489028,0.032362459546925564,1.0,0.0846378477059372,85,299,0,10,0.0,0.7786458333333334,394,10,394,0.0,0.0,0.0,0.1,0.08333333333333333,3.283333333333333,0.2,0.1,3.9400000000000004,0.2,0.05,1.9700000000000002,0.2,0.02531645569620253,0.9974683544303797,0.7842639593908629,True
rg3,42,1,xgboost_balanced,raw_engineered_tuned,0.02245508982035928,1.0,0.08163986610048601,fixed_0.5,0.5,0.04624544912277502,0.6815104166666667,0.06848654343382075,0.23086522706492885,0.09523809523809523,0.0625,0.2,0.07016991758762542,354,30,8,2,0.8,0.078125,394,10,394,0.0,0.0,0.0,0.0,0.0,0.0,0.1,0.05,1.9700000000000002,0.2,0.05,1.9700000000000002,0.3,0.0379746835443038,1.4962025316455696,0.08121827411167512,False
rg3,42,1,xgboost_balanced,raw_engineered_tuned,0.02245508982035928,1.0,0.08163986610048601,inner_f1,0.4911738634109497,0.04624544912277502,0.6815104166666667,0.06848654343382075,0.23086522706492885,0.09090909090909091,0.058823529411764705,0.2,0.06534640392130713,352,32,8,2,0.8,0.08333333333333333,394,10,394,0.0,0.0,0.0,0.0,0.0,0.0,0.1,0.05,1.9700000000000002,0.2,0.05,1.9700000000000002,0.3,0.0379746835443038,1.4962025316455696,0.08629441624365482,False
rg3,42,1,xgboost_balanced,raw_engineered_tuned,0.02245508982035928,1.0,0.08163986610048601,inner_recall95,0.015960926190018654,0.04624544912277502,0.6815104166666667,0.06848654343382075,0.23086522706492885,0.06153846153846154,0.031746031746031744,1.0,0.0808151264064139,79,305,0,10,0.0,0.7942708333333334,394,10,394,0.0,0.0,0.0,0.0,0.0,0.0,0.1,0.05,1.9700000000000002,0.2,0.05,1.9700000000000002,0.3,0.0379746835443038,1.4962025316455696,0.799492385786802,True
rg3,42,1,xgboost_balanced,raw_engineered_weight,0.02145922746781116,1.0,0.043928559940482795,fixed_0.5,0.5,0.0556334764266816,0.6723958333333333,0.02816831572537349,0.12715037979196944,0.0,0.0,0.0,-0.008140256928797536,383,1,10,0,1.0,0.0026041666666666665,394,10,394,0.0,0.0,0.0,0.1,0.08333333333333333,3.283333333333333,0.1,0.05,1.9700000000000002,0.2,0.05,1.9700000000000002,0.3,0.0379746835443038,1.4962025316455696,0.0025380710659898475,False
rg3,42,1,xgboost_balanced,raw_engineered_weight,0.02145922746781116,1.0,0.043928559940482795,inner_f1,0.11135600507259369,0.0556334764266816,0.6723958333333333,0.02816831572537349,0.12715037979196944,0.08,0.05,0.2,0.052618018188082975,346,38,8,2,0.8,0.09895833333333333,394,10,394,0.0,0.0,0.0,0.1,0.08333333333333333,3.283333333333333,0.1,0.05,1.9700000000000002,0.2,0.05,1.9700000000000002,0.3,0.0379746835443038,1.4962025316455696,0.10152284263959391,False
rg3,42,1,xgboost_balanced,raw_engineered_weight,0.02145922746781116,1.0,0.043928559940482795,inner_recall95,0.007048777304589748,0.0556334764266816,0.6723958333333333,0.02816831572537349,0.12715037979196944,0.06006006006006006,0.030959752321981424,1.0,0.075659296886545,71,313,0,10,0.0,0.8151041666666666,394,10,394,0.0,0.0,0.0,0.1,0.08333333333333333,3.283333333333333,0.1,0.05,1.9700000000000002,0.2,0.05,1.9700000000000002,0.3,0.0379746835443038,1.4962025316455696,0.8197969543147208,True
rg3,42,1,xgboost_balanced,inner_selected,0.02245508982035928,1.0,0.08163986610048601,fixed_0.5,0.5,0.04624544912277502,0.6815104166666667,0.06848654343382075,0.23086522706492885,0.09523809523809523,0.0625,0.2,0.07016991758762542,354,30,8,2,0.8,0.078125,394,10,394,0.0,0.0,0.0,0.0,0.0,0.0,0.1,0.05,1.9700000000000002,0.2,0.05,1.9700000000000002,0.3,0.0379746835443038,1.4962025316455696,0.08121827411167512,False
rg3,42,1,xgboost_balanced,inner_selected,0.02245508982035928,1.0,0.08163986610048601,inner_f1,0.4911738634109497,0.04624544912277502,0.6815104166666667,0.06848654343382075,0.23086522706492885,0.09090909090909091,0.058823529411764705,0.2,0.06534640392130713,352,32,8,2,0.8,0.08333333333333333,394,10,394,0.0,0.0,0.0,0.0,0.0,0.0,0.1,0.05,1.9700000000000002,0.2,0.05,1.9700000000000002,0.3,0.0379746835443038,1.4962025316455696,0.08629441624365482,False
rg3,42,1,xgboost_balanced,inner_selected,0.02245508982035928,1.0,0.08163986610048601,inner_recall95,0.015960926190018654,0.04624544912277502,0.6815104166666667,0.06848654343382075,0.23086522706492885,0.06153846153846154,0.031746031746031744,1.0,0.0808151264064139,79,305,0,10,0.0,0.7942708333333334,394,10,394,0.0,0.0,0.0,0.0,0.0,0.0,0.1,0.05,1.9700000000000002,0.2,0.05,1.9700000000000002,0.3,0.0379746835443038,1.4962025316455696,0.799492385786802,True
rg3,42,1,svm_rbf,reference,0.03787878787878788,1.0,0.04517282367532706,fixed_0.5,0.5,0.05671713829757482,0.778125,,,0.0,0.0,0.0,0.0,384,0,10,0,1.0,0.0,394,10,394,0.0,0.0,0.0,0.0,0.0,0.0,0.0,0.0,0.0,0.0,0.0,0.0,0.4,0.05063291139240506,1.9949367088607595,0.0,False
rg3,42,1,svm_rbf,reference,0.03787878787878788,1.0,0.04517282367532706,inner_f1,0.2627222179049289,0.05671713829757482,0.778125,,,0.1,0.05555555555555555,0.5,0.10439029358254298,299,85,5,5,0.5,0.22135416666666666,394,10,394,0.0,0.0,0.0,0.0,0.0,0.0,0.0,0.0,0.0,0.0,0.0,0.0,0.4,0.05063291139240506,1.9949367088607595,0.22842639593908629,False
rg3,42,1,svm_rbf,reference,0.03787878787878788,1.0,0.04517282367532706,inner_recall95,0.24838724001397122,0.05671713829757482,0.778125,,,0.10204081632653061,0.053763440860215055,1.0,0.17065129299036427,208,176,0,10,0.0,0.4583333333333333,394,10,394,0.0,0.0,0.0,0.0,0.0,0.0,0.0,0.0,0.0,0.0,0.0,0.0,0.4,0.05063291139240506,1.9949367088607595,0.4720812182741117,True
rg3,42,1,svm_rbf,raw,0.03787878787878788,1.0,0.04517282367532706,fixed_0.5,0.5,0.05671713829757482,0.778125,,,0.0,0.0,0.0,0.0,384,0,10,0,1.0,0.0,394,10,394,0.0,0.0,0.0,0.0,0.0,0.0,0.0,0.0,0.0,0.0,0.0,0.0,0.4,0.05063291139240506,1.9949367088607595,0.0,False
rg3,42,1,svm_rbf,raw,0.03787878787878788,1.0,0.04517282367532706,inner_f1,0.2627222179049261,0.05671713829757482,0.778125,,,0.1,0.05555555555555555,0.5,0.10439029358254298,299,85,5,5,0.5,0.22135416666666666,394,10,394,0.0,0.0,0.0,0.0,0.0,0.0,0.0,0.0,0.0,0.0,0.0,0.0,0.4,0.05063291139240506,1.9949367088607595,0.22842639593908629,False
rg3,42,1,svm_rbf,raw,0.03787878787878788,1.0,0.04517282367532706,inner_recall95,0.24838724001397117,0.05671713829757482,0.778125,,,0.10204081632653061,0.053763440860215055,1.0,0.17065129299036427,208,176,0,10,0.0,0.4583333333333333,394,10,394,0.0,0.0,0.0,0.0,0.0,0.0,0.0,0.0,0.0,0.0,0.0,0.0,0.4,0.05063291139240506,1.9949367088607595,0.4720812182741117,True
rg3,42,1,svm_rbf,raw_engineered,0.03333333333333333,1.0,0.04163165360227103,fixed_0.5,0.5,0.06139537422438201,0.7562500000000001,,,0.0,0.0,0.0,0.0,384,0,10,0,1.0,0.0,394,10,394,0.0,0.0,0.0,0.1,0.08333333333333333,3.283333333333333,0.1,0.05,1.9700000000000002,0.1,0.025,0.9850000000000001,0.3,0.0379746835443038,1.4962025316455696,0.0,False
rg3,42,1,svm_rbf,raw_engineered,0.03333333333333333,1.0,0.04163165360227103,inner_f1,0.2588840411354762,0.06139537422438201,0.7562500000000001,,,0.1044776119402985,0.056451612903225805,0.7,0.13387930054603414,267,117,3,7,0.3,0.3046875,394,10,394,0.0,0.0,0.0,0.1,0.08333333333333333,3.283333333333333,0.1,0.05,1.9700000000000002,0.1,0.025,0.9850000000000001,0.3,0.0379746835443038,1.4962025316455696,0.3147208121827411,False
rg3,42,1,svm_rbf,raw_engineered,0.03333333333333333,1.0,0.04163165360227103,inner_recall95,0.24726624330450167,0.06139537422438201,0.7562500000000001,,,0.08333333333333333,0.043478260869565216,1.0,0.13626753310935863,164,220,0,10,0.0,0.5729166666666666,394,10,394,0.0,0.0,0.0,0.1,0.08333333333333333,3.283333333333333,0.1,0.05,1.9700000000000002,0.1,0.025,0.9850000000000001,0.3,0.0379746835443038,1.4962025316455696,0.583756345177665,True
rg3,42,1,svm_rbf,raw_engineered_tuned,0.0334075723830735,1.0,0.04165332100656711,fixed_0.5,0.5,0.061440262564635625,0.7565104166666667,,,0.0,0.0,0.0,0.0,384,0,10,0,1.0,0.0,394,10,394,0.0,0.0,0.0,0.1,0.08333333333333333,3.283333333333333,0.1,0.05,1.9700000000000002,0.1,0.025,0.9850000000000001,0.3,0.0379746835443038,1.4962025316455696,0.0,False
rg3,42,1,svm_rbf,raw_engineered_tuned,0.0334075723830735,1.0,0.04165332100656711,inner_f1,0.2393248812587221,0.061440262564635625,0.7565104166666667,,,0.1044776119402985,0.056451612903225805,0.7,0.13387930054603414,267,117,3,7,0.3,0.3046875,394,10,394,0.0,0.0,0.0,0.1,0.08333333333333333,3.283333333333333,0.1,0.05,1.9700000000000002,0.1,0.025,0.9850000000000001,0.3,0.0379746835443038,1.4962025316455696,0.3147208121827411,False
rg3,42,1,svm_rbf,raw_engineered_tuned,0.0334075723830735,1.0,0.04165332100656711,inner_recall95,0.2075413768685708,0.061440262564635625,0.7565104166666667,,,0.08333333333333333,0.043478260869565216,1.0,0.13626753310935863,164,220,0,10,0.0,0.5729166666666666,394,10,394,0.0,0.0,0.0,0.1,0.08333333333333333,3.283333333333333,0.1,0.05,1.9700000000000002,0.1,0.025,0.9850000000000001,0.3,0.0379746835443038,1.4962025316455696,0.583756345177665,True
rg3,42,1,svm_rbf,raw_engineered_weight,0.02112676056338028,1.0,0.03173879229136915,fixed_0.5,0.5,0.043627383728763514,0.6763020833333333,,,0.0,0.0,0.0,-0.027348363483114042,373,11,10,0,1.0,0.028645833333333332,394,10,394,0.0,0.0,0.0,0.0,0.0,0.0,0.0,0.0,0.0,0.1,0.025,0.9850000000000001,0.4,0.05063291139240506,1.9949367088607595,0.027918781725888325,False
rg3,42,1,svm_rbf,raw_engineered_weight,0.02112676056338028,1.0,0.03173879229136915,inner_f1,0.4391992681114089,0.043627383728763514,0.6763020833333333,,,0.0,0.0,0.0,-0.04018013124655166,361,23,10,0,1.0,0.059895833333333336,394,10,394,0.0,0.0,0.0,0.0,0.0,0.0,0.0,0.0,0.0,0.1,0.025,0.9850000000000001,0.4,0.05063291139240506,1.9949367088607595,0.0583756345177665,False
rg3,42,1,svm_rbf,raw_engineered_weight,0.02112676056338028,1.0,0.03173879229136915,inner_recall95,0.1391663383081007,0.043627383728763514,0.6763020833333333,,,0.06134969325153374,0.03164556962025317,1.0,0.08017484848201413,78,306,0,10,0.0,0.796875,394,10,394,0.0,0.0,0.0,0.0,0.0,0.0,0.0,0.0,0.0,0.1,0.025,0.9850000000000001,0.4,0.05063291139240506,1.9949367088607595,0.8020304568527918,True
rg3,42,1,svm_rbf,inner_selected,0.03787878787878788,1.0,0.04517282367532706,fixed_0.5,0.5,0.05671713829757482,0.778125,,,0.0,0.0,0.0,0.0,384,0,10,0,1.0,0.0,394,10,394,0.0,0.0,0.0,0.0,0.0,0.0,0.0,0.0,0.0,0.0,0.0,0.0,0.4,0.05063291139240506,1.9949367088607595,0.0,False
rg3,42,1,svm_rbf,inner_selected,0.03787878787878788,1.0,0.04517282367532706,inner_f1,0.2627222179049289,0.05671713829757482,0.778125,,,0.1,0.05555555555555555,0.5,0.10439029358254298,299,85,5,5,0.5,0.22135416666666666,394,10,394,0.0,0.0,0.0,0.0,0.0,0.0,0.0,0.0,0.0,0.0,0.0,0.0,0.4,0.05063291139240506,1.9949367088607595,0.22842639593908629,False
rg3,42,1,svm_rbf,inner_selected,0.03787878787878788,1.0,0.04517282367532706,inner_recall95,0.24838724001397122,0.05671713829757482,0.778125,,,0.10204081632653061,0.053763440860215055,1.0,0.17065129299036427,208,176,0,10,0.0,0.4583333333333333,394,10,394,0.0,0.0,0.0,0.0,0.0,0.0,0.0,0.0,0.0,0.0,0.0,0.0,0.4,0.05063291139240506,1.9949367088607595,0.4720812182741117,True
rg3,42,2,xgboost_balanced,reference,0.025718608169440244,1.0,0.049085959187298134,fixed_0.5,0.5,0.039159499244388885,0.6615932642487047,0.043614465196412676,0.16894942137627456,0.08695652173913043,0.06666666666666667,0.125,0.06539532199036825,372,14,7,1,0.875,0.03626943005181347,394,8,394,0.0,0.0,0.0,0.0,0.0,0.0,0.125,0.05,2.4625000000000004,0.125,0.025,1.2312500000000002,0.375,0.0379746835443038,1.8702531645569622,0.03807106598984772,False
rg3,42,2,xgboost_balanced,reference,0.025718608169440244,1.0,0.049085959187298134,inner_f1,0.1351190209388733,0.039159499244388885,0.6615932642487047,0.043614465196412676,0.16894942137627456,0.0594059405940594,0.03225806451612903,0.375,0.047109743822322095,296,90,5,3,0.625,0.23316062176165803,394,8,394,0.0,0.0,0.0,0.0,0.0,0.0,0.125,0.05,2.4625000000000004,0.125,0.025,1.2312500000000002,0.375,0.0379746835443038,1.8702531645569622,0.23604060913705585,False
rg3,42,2,xgboost_balanced,reference,0.025718608169440244,1.0,0.049085959187298134,inner_recall95,0.005661701317876577,0.039159499244388885,0.6615932642487047,0.043614465196412676,0.16894942137627456,0.0469208211143695,0.024024024024024024,1.0,0.061616090890661696,61,325,0,8,0.0,0.8419689119170984,394,8,394,0.0,0.0,0.0,0.0,0.0,0.0,0.125,0.05,2.4625000000000004,0.125,0.025,1.2312500000000002,0.375,0.0379746835443038,1.8702531645569622,0.8451776649746193,True
rg3,42,2,xgboost_balanced,raw,0.025718608169440244,1.0,0.049085959187298134,fixed_0.5,0.5,0.039159499244388885,0.6615932642487047,0.043614465196412676,0.16894942137627456,0.08695652173913043,0.06666666666666667,0.125,0.06539532199036825,372,14,7,1,0.875,0.03626943005181347,394,8,394,0.0,0.0,0.0,0.0,0.0,0.0,0.125,0.05,2.4625000000000004,0.125,0.025,1.2312500000000002,0.375,0.0379746835443038,1.8702531645569622,0.03807106598984772,False
rg3,42,2,xgboost_balanced,raw,0.025718608169440244,1.0,0.049085959187298134,inner_f1,0.1351190209388733,0.039159499244388885,0.6615932642487047,0.043614465196412676,0.16894942137627456,0.0594059405940594,0.03225806451612903,0.375,0.047109743822322095,296,90,5,3,0.625,0.23316062176165803,394,8,394,0.0,0.0,0.0,0.0,0.0,0.0,0.125,0.05,2.4625000000000004,0.125,0.025,1.2312500000000002,0.375,0.0379746835443038,1.8702531645569622,0.23604060913705585,False
rg3,42,2,xgboost_balanced,raw,0.025718608169440244,1.0,0.049085959187298134,inner_recall95,0.005661701317876577,0.039159499244388885,0.6615932642487047,0.043614465196412676,0.16894942137627456,0.0469208211143695,0.024024024024024024,1.0,0.061616090890661696,61,325,0,8,0.0,0.8419689119170984,394,8,394,0.0,0.0,0.0,0.0,0.0,0.0,0.125,0.05,2.4625000000000004,0.125,0.025,1.2312500000000002,0.375,0.0379746835443038,1.8702531645569622,0.8451776649746193,True
rg3,42,2,xgboost_balanced,raw_engineered,0.023066485753052916,1.0,0.03697352243389958,fixed_0.5,0.5,0.04435257476863087,0.6703367875647668,0.04006145444165967,0.15785656610251017,0.11764705882352941,0.1111111111111111,0.125,0.09843864031863955,378,8,7,1,0.875,0.02072538860103627,394,8,394,0.0,0.0,0.0,0.125,0.08333333333333333,4.104166666666667,0.125,0.05,2.4625000000000004,0.125,0.025,1.2312500000000002,0.25,0.02531645569620253,1.2468354430379747,0.02284263959390863,False
rg3,42,2,xgboost_balanced,raw_engineered,0.023066485753052916,1.0,0.03697352243389958,inner_f1,0.056864362210035324,0.04435257476863087,0.6703367875647668,0.04006145444165967,0.15785656610251017,0.04225352112676056,0.022388059701492536,0.375,0.01060510483839167,255,131,5,3,0.625,0.3393782383419689,394,8,394,0.0,0.0,0.0,0.125,0.08333333333333333,4.104166666666667,0.125,0.05,2.4625000000000004,0.125,0.025,1.2312500000000002,0.25,0.02531645569620253,1.2468354430379747,0.3401015228426396,False
rg3,42,2,xgboost_balanced,raw_engineered,0.023066485753052916,1.0,0.03697352243389958,inner_recall95,0.0033931774087250233,0.04435257476863087,0.6703367875647668,0.04006145444165967,0.15785656610251017,0.043243243243243246,0.022099447513812154,1.0,0.042802786712641115,32,354,0,8,0.0,0.917098445595855,394,8,394,0.0,0.0,0.0,0.125,0.08333333333333333,4.104166666666667,0.125,0.05,2.4625000000000004,0.125,0.025,1.2312500000000002,0.25,0.02531645569620253,1.2468354430379747,0.9187817258883249,True
rg3,42,2,xgboost_balanced,raw_engineered_tuned,0.027960526315789474,1.0,0.03259092371913919,fixed_0.5,0.5,0.05889845295536282,0.6661269430051814,0.06883743878229061,0.23394543291015435,0.05263157894736842,0.03333333333333333,0.125,0.026519831223446748,357,29,7,1,0.875,0.07512953367875648,394,8,394,0.125,0.25,12.312500000000002,0.125,0.08333333333333333,4.104166666666667,0.125,0.05,2.4625000000000004,0.125,0.025,1.2312500000000002,0.125,0.012658227848101266,0.6234177215189873,0.07614213197969544,False
rg3,42,2,xgboost_balanced,raw_engineered_tuned,0.027960526315789474,1.0,0.03259092371913919,inner_f1,0.08448262512683868,0.05889845295536282,0.6661269430051814,0.06883743878229061,0.23394543291015435,0.055248618784530384,0.028901734104046242,0.625,0.05393116250765055,218,168,3,5,0.375,0.43523316062176165,394,8,394,0.125,0.25,12.312500000000002,0.125,0.08333333333333333,4.104166666666667,0.125,0.05,2.4625000000000004,0.125,0.025,1.2312500000000002,0.125,0.012658227848101266,0.6234177215189873,0.43908629441624364,False
rg3,42,2,xgboost_balanced,raw_engineered_tuned,0.027960526315789474,1.0,0.03259092371913919,inner_recall95,0.01848352886736393,0.05889845295536282,0.6661269430051814,0.06883743878229061,0.23394543291015435,0.05128205128205128,0.02631578947368421,1.0,0.07833138474349285,90,296,0,8,0.0,0.7668393782383419,394,8,394,0.125,0.25,12.312500000000002,0.125,0.08333333333333333,4.104166666666667,0.125,0.05,2.4625000000000004,0.125,0.025,1.2312500000000002,0.125,0.012658227848101266,0.6234177215189873,0.7715736040609137,True
rg3,42,2,xgboost_balanced,raw_engineered_weight,0.022696929238985315,1.0,0.033258911141817775,fixed_0.5,0.5,0.051070101361778836,0.6441062176165804,0.02438789303421051,0.11620030893689988,0.0,0.0,0.0,-0.007261980292141467,385,1,8,0,1.0,0.0025906735751295338,394,8,394,0.0,0.0,0.0,0.125,0.08333333333333333,4.104166666666667,0.125,0.05,2.4625000000000004,0.125,0.025,1.2312500000000002,0.125,0.012658227848101266,0.6234177215189873,0.0025380710659898475,False
rg3,42,2,xgboost_balanced,raw_engineered_weight,0.022696929238985315,1.0,0.033258911141817775,inner_f1,0.032591626048088074,0.051070101361778836,0.6441062176165804,0.02438789303421051,0.11620030893689988,0.050314465408805034,0.026490066225165563,0.5,0.03457144739210645,239,147,4,4,0.5,0.38082901554404147,394,8,394,0.0,0.0,0.0,0.125,0.08333333333333333,4.104166666666667,0.125,0.05,2.4625000000000004,0.125,0.025,1.2312500000000002,0.125,0.012658227848101266,0.6234177215189873,0.383248730964467,False
rg3,42,2,xgboost_balanced,raw_engineered_weight,0.022696929238985315,1.0,0.033258911141817775,inner_recall95,0.0046266051940619946,0.051070101361778836,0.6441062176165804,0.02438789303421051,0.11620030893689988,0.0425531914893617,0.021739130434782608,1.0,0.038266091515280515,26,360,0,8,0.0,0.9326424870466321,394,8,394,0.0,0.0,0.0,0.125,0.08333333333333333,4.104166666666667,0.125,0.05,2.4625000000000004,0.125,0.025,1.2312500000000002,0.125,0.012658227848101266,0.6234177215189873,0.934010152284264,True
rg3,42,2,xgboost_balanced,inner_selected,0.027960526315789474,1.0,0.03259092371913919,fixed_0.5,0.5,0.05889845295536282,0.6661269430051814,0.06883743878229061,0.23394543291015435,0.05263157894736842,0.03333333333333333,0.125,0.026519831223446748,357,29,7,1,0.875,0.07512953367875648,394,8,394,0.125,0.25,12.312500000000002,0.125,0.08333333333333333,4.104166666666667,0.125,0.05,2.4625000000000004,0.125,0.025,1.2312500000000002,0.125,0.012658227848101266,0.6234177215189873,0.07614213197969544,False
rg3,42,2,xgboost_balanced,inner_selected,0.027960526315789474,1.0,0.03259092371913919,inner_f1,0.08448262512683868,0.05889845295536282,0.6661269430051814,0.06883743878229061,0.23394543291015435,0.055248618784530384,0.028901734104046242,0.625,0.05393116250765055,218,168,3,5,0.375,0.43523316062176165,394,8,394,0.125,0.25,12.312500000000002,0.125,0.08333333333333333,4.104166666666667,0.125,0.05,2.4625000000000004,0.125,0.025,1.2312500000000002,0.125,0.012658227848101266,0.6234177215189873,0.43908629441624364,False
rg3,42,2,xgboost_balanced,inner_selected,0.027960526315789474,1.0,0.03259092371913919,inner_recall95,0.01848352886736393,0.05889845295536282,0.6661269430051814,0.06883743878229061,0.23394543291015435,0.05128205128205128,0.02631578947368421,1.0,0.07833138474349285,90,296,0,8,0.0,0.7668393782383419,394,8,394,0.125,0.25,12.312500000000002,0.125,0.08333333333333333,4.104166666666667,0.125,0.05,2.4625000000000004,0.125,0.025,1.2312500000000002,0.125,0.012658227848101266,0.6234177215189873,0.7715736040609137,True
rg3,42,2,svm_rbf,reference,0.03624733475479744,1.0,0.07329065901126883,fixed_0.5,0.5,0.046297669130977395,0.7648963730569948,,,0.0,0.0,0.0,0.0,386,0,8,0,1.0,0.0,394,8,394,0.0,0.0,0.0,0.0,0.0,0.0,0.0,0.0,0.0,0.125,0.025,1.2312500000000002,0.375,0.0379746835443038,1.8702531645569622,0.0,False
rg3,42,2,svm_rbf,reference,0.03624733475479744,1.0,0.07329065901126883,inner_f1,0.28026290701187173,0.046297669130977395,0.7648963730569948,,,0.0,0.0,0.0,-0.026592583370633104,373,13,8,0,1.0,0.03367875647668394,394,8,394,0.0,0.0,0.0,0.0,0.0,0.0,0.0,0.0,0.0,0.125,0.025,1.2312500000000002,0.375,0.0379746835443038,1.8702531645569622,0.03299492385786802,False
rg3,42,2,svm_rbf,reference,0.03624733475479744,1.0,0.07329065901126883,inner_recall95,0.24209886093480812,0.046297669130977395,0.7648963730569948,,,0.06722689075630252,0.034782608695652174,1.0,0.1215652219032692,164,222,0,8,0.0,0.5751295336787565,394,8,394,0.0,0.0,0.0,0.0,0.0,0.0,0.0,0.0,0.0,0.125,0.025,1.2312500000000002,0.375,0.0379746835443038,1.8702531645569622,0.583756345177665,True
rg3,42,2,svm_rbf,raw,0.03624733475479744,1.0,0.07329065901126883,fixed_0.5,0.5,0.046297669130977395,0.7648963730569948,,,0.0,0.0,0.0,0.0,386,0,8,0,1.0,0.0,394,8,394,0.0,0.0,0.0,0.0,0.0,0.0,0.0,0.0,0.0,0.125,0.025,1.2312500000000002,0.375,0.0379746835443038,1.8702531645569622,0.0,False
rg3,42,2,svm_rbf,raw,0.03624733475479744,1.0,0.07329065901126883,inner_f1,0.28026290701186585,0.046297669130977395,0.7648963730569948,,,0.0,0.0,0.0,-0.026592583370633104,373,13,8,0,1.0,0.03367875647668394,394,8,394,0.0,0.0,0.0,0.0,0.0,0.0,0.0,0.0,0.0,0.125,0.025,1.2312500000000002,0.375,0.0379746835443038,1.8702531645569622,0.03299492385786802,False
rg3,42,2,svm_rbf,raw,0.03624733475479744,1.0,0.07329065901126883,inner_recall95,0.24209886093480928,0.046297669130977395,0.7648963730569948,,,0.06722689075630252,0.034782608695652174,1.0,0.1215652219032692,164,222,0,8,0.0,0.5751295336787565,394,8,394,0.0,0.0,0.0,0.0,0.0,0.0,0.0,0.0,0.0,0.125,0.025,1.2312500000000002,0.375,0.0379746835443038,1.8702531645569622,0.583756345177665,True
rg3,42,2,svm_rbf,raw_engineered,0.03917050691244239,1.0,0.07841331934970124,fixed_0.5,0.5,0.03657566897925093,0.7085492227979275,,,0.0,0.0,0.0,0.0,386,0,8,0,1.0,0.0,394,8,394,0.0,0.0,0.0,0.0,0.0,0.0,0.0,0.0,0.0,0.0,0.0,0.0,0.25,0.02531645569620253,1.2468354430379747,0.0,False
rg3,42,2,svm_rbf,raw_engineered,0.03917050691244239,1.0,0.07841331934970124,inner_f1,0.2759764079578977,0.03657566897925093,0.7085492227979275,,,0.0,0.0,0.0,-0.03329128340658489,366,20,8,0,1.0,0.05181347150259067,394,8,394,0.0,0.0,0.0,0.0,0.0,0.0,0.0,0.0,0.0,0.0,0.0,0.0,0.25,0.02531645569620253,1.2468354430379747,0.050761421319796954,False
rg3,42,2,svm_rbf,raw_engineered,0.03917050691244239,1.0,0.07841331934970124,inner_recall95,0.24604355341468737,0.03657566897925093,0.7085492227979275,,,0.06896551724137931,0.035897435897435895,0.875,0.10943955748756944,198,188,1,7,0.125,0.48704663212435234,394,8,394,0.0,0.0,0.0,0.0,0.0,0.0,0.0,0.0,0.0,0.0,0.0,0.0,0.25,0.02531645569620253,1.2468354430379747,0.4949238578680203,False
rg3,42,2,svm_rbf,raw_engineered_tuned,0.03917050691244239,1.0,0.07823693884853654,fixed_0.5,0.5,0.03647409322073132,0.7079015544041452,,,0.0,0.0,0.0,0.0,386,0,8,0,1.0,0.0,394,8,394,0.0,0.0,0.0,0.0,0.0,0.0,0.0,0.0,0.0,0.0,0.0,0.0,0.25,0.02531645569620253,1.2468354430379747,0.0,False
rg3,42,2,svm_rbf,raw_engineered_tuned,0.03917050691244239,1.0,0.07823693884853654,inner_f1,0.2904314715693001,0.03647409322073132,0.7079015544041452,,,0.0,0.0,0.0,-0.03329128340658489,366,20,8,0,1.0,0.05181347150259067,394,8,394,0.0,0.0,0.0,0.0,0.0,0.0,0.0,0.0,0.0,0.0,0.0,0.0,0.25,0.02531645569620253,1.2468354430379747,0.050761421319796954,False
rg3,42,2,svm_rbf,raw_engineered_tuned,0.03917050691244239,1.0,0.07823693884853654,inner_recall95,0.20434800091396774,0.03647409322073132,0.7079015544041452,,,0.06896551724137931,0.035897435897435895,0.875,0.10943955748756944,198,188,1,7,0.125,0.48704663212435234,394,8,394,0.0,0.0,0.0,0.0,0.0,0.0,0.0,0.0,0.0,0.0,0.0,0.0,0.25,0.02531645569620253,1.2468354430379747,0.4949238578680203,False
rg3,42,2,svm_rbf,raw_engineered_weight,0.02236842105263158,1.0,0.08409701743490512,fixed_0.5,0.5,0.029202546746806342,0.6139896373056994,,,0.0,0.0,0.0,-0.019361762058059284,379,7,8,0,1.0,0.018134715025906734,394,8,394,0.0,0.0,0.0,0.0,0.0,0.0,0.0,0.0,0.0,0.0,0.0,0.0,0.125,0.012658227848101266,0.6234177215189873,0.017766497461928935,False
rg3,42,2,svm_rbf,raw_engineered_weight,0.02236842105263158,1.0,0.08409701743490512,inner_f1,0.47005789291698885,0.029202546746806342,0.6139896373056994,,,0.0,0.0,0.0,-0.028640287003080987,371,15,8,0,1.0,0.038860103626943004,394,8,394,0.0,0.0,0.0,0.0,0.0,0.0,0.0,0.0,0.0,0.0,0.0,0.0,0.125,0.012658227848101266,0.6234177215189873,0.03807106598984772,False
rg3,42,2,svm_rbf,raw_engineered_weight,0.02236842105263158,1.0,0.08409701743490512,inner_recall95,0.10642527559603251,0.029202546746806342,0.6139896373056994,,,0.043835616438356165,0.022408963585434174,1.0,0.04634662299297004,37,349,0,8,0.0,0.9041450777202072,394,8,394,0.0,0.0,0.0,0.0,0.0,0.0,0.0,0.0,0.0,0.0,0.0,0.0,0.125,0.012658227848101266,0.6234177215189873,0.9060913705583756,True
rg3,42,2,svm_rbf,inner_selected,0.03917050691244239,1.0,0.07841331934970124,fixed_0.5,0.5,0.03657566897925093,0.7085492227979275,,,0.0,0.0,0.0,0.0,386,0,8,0,1.0,0.0,394,8,394,0.0,0.0,0.0,0.0,0.0,0.0,0.0,0.0,0.0,0.0,0.0,0.0,0.25,0.02531645569620253,1.2468354430379747,0.0,False
rg3,42,2,svm_rbf,inner_selected,0.03917050691244239,1.0,0.07841331934970124,inner_f1,0.2759764079578977,0.03657566897925093,0.7085492227979275,,,0.0,0.0,0.0,-0.03329128340658489,366,20,8,0,1.0,0.05181347150259067,394,8,394,0.0,0.0,0.0,0.0,0.0,0.0,0.0,0.0,0.0,0.0,0.0,0.0,0.25,0.02531645569620253,1.2468354430379747,0.050761421319796954,False
rg3,42,2,svm_rbf,inner_selected,0.03917050691244239,1.0,0.07841331934970124,inner_recall95,0.24604355341468737,0.03657566897925093,0.7085492227979275,,,0.06896551724137931,0.035897435897435895,0.875,0.10943955748756944,198,188,1,7,0.125,0.48704663212435234,394,8,394,0.0,0.0,0.0,0.0,0.0,0.0,0.0,0.0,0.0,0.0,0.0,0.0,0.25,0.02531645569620253,1.2468354430379747,0.4949238578680203,False
rg3,1729,0,xgboost_balanced,reference,0.02005730659025788,1.0,0.015699804694351057,fixed_0.5,0.5,0.23284365464722653,0.8471398053643485,0.037144675570316005,0.14111318003226525,0.2727272727272727,0.2727272727272727,0.2727272727272727,0.2518395442677427,375,8,8,3,0.7272727272727273,0.020887728459530026,394,11,394,0.09090909090909091,0.25,8.954545454545455,0.2727272727272727,0.25,8.954545454545455,0.2727272727272727,0.15,5.372727272727272,0.6363636363636364,0.175,6.268181818181818,0.6363636363636364,0.08860759493670886,3.1737629459148446,0.027918781725888325,False
rg3,1729,0,xgboost_balanced,reference,0.02005730659025788,1.0,0.015699804694351057,inner_f1,0.005809010937809944,0.23284365464722653,0.8471398053643485,0.037144675570316005,0.14111318003226525,0.06321839080459771,0.032640949554896145,1.0,0.06969785827496928,57,326,0,11,0.0,0.8511749347258486,394,11,394,0.09090909090909091,0.25,8.954545454545455,0.2727272727272727,0.25,8.954545454545455,0.2727272727272727,0.15,5.372727272727272,0.6363636363636364,0.175,6.268181818181818,0.6363636363636364,0.08860759493670886,3.1737629459148446,0.8553299492385786,True
rg3,1729,0,xgboost_balanced,reference,0.02005730659025788,1.0,0.015699804694351057,inner_recall95,0.0040457346476614475,0.23284365464722653,0.8471398053643485,0.037144675570316005,0.14111318003226525,0.05774278215223097,0.02972972972972973,1.0,0.04316201530639452,24,359,0,11,0.0,0.9373368146214099,394,11,394,0.09090909090909091,0.25,8.954545454545455,0.2727272727272727,0.25,8.954545454545455,0.2727272727272727,0.15,5.372727272727272,0.6363636363636364,0.175,6.268181818181818,0.6363636363636364,0.08860759493670886,3.1737629459148446,0.9390862944162437,True
rg3,1729,0,xgboost_balanced,raw,0.02005730659025788,1.0,0.015699804694351057,fixed_0.5,0.5,0.23284365464722653,0.8471398053643485,0.037144675570316005,0.14111318003226525,0.2727272727272727,0.2727272727272727,0.2727272727272727,0.2518395442677427,375,8,8,3,0.7272727272727273,0.020887728459530026,394,11,394,0.09090909090909091,0.25,8.954545454545455,0.2727272727272727,0.25,8.954545454545455,0.2727272727272727,0.15,5.372727272727272,0.6363636363636364,0.175,6.268181818181818,0.6363636363636364,0.08860759493670886,3.1737629459148446,0.027918781725888325,False
rg3,1729,0,xgboost_balanced,raw,0.02005730659025788,1.0,0.015699804694351057,inner_f1,0.005809010937809944,0.23284365464722653,0.8471398053643485,0.037144675570316005,0.14111318003226525,0.06321839080459771,0.032640949554896145,1.0,0.06969785827496928,57,326,0,11,0.0,0.8511749347258486,394,11,394,0.09090909090909091,0.25,8.954545454545455,0.2727272727272727,0.25,8.954545454545455,0.2727272727272727,0.15,5.372727272727272,0.6363636363636364,0.175,6.268181818181818,0.6363636363636364,0.08860759493670886,3.1737629459148446,0.8553299492385786,True
rg3,1729,0,xgboost_balanced,raw,0.02005730659025788,1.0,0.015699804694351057,inner_recall95,0.0040457346476614475,0.23284365464722653,0.8471398053643485,0.037144675570316005,0.14111318003226525,0.05774278215223097,0.02972972972972973,1.0,0.04316201530639452,24,359,0,11,0.0,0.9373368146214099,394,11,394,0.09090909090909091,0.25,8.954545454545455,0.2727272727272727,0.25,8.954545454545455,0.2727272727272727,0.15,5.372727272727272,0.6363636363636364,0.175,6.268181818181818,0.6363636363636364,0.08860759493670886,3.1737629459148446,0.9390862944162437,True
rg3,1729,0,xgboost_balanced,raw_engineered,0.019553072625698324,1.0,0.017310621601741072,fixed_0.5,0.5,0.11793315194132825,0.7854260621884642,0.03727577089504798,0.14171140735996018,0.09090909090909091,0.09090909090909091,0.09090909090909091,0.06479943033467837,373,10,10,1,0.9090909090909091,0.02610966057441253,394,11,394,0.09090909090909091,0.25,8.954545454545455,0.09090909090909091,0.08333333333333333,2.9848484848484844,0.2727272727272727,0.15,5.372727272727272,0.36363636363636365,0.1,3.581818181818182,0.5454545454545454,0.0759493670886076,2.7203682393555813,0.027918781725888325,False
rg3,1729,0,xgboost_balanced,raw_engineered,0.019553072625698324,1.0,0.017310621601741072,inner_f1,0.011097725480794907,0.11793315194132825,0.7854260621884642,0.03727577089504798,0.14171140735996018,0.08298755186721991,0.043478260869565216,0.9090909090909091,0.11185039987061735,163,220,1,10,0.09090909090909091,0.5744125326370757,394,11,394,0.09090909090909091,0.25,8.954545454545455,0.09090909090909091,0.08333333333333333,2.9848484848484844,0.2727272727272727,0.15,5.372727272727272,0.36363636363636365,0.1,3.581818181818182,0.5454545454545454,0.0759493670886076,2.7203682393555813,0.583756345177665,False
rg3,1729,0,xgboost_balanced,raw_engineered,0.019553072625698324,1.0,0.017310621601741072,inner_recall95,0.003849098226055503,0.11793315194132825,0.7854260621884642,0.03727577089504798,0.14171140735996018,0.05994550408719346,0.03089887640449438,1.0,0.055368627084278296,38,345,0,11,0.0,0.9007832898172323,394,11,394,0.09090909090909091,0.25,8.954545454545455,0.09090909090909091,0.08333333333333333,2.9848484848484844,0.2727272727272727,0.15,5.372727272727272,0.36363636363636365,0.1,3.581818181818182,0.5454545454545454,0.0759493670886076,2.7203682393555813,0.9035532994923858,True
rg3,1729,0,xgboost_balanced,raw_engineered_tuned,0.0219435736677116,1.0,0.01597849445313326,fixed_0.5,0.5,0.09098747184791743,0.7821030144789936,0.06194401323185219,0.21160420952845918,0.11764705882352941,0.08695652173913043,0.18181818181818182,0.08922923706073176,362,21,9,2,0.8181818181818182,0.05483028720626632,394,11,394,0.0,0.0,0.0,0.09090909090909091,0.08333333333333333,2.9848484848484844,0.18181818181818182,0.1,3.581818181818182,0.2727272727272727,0.075,2.686363636363636,0.5454545454545454,0.0759493670886076,2.7203682393555813,0.0583756345177665,False
rg3,1729,0,xgboost_balanced,raw_engineered_tuned,0.0219435736677116,1.0,0.01597849445313326,inner_f1,0.027874656021595,0.09098747184791743,0.7821030144789936,0.06194401323185219,0.21160420952845918,0.08461538461538462,0.04417670682730924,1.0,0.12932464149599435,145,238,0,11,0.0,0.6214099216710183,394,11,394,0.0,0.0,0.0,0.09090909090909091,0.08333333333333333,2.9848484848484844,0.18181818181818182,0.1,3.581818181818182,0.2727272727272727,0.075,2.686363636363636,0.5454545454545454,0.0759493670886076,2.7203682393555813,0.631979695431472,True
rg3,1729,0,xgboost_balanced,raw_engineered_tuned,0.0219435736677116,1.0,0.01597849445313326,inner_recall95,0.013618593104183674,0.09098747184791743,0.7821030144789936,0.06194401323185219,0.21160420952845918,0.06567164179104477,0.033950617283950615,1.0,0.0787722898932749,70,313,0,11,0.0,0.8172323759791122,394,11,394,0.0,0.0,0.0,0.09090909090909091,0.08333333333333333,2.9848484848484844,0.18181818181818182,0.1,3.581818181818182,0.2727272727272727,0.075,2.686363636363636,0.5454545454545454,0.0759493670886076,2.7203682393555813,0.8223350253807107,True
rg3,1729,0,xgboost_balanced,raw_engineered_weight,0.018867924528301886,1.0,0.014950982170348962,fixed_0.5,0.5,0.12229444838466164,0.7631141704248754,0.027478654292827927,0.11892331464913042,0.0,0.0,0.0,0.0,383,0,11,0,1.0,0.0,394,11,394,0.09090909090909091,0.25,8.954545454545455,0.18181818181818182,0.16666666666666666,5.969696969696969,0.2727272727272727,0.15,5.372727272727272,0.45454545454545453,0.125,4.4772727272727275,0.45454545454545453,0.06329113924050633,2.266973532796318,0.0,False
rg3,1729,0,xgboost_balanced,raw_engineered_weight,0.018867924528301886,1.0,0.014950982170348962,inner_f1,0.007649079896509647,0.12229444838466164,0.7631141704248754,0.027478654292827927,0.11892331464913042,0.07260726072607261,0.03767123287671233,1.0,0.10016260609165585,102,281,0,11,0.0,0.7336814621409922,394,11,394,0.09090909090909091,0.25,8.954545454545455,0.18181818181818182,0.16666666666666666,5.969696969696969,0.2727272727272727,0.15,5.372727272727272,0.45454545454545453,0.125,4.4772727272727275,0.45454545454545453,0.06329113924050633,2.266973532796318,0.7411167512690355,True
rg3,1729,0,xgboost_balanced,raw_engineered_weight,0.018867924528301886,1.0,0.014950982170348962,inner_recall95,0.004800346679985523,0.12229444838466164,0.7631141704248754,0.027478654292827927,0.11892331464913042,0.06027397260273973,0.031073446327683617,1.0,0.056967258543589576,40,343,0,11,0.0,0.8955613577023499,394,11,394,0.09090909090909091,0.25,8.954545454545455,0.18181818181818182,0.16666666666666666,5.969696969696969,0.2727272727272727,0.15,5.372727272727272,0.45454545454545453,0.125,4.4772727272727275,0.45454545454545453,0.06329113924050633,2.266973532796318,0.8984771573604061,True
rg3,1729,0,xgboost_balanced,inner_selected,0.0219435736677116,1.0,0.01597849445313326,fixed_0.5,0.5,0.09098747184791743,0.7821030144789936,0.06194401323185219,0.21160420952845918,0.11764705882352941,0.08695652173913043,0.18181818181818182,0.08922923706073176,362,21,9,2,0.8181818181818182,0.05483028720626632,394,11,394,0.0,0.0,0.0,0.09090909090909091,0.08333333333333333,2.9848484848484844,0.18181818181818182,0.1,3.581818181818182,0.2727272727272727,0.075,2.686363636363636,0.5454545454545454,0.0759493670886076,2.7203682393555813,0.0583756345177665,False
rg3,1729,0,xgboost_balanced,inner_selected,0.0219435736677116,1.0,0.01597849445313326,inner_f1,0.027874656021595,0.09098747184791743,0.7821030144789936,0.06194401323185219,0.21160420952845918,0.08461538461538462,0.04417670682730924,1.0,0.12932464149599435,145,238,0,11,0.0,0.6214099216710183,394,11,394,0.0,0.0,0.0,0.09090909090909091,0.08333333333333333,2.9848484848484844,0.18181818181818182,0.1,3.581818181818182,0.2727272727272727,0.075,2.686363636363636,0.5454545454545454,0.0759493670886076,2.7203682393555813,0.631979695431472,True
rg3,1729,0,xgboost_balanced,inner_selected,0.0219435736677116,1.0,0.01597849445313326,inner_recall95,0.013618593104183674,0.09098747184791743,0.7821030144789936,0.06194401323185219,0.21160420952845918,0.06567164179104477,0.033950617283950615,1.0,0.0787722898932749,70,313,0,11,0.0,0.8172323759791122,394,11,394,0.0,0.0,0.0,0.09090909090909091,0.08333333333333333,2.9848484848484844,0.18181818181818182,0.1,3.581818181818182,0.2727272727272727,0.075,2.686363636363636,0.5454545454545454,0.0759493670886076,2.7203682393555813,0.8223350253807107,True
rg3,1729,0,svm_rbf,reference,0.03626943005181347,1.0,0.026948760386535327,fixed_0.5,0.5,0.18516051871783315,0.8499881319724663,,,0.0,0.0,0.0,0.0,383,0,11,0,1.0,0.0,394,11,394,0.18181818181818182,0.5,17.90909090909091,0.18181818181818182,0.16666666666666666,5.969696969696969,0.18181818181818182,0.1,3.581818181818182,0.36363636363636365,0.1,3.581818181818182,0.6363636363636364,0.08860759493670886,3.1737629459148446,0.0,False
rg3,1729,0,svm_rbf,reference,0.03626943005181347,1.0,0.026948760386535327,inner_f1,0.2552447922821637,0.18516051871783315,0.8499881319724663,,,0.1317365269461078,0.07051282051282051,1.0,0.20932598088071716,238,145,0,11,0.0,0.3785900783289817,394,11,394,0.18181818181818182,0.5,17.90909090909091,0.18181818181818182,0.16666666666666666,5.969696969696969,0.18181818181818182,0.1,3.581818181818182,0.36363636363636365,0.1,3.581818181818182,0.6363636363636364,0.08860759493670886,3.1737629459148446,0.39593908629441626,True
rg3,1729,0,svm_rbf,reference,0.03626943005181347,1.0,0.026948760386535327,inner_recall95,0.25123053267017714,0.18516051871783315,0.8499881319724663,,,0.10837438423645321,0.057291666666666664,1.0,0.17382891762380284,202,181,0,11,0.0,0.4725848563968668,394,11,394,0.18181818181818182,0.5,17.90909090909091,0.18181818181818182,0.16666666666666666,5.969696969696969,0.18181818181818182,0.1,3.581818181818182,0.36363636363636365,0.1,3.581818181818182,0.6363636363636364,0.08860759493670886,3.1737629459148446,0.4873096446700508,True
rg3,1729,0,svm_rbf,raw,0.03626943005181347,1.0,0.026948760386535327,fixed_0.5,0.5,0.18516051871783315,0.8499881319724663,,,0.0,0.0,0.0,0.0,383,0,11,0,1.0,0.0,394,11,394,0.18181818181818182,0.5,17.90909090909091,0.18181818181818182,0.16666666666666666,5.969696969696969,0.18181818181818182,0.1,3.581818181818182,0.36363636363636365,0.1,3.581818181818182,0.6363636363636364,0.08860759493670886,3.1737629459148446,0.0,False
rg3,1729,0,svm_rbf,raw,0.03626943005181347,1.0,0.026948760386535327,inner_f1,0.255244792282163,0.18516051871783315,0.8499881319724663,,,0.1317365269461078,0.07051282051282051,1.0,0.20932598088071716,238,145,0,11,0.0,0.3785900783289817,394,11,394,0.18181818181818182,0.5,17.90909090909091,0.18181818181818182,0.16666666666666666,5.969696969696969,0.18181818181818182,0.1,3.581818181818182,0.36363636363636365,0.1,3.581818181818182,0.6363636363636364,0.08860759493670886,3.1737629459148446,0.39593908629441626,True
rg3,1729,0,svm_rbf,raw,0.03626943005181347,1.0,0.026948760386535327,inner_recall95,0.25123053267017653,0.18516051871783315,0.8499881319724663,,,0.10837438423645321,0.057291666666666664,1.0,0.17382891762380284,202,181,0,11,0.0,0.4725848563968668,394,11,394,0.18181818181818182,0.5,17.90909090909091,0.18181818181818182,0.16666666666666666,5.969696969696969,0.18181818181818182,0.1,3.581818181818182,0.36363636363636365,0.1,3.581818181818182,0.6363636363636364,0.08860759493670886,3.1737629459148446,0.4873096446700508,True
rg3,1729,0,svm_rbf,raw_engineered,0.03167420814479638,1.0,0.023336433958110487,fixed_0.5,0.5,0.17169753158280715,0.835983859482554,,,0.0,0.0,0.0,0.0,383,0,11,0,1.0,0.0,394,11,394,0.09090909090909091,0.25,8.954545454545455,0.09090909090909091,0.08333333333333333,2.9848484848484844,0.09090909090909091,0.05,1.790909090909091,0.2727272727272727,0.075,2.686363636363636,0.5454545454545454,0.0759493670886076,2.7203682393555813,0.0,False
rg3,1729,0,svm_rbf,raw_engineered,0.03167420814479638,1.0,0.023336433958110487,inner_f1,0.2557765813873335,0.17169753158280715,0.835983859482554,,,0.12716763005780346,0.06790123456790123,1.0,0.20280723345559956,232,151,0,11,0.0,0.39425587467362927,394,11,394,0.09090909090909091,0.25,8.954545454545455,0.09090909090909091,0.08333333333333333,2.9848484848484844,0.09090909090909091,0.05,1.790909090909091,0.2727272727272727,0.075,2.686363636363636,0.5454545454545454,0.0759493670886076,2.7203682393555813,0.41116751269035534,True
rg3,1729,0,svm_rbf,raw_engineered,0.03167420814479638,1.0,0.023336433958110487,inner_recall95,0.25001358886019664,0.17169753158280715,0.835983859482554,,,0.09482758620689655,0.049773755656108594,1.0,0.14994219711781945,173,210,0,11,0.0,0.5483028720626631,394,11,394,0.09090909090909091,0.25,8.954545454545455,0.09090909090909091,0.08333333333333333,2.9848484848484844,0.09090909090909091,0.05,1.790909090909091,0.2727272727272727,0.075,2.686363636363636,0.5454545454545454,0.0759493670886076,2.7203682393555813,0.5609137055837563,True
rg3,1729,0,svm_rbf,raw_engineered_tuned,0.03167420814479638,1.0,0.023332993578359752,fixed_0.5,0.5,0.17176211962833188,0.8362212200332306,,,0.0,0.0,0.0,0.0,383,0,11,0,1.0,0.0,394,11,394,0.09090909090909091,0.25,8.954545454545455,0.09090909090909091,0.08333333333333333,2.9848484848484844,0.09090909090909091,0.05,1.790909090909091,0.2727272727272727,0.075,2.686363636363636,0.5454545454545454,0.0759493670886076,2.7203682393555813,0.0,False
rg3,1729,0,svm_rbf,raw_engineered_tuned,0.03167420814479638,1.0,0.023332993578359752,inner_f1,0.23079123853231595,0.17176211962833188,0.8362212200332306,,,0.12790697674418605,0.06832298136645963,1.0,0.20387406302128536,233,150,0,11,0.0,0.391644908616188,394,11,394,0.09090909090909091,0.25,8.954545454545455,0.09090909090909091,0.08333333333333333,2.9848484848484844,0.09090909090909091,0.05,1.790909090909091,0.2727272727272727,0.075,2.686363636363636,0.5454545454545454,0.0759493670886076,2.7203682393555813,0.4086294416243655,True
rg3,1729,0,svm_rbf,raw_engineered_tuned,0.03167420814479638,1.0,0.023332993578359752,inner_recall95,0.21493763457124682,0.17176211962833188,0.8362212200332306,,,0.09482758620689655,0.049773755656108594,1.0,0.14994219711781945,173,210,0,11,0.0,0.5483028720626631,394,11,394,0.09090909090909091,0.25,8.954545454545455,0.09090909090909091,0.08333333333333333,2.9848484848484844,0.09090909090909091,0.05,1.790909090909091,0.2727272727272727,0.075,2.686363636363636,0.5454545454545454,0.0759493670886076,2.7203682393555813,0.5609137055837563,True
rg3,1729,0,svm_rbf,raw_engineered_weight,0.019943019943019943,1.0,0.013624879103090945,fixed_0.5,0.5,0.10121259496345966,0.7605032043674341,,,0.11764705882352941,0.16666666666666666,0.09090909090909091,0.10473374334394804,378,5,10,1,0.9090909090909091,0.013054830287206266,394,11,394,0.09090909090909091,0.25,8.954545454545455,0.09090909090909091,0.08333333333333333,2.9848484848484844,0.18181818181818182,0.1,3.581818181818182,0.2727272727272727,0.075,2.686363636363636,0.45454545454545453,0.06329113924050633,2.266973532796318,0.015228426395939087,False
rg3,1729,0,svm_rbf,raw_engineered_weight,0.019943019943019943,1.0,0.013624879103090945,inner_f1,0.16458500705354404,0.10121259496345966,0.7605032043674341,,,0.08029197080291971,0.04182509505703422,1.0,0.11960648546025968,131,252,0,11,0.0,0.6579634464751958,394,11,394,0.09090909090909091,0.25,8.954545454545455,0.09090909090909091,0.08333333333333333,2.9848484848484844,0.18181818181818182,0.1,3.581818181818182,0.2727272727272727,0.075,2.686363636363636,0.45454545454545453,0.06329113924050633,2.266973532796318,0.6675126903553299,True
rg3,1729,0,svm_rbf,raw_engineered_weight,0.019943019943019943,1.0,0.013624879103090945,inner_recall95,0.14252069621687344,0.10121259496345966,0.7605032043674341,,,0.06666666666666667,0.034482758620689655,1.0,0.08217358714585261,75,308,0,11,0.0,0.804177545691906,394,11,394,0.09090909090909091,0.25,8.954545454545455,0.09090909090909091,0.08333333333333333,2.9848484848484844,0.18181818181818182,0.1,3.581818181818182,0.2727272727272727,0.075,2.686363636363636,0.45454545454545453,0.06329113924050633,2.266973532796318,0.8096446700507615,True
rg3,1729,0,svm_rbf,inner_selected,0.03626943005181347,1.0,0.026948760386535327,fixed_0.5,0.5,0.18516051871783315,0.8499881319724663,,,0.0,0.0,0.0,0.0,383,0,11,0,1.0,0.0,394,11,394,0.18181818181818182,0.5,17.90909090909091,0.18181818181818182,0.16666666666666666,5.969696969696969,0.18181818181818182,0.1,3.581818181818182,0.36363636363636365,0.1,3.581818181818182,0.6363636363636364,0.08860759493670886,3.1737629459148446,0.0,False
rg3,1729,0,svm_rbf,inner_selected,0.03626943005181347,1.0,0.026948760386535327,inner_f1,0.2552447922821637,0.18516051871783315,0.8499881319724663,,,0.1317365269461078,0.07051282051282051,1.0,0.20932598088071716,238,145,0,11,0.0,0.3785900783289817,394,11,394,0.18181818181818182,0.5,17.90909090909091,0.18181818181818182,0.16666666666666666,5.969696969696969,0.18181818181818182,0.1,3.581818181818182,0.36363636363636365,0.1,3.581818181818182,0.6363636363636364,0.08860759493670886,3.1737629459148446,0.39593908629441626,True
rg3,1729,0,svm_rbf,inner_selected,0.03626943005181347,1.0,0.026948760386535327,inner_recall95,0.25123053267017714,0.18516051871783315,0.8499881319724663,,,0.10837438423645321,0.057291666666666664,1.0,0.17382891762380284,202,181,0,11,0.0,0.4725848563968668,394,11,394,0.18181818181818182,0.5,17.90909090909091,0.18181818181818182,0.16666666666666666,5.969696969696969,0.18181818181818182,0.1,3.581818181818182,0.36363636363636365,0.1,3.581818181818182,0.6363636363636364,0.08860759493670886,3.1737629459148446,0.4873096446700508,True
rg3,1729,1,xgboost_balanced,reference,0.024390243902439025,1.0,0.048346366162187786,fixed_0.5,0.5,0.03809107870398579,0.6821705426356589,0.05145117878162177,0.18235956469893658,0.0,0.0,0.0,-0.031100884057415703,367,20,7,0,1.0,0.05167958656330749,394,7,394,0.0,0.0,0.0,0.0,0.0,0.0,0.0,0.0,0.0,0.2857142857142857,0.05,2.814285714285714,0.42857142857142855,0.0379746835443038,2.1374321880650995,0.050761421319796954,False
rg3,1729,1,xgboost_balanced,reference,0.024390243902439025,1.0,0.048346366162187786,inner_f1,0.8109561204910278,0.03809107870398579,0.6821705426356589,0.05145117878162177,0.18235956469893658,0.0,0.0,0.0,-0.01178055594798754,384,3,7,0,1.0,0.007751937984496124,394,7,394,0.0,0.0,0.0,0.0,0.0,0.0,0.0,0.0,0.0,0.2857142857142857,0.05,2.814285714285714,0.42857142857142855,0.0379746835443038,2.1374321880650995,0.007614213197969543,False
rg3,1729,1,xgboost_balanced,reference,0.024390243902439025,1.0,0.048346366162187786,inner_recall95,0.003751843934878707,0.03809107870398579,0.6821705426356589,0.05145117878162177,0.18235956469893658,0.03814713896457766,0.019444444444444445,1.0,0.041331555072747425,34,353,0,7,0.0,0.9121447028423773,394,7,394,0.0,0.0,0.0,0.0,0.0,0.0,0.0,0.0,0.0,0.2857142857142857,0.05,2.814285714285714,0.42857142857142855,0.0379746835443038,2.1374321880650995,0.9137055837563451,True
rg3,1729,1,xgboost_balanced,raw,0.024390243902439025,1.0,0.048346366162187786,fixed_0.5,0.5,0.03809107870398579,0.6821705426356589,0.05145117878162177,0.18235956469893658,0.0,0.0,0.0,-0.031100884057415703,367,20,7,0,1.0,0.05167958656330749,394,7,394,0.0,0.0,0.0,0.0,0.0,0.0,0.0,0.0,0.0,0.2857142857142857,0.05,2.814285714285714,0.42857142857142855,0.0379746835443038,2.1374321880650995,0.050761421319796954,False
rg3,1729,1,xgboost_balanced,raw,0.024390243902439025,1.0,0.048346366162187786,inner_f1,0.8109561204910278,0.03809107870398579,0.6821705426356589,0.05145117878162177,0.18235956469893658,0.0,0.0,0.0,-0.01178055594798754,384,3,7,0,1.0,0.007751937984496124,394,7,394,0.0,0.0,0.0,0.0,0.0,0.0,0.0,0.0,0.0,0.2857142857142857,0.05,2.814285714285714,0.42857142857142855,0.0379746835443038,2.1374321880650995,0.007614213197969543,False
rg3,1729,1,xgboost_balanced,raw,0.024390243902439025,1.0,0.048346366162187786,inner_recall95,0.003751843934878707,0.03809107870398579,0.6821705426356589,0.05145117878162177,0.18235956469893658,0.03814713896457766,0.019444444444444445,1.0,0.041331555072747425,34,353,0,7,0.0,0.9121447028423773,394,7,394,0.0,0.0,0.0,0.0,0.0,0.0,0.0,0.0,0.0,0.2857142857142857,0.05,2.814285714285714,0.42857142857142855,0.0379746835443038,2.1374321880650995,0.9137055837563451,True
rg3,1729,1,xgboost_balanced,raw_engineered,0.02786377708978328,1.0,0.038076261775790585,fixed_0.5,0.5,0.03517155766276898,0.6976744186046512,0.04299560502286955,0.1583755058979227,0.0,0.0,0.0,-0.024842924861035336,374,13,7,0,1.0,0.03359173126614987,394,7,394,0.0,0.0,0.0,0.0,0.0,0.0,0.0,0.0,0.0,0.14285714285714285,0.025,1.407142857142857,0.42857142857142855,0.0379746835443038,2.1374321880650995,0.03299492385786802,False
rg3,1729,1,xgboost_balanced,raw_engineered,0.02786377708978328,1.0,0.038076261775790585,inner_f1,0.11822976171970367,0.03517155766276898,0.6976744186046512,0.04299560502286955,0.1583755058979227,0.06382978723404255,0.034482758620689655,0.42857142857142855,0.0673629822009463,303,84,4,3,0.5714285714285714,0.21705426356589147,394,7,394,0.0,0.0,0.0,0.0,0.0,0.0,0.0,0.0,0.0,0.14285714285714285,0.025,1.407142857142857,0.42857142857142855,0.0379746835443038,2.1374321880650995,0.22081218274111675,False
rg3,1729,1,xgboost_balanced,raw_engineered,0.02786377708978328,1.0,0.038076261775790585,inner_recall95,0.0062002697959542274,0.03517155766276898,0.6976744186046512,0.04299560502286955,0.1583755058979227,0.04430379746835443,0.022653721682847898,1.0,0.07053810052327543,85,302,0,7,0.0,0.7803617571059431,394,7,394,0.0,0.0,0.0,0.0,0.0,0.0,0.0,0.0,0.0,0.14285714285714285,0.025,1.407142857142857,0.42857142857142855,0.0379746835443038,2.1374321880650995,0.7842639593908629,True
rg3,1729,1,xgboost_balanced,raw_engineered_tuned,0.03197158081705151,1.0,0.03595693649901694,fixed_0.5,0.5,0.037189198681402684,0.70874861572536,0.07328046841579251,0.23887644542185643,0.043478260869565216,0.02564102564102564,0.14285714285714285,0.019757609054525168,349,38,6,1,0.8571428571428571,0.09819121447028424,394,7,394,0.0,0.0,0.0,0.0,0.0,0.0,0.0,0.0,0.0,0.14285714285714285,0.025,1.407142857142857,0.42857142857142855,0.0379746835443038,2.1374321880650995,0.09898477157360407,False
rg3,1729,1,xgboost_balanced,raw_engineered_tuned,0.03197158081705151,1.0,0.03595693649901694,inner_f1,0.29874181747436523,0.037189198681402684,0.70874861572536,0.07328046841579251,0.23887644542185643,0.06521739130434782,0.03529411764705882,0.42857142857142855,0.06958968908766835,305,82,4,3,0.5714285714285714,0.21188630490956073,394,7,394,0.0,0.0,0.0,0.0,0.0,0.0,0.0,0.0,0.0,0.14285714285714285,0.025,1.407142857142857,0.42857142857142855,0.0379746835443038,2.1374321880650995,0.21573604060913706,False
rg3,1729,1,xgboost_balanced,raw_engineered_tuned,0.03197158081705151,1.0,0.03595693649901694,inner_recall95,0.024379556998610497,0.037189198681402684,0.70874861572536,0.07328046841579251,0.23887644542185643,0.04794520547945205,0.02456140350877193,1.0,0.08317338110342799,109,278,0,7,0.0,0.7183462532299741,394,7,394,0.0,0.0,0.0,0.0,0.0,0.0,0.0,0.0,0.0,0.14285714285714285,0.025,1.407142857142857,0.42857142857142855,0.0379746835443038,2.1374321880650995,0.7233502538071066,True
rg3,1729,1,xgboost_balanced,raw_engineered_weight,0.028892455858747994,1.0,0.03952034438070286,fixed_0.5,0.5,0.046942404876368964,0.6515319306016979,0.02574697794955833,0.11833647804472498,0.0,0.0,0.0,-0.009606506961737248,385,2,7,0,1.0,0.00516795865633075,394,7,394,0.0,0.0,0.0,0.14285714285714285,0.08333333333333333,4.69047619047619,0.14285714285714285,0.05,2.814285714285714,0.2857142857142857,0.05,2.814285714285714,0.2857142857142857,0.02531645569620253,1.4249547920433996,0.005076142131979695,False
rg3,1729,1,xgboost_balanced,raw_engineered_weight,0.028892455858747994,1.0,0.03952034438070286,inner_f1,0.11397192627191544,0.046942404876368964,0.6515319306016979,0.02574697794955833,0.11833647804472498,0.056338028169014086,0.03125,0.2857142857142857,0.04494976831580406,325,62,5,2,0.7142857142857143,0.16020671834625322,394,7,394,0.0,0.0,0.0,0.14285714285714285,0.08333333333333333,4.69047619047619,0.14285714285714285,0.05,2.814285714285714,0.2857142857142857,0.05,2.814285714285714,0.2857142857142857,0.02531645569620253,1.4249547920433996,0.16243654822335024,False
rg3,1729,1,xgboost_balanced,raw_engineered_weight,0.028892455858747994,1.0,0.03952034438070286,inner_recall95,0.008734473958611488,0.046942404876368964,0.6515319306016979,0.02574697794955833,0.11833647804472498,0.046822742474916385,0.023972602739726026,1.0,0.07948811491047458,102,285,0,7,0.0,0.7364341085271318,394,7,394,0.0,0.0,0.0,0.14285714285714285,0.08333333333333333,4.69047619047619,0.14285714285714285,0.05,2.814285714285714,0.2857142857142857,0.05,2.814285714285714,0.2857142857142857,0.02531645569620253,1.4249547920433996,0.7411167512690355,True
rg3,1729,1,xgboost_balanced,inner_selected,0.03197158081705151,1.0,0.03595693649901694,fixed_0.5,0.5,0.037189198681402684,0.70874861572536,0.07328046841579251,0.23887644542185643,0.043478260869565216,0.02564102564102564,0.14285714285714285,0.019757609054525168,349,38,6,1,0.8571428571428571,0.09819121447028424,394,7,394,0.0,0.0,0.0,0.0,0.0,0.0,0.0,0.0,0.0,0.14285714285714285,0.025,1.407142857142857,0.42857142857142855,0.0379746835443038,2.1374321880650995,0.09898477157360407,False
rg3,1729,1,xgboost_balanced,inner_selected,0.03197158081705151,1.0,0.03595693649901694,inner_f1,0.29874181747436523,0.037189198681402684,0.70874861572536,0.07328046841579251,0.23887644542185643,0.06521739130434782,0.03529411764705882,0.42857142857142855,0.06958968908766835,305,82,4,3,0.5714285714285714,0.21188630490956073,394,7,394,0.0,0.0,0.0,0.0,0.0,0.0,0.0,0.0,0.0,0.14285714285714285,0.025,1.407142857142857,0.42857142857142855,0.0379746835443038,2.1374321880650995,0.21573604060913706,False
rg3,1729,1,xgboost_balanced,inner_selected,0.03197158081705151,1.0,0.03595693649901694,inner_recall95,0.024379556998610497,0.037189198681402684,0.70874861572536,0.07328046841579251,0.23887644542185643,0.04794520547945205,0.02456140350877193,1.0,0.08317338110342799,109,278,0,7,0.0,0.7183462532299741,394,7,394,0.0,0.0,0.0,0.0,0.0,0.0,0.0,0.0,0.0,0.14285714285714285,0.025,1.407142857142857,0.42857142857142855,0.0379746835443038,2.1374321880650995,0.7233502538071066,True
rg3,1729,1,svm_rbf,reference,0.03557312252964427,1.0,0.05604714221569307,fixed_0.5,0.5,0.04984451028412984,0.6419342930970837,,,0.0,0.0,0.0,0.0,387,0,7,0,1.0,0.0,394,7,394,0.0,0.0,0.0,0.14285714285714285,0.08333333333333333,4.69047619047619,0.14285714285714285,0.05,2.814285714285714,0.2857142857142857,0.05,2.814285714285714,0.2857142857142857,0.02531645569620253,1.4249547920433996,0.0,False
rg3,1729,1,svm_rbf,reference,0.03557312252964427,1.0,0.05604714221569307,inner_f1,0.2692042345962435,0.04984451028412984,0.6419342930970837,,,0.06153846153846154,0.034482758620689655,0.2857142857142857,0.052574508936156984,331,56,5,2,0.7142857142857143,0.14470284237726097,394,7,394,0.0,0.0,0.0,0.14285714285714285,0.08333333333333333,4.69047619047619,0.14285714285714285,0.05,2.814285714285714,0.2857142857142857,0.05,2.814285714285714,0.2857142857142857,0.02531645569620253,1.4249547920433996,0.14720812182741116,False
rg3,1729,1,svm_rbf,reference,0.03557312252964427,1.0,0.05604714221569307,inner_recall95,0.23564612063121604,0.04984451028412984,0.6419342930970837,,,0.04477611940298507,0.022988505747126436,0.8571428571428571,0.055376271220309005,132,255,1,6,0.14285714285714285,0.6589147286821705,394,7,394,0.0,0.0,0.0,0.14285714285714285,0.08333333333333333,4.69047619047619,0.14285714285714285,0.05,2.814285714285714,0.2857142857142857,0.05,2.814285714285714,0.2857142857142857,0.02531645569620253,1.4249547920433996,0.6624365482233503,False
rg3,1729,1,svm_rbf,raw,0.03557312252964427,1.0,0.05604714221569307,fixed_0.5,0.5,0.04984451028412984,0.6419342930970837,,,0.0,0.0,0.0,0.0,387,0,7,0,1.0,0.0,394,7,394,0.0,0.0,0.0,0.14285714285714285,0.08333333333333333,4.69047619047619,0.14285714285714285,0.05,2.814285714285714,0.2857142857142857,0.05,2.814285714285714,0.2857142857142857,0.02531645569620253,1.4249547920433996,0.0,False
rg3,1729,1,svm_rbf,raw,0.03557312252964427,1.0,0.05604714221569307,inner_f1,0.26920423459623744,0.04984451028412984,0.6419342930970837,,,0.06153846153846154,0.034482758620689655,0.2857142857142857,0.052574508936156984,331,56,5,2,0.7142857142857143,0.14470284237726097,394,7,394,0.0,0.0,0.0,0.14285714285714285,0.08333333333333333,4.69047619047619,0.14285714285714285,0.05,2.814285714285714,0.2857142857142857,0.05,2.814285714285714,0.2857142857142857,0.02531645569620253,1.4249547920433996,0.14720812182741116,False
rg3,1729,1,svm_rbf,raw,0.03557312252964427,1.0,0.05604714221569307,inner_recall95,0.23564612063121726,0.04984451028412984,0.6419342930970837,,,0.04477611940298507,0.022988505747126436,0.8571428571428571,0.055376271220309005,132,255,1,6,0.14285714285714285,0.6589147286821705,394,7,394,0.0,0.0,0.0,0.14285714285714285,0.08333333333333333,4.69047619047619,0.14285714285714285,0.05,2.814285714285714,0.2857142857142857,0.05,2.814285714285714,0.2857142857142857,0.02531645569620253,1.4249547920433996,0.6624365482233503,False
rg3,1729,1,svm_rbf,raw_engineered,0.033707865168539325,1.0,0.044442213231505066,fixed_0.5,0.5,0.04249248418888266,0.6729420450350683,,,0.0,0.0,0.0,0.0,387,0,7,0,1.0,0.0,394,7,394,0.0,0.0,0.0,0.14285714285714285,0.08333333333333333,4.69047619047619,0.14285714285714285,0.05,2.814285714285714,0.14285714285714285,0.025,1.407142857142857,0.2857142857142857,0.02531645569620253,1.4249547920433996,0.0,False
rg3,1729,1,svm_rbf,raw_engineered,0.033707865168539325,1.0,0.044442213231505066,inner_f1,0.2653702458086616,0.04249248418888266,0.6729420450350683,,,0.047058823529411764,0.02564102564102564,0.2857142857142857,0.029615564888682055,311,76,5,2,0.7142857142857143,0.19638242894056848,394,7,394,0.0,0.0,0.0,0.14285714285714285,0.08333333333333333,4.69047619047619,0.14285714285714285,0.05,2.814285714285714,0.14285714285714285,0.025,1.407142857142857,0.2857142857142857,0.02531645569620253,1.4249547920433996,0.19796954314720813,False
rg3,1729,1,svm_rbf,raw_engineered,0.033707865168539325,1.0,0.044442213231505066,inner_recall95,0.23724472342130679,0.04249248418888266,0.6729420450350683,,,0.05511811023622047,0.02834008097165992,1.0,0.10375373226167534,147,240,0,7,0.0,0.6201550387596899,394,7,394,0.0,0.0,0.0,0.14285714285714285,0.08333333333333333,4.69047619047619,0.14285714285714285,0.05,2.814285714285714,0.14285714285714285,0.025,1.407142857142857,0.2857142857142857,0.02531645569620253,1.4249547920433996,0.6269035532994924,True
rg3,1729,1,svm_rbf,raw_engineered_tuned,0.033707865168539325,1.0,0.04438666930611564,fixed_0.5,0.5,0.04254088546329352,0.6736803248431156,,,0.0,0.0,0.0,0.0,387,0,7,0,1.0,0.0,394,7,394,0.0,0.0,0.0,0.14285714285714285,0.08333333333333333,4.69047619047619,0.14285714285714285,0.05,2.814285714285714,0.14285714285714285,0.025,1.407142857142857,0.2857142857142857,0.02531645569620253,1.4249547920433996,0.0,False
rg3,1729,1,svm_rbf,raw_engineered_tuned,0.033707865168539325,1.0,0.04438666930611564,inner_f1,0.2583342140863251,0.04254088546329352,0.6736803248431156,,,0.047058823529411764,0.02564102564102564,0.2857142857142857,0.029615564888682055,311,76,5,2,0.7142857142857143,0.19638242894056848,394,7,394,0.0,0.0,0.0,0.14285714285714285,0.08333333333333333,4.69047619047619,0.14285714285714285,0.05,2.814285714285714,0.14285714285714285,0.025,1.407142857142857,0.2857142857142857,0.02531645569620253,1.4249547920433996,0.19796954314720813,False
rg3,1729,1,svm_rbf,raw_engineered_tuned,0.033707865168539325,1.0,0.04438666930611564,inner_recall95,0.18188657806886063,0.04254088546329352,0.6736803248431156,,,0.05511811023622047,0.02834008097165992,1.0,0.10375373226167534,147,240,0,7,0.0,0.6201550387596899,394,7,394,0.0,0.0,0.0,0.14285714285714285,0.08333333333333333,4.69047619047619,0.14285714285714285,0.05,2.814285714285714,0.14285714285714285,0.025,1.407142857142857,0.2857142857142857,0.02531645569620253,1.4249547920433996,0.6269035532994924,True
rg3,1729,1,svm_rbf,raw_engineered_weight,0.02349869451697128,1.0,0.03615787618283395,fixed_0.5,0.5,0.024205629848527567,0.5223329641934292,,,0.0,0.0,0.0,-0.025814621222141714,373,14,7,0,1.0,0.03617571059431524,394,7,394,0.0,0.0,0.0,0.0,0.0,0.0,0.0,0.0,0.0,0.14285714285714285,0.025,1.407142857142857,0.14285714285714285,0.012658227848101266,0.7124773960216998,0.03553299492385787,False
rg3,1729,1,svm_rbf,raw_engineered_weight,0.02349869451697128,1.0,0.03615787618283395,inner_f1,0.2652056154413549,0.024205629848527567,0.5223329641934292,,,0.049586776859504134,0.02631578947368421,0.42857142857142855,0.04129479176977572,276,111,4,3,0.5714285714285714,0.2868217054263566,394,7,394,0.0,0.0,0.0,0.0,0.0,0.0,0.0,0.0,0.0,0.14285714285714285,0.025,1.407142857142857,0.14285714285714285,0.012658227848101266,0.7124773960216998,0.2893401015228426,False
rg3,1729,1,svm_rbf,raw_engineered_weight,0.02349869451697128,1.0,0.03615787618283395,inner_recall95,0.1133679096692782,0.024205629848527567,0.5223329641934292,,,0.03763440860215054,0.019178082191780823,1.0,0.037909329592926415,29,358,0,7,0.0,0.9250645994832042,394,7,394,0.0,0.0,0.0,0.0,0.0,0.0,0.0,0.0,0.0,0.14285714285714285,0.025,1.407142857142857,0.14285714285714285,0.012658227848101266,0.7124773960216998,0.9263959390862944,True
rg3,1729,1,svm_rbf,inner_selected,0.03557312252964427,1.0,0.05604714221569307,fixed_0.5,0.5,0.04984451028412984,0.6419342930970837,,,0.0,0.0,0.0,0.0,387,0,7,0,1.0,0.0,394,7,394,0.0,0.0,0.0,0.14285714285714285,0.08333333333333333,4.69047619047619,0.14285714285714285,0.05,2.814285714285714,0.2857142857142857,0.05,2.814285714285714,0.2857142857142857,0.02531645569620253,1.4249547920433996,0.0,False
rg3,1729,1,svm_rbf,inner_selected,0.03557312252964427,1.0,0.05604714221569307,inner_f1,0.2692042345962435,0.04984451028412984,0.6419342930970837,,,0.06153846153846154,0.034482758620689655,0.2857142857142857,0.052574508936156984,331,56,5,2,0.7142857142857143,0.14470284237726097,394,7,394,0.0,0.0,0.0,0.14285714285714285,0.08333333333333333,4.69047619047619,0.14285714285714285,0.05,2.814285714285714,0.2857142857142857,0.05,2.814285714285714,0.2857142857142857,0.02531645569620253,1.4249547920433996,0.14720812182741116,False
rg3,1729,1,svm_rbf,inner_selected,0.03557312252964427,1.0,0.05604714221569307,inner_recall95,0.23564612063121604,0.04984451028412984,0.6419342930970837,,,0.04477611940298507,0.022988505747126436,0.8571428571428571,0.055376271220309005,132,255,1,6,0.14285714285714285,0.6589147286821705,394,7,394,0.0,0.0,0.0,0.14285714285714285,0.08333333333333333,4.69047619047619,0.14285714285714285,0.05,2.814285714285714,0.2857142857142857,0.05,2.814285714285714,0.2857142857142857,0.02531645569620253,1.4249547920433996,0.6624365482233503,False
rg3,1729,2,xgboost_balanced,reference,0.04157043879907621,1.0,0.060373271777292334,fixed_0.5,0.5,0.028227862846552158,0.6674049464747139,0.05128091747768922,0.1796164864275354,0.0,0.0,0.0,-0.030272947247600226,368,19,7,0,1.0,0.04909560723514212,394,7,394,0.0,0.0,0.0,0.0,0.0,0.0,0.0,0.0,0.0,0.0,0.0,0.0,0.2857142857142857,0.02531645569620253,1.4249547920433996,0.048223350253807105,False
rg3,1729,2,xgboost_balanced,reference,0.04157043879907621,1.0,0.060373271777292334,inner_f1,0.4802800714969635,0.028227862846552158,0.6674049464747139,0.05128091747768922,0.1796164864275354,0.0,0.0,0.0,-0.030272947247600226,368,19,7,0,1.0,0.04909560723514212,394,7,394,0.0,0.0,0.0,0.0,0.0,0.0,0.0,0.0,0.0,0.0,0.0,0.0,0.2857142857142857,0.02531645569620253,1.4249547920433996,0.048223350253807105,False
rg3,1729,2,xgboost_balanced,reference,0.04157043879907621,1.0,0.060373271777292334,inner_recall95,0.01978200115263462,0.028227862846552158,0.6674049464747139,0.05128091747768922,0.1796164864275354,0.06422018348623854,0.03317535545023697,1.0,0.12525003465825868,183,204,0,7,0.0,0.5271317829457365,394,7,394,0.0,0.0,0.0,0.0,0.0,0.0,0.0,0.0,0.0,0.0,0.0,0.0,0.2857142857142857,0.02531645569620253,1.4249547920433996,0.5355329949238579,True
rg3,1729,2,xgboost_balanced,raw,0.04157043879907621,1.0,0.060373271777292334,fixed_0.5,0.5,0.028227862846552158,0.6674049464747139,0.05128091747768922,0.1796164864275354,0.0,0.0,0.0,-0.030272947247600226,368,19,7,0,1.0,0.04909560723514212,394,7,394,0.0,0.0,0.0,0.0,0.0,0.0,0.0,0.0,0.0,0.0,0.0,0.0,0.2857142857142857,0.02531645569620253,1.4249547920433996,0.048223350253807105,False
rg3,1729,2,xgboost_balanced,raw,0.04157043879907621,1.0,0.060373271777292334,inner_f1,0.4802800714969635,0.028227862846552158,0.6674049464747139,0.05128091747768922,0.1796164864275354,0.0,0.0,0.0,-0.030272947247600226,368,19,7,0,1.0,0.04909560723514212,394,7,394,0.0,0.0,0.0,0.0,0.0,0.0,0.0,0.0,0.0,0.0,0.0,0.0,0.2857142857142857,0.02531645569620253,1.4249547920433996,0.048223350253807105,False
rg3,1729,2,xgboost_balanced,raw,0.04157043879907621,1.0,0.060373271777292334,inner_recall95,0.01978200115263462,0.028227862846552158,0.6674049464747139,0.05128091747768922,0.1796164864275354,0.06422018348623854,0.03317535545023697,1.0,0.12525003465825868,183,204,0,7,0.0,0.5271317829457365,394,7,394,0.0,0.0,0.0,0.0,0.0,0.0,0.0,0.0,0.0,0.0,0.0,0.0,0.2857142857142857,0.02531645569620253,1.4249547920433996,0.5355329949238579,True
rg3,1729,2,xgboost_balanced,raw_engineered,0.036511156186612576,1.0,0.04757088118266082,fixed_0.5,0.5,0.02869081186059963,0.6651901070505721,0.04657081573172661,0.16873294994617788,0.0,0.0,0.0,-0.02766990250509735,371,16,7,0,1.0,0.041343669250646,394,7,394,0.0,0.0,0.0,0.0,0.0,0.0,0.0,0.0,0.0,0.14285714285714285,0.025,1.407142857142857,0.14285714285714285,0.012658227848101266,0.7124773960216998,0.04060913705583756,False
rg3,1729,2,xgboost_balanced,raw_engineered,0.036511156186612576,1.0,0.04757088118266082,inner_f1,0.47903314232826233,0.02869081186059963,0.6651901070505721,0.04657081573172661,0.16873294994617788,0.0,0.0,0.0,-0.030272947247600226,368,19,7,0,1.0,0.04909560723514212,394,7,394,0.0,0.0,0.0,0.0,0.0,0.0,0.0,0.0,0.0,0.14285714285714285,0.025,1.407142857142857,0.14285714285714285,0.012658227848101266,0.7124773960216998,0.048223350253807105,False
rg3,1729,2,xgboost_balanced,raw_engineered,0.036511156186612576,1.0,0.04757088118266082,inner_recall95,0.012072413228452206,0.02869081186059963,0.6651901070505721,0.04657081573172661,0.16873294994617788,0.0546875,0.028112449799196786,1.0,0.1026308356492124,145,242,0,7,0.0,0.6253229974160207,394,7,394,0.0,0.0,0.0,0.0,0.0,0.0,0.0,0.0,0.0,0.14285714285714285,0.025,1.407142857142857,0.14285714285714285,0.012658227848101266,0.7124773960216998,0.631979695431472,True
rg3,1729,2,xgboost_balanced,raw_engineered_tuned,0.04699738903394256,1.0,0.04284146982829573,fixed_0.5,0.5,0.025830483640551873,0.6345514950166112,0.07997833091860776,0.256135053760771,0.0,0.0,0.0,-0.048293322026503493,342,45,7,0,1.0,0.11627906976744186,394,7,394,0.0,0.0,0.0,0.0,0.0,0.0,0.0,0.0,0.0,0.0,0.0,0.0,0.14285714285714285,0.012658227848101266,0.7124773960216998,0.11421319796954314,False
rg3,1729,2,xgboost_balanced,raw_engineered_tuned,0.04699738903394256,1.0,0.04284146982829573,inner_f1,0.5149989724159241,0.025830483640551873,0.6345514950166112,0.07997833091860776,0.256135053760771,0.0,0.0,0.0,-0.045835092608183345,346,41,7,0,1.0,0.10594315245478036,394,7,394,0.0,0.0,0.0,0.0,0.0,0.0,0.0,0.0,0.0,0.0,0.0,0.0,0.14285714285714285,0.012658227848101266,0.7124773960216998,0.10406091370558376,False
rg3,1729,2,xgboost_balanced,raw_engineered_tuned,0.04699738903394256,1.0,0.04284146982829573,inner_recall95,0.06343304365873337,0.025830483640551873,0.6345514950166112,0.07997833091860776,0.256135053760771,0.05154639175257732,0.026737967914438502,0.7142857142857143,0.06454921736430919,205,182,2,5,0.2857142857142857,0.4702842377260982,394,7,394,0.0,0.0,0.0,0.0,0.0,0.0,0.0,0.0,0.0,0.0,0.0,0.0,0.14285714285714285,0.012658227848101266,0.7124773960216998,0.4746192893401015,False
rg3,1729,2,xgboost_balanced,raw_engineered_weight,0.03146853146853147,1.0,0.041905806142090475,fixed_0.5,0.5,0.0276055297416768,0.6227390180878553,0.02362299208044363,0.11461288875855004,0.0,0.0,0.0,-0.006784178438986118,386,1,7,0,1.0,0.002583979328165375,394,7,394,0.0,0.0,0.0,0.0,0.0,0.0,0.0,0.0,0.0,0.14285714285714285,0.025,1.407142857142857,0.14285714285714285,0.012658227848101266,0.7124773960216998,0.0025380710659898475,False
rg3,1729,2,xgboost_balanced,raw_engineered_weight,0.03146853146853147,1.0,0.041905806142090475,inner_f1,0.24784694612026215,0.0276055297416768,0.6227390180878553,0.02362299208044363,0.11461288875855004,0.0,0.0,0.0,-0.021703407528853153,377,10,7,0,1.0,0.025839793281653745,394,7,394,0.0,0.0,0.0,0.0,0.0,0.0,0.0,0.0,0.0,0.14285714285714285,0.025,1.407142857142857,0.14285714285714285,0.012658227848101266,0.7124773960216998,0.025380710659898477,False
rg3,1729,2,xgboost_balanced,raw_engineered_weight,0.03146853146853147,1.0,0.041905806142090475,inner_recall95,0.01143722515553236,0.0276055297416768,0.6227390180878553,0.02362299208044363,0.11461288875855004,0.05343511450381679,0.027450980392156862,1.0,0.09929579274117149,139,248,0,7,0.0,0.6408268733850129,394,7,394,0.0,0.0,0.0,0.0,0.0,0.0,0.0,0.0,0.0,0.14285714285714285,0.025,1.407142857142857,0.14285714285714285,0.012658227848101266,0.7124773960216998,0.6472081218274112,True
rg3,1729,2,xgboost_balanced,inner_selected,0.04699738903394256,1.0,0.04284146982829573,fixed_0.5,0.5,0.025830483640551873,0.6345514950166112,0.07997833091860776,0.256135053760771,0.0,0.0,0.0,-0.048293322026503493,342,45,7,0,1.0,0.11627906976744186,394,7,394,0.0,0.0,0.0,0.0,0.0,0.0,0.0,0.0,0.0,0.0,0.0,0.0,0.14285714285714285,0.012658227848101266,0.7124773960216998,0.11421319796954314,False
rg3,1729,2,xgboost_balanced,inner_selected,0.04699738903394256,1.0,0.04284146982829573,inner_f1,0.5149989724159241,0.025830483640551873,0.6345514950166112,0.07997833091860776,0.256135053760771,0.0,0.0,0.0,-0.045835092608183345,346,41,7,0,1.0,0.10594315245478036,394,7,394,0.0,0.0,0.0,0.0,0.0,0.0,0.0,0.0,0.0,0.0,0.0,0.0,0.14285714285714285,0.012658227848101266,0.7124773960216998,0.10406091370558376,False
rg3,1729,2,xgboost_balanced,inner_selected,0.04699738903394256,1.0,0.04284146982829573,inner_recall95,0.06343304365873337,0.025830483640551873,0.6345514950166112,0.07997833091860776,0.256135053760771,0.05154639175257732,0.026737967914438502,0.7142857142857143,0.06454921736430919,205,182,2,5,0.2857142857142857,0.4702842377260982,394,7,394,0.0,0.0,0.0,0.0,0.0,0.0,0.0,0.0,0.0,0.0,0.0,0.0,0.14285714285714285,0.012658227848101266,0.7124773960216998,0.4746192893401015,False
rg3,1729,2,svm_rbf,reference,0.03829787234042553,1.0,0.0692241794631162,fixed_0.5,0.5,0.06265835802540559,0.7873754152823921,,,0.0,0.0,0.0,0.0,387,0,7,0,1.0,0.0,394,7,394,0.0,0.0,0.0,0.0,0.0,0.0,0.14285714285714285,0.05,2.814285714285714,0.42857142857142855,0.075,4.221428571428571,0.5714285714285714,0.05063291139240506,2.849909584086799,0.0,False
rg3,1729,2,svm_rbf,reference,0.03829787234042553,1.0,0.0692241794631162,inner_f1,0.28769999148006586,0.06265835802540559,0.7873754152823921,,,0.0,0.0,0.0,-0.009606506961737248,385,2,7,0,1.0,0.00516795865633075,394,7,394,0.0,0.0,0.0,0.0,0.0,0.0,0.14285714285714285,0.05,2.814285714285714,0.42857142857142855,0.075,4.221428571428571,0.5714285714285714,0.05063291139240506,2.849909584086799,0.005076142131979695,False
rg3,1729,2,svm_rbf,reference,0.03829787234042553,1.0,0.0692241794631162,inner_recall95,0.24461868106632945,0.06265835802540559,0.7873754152823921,,,0.05084745762711865,0.026200873362445413,0.8571428571428571,0.07521776780678399,164,223,1,6,0.14285714285714285,0.5762273901808785,394,7,394,0.0,0.0,0.0,0.0,0.0,0.0,0.14285714285714285,0.05,2.814285714285714,0.42857142857142855,0.075,4.221428571428571,0.5714285714285714,0.05063291139240506,2.849909584086799,0.5812182741116751,False
rg3,1729,2,svm_rbf,raw,0.03829787234042553,1.0,0.0692241794631162,fixed_0.5,0.5,0.06265835802540559,0.7873754152823921,,,0.0,0.0,0.0,0.0,387,0,7,0,1.0,0.0,394,7,394,0.0,0.0,0.0,0.0,0.0,0.0,0.14285714285714285,0.05,2.814285714285714,0.42857142857142855,0.075,4.221428571428571,0.5714285714285714,0.05063291139240506,2.849909584086799,0.0,False
rg3,1729,2,svm_rbf,raw,0.03829787234042553,1.0,0.0692241794631162,inner_f1,0.2876999914800669,0.06265835802540559,0.7873754152823921,,,0.0,0.0,0.0,-0.009606506961737248,385,2,7,0,1.0,0.00516795865633075,394,7,394,0.0,0.0,0.0,0.0,0.0,0.0,0.14285714285714285,0.05,2.814285714285714,0.42857142857142855,0.075,4.221428571428571,0.5714285714285714,0.05063291139240506,2.849909584086799,0.005076142131979695,False
rg3,1729,2,svm_rbf,raw,0.03829787234042553,1.0,0.0692241794631162,inner_recall95,0.24461868106632678,0.06265835802540559,0.7873754152823921,,,0.05084745762711865,0.026200873362445413,0.8571428571428571,0.07521776780678399,164,223,1,6,0.14285714285714285,0.5762273901808785,394,7,394,0.0,0.0,0.0,0.0,0.0,0.0,0.14285714285714285,0.05,2.814285714285714,0.42857142857142855,0.075,4.221428571428571,0.5714285714285714,0.05063291139240506,2.849909584086799,0.5812182741116751,False
rg3,1729,2,svm_rbf,raw_engineered,0.03956043956043956,1.0,0.08167321820124732,fixed_0.5,0.5,0.0630360434220299,0.751937984496124,,,0.0,0.0,0.0,0.0,387,0,7,0,1.0,0.0,394,7,394,0.0,0.0,0.0,0.0,0.0,0.0,0.2857142857142857,0.1,5.628571428571428,0.42857142857142855,0.075,4.221428571428571,0.42857142857142855,0.0379746835443038,2.1374321880650995,0.0,False
rg3,1729,2,svm_rbf,raw_engineered,0.03956043956043956,1.0,0.08167321820124732,inner_f1,0.2901129427269003,0.0630360434220299,0.751937984496124,,,0.0,0.0,0.0,0.0,387,0,7,0,1.0,0.0,394,7,394,0.0,0.0,0.0,0.0,0.0,0.0,0.2857142857142857,0.1,5.628571428571428,0.42857142857142855,0.075,4.221428571428571,0.42857142857142855,0.0379746835443038,2.1374321880650995,0.0,False
rg3,1729,2,svm_rbf,raw_engineered,0.03956043956043956,1.0,0.08167321820124732,inner_recall95,0.2467493932902409,0.0630360434220299,0.751937984496124,,,0.05429864253393665,0.028037383177570093,0.8571428571428571,0.08477547860152054,179,208,1,6,0.14285714285714285,0.537467700258398,394,7,394,0.0,0.0,0.0,0.0,0.0,0.0,0.2857142857142857,0.1,5.628571428571428,0.42857142857142855,0.075,4.221428571428571,0.42857142857142855,0.0379746835443038,2.1374321880650995,0.5431472081218274,False
rg3,1729,2,svm_rbf,raw_engineered_tuned,0.03956043956043956,1.0,0.08165336965399789,fixed_0.5,0.5,0.0630360434220299,0.751937984496124,,,0.0,0.0,0.0,0.0,387,0,7,0,1.0,0.0,394,7,394,0.0,0.0,0.0,0.0,0.0,0.0,0.2857142857142857,0.1,5.628571428571428,0.42857142857142855,0.075,4.221428571428571,0.42857142857142855,0.0379746835443038,2.1374321880650995,0.0,False
rg3,1729,2,svm_rbf,raw_engineered_tuned,0.03956043956043956,1.0,0.08165336965399789,inner_f1,0.3354608620659662,0.0630360434220299,0.751937984496124,,,0.0,0.0,0.0,0.0,387,0,7,0,1.0,0.0,394,7,394,0.0,0.0,0.0,0.0,0.0,0.0,0.2857142857142857,0.1,5.628571428571428,0.42857142857142855,0.075,4.221428571428571,0.42857142857142855,0.0379746835443038,2.1374321880650995,0.0,False
rg3,1729,2,svm_rbf,raw_engineered_tuned,0.03956043956043956,1.0,0.08165336965399789,inner_recall95,0.2062100650402414,0.0630360434220299,0.751937984496124,,,0.05429864253393665,0.028037383177570093,0.8571428571428571,0.08477547860152054,179,208,1,6,0.14285714285714285,0.537467700258398,394,7,394,0.0,0.0,0.0,0.0,0.0,0.0,0.2857142857142857,0.1,5.628571428571428,0.42857142857142855,0.075,4.221428571428571,0.42857142857142855,0.0379746835443038,2.1374321880650995,0.5431472081218274,False
rg3,1729,2,svm_rbf,raw_engineered_weight,0.02912621359223301,1.0,0.04586880533813075,fixed_0.5,0.5,0.03083764385974869,0.6655592469545958,,,0.0,0.0,0.0,-0.02383704844238779,375,12,7,0,1.0,0.031007751937984496,394,7,394,0.0,0.0,0.0,0.0,0.0,0.0,0.0,0.0,0.0,0.14285714285714285,0.025,1.407142857142857,0.2857142857142857,0.02531645569620253,1.4249547920433996,0.030456852791878174,False
rg3,1729,2,svm_rbf,raw_engineered_weight,0.02912621359223301,1.0,0.04586880533813075,inner_f1,0.5148811408248012,0.03083764385974869,0.6655592469545958,,,0.0,0.0,0.0,-0.016724506047514985,381,6,7,0,1.0,0.015503875968992248,394,7,394,0.0,0.0,0.0,0.0,0.0,0.0,0.0,0.0,0.0,0.14285714285714285,0.025,1.407142857142857,0.2857142857142857,0.02531645569620253,1.4249547920433996,0.015228426395939087,False
rg3,1729,2,svm_rbf,raw_engineered_weight,0.02912621359223301,1.0,0.04586880533813075,inner_recall95,0.15266022517878197,0.03083764385974869,0.6655592469545958,,,0.04225352112676056,0.021660649819494584,0.8571428571428571,0.045357761400982306,116,271,1,6,0.14285714285714285,0.7002583979328165,394,7,394,0.0,0.0,0.0,0.0,0.0,0.0,0.0,0.0,0.0,0.14285714285714285,0.025,1.407142857142857,0.2857142857142857,0.02531645569620253,1.4249547920433996,0.7030456852791879,False
rg3,1729,2,svm_rbf,inner_selected,0.03956043956043956,1.0,0.08167321820124732,fixed_0.5,0.5,0.0630360434220299,0.751937984496124,,,0.0,0.0,0.0,0.0,387,0,7,0,1.0,0.0,394,7,394,0.0,0.0,0.0,0.0,0.0,0.0,0.2857142857142857,0.1,5.628571428571428,0.42857142857142855,0.075,4.221428571428571,0.42857142857142855,0.0379746835443038,2.1374321880650995,0.0,False
rg3,1729,2,svm_rbf,inner_selected,0.03956043956043956,1.0,0.08167321820124732,inner_f1,0.2901129427269003,0.0630360434220299,0.751937984496124,,,0.0,0.0,0.0,0.0,387,0,7,0,1.0,0.0,394,7,394,0.0,0.0,0.0,0.0,0.0,0.0,0.2857142857142857,0.1,5.628571428571428,0.42857142857142855,0.075,4.221428571428571,0.42857142857142855,0.0379746835443038,2.1374321880650995,0.0,False
rg3,1729,2,svm_rbf,inner_selected,0.03956043956043956,1.0,0.08167321820124732,inner_recall95,0.2467493932902409,0.0630360434220299,0.751937984496124,,,0.05429864253393665,0.028037383177570093,0.8571428571428571,0.08477547860152054,179,208,1,6,0.14285714285714285,0.537467700258398,394,7,394,0.0,0.0,0.0,0.0,0.0,0.0,0.2857142857142857,0.1,5.628571428571428,0.42857142857142855,0.075,4.221428571428571,0.42857142857142855,0.0379746835443038,2.1374321880650995,0.5431472081218274,False
rg3,2026,0,xgboost_balanced,reference,0.02545968882602546,1.0,0.044809623531906026,fixed_0.5,0.5,0.06560284584869965,0.7873754152823919,0.07130513651407049,0.22387496762557163,0.08695652173913043,0.05128205128205128,0.2857142857142857,0.08409230300066496,350,37,5,2,0.7142857142857143,0.09560723514211886,394,7,394,0.0,0.0,0.0,0.14285714285714285,0.08333333333333333,4.69047619047619,0.2857142857142857,0.1,5.628571428571428,0.2857142857142857,0.05,2.814285714285714,0.42857142857142855,0.0379746835443038,2.1374321880650995,0.09898477157360407,False
rg3,2026,0,xgboost_balanced,reference,0.02545968882602546,1.0,0.044809623531906026,inner_f1,0.551194429397583,0.06560284584869965,0.7873754152823919,0.07130513651407049,0.22387496762557163,0.0975609756097561,0.058823529411764705,0.2857142857142857,0.09551409785718942,355,32,5,2,0.7142857142857143,0.082687338501292,394,7,394,0.0,0.0,0.0,0.14285714285714285,0.08333333333333333,4.69047619047619,0.2857142857142857,0.1,5.628571428571428,0.2857142857142857,0.05,2.814285714285714,0.42857142857142855,0.0379746835443038,2.1374321880650995,0.08629441624365482,False
rg3,2026,0,xgboost_balanced,reference,0.02545968882602546,1.0,0.044809623531906026,inner_recall95,0.005117401015013456,0.06560284584869965,0.7873754152823919,0.07130513651407049,0.22387496762557163,0.037940379403794036,0.019337016574585635,1.0,0.03998657818703491,32,355,0,7,0.0,0.917312661498708,394,7,394,0.0,0.0,0.0,0.14285714285714285,0.08333333333333333,4.69047619047619,0.2857142857142857,0.1,5.628571428571428,0.2857142857142857,0.05,2.814285714285714,0.42857142857142855,0.0379746835443038,2.1374321880650995,0.9187817258883249,True
rg3,2026,0,xgboost_balanced,raw,0.02545968882602546,1.0,0.044809623531906026,fixed_0.5,0.5,0.06560284584869965,0.7873754152823919,0.07130513651407049,0.22387496762557163,0.08695652173913043,0.05128205128205128,0.2857142857142857,0.08409230300066496,350,37,5,2,0.7142857142857143,0.09560723514211886,394,7,394,0.0,0.0,0.0,0.14285714285714285,0.08333333333333333,4.69047619047619,0.2857142857142857,0.1,5.628571428571428,0.2857142857142857,0.05,2.814285714285714,0.42857142857142855,0.0379746835443038,2.1374321880650995,0.09898477157360407,False
rg3,2026,0,xgboost_balanced,raw,0.02545968882602546,1.0,0.044809623531906026,inner_f1,0.551194429397583,0.06560284584869965,0.7873754152823919,0.07130513651407049,0.22387496762557163,0.0975609756097561,0.058823529411764705,0.2857142857142857,0.09551409785718942,355,32,5,2,0.7142857142857143,0.082687338501292,394,7,394,0.0,0.0,0.0,0.14285714285714285,0.08333333333333333,4.69047619047619,0.2857142857142857,0.1,5.628571428571428,0.2857142857142857,0.05,2.814285714285714,0.42857142857142855,0.0379746835443038,2.1374321880650995,0.08629441624365482,False
rg3,2026,0,xgboost_balanced,raw,0.02545968882602546,1.0,0.044809623531906026,inner_recall95,0.005117401015013456,0.06560284584869965,0.7873754152823919,0.07130513651407049,0.22387496762557163,0.037940379403794036,0.019337016574585635,1.0,0.03998657818703491,32,355,0,7,0.0,0.917312661498708,394,7,394,0.0,0.0,0.0,0.14285714285714285,0.08333333333333333,4.69047619047619,0.2857142857142857,0.1,5.628571428571428,0.2857142857142857,0.05,2.814285714285714,0.42857142857142855,0.0379746835443038,2.1374321880650995,0.9187817258883249,True
rg3,2026,0,xgboost_balanced,raw_engineered,0.034220532319391636,1.0,0.04021754180132337,fixed_0.5,0.5,0.04963688006622902,0.8014027316352899,0.05974821058572606,0.1948148173227931,0.0,0.0,0.0,-0.03500663438588376,362,25,7,0,1.0,0.06459948320413436,394,7,394,0.0,0.0,0.0,0.0,0.0,0.0,0.0,0.0,0.0,0.2857142857142857,0.05,2.814285714285714,0.42857142857142855,0.0379746835443038,2.1374321880650995,0.06345177664974619,False
rg3,2026,0,xgboost_balanced,raw_engineered,0.034220532319391636,1.0,0.04021754180132337,inner_f1,0.09627377241849899,0.04963688006622902,0.8014027316352899,0.05974821058572606,0.1948148173227931,0.08955223880597014,0.047244094488188976,0.8571428571428571,0.1538969548784278,266,121,1,6,0.14285714285714285,0.31266149870801035,394,7,394,0.0,0.0,0.0,0.0,0.0,0.0,0.0,0.0,0.0,0.2857142857142857,0.05,2.814285714285714,0.42857142857142855,0.0379746835443038,2.1374321880650995,0.3223350253807107,False
rg3,2026,0,xgboost_balanced,raw_engineered,0.034220532319391636,1.0,0.04021754180132337,inner_recall95,0.011529475450515747,0.04963688006622902,0.8014027316352899,0.05974821058572606,0.1948148173227931,0.05054151624548736,0.025925925925925925,1.0,0.09114282761337437,124,263,0,7,0.0,0.6795865633074936,394,7,394,0.0,0.0,0.0,0.0,0.0,0.0,0.0,0.0,0.0,0.2857142857142857,0.05,2.814285714285714,0.42857142857142855,0.0379746835443038,2.1374321880650995,0.6852791878172588,True
rg3,2026,0,xgboost_balanced,raw_engineered_tuned,0.037894736842105266,1.0,0.041786464284013586,fixed_0.5,0.5,0.04346003884702805,0.7829457364341085,0.09240712253719975,0.28448865139098006,0.06349206349206349,0.03571428571428571,0.2857142857142857,0.05530167935138411,333,54,5,2,0.7142857142857143,0.13953488372093023,394,7,394,0.0,0.0,0.0,0.0,0.0,0.0,0.0,0.0,0.0,0.0,0.0,0.0,0.42857142857142855,0.0379746835443038,2.1374321880650995,0.14213197969543148,False
rg3,2026,0,xgboost_balanced,raw_engineered_tuned,0.037894736842105266,1.0,0.041786464284013586,inner_f1,0.3195330500602722,0.04346003884702805,0.7829457364341085,0.09240712253719975,0.28448865139098006,0.08928571428571429,0.047619047619047616,0.7142857142857143,0.1362131022735749,287,100,2,5,0.2857142857142857,0.25839793281653745,394,7,394,0.0,0.0,0.0,0.0,0.0,0.0,0.0,0.0,0.0,0.0,0.0,0.0,0.42857142857142855,0.0379746835443038,2.1374321880650995,0.26649746192893403,False
rg3,2026,0,xgboost_balanced,raw_engineered_tuned,0.037894736842105266,1.0,0.041786464284013586,inner_recall95,0.045318353921175,0.04346003884702805,0.7829457364341085,0.09240712253719975,0.28448865139098006,0.05785123966942149,0.029787234042553193,1.0,0.11062624428434618,159,228,0,7,0.0,0.5891472868217055,394,7,394,0.0,0.0,0.0,0.0,0.0,0.0,0.0,0.0,0.0,0.0,0.0,0.0,0.42857142857142855,0.0379746835443038,2.1374321880650995,0.5964467005076142,True
rg3,2026,0,xgboost_balanced,raw_engineered_weight,0.036885245901639344,1.0,0.05171115074962798,fixed_0.5,0.5,0.04954213915626645,0.7995570321151717,0.025919430411732843,0.11113720265251109,0.0,0.0,0.0,-0.009606506961737248,385,2,7,0,1.0,0.00516795865633075,394,7,394,0.0,0.0,0.0,0.0,0.0,0.0,0.0,0.0,0.0,0.14285714285714285,0.025,1.407142857142857,0.5714285714285714,0.05063291139240506,2.849909584086799,0.005076142131979695,False
rg3,2026,0,xgboost_balanced,raw_engineered_weight,0.036885245901639344,1.0,0.05171115074962798,inner_f1,0.36778751015663147,0.04954213915626645,0.7995570321151717,0.025919430411732843,0.11113720265251109,0.0,0.0,0.0,-0.01808785529715762,380,7,7,0,1.0,0.01808785529715762,394,7,394,0.0,0.0,0.0,0.0,0.0,0.0,0.0,0.0,0.0,0.14285714285714285,0.025,1.407142857142857,0.5714285714285714,0.05063291139240506,2.849909584086799,0.017766497461928935,False
rg3,2026,0,xgboost_balanced,raw_engineered_weight,0.036885245901639344,1.0,0.05171115074962798,inner_recall95,0.01582258567214012,0.04954213915626645,0.7995570321151717,0.025919430411732843,0.11113720265251109,0.05668016194331984,0.029166666666666667,1.0,0.10773288177560342,154,233,0,7,0.0,0.6020671834625323,394,7,394,0.0,0.0,0.0,0.0,0.0,0.0,0.0,0.0,0.0,0.14285714285714285,0.025,1.407142857142857,0.5714285714285714,0.05063291139240506,2.849909584086799,0.6091370558375635,True
rg3,2026,0,xgboost_balanced,inner_selected,0.037894736842105266,1.0,0.041786464284013586,fixed_0.5,0.5,0.04346003884702805,0.7829457364341085,0.09240712253719975,0.28448865139098006,0.06349206349206349,0.03571428571428571,0.2857142857142857,0.05530167935138411,333,54,5,2,0.7142857142857143,0.13953488372093023,394,7,394,0.0,0.0,0.0,0.0,0.0,0.0,0.0,0.0,0.0,0.0,0.0,0.0,0.42857142857142855,0.0379746835443038,2.1374321880650995,0.14213197969543148,False
rg3,2026,0,xgboost_balanced,inner_selected,0.037894736842105266,1.0,0.041786464284013586,inner_f1,0.3195330500602722,0.04346003884702805,0.7829457364341085,0.09240712253719975,0.28448865139098006,0.08928571428571429,0.047619047619047616,0.7142857142857143,0.1362131022735749,287,100,2,5,0.2857142857142857,0.25839793281653745,394,7,394,0.0,0.0,0.0,0.0,0.0,0.0,0.0,0.0,0.0,0.0,0.0,0.0,0.42857142857142855,0.0379746835443038,2.1374321880650995,0.26649746192893403,False
rg3,2026,0,xgboost_balanced,inner_selected,0.037894736842105266,1.0,0.041786464284013586,inner_recall95,0.045318353921175,0.04346003884702805,0.7829457364341085,0.09240712253719975,0.28448865139098006,0.05785123966942149,0.029787234042553193,1.0,0.11062624428434618,159,228,0,7,0.0,0.5891472868217055,394,7,394,0.0,0.0,0.0,0.0,0.0,0.0,0.0,0.0,0.0,0.0,0.0,0.0,0.42857142857142855,0.0379746835443038,2.1374321880650995,0.5964467005076142,True
rg3,2026,0,svm_rbf,reference,0.038461538461538464,1.0,0.0677277445152908,fixed_0.5,0.5,0.052506724687175814,0.7630121816168327,,,0.0,0.0,0.0,0.0,387,0,7,0,1.0,0.0,394,7,394,0.0,0.0,0.0,0.14285714285714285,0.08333333333333333,4.69047619047619,0.14285714285714285,0.05,2.814285714285714,0.2857142857142857,0.05,2.814285714285714,0.5714285714285714,0.05063291139240506,2.849909584086799,0.0,False
rg3,2026,0,svm_rbf,reference,0.038461538461538464,1.0,0.0677277445152908,inner_f1,0.28757055355449884,0.052506724687175814,0.7630121816168327,,,0.0,0.0,0.0,-0.013620442892440467,383,4,7,0,1.0,0.0103359173126615,394,7,394,0.0,0.0,0.0,0.14285714285714285,0.08333333333333333,4.69047619047619,0.14285714285714285,0.05,2.814285714285714,0.2857142857142857,0.05,2.814285714285714,0.5714285714285714,0.05063291139240506,2.849909584086799,0.01015228426395939,False
rg3,2026,0,svm_rbf,reference,0.038461538461538464,1.0,0.0677277445152908,inner_recall95,0.2436980837559386,0.052506724687175814,0.7630121816168327,,,0.05426356589147287,0.027888446215139442,1.0,0.10151370891452949,143,244,0,7,0.0,0.6304909560723514,394,7,394,0.0,0.0,0.0,0.14285714285714285,0.08333333333333333,4.69047619047619,0.14285714285714285,0.05,2.814285714285714,0.2857142857142857,0.05,2.814285714285714,0.5714285714285714,0.05063291139240506,2.849909584086799,0.6370558375634517,True
rg3,2026,0,svm_rbf,raw,0.038461538461538464,1.0,0.0677277445152908,fixed_0.5,0.5,0.052506724687175814,0.7630121816168327,,,0.0,0.0,0.0,0.0,387,0,7,0,1.0,0.0,394,7,394,0.0,0.0,0.0,0.14285714285714285,0.08333333333333333,4.69047619047619,0.14285714285714285,0.05,2.814285714285714,0.2857142857142857,0.05,2.814285714285714,0.5714285714285714,0.05063291139240506,2.849909584086799,0.0,False
rg3,2026,0,svm_rbf,raw,0.038461538461538464,1.0,0.0677277445152908,inner_f1,0.28757055355449884,0.052506724687175814,0.7630121816168327,,,0.0,0.0,0.0,-0.013620442892440467,383,4,7,0,1.0,0.0103359173126615,394,7,394,0.0,0.0,0.0,0.14285714285714285,0.08333333333333333,4.69047619047619,0.14285714285714285,0.05,2.814285714285714,0.2857142857142857,0.05,2.814285714285714,0.5714285714285714,0.05063291139240506,2.849909584086799,0.01015228426395939,False
rg3,2026,0,svm_rbf,raw,0.038461538461538464,1.0,0.0677277445152908,inner_recall95,0.24369808375593935,0.052506724687175814,0.7630121816168327,,,0.05426356589147287,0.027888446215139442,1.0,0.10151370891452949,143,244,0,7,0.0,0.6304909560723514,394,7,394,0.0,0.0,0.0,0.14285714285714285,0.08333333333333333,4.69047619047619,0.14285714285714285,0.05,2.814285714285714,0.2857142857142857,0.05,2.814285714285714,0.5714285714285714,0.05063291139240506,2.849909584086799,0.6370558375634517,True
rg3,2026,0,svm_rbf,raw_engineered,0.0425531914893617,1.0,0.06505905792289553,fixed_0.5,0.5,0.04185459482493031,0.7249907715023994,,,0.0,0.0,0.0,0.0,387,0,7,0,1.0,0.0,394,7,394,0.0,0.0,0.0,0.0,0.0,0.0,0.0,0.0,0.0,0.2857142857142857,0.05,2.814285714285714,0.42857142857142855,0.0379746835443038,2.1374321880650995,0.0,False
rg3,2026,0,svm_rbf,raw_engineered,0.0425531914893617,1.0,0.06505905792289553,inner_f1,0.28168945658485156,0.04185459482493031,0.7249907715023994,,,0.0,0.0,0.0,-0.021703407528853153,377,10,7,0,1.0,0.025839793281653745,394,7,394,0.0,0.0,0.0,0.0,0.0,0.0,0.0,0.0,0.0,0.2857142857142857,0.05,2.814285714285714,0.42857142857142855,0.0379746835443038,2.1374321880650995,0.025380710659898477,False
rg3,2026,0,svm_rbf,raw_engineered,0.0425531914893617,1.0,0.06505905792289553,inner_recall95,0.24800348602147304,0.04185459482493031,0.7249907715023994,,,0.060085836909871244,0.030973451327433628,1.0,0.11595619576348726,168,219,0,7,0.0,0.5658914728682171,394,7,394,0.0,0.0,0.0,0.0,0.0,0.0,0.0,0.0,0.0,0.2857142857142857,0.05,2.814285714285714,0.42857142857142855,0.0379746835443038,2.1374321880650995,0.5736040609137056,True
rg3,2026,0,svm_rbf,raw_engineered_tuned,0.0425531914893617,1.0,0.06503589136758438,fixed_0.5,0.5,0.04184729674750093,0.7246216315983758,,,0.0,0.0,0.0,0.0,387,0,7,0,1.0,0.0,394,7,394,0.0,0.0,0.0,0.0,0.0,0.0,0.0,0.0,0.0,0.2857142857142857,0.05,2.814285714285714,0.42857142857142855,0.0379746835443038,2.1374321880650995,0.0,False
rg3,2026,0,svm_rbf,raw_engineered_tuned,0.0425531914893617,1.0,0.06503589136758438,inner_f1,0.30829029369437627,0.04184729674750093,0.7246216315983758,,,0.0,0.0,0.0,-0.021703407528853153,377,10,7,0,1.0,0.025839793281653745,394,7,394,0.0,0.0,0.0,0.0,0.0,0.0,0.0,0.0,0.0,0.2857142857142857,0.05,2.814285714285714,0.42857142857142855,0.0379746835443038,2.1374321880650995,0.025380710659898477,False
rg3,2026,0,svm_rbf,raw_engineered_tuned,0.0425531914893617,1.0,0.06503589136758438,inner_recall95,0.2095572993819969,0.04184729674750093,0.7246216315983758,,,0.060085836909871244,0.030973451327433628,1.0,0.11595619576348726,168,219,0,7,0.0,0.5658914728682171,394,7,394,0.0,0.0,0.0,0.0,0.0,0.0,0.0,0.0,0.0,0.2857142857142857,0.05,2.814285714285714,0.42857142857142855,0.0379746835443038,2.1374321880650995,0.5736040609137056,True
rg3,2026,0,svm_rbf,raw_engineered_weight,0.02723146747352496,1.0,0.04298954634989918,fixed_0.5,0.5,0.025973311232657392,0.5839793281653747,,,0.0,0.0,0.0,-0.026755899872509776,372,15,7,0,1.0,0.03875968992248062,394,7,394,0.0,0.0,0.0,0.0,0.0,0.0,0.0,0.0,0.0,0.14285714285714285,0.025,1.407142857142857,0.2857142857142857,0.02531645569620253,1.4249547920433996,0.03807106598984772,False
rg3,2026,0,svm_rbf,raw_engineered_weight,0.02723146747352496,1.0,0.04298954634989918,inner_f1,0.6630989012769029,0.025973311232657392,0.5839793281653747,,,0.0,0.0,0.0,0.0,387,0,7,0,1.0,0.0,394,7,394,0.0,0.0,0.0,0.0,0.0,0.0,0.0,0.0,0.0,0.14285714285714285,0.025,1.407142857142857,0.2857142857142857,0.02531645569620253,1.4249547920433996,0.0,False
rg3,2026,0,svm_rbf,raw_engineered_weight,0.02723146747352496,1.0,0.04298954634989918,inner_recall95,0.147099742332224,0.025973311232657392,0.5839793281653747,,,0.043209876543209874,0.022082018927444796,1.0,0.06628408552070315,77,310,0,7,0.0,0.8010335917312662,394,7,394,0.0,0.0,0.0,0.0,0.0,0.0,0.0,0.0,0.0,0.14285714285714285,0.025,1.407142857142857,0.2857142857142857,0.02531645569620253,1.4249547920433996,0.8045685279187818,True
rg3,2026,0,svm_rbf,inner_selected,0.0425531914893617,1.0,0.06505905792289553,fixed_0.5,0.5,0.04185459482493031,0.7249907715023994,,,0.0,0.0,0.0,0.0,387,0,7,0,1.0,0.0,394,7,394,0.0,0.0,0.0,0.0,0.0,0.0,0.0,0.0,0.0,0.2857142857142857,0.05,2.814285714285714,0.42857142857142855,0.0379746835443038,2.1374321880650995,0.0,False
rg3,2026,0,svm_rbf,inner_selected,0.0425531914893617,1.0,0.06505905792289553,inner_f1,0.28168945658485156,0.04185459482493031,0.7249907715023994,,,0.0,0.0,0.0,-0.021703407528853153,377,10,7,0,1.0,0.025839793281653745,394,7,394,0.0,0.0,0.0,0.0,0.0,0.0,0.0,0.0,0.0,0.2857142857142857,0.05,2.814285714285714,0.42857142857142855,0.0379746835443038,2.1374321880650995,0.025380710659898477,False
rg3,2026,0,svm_rbf,inner_selected,0.0425531914893617,1.0,0.06505905792289553,inner_recall95,0.24800348602147304,0.04185459482493031,0.7249907715023994,,,0.060085836909871244,0.030973451327433628,1.0,0.11595619576348726,168,219,0,7,0.0,0.5658914728682171,394,7,394,0.0,0.0,0.0,0.0,0.0,0.0,0.0,0.0,0.0,0.2857142857142857,0.05,2.814285714285714,0.42857142857142855,0.0379746835443038,2.1374321880650995,0.5736040609137056,True
rg3,2026,1,xgboost_balanced,reference,0.027874564459930314,1.0,0.0380034275592432,fixed_0.5,0.5,0.0942684819605362,0.8049062049062048,0.046470822697376256,0.16432729011042294,0.14285714285714285,0.10526315789473684,0.2222222222222222,0.12417698476867337,368,17,7,2,0.7777777777777778,0.04415584415584416,394,9,394,0.0,0.0,0.0,0.2222222222222222,0.16666666666666666,7.296296296296296,0.2222222222222222,0.1,4.377777777777778,0.4444444444444444,0.1,4.377777777777778,0.6666666666666666,0.0759493670886076,3.3248945147679327,0.048223350253807105,False
rg3,2026,1,xgboost_balanced,reference,0.027874564459930314,1.0,0.0380034275592432,inner_f1,0.09247724711894989,0.0942684819605362,0.8049062049062048,0.046470822697376256,0.16432729011042294,0.09917355371900827,0.05357142857142857,0.6666666666666666,0.12962074240771473,279,106,3,6,0.3333333333333333,0.2753246753246753,394,9,394,0.0,0.0,0.0,0.2222222222222222,0.16666666666666666,7.296296296296296,0.2222222222222222,0.1,4.377777777777778,0.4444444444444444,0.1,4.377777777777778,0.6666666666666666,0.0759493670886076,3.3248945147679327,0.28426395939086296,False
rg3,2026,1,xgboost_balanced,reference,0.027874564459930314,1.0,0.0380034275592432,inner_recall95,0.009703467600047588,0.0942684819605362,0.8049062049062048,0.046470822697376256,0.16432729011042294,0.06382978723404255,0.03296703296703297,1.0,0.10178932902777504,121,264,0,9,0.0,0.6857142857142857,394,9,394,0.0,0.0,0.0,0.2222222222222222,0.16666666666666666,7.296296296296296,0.2222222222222222,0.1,4.377777777777778,0.4444444444444444,0.1,4.377777777777778,0.6666666666666666,0.0759493670886076,3.3248945147679327,0.6928934010152284,True
rg3,2026,1,xgboost_balanced,raw,0.027874564459930314,1.0,0.0380034275592432,fixed_0.5,0.5,0.0942684819605362,0.8049062049062048,0.046470822697376256,0.16432729011042294,0.14285714285714285,0.10526315789473684,0.2222222222222222,0.12417698476867337,368,17,7,2,0.7777777777777778,0.04415584415584416,394,9,394,0.0,0.0,0.0,0.2222222222222222,0.16666666666666666,7.296296296296296,0.2222222222222222,0.1,4.377777777777778,0.4444444444444444,0.1,4.377777777777778,0.6666666666666666,0.0759493670886076,3.3248945147679327,0.048223350253807105,False
rg3,2026,1,xgboost_balanced,raw,0.027874564459930314,1.0,0.0380034275592432,inner_f1,0.09247724711894989,0.0942684819605362,0.8049062049062048,0.046470822697376256,0.16432729011042294,0.09917355371900827,0.05357142857142857,0.6666666666666666,0.12962074240771473,279,106,3,6,0.3333333333333333,0.2753246753246753,394,9,394,0.0,0.0,0.0,0.2222222222222222,0.16666666666666666,7.296296296296296,0.2222222222222222,0.1,4.377777777777778,0.4444444444444444,0.1,4.377777777777778,0.6666666666666666,0.0759493670886076,3.3248945147679327,0.28426395939086296,False
rg3,2026,1,xgboost_balanced,raw,0.027874564459930314,1.0,0.0380034275592432,inner_recall95,0.009703467600047588,0.0942684819605362,0.8049062049062048,0.046470822697376256,0.16432729011042294,0.06382978723404255,0.03296703296703297,1.0,0.10178932902777504,121,264,0,9,0.0,0.6857142857142857,394,9,394,0.0,0.0,0.0,0.2222222222222222,0.16666666666666666,7.296296296296296,0.2222222222222222,0.1,4.377777777777778,0.4444444444444444,0.1,4.377777777777778,0.6666666666666666,0.0759493670886076,3.3248945147679327,0.6928934010152284,True
rg3,2026,1,xgboost_balanced,raw_engineered,0.02450229709035222,1.0,0.03495911339101431,fixed_0.5,0.5,0.12967505397704682,0.7864357864357864,0.039653367264202564,0.14874785650098105,0.09090909090909091,0.07692307692307693,0.1111111111111111,0.0668642512324436,373,12,8,1,0.8888888888888888,0.03116883116883117,394,9,394,0.1111111111111111,0.25,10.944444444444445,0.1111111111111111,0.08333333333333333,3.648148148148148,0.1111111111111111,0.05,2.188888888888889,0.4444444444444444,0.1,4.377777777777778,0.6666666666666666,0.0759493670886076,3.3248945147679327,0.03299492385786802,False
rg3,2026,1,xgboost_balanced,raw_engineered,0.02450229709035222,1.0,0.03495911339101431,inner_f1,0.034065574407577515,0.12967505397704682,0.7864357864357864,0.039653367264202564,0.14874785650098105,0.07734806629834254,0.040697674418604654,0.7777777777777778,0.10519450156213686,220,165,2,7,0.2222222222222222,0.42857142857142855,394,9,394,0.1111111111111111,0.25,10.944444444444445,0.1111111111111111,0.08333333333333333,3.648148148148148,0.1111111111111111,0.05,2.188888888888889,0.4444444444444444,0.1,4.377777777777778,0.6666666666666666,0.0759493670886076,3.3248945147679327,0.4365482233502538,False
rg3,2026,1,xgboost_balanced,raw_engineered,0.02450229709035222,1.0,0.03495911339101431,inner_recall95,0.0065669771283864975,0.12967505397704682,0.7864357864357864,0.039653367264202564,0.14874785650098105,0.05660377358490566,0.02912621359223301,1.0,0.08019016611245018,85,300,0,9,0.0,0.7792207792207793,394,9,394,0.1111111111111111,0.25,10.944444444444445,0.1111111111111111,0.08333333333333333,3.648148148148148,0.1111111111111111,0.05,2.188888888888889,0.4444444444444444,0.1,4.377777777777778,0.6666666666666666,0.0759493670886076,3.3248945147679327,0.7842639593908629,True
rg3,2026,1,xgboost_balanced,raw_engineered_tuned,0.02593192868719611,1.0,0.034019198857170085,fixed_0.5,0.5,0.08233551646697321,0.8083694083694084,0.07390188228011205,0.24467706245787837,0.0975609756097561,0.0625,0.2222222222222222,0.07892036959310333,355,30,7,2,0.7777777777777778,0.07792207792207792,394,9,394,0.0,0.0,0.0,0.1111111111111111,0.08333333333333333,3.648148148148148,0.2222222222222222,0.1,4.377777777777778,0.3333333333333333,0.075,3.283333333333333,0.5555555555555556,0.06329113924050633,2.7707454289732776,0.08121827411167512,False
rg3,2026,1,xgboost_balanced,raw_engineered_tuned,0.02593192868719611,1.0,0.034019198857170085,inner_f1,0.16368824243545532,0.08233551646697321,0.8083694083694084,0.07390188228011205,0.24467706245787837,0.10457516339869281,0.05555555555555555,0.8888888888888888,0.16617860235901175,249,136,1,8,0.1111111111111111,0.35324675324675325,394,9,394,0.0,0.0,0.0,0.1111111111111111,0.08333333333333333,3.648148148148148,0.2222222222222222,0.1,4.377777777777778,0.3333333333333333,0.075,3.283333333333333,0.5555555555555556,0.06329113924050633,2.7707454289732776,0.36548223350253806,False
rg3,2026,1,xgboost_balanced,raw_engineered_tuned,0.02593192868719611,1.0,0.034019198857170085,inner_recall95,0.020392458885908127,0.08233551646697321,0.8083694083694084,0.07390188228011205,0.24467706245787837,0.05844155844155844,0.030100334448160536,1.0,0.08618210518107695,95,290,0,9,0.0,0.7532467532467533,394,9,394,0.0,0.0,0.0,0.1111111111111111,0.08333333333333333,3.648148148148148,0.2222222222222222,0.1,4.377777777777778,0.3333333333333333,0.075,3.283333333333333,0.5555555555555556,0.06329113924050633,2.7707454289732776,0.7588832487309645,True
rg3,2026,1,xgboost_balanced,raw_engineered_weight,0.023088023088023088,1.0,0.03699234856650051,fixed_0.5,0.5,0.12026938260882845,0.7619047619047619,0.0261002550608097,0.11448804944989988,0.0,0.0,0.0,-0.007712490014942894,384,1,9,0,1.0,0.0025974025974025974,394,9,394,0.1111111111111111,0.25,10.944444444444445,0.1111111111111111,0.08333333333333333,3.648148148148148,0.3333333333333333,0.15,6.566666666666666,0.3333333333333333,0.075,3.283333333333333,0.4444444444444444,0.05063291139240506,2.2165963431786215,0.0025380710659898475,False
rg3,2026,1,xgboost_balanced,raw_engineered_weight,0.023088023088023088,1.0,0.03699234856650051,inner_f1,0.035715311765670776,0.12026938260882845,0.7619047619047619,0.0261002550608097,0.11448804944989988,0.0736196319018405,0.03896103896103896,0.6666666666666666,0.08642139135793464,237,148,3,6,0.3333333333333333,0.38441558441558443,394,9,394,0.1111111111111111,0.25,10.944444444444445,0.1111111111111111,0.08333333333333333,3.648148148148148,0.3333333333333333,0.15,6.566666666666666,0.3333333333333333,0.075,3.283333333333333,0.4444444444444444,0.05063291139240506,2.2165963431786215,0.39086294416243655,False
rg3,2026,1,xgboost_balanced,raw_engineered_weight,0.023088023088023088,1.0,0.03699234856650051,inner_recall95,0.007553068920969963,0.12026938260882845,0.7619047619047619,0.0261002550608097,0.11448804944989988,0.05504587155963303,0.02830188679245283,1.0,0.0747453407526145,76,309,0,9,0.0,0.8025974025974026,394,9,394,0.1111111111111111,0.25,10.944444444444445,0.1111111111111111,0.08333333333333333,3.648148148148148,0.3333333333333333,0.15,6.566666666666666,0.3333333333333333,0.075,3.283333333333333,0.4444444444444444,0.05063291139240506,2.2165963431786215,0.8071065989847716,True
rg3,2026,1,xgboost_balanced,inner_selected,0.027874564459930314,1.0,0.0380034275592432,fixed_0.5,0.5,0.0942684819605362,0.8049062049062048,0.046470822697376256,0.16432729011042294,0.14285714285714285,0.10526315789473684,0.2222222222222222,0.12417698476867337,368,17,7,2,0.7777777777777778,0.04415584415584416,394,9,394,0.0,0.0,0.0,0.2222222222222222,0.16666666666666666,7.296296296296296,0.2222222222222222,0.1,4.377777777777778,0.4444444444444444,0.1,4.377777777777778,0.6666666666666666,0.0759493670886076,3.3248945147679327,0.048223350253807105,False
rg3,2026,1,xgboost_balanced,inner_selected,0.027874564459930314,1.0,0.0380034275592432,inner_f1,0.09247724711894989,0.0942684819605362,0.8049062049062048,0.046470822697376256,0.16432729011042294,0.09917355371900827,0.05357142857142857,0.6666666666666666,0.12962074240771473,279,106,3,6,0.3333333333333333,0.2753246753246753,394,9,394,0.0,0.0,0.0,0.2222222222222222,0.16666666666666666,7.296296296296296,0.2222222222222222,0.1,4.377777777777778,0.4444444444444444,0.1,4.377777777777778,0.6666666666666666,0.0759493670886076,3.3248945147679327,0.28426395939086296,False
rg3,2026,1,xgboost_balanced,inner_selected,0.027874564459930314,1.0,0.0380034275592432,inner_recall95,0.009703467600047588,0.0942684819605362,0.8049062049062048,0.046470822697376256,0.16432729011042294,0.06382978723404255,0.03296703296703297,1.0,0.10178932902777504,121,264,0,9,0.0,0.6857142857142857,394,9,394,0.0,0.0,0.0,0.2222222222222222,0.16666666666666666,7.296296296296296,0.2222222222222222,0.1,4.377777777777778,0.4444444444444444,0.1,4.377777777777778,0.6666666666666666,0.0759493670886076,3.3248945147679327,0.6928934010152284,True
rg3,2026,1,svm_rbf,reference,0.050793650793650794,1.0,0.060923610910960165,fixed_0.5,0.5,0.07266488477395389,0.7991341991341991,,,0.0,0.0,0.0,0.0,385,0,9,0,1.0,0.0,394,9,394,0.0,0.0,0.0,0.1111111111111111,0.08333333333333333,3.648148148148148,0.1111111111111111,0.05,2.188888888888889,0.3333333333333333,0.075,3.283333333333333,0.6666666666666666,0.0759493670886076,3.3248945147679327,0.0,False
rg3,2026,1,svm_rbf,reference,0.050793650793650794,1.0,0.060923610910960165,inner_f1,0.2680939450794709,0.07266488477395389,0.7991341991341991,,,0.10714285714285714,0.06382978723404255,0.3333333333333333,0.10096631130220762,341,44,6,3,0.6666666666666666,0.11428571428571428,394,9,394,0.0,0.0,0.0,0.1111111111111111,0.08333333333333333,3.648148148148148,0.1111111111111111,0.05,2.188888888888889,0.3333333333333333,0.075,3.283333333333333,0.6666666666666666,0.0759493670886076,3.3248945147679327,0.11928934010152284,False
rg3,2026,1,svm_rbf,reference,0.050793650793650794,1.0,0.060923610910960165,inner_recall95,0.25234369963296643,0.07266488477395389,0.7991341991341991,,,0.08383233532934131,0.04430379746835443,0.7777777777777778,0.11753583411018055,234,151,2,7,0.2222222222222222,0.3922077922077922,394,9,394,0.0,0.0,0.0,0.1111111111111111,0.08333333333333333,3.648148148148148,0.1111111111111111,0.05,2.188888888888889,0.3333333333333333,0.075,3.283333333333333,0.6666666666666666,0.0759493670886076,3.3248945147679327,0.4010152284263959,False
rg3,2026,1,svm_rbf,raw,0.050793650793650794,1.0,0.060923610910960165,fixed_0.5,0.5,0.07266488477395389,0.7991341991341991,,,0.0,0.0,0.0,0.0,385,0,9,0,1.0,0.0,394,9,394,0.0,0.0,0.0,0.1111111111111111,0.08333333333333333,3.648148148148148,0.1111111111111111,0.05,2.188888888888889,0.3333333333333333,0.075,3.283333333333333,0.6666666666666666,0.0759493670886076,3.3248945147679327,0.0,False
rg3,2026,1,svm_rbf,raw,0.050793650793650794,1.0,0.060923610910960165,inner_f1,0.26809394507947043,0.07266488477395389,0.7991341991341991,,,0.10714285714285714,0.06382978723404255,0.3333333333333333,0.10096631130220762,341,44,6,3,0.6666666666666666,0.11428571428571428,394,9,394,0.0,0.0,0.0,0.1111111111111111,0.08333333333333333,3.648148148148148,0.1111111111111111,0.05,2.188888888888889,0.3333333333333333,0.075,3.283333333333333,0.6666666666666666,0.0759493670886076,3.3248945147679327,0.11928934010152284,False
rg3,2026,1,svm_rbf,raw,0.050793650793650794,1.0,0.060923610910960165,inner_recall95,0.2523436996329661,0.07266488477395389,0.7991341991341991,,,0.08383233532934131,0.04430379746835443,0.7777777777777778,0.11753583411018055,234,151,2,7,0.2222222222222222,0.3922077922077922,394,9,394,0.0,0.0,0.0,0.1111111111111111,0.08333333333333333,3.648148148148148,0.1111111111111111,0.05,2.188888888888889,0.3333333333333333,0.075,3.283333333333333,0.6666666666666666,0.0759493670886076,3.3248945147679327,0.4010152284263959,False
rg3,2026,1,svm_rbf,raw_engineered,0.04155844155844156,1.0,0.04658272594813341,fixed_0.5,0.5,0.09405327355364088,0.7483405483405483,,,0.0,0.0,0.0,0.0,385,0,9,0,1.0,0.0,394,9,394,0.1111111111111111,0.25,10.944444444444445,0.1111111111111111,0.08333333333333333,3.648148148148148,0.1111111111111111,0.05,2.188888888888889,0.3333333333333333,0.075,3.283333333333333,0.4444444444444444,0.05063291139240506,2.2165963431786215,0.0,False
rg3,2026,1,svm_rbf,raw_engineered,0.04155844155844156,1.0,0.04658272594813341,inner_f1,0.2661064015739728,0.09405327355364088,0.7483405483405483,,,0.11594202898550725,0.06666666666666667,0.4444444444444444,0.12432523171582822,329,56,5,4,0.5555555555555556,0.14545454545454545,394,9,394,0.1111111111111111,0.25,10.944444444444445,0.1111111111111111,0.08333333333333333,3.648148148148148,0.1111111111111111,0.05,2.188888888888889,0.3333333333333333,0.075,3.283333333333333,0.4444444444444444,0.05063291139240506,2.2165963431786215,0.15228426395939088,False
rg3,2026,1,svm_rbf,raw_engineered,0.04155844155844156,1.0,0.04658272594813341,inner_recall95,0.2491779930548538,0.09405327355364088,0.7483405483405483,,,0.07291666666666667,0.03825136612021858,0.7777777777777778,0.09604962352665938,209,176,2,7,0.2222222222222222,0.45714285714285713,394,9,394,0.1111111111111111,0.25,10.944444444444445,0.1111111111111111,0.08333333333333333,3.648148148148148,0.1111111111111111,0.05,2.188888888888889,0.3333333333333333,0.075,3.283333333333333,0.4444444444444444,0.05063291139240506,2.2165963431786215,0.46446700507614214,False
rg3,2026,1,svm_rbf,raw_engineered_tuned,0.04145077720207254,1.0,0.04661768621422574,fixed_0.5,0.5,0.0940502639423881,0.7483405483405483,,,0.0,0.0,0.0,0.0,385,0,9,0,1.0,0.0,394,9,394,0.1111111111111111,0.25,10.944444444444445,0.1111111111111111,0.08333333333333333,3.648148148148148,0.1111111111111111,0.05,2.188888888888889,0.3333333333333333,0.075,3.283333333333333,0.4444444444444444,0.05063291139240506,2.2165963431786215,0.0,False
rg3,2026,1,svm_rbf,raw_engineered_tuned,0.04145077720207254,1.0,0.04661768621422574,inner_f1,0.260529689769923,0.0940502639423881,0.7483405483405483,,,0.11594202898550725,0.06666666666666667,0.4444444444444444,0.12432523171582822,329,56,5,4,0.5555555555555556,0.14545454545454545,394,9,394,0.1111111111111111,0.25,10.944444444444445,0.1111111111111111,0.08333333333333333,3.648148148148148,0.1111111111111111,0.05,2.188888888888889,0.3333333333333333,0.075,3.283333333333333,0.4444444444444444,0.05063291139240506,2.2165963431786215,0.15228426395939088,False
rg3,2026,1,svm_rbf,raw_engineered_tuned,0.04145077720207254,1.0,0.04661768621422574,inner_recall95,0.21262083799371198,0.0940502639423881,0.7483405483405483,,,0.07253886010362694,0.03804347826086957,0.7777777777777778,0.09523825208594902,208,177,2,7,0.2222222222222222,0.4597402597402597,394,9,394,0.1111111111111111,0.25,10.944444444444445,0.1111111111111111,0.08333333333333333,3.648148148148148,0.1111111111111111,0.05,2.188888888888889,0.3333333333333333,0.075,3.283333333333333,0.4444444444444444,0.05063291139240506,2.2165963431786215,0.467005076142132,False
rg3,2026,1,svm_rbf,raw_engineered_weight,0.022068965517241378,1.0,0.04890070682244976,fixed_0.5,0.5,0.04496828460401321,0.6060606060606061,,,0.09523809523809523,0.08333333333333333,0.1111111111111111,0.07176159933596753,374,11,8,1,0.8888888888888888,0.02857142857142857,394,9,394,0.0,0.0,0.0,0.1111111111111111,0.08333333333333333,3.648148148148148,0.1111111111111111,0.05,2.188888888888889,0.2222222222222222,0.05,2.188888888888889,0.3333333333333333,0.0379746835443038,1.6624472573839664,0.030456852791878174,False
rg3,2026,1,svm_rbf,raw_engineered_weight,0.022068965517241378,1.0,0.04890070682244976,inner_f1,0.3304390479098913,0.04496828460401321,0.6060606060606061,,,0.08571428571428572,0.04918032786885246,0.3333333333333333,0.07545100975588559,327,58,6,3,0.6666666666666666,0.15064935064935064,394,9,394,0.0,0.0,0.0,0.1111111111111111,0.08333333333333333,3.648148148148148,0.1111111111111111,0.05,2.188888888888889,0.2222222222222222,0.05,2.188888888888889,0.3333333333333333,0.0379746835443038,1.6624472573839664,0.1548223350253807,False
rg3,2026,1,svm_rbf,raw_engineered_weight,0.022068965517241378,1.0,0.04890070682244976,inner_recall95,0.12487738259834437,0.04496828460401321,0.6060606060606061,,,0.041666666666666664,0.021406727828746176,0.7777777777777778,-0.021232876379810226,65,320,2,7,0.2222222222222222,0.8311688311688312,394,9,394,0.0,0.0,0.0,0.1111111111111111,0.08333333333333333,3.648148148148148,0.1111111111111111,0.05,2.188888888888889,0.2222222222222222,0.05,2.188888888888889,0.3333333333333333,0.0379746835443038,1.6624472573839664,0.8299492385786802,False
rg3,2026,1,svm_rbf,inner_selected,0.050793650793650794,1.0,0.060923610910960165,fixed_0.5,0.5,0.07266488477395389,0.7991341991341991,,,0.0,0.0,0.0,0.0,385,0,9,0,1.0,0.0,394,9,394,0.0,0.0,0.0,0.1111111111111111,0.08333333333333333,3.648148148148148,0.1111111111111111,0.05,2.188888888888889,0.3333333333333333,0.075,3.283333333333333,0.6666666666666666,0.0759493670886076,3.3248945147679327,0.0,False
rg3,2026,1,svm_rbf,inner_selected,0.050793650793650794,1.0,0.060923610910960165,inner_f1,0.2680939450794709,0.07266488477395389,0.7991341991341991,,,0.10714285714285714,0.06382978723404255,0.3333333333333333,0.10096631130220762,341,44,6,3,0.6666666666666666,0.11428571428571428,394,9,394,0.0,0.0,0.0,0.1111111111111111,0.08333333333333333,3.648148148148148,0.1111111111111111,0.05,2.188888888888889,0.3333333333333333,0.075,3.283333333333333,0.6666666666666666,0.0759493670886076,3.3248945147679327,0.11928934010152284,False
rg3,2026,1,svm_rbf,inner_selected,0.050793650793650794,1.0,0.060923610910960165,inner_recall95,0.25234369963296643,0.07266488477395389,0.7991341991341991,,,0.08383233532934131,0.04430379746835443,0.7777777777777778,0.11753583411018055,234,151,2,7,0.2222222222222222,0.3922077922077922,394,9,394,0.0,0.0,0.0,0.1111111111111111,0.08333333333333333,3.648148148148148,0.1111111111111111,0.05,2.188888888888889,0.3333333333333333,0.075,3.283333333333333,0.6666666666666666,0.0759493670886076,3.3248945147679327,0.4010152284263959,False
rg3,2026,2,xgboost_balanced,reference,0.022377622377622378,1.0,0.04482682795738503,fixed_0.5,0.5,0.05949638399548704,0.6793650793650793,0.04171932795623723,0.16322215500302736,0.1,0.09090909090909091,0.1111111111111111,0.07721019813653479,375,10,8,1,0.8888888888888888,0.025974025974025976,394,9,394,0.0,0.0,0.0,0.1111111111111111,0.08333333333333333,3.648148148148148,0.2222222222222222,0.1,4.377777777777778,0.2222222222222222,0.05,2.188888888888889,0.3333333333333333,0.0379746835443038,1.6624472573839664,0.027918781725888325,False
rg3,2026,2,xgboost_balanced,reference,0.022377622377622378,1.0,0.04482682795738503,inner_f1,0.24827168881893158,0.05949638399548704,0.6793650793650793,0.04171932795623723,0.16322215500302736,0.06896551724137931,0.04081632653061224,0.2222222222222222,0.045338825730363054,338,47,7,2,0.7777777777777778,0.12207792207792208,394,9,394,0.0,0.0,0.0,0.1111111111111111,0.08333333333333333,3.648148148148148,0.2222222222222222,0.1,4.377777777777778,0.2222222222222222,0.05,2.188888888888889,0.3333333333333333,0.0379746835443038,1.6624472573839664,0.12436548223350254,False
rg3,2026,2,xgboost_balanced,reference,0.022377622377622378,1.0,0.04482682795738503,inner_recall95,0.004741462878882885,0.05949638399548704,0.6793650793650793,0.04171932795623723,0.16322215500302736,0.04945054945054945,0.02535211267605634,1.0,0.05067678057318607,39,346,0,9,0.0,0.8987012987012987,394,9,394,0.0,0.0,0.0,0.1111111111111111,0.08333333333333333,3.648148148148148,0.2222222222222222,0.1,4.377777777777778,0.2222222222222222,0.05,2.188888888888889,0.3333333333333333,0.0379746835443038,1.6624472573839664,0.9010152284263959,True
rg3,2026,2,xgboost_balanced,raw,0.022377622377622378,1.0,0.04482682795738503,fixed_0.5,0.5,0.05949638399548704,0.6793650793650793,0.04171932795623723,0.16322215500302736,0.1,0.09090909090909091,0.1111111111111111,0.07721019813653479,375,10,8,1,0.8888888888888888,0.025974025974025976,394,9,394,0.0,0.0,0.0,0.1111111111111111,0.08333333333333333,3.648148148148148,0.2222222222222222,0.1,4.377777777777778,0.2222222222222222,0.05,2.188888888888889,0.3333333333333333,0.0379746835443038,1.6624472573839664,0.027918781725888325,False
rg3,2026,2,xgboost_balanced,raw,0.022377622377622378,1.0,0.04482682795738503,inner_f1,0.24827168881893158,0.05949638399548704,0.6793650793650793,0.04171932795623723,0.16322215500302736,0.06896551724137931,0.04081632653061224,0.2222222222222222,0.045338825730363054,338,47,7,2,0.7777777777777778,0.12207792207792208,394,9,394,0.0,0.0,0.0,0.1111111111111111,0.08333333333333333,3.648148148148148,0.2222222222222222,0.1,4.377777777777778,0.2222222222222222,0.05,2.188888888888889,0.3333333333333333,0.0379746835443038,1.6624472573839664,0.12436548223350254,False
rg3,2026,2,xgboost_balanced,raw,0.022377622377622378,1.0,0.04482682795738503,inner_recall95,0.004741462878882885,0.05949638399548704,0.6793650793650793,0.04171932795623723,0.16322215500302736,0.04945054945054945,0.02535211267605634,1.0,0.05067678057318607,39,346,0,9,0.0,0.8987012987012987,394,9,394,0.0,0.0,0.0,0.1111111111111111,0.08333333333333333,3.648148148148148,0.2222222222222222,0.1,4.377777777777778,0.2222222222222222,0.05,2.188888888888889,0.3333333333333333,0.0379746835443038,1.6624472573839664,0.9010152284263959,True
rg3,2026,2,xgboost_balanced,raw_engineered,0.024844720496894408,1.0,0.05913438851557534,fixed_0.5,0.5,0.044976853542006326,0.664069264069264,0.03683749289438698,0.14929072526792106,0.0,0.0,0.0,-0.017334091769940885,380,5,9,0,1.0,0.012987012987012988,394,9,394,0.0,0.0,0.0,0.0,0.0,0.0,0.0,0.0,0.0,0.2222222222222222,0.05,2.188888888888889,0.4444444444444444,0.05063291139240506,2.2165963431786215,0.012690355329949238,False
rg3,2026,2,xgboost_balanced,raw_engineered,0.024844720496894408,1.0,0.05913438851557534,inner_f1,0.2979094684123993,0.044976853542006326,0.664069264069264,0.03683749289438698,0.14929072526792106,0.05263157894736842,0.034482758620689655,0.1111111111111111,0.02196112532436727,357,28,8,1,0.8888888888888888,0.07272727272727272,394,9,394,0.0,0.0,0.0,0.0,0.0,0.0,0.0,0.0,0.0,0.2222222222222222,0.05,2.188888888888889,0.4444444444444444,0.05063291139240506,2.2165963431786215,0.07360406091370558,False
rg3,2026,2,xgboost_balanced,raw_engineered,0.024844720496894408,1.0,0.05913438851557534,inner_recall95,0.007095920853316784,0.044976853542006326,0.664069264069264,0.03683749289438698,0.14929072526792106,0.04666666666666667,0.024054982817869417,0.7777777777777778,0.013639488184765364,101,284,2,7,0.2222222222222222,0.7376623376623377,394,9,394,0.0,0.0,0.0,0.0,0.0,0.0,0.0,0.0,0.0,0.2222222222222222,0.05,2.188888888888889,0.4444444444444444,0.05063291139240506,2.2165963431786215,0.7385786802030457,False
rg3,2026,2,xgboost_balanced,raw_engineered_tuned,0.02384500745156483,1.0,0.05200495387164793,fixed_0.5,0.5,0.043714344875756914,0.67994227994228,0.06733151998973451,0.23024483593105138,0.05263157894736842,0.034482758620689655,0.1111111111111111,0.02196112532436727,357,28,8,1,0.8888888888888888,0.07272727272727272,394,9,394,0.0,0.0,0.0,0.0,0.0,0.0,0.0,0.0,0.0,0.2222222222222222,0.05,2.188888888888889,0.3333333333333333,0.0379746835443038,1.6624472573839664,0.07360406091370558,False
rg3,2026,2,xgboost_balanced,raw_engineered_tuned,0.02384500745156483,1.0,0.05200495387164793,inner_f1,0.483659565448761,0.043714344875756914,0.67994227994228,0.06733151998973451,0.23024483593105138,0.04878048780487805,0.03125,0.1111111111111111,0.016731118353737907,354,31,8,1,0.8888888888888888,0.08051948051948052,394,9,394,0.0,0.0,0.0,0.0,0.0,0.0,0.0,0.0,0.0,0.2222222222222222,0.05,2.188888888888889,0.3333333333333333,0.0379746835443038,1.6624472573839664,0.08121827411167512,False
rg3,2026,2,xgboost_balanced,raw_engineered_tuned,0.02384500745156483,1.0,0.05200495387164793,inner_recall95,0.016024094074964523,0.043714344875756914,0.67994227994228,0.06733151998973451,0.23024483593105138,0.05357142857142857,0.027522935779816515,1.0,0.06920769976770576,67,318,0,9,0.0,0.825974025974026,394,9,394,0.0,0.0,0.0,0.0,0.0,0.0,0.0,0.0,0.0,0.2222222222222222,0.05,2.188888888888889,0.3333333333333333,0.0379746835443038,1.6624472573839664,0.8299492385786802,True
rg3,2026,2,xgboost_balanced,raw_engineered_weight,0.023154848046309694,1.0,0.060437714547867824,fixed_0.5,0.5,0.0426905952193368,0.696969696969697,0.026397521058283545,0.11858734806061762,0.0,0.0,0.0,-0.007712490014942894,384,1,9,0,1.0,0.0025974025974025974,394,9,394,0.0,0.0,0.0,0.0,0.0,0.0,0.1111111111111111,0.05,2.188888888888889,0.1111111111111111,0.025,1.0944444444444446,0.3333333333333333,0.0379746835443038,1.6624472573839664,0.0025380710659898475,False
rg3,2026,2,xgboost_balanced,raw_engineered_weight,0.023154848046309694,1.0,0.060437714547867824,inner_f1,0.1857583075761795,0.0426905952193368,0.696969696969697,0.026397521058283545,0.11858734806061762,0.07407407407407407,0.05555555555555555,0.1111111111111111,0.04790779586962839,368,17,8,1,0.8888888888888888,0.04415584415584416,394,9,394,0.0,0.0,0.0,0.0,0.0,0.0,0.1111111111111111,0.05,2.188888888888889,0.1111111111111111,0.025,1.0944444444444446,0.3333333333333333,0.0379746835443038,1.6624472573839664,0.04568527918781726,False
rg3,2026,2,xgboost_balanced,raw_engineered_weight,0.023154848046309694,1.0,0.060437714547867824,inner_recall95,0.007079960312694311,0.0426905952193368,0.696969696969697,0.026397521058283545,0.11858734806061762,0.05660377358490566,0.02912621359223301,1.0,0.08019016611245018,85,300,0,9,0.0,0.7792207792207793,394,9,394,0.0,0.0,0.0,0.0,0.0,0.0,0.1111111111111111,0.05,2.188888888888889,0.1111111111111111,0.025,1.0944444444444446,0.3333333333333333,0.0379746835443038,1.6624472573839664,0.7842639593908629,True
rg3,2026,2,xgboost_balanced,inner_selected,0.024844720496894408,1.0,0.05913438851557534,fixed_0.5,0.5,0.044976853542006326,0.664069264069264,0.03683749289438698,0.14929072526792106,0.0,0.0,0.0,-0.017334091769940885,380,5,9,0,1.0,0.012987012987012988,394,9,394,0.0,0.0,0.0,0.0,0.0,0.0,0.0,0.0,0.0,0.2222222222222222,0.05,2.188888888888889,0.4444444444444444,0.05063291139240506,2.2165963431786215,0.012690355329949238,False
rg3,2026,2,xgboost_balanced,inner_selected,0.024844720496894408,1.0,0.05913438851557534,inner_f1,0.2979094684123993,0.044976853542006326,0.664069264069264,0.03683749289438698,0.14929072526792106,0.05263157894736842,0.034482758620689655,0.1111111111111111,0.02196112532436727,357,28,8,1,0.8888888888888888,0.07272727272727272,394,9,394,0.0,0.0,0.0,0.0,0.0,0.0,0.0,0.0,0.0,0.2222222222222222,0.05,2.188888888888889,0.4444444444444444,0.05063291139240506,2.2165963431786215,0.07360406091370558,False
rg3,2026,2,xgboost_balanced,inner_selected,0.024844720496894408,1.0,0.05913438851557534,inner_recall95,0.007095920853316784,0.044976853542006326,0.664069264069264,0.03683749289438698,0.14929072526792106,0.04666666666666667,0.024054982817869417,0.7777777777777778,0.013639488184765364,101,284,2,7,0.2222222222222222,0.7376623376623377,394,9,394,0.0,0.0,0.0,0.0,0.0,0.0,0.0,0.0,0.0,0.2222222222222222,0.05,2.188888888888889,0.4444444444444444,0.05063291139240506,2.2165963431786215,0.7385786802030457,False
rg3,2026,2,svm_rbf,reference,0.03382663847780127,1.0,0.0682696335660103,fixed_0.5,0.5,0.07208265996247375,0.6810966810966811,,,0.0,0.0,0.0,0.0,385,0,9,0,1.0,0.0,394,9,394,0.1111111111111111,0.25,10.944444444444445,0.1111111111111111,0.08333333333333333,3.648148148148148,0.1111111111111111,0.05,2.188888888888889,0.2222222222222222,0.05,2.188888888888889,0.2222222222222222,0.02531645569620253,1.1082981715893108,0.0,False
rg3,2026,2,svm_rbf,reference,0.03382663847780127,1.0,0.0682696335660103,inner_f1,0.2810703724053526,0.07208265996247375,0.6810966810966811,,,0.14285714285714285,0.2,0.1111111111111111,0.13443551172687487,381,4,8,1,0.8888888888888888,0.01038961038961039,394,9,394,0.1111111111111111,0.25,10.944444444444445,0.1111111111111111,0.08333333333333333,3.648148148148148,0.1111111111111111,0.05,2.188888888888889,0.2222222222222222,0.05,2.188888888888889,0.2222222222222222,0.02531645569620253,1.1082981715893108,0.012690355329949238,False
rg3,2026,2,svm_rbf,reference,0.03382663847780127,1.0,0.0682696335660103,inner_recall95,0.24085663333888996,0.07208265996247375,0.6810966810966811,,,0.07111111111111111,0.037037037037037035,0.8888888888888888,0.10465944757800322,177,208,1,8,0.1111111111111111,0.5402597402597402,394,9,394,0.1111111111111111,0.25,10.944444444444445,0.1111111111111111,0.08333333333333333,3.648148148148148,0.1111111111111111,0.05,2.188888888888889,0.2222222222222222,0.05,2.188888888888889,0.2222222222222222,0.02531645569620253,1.1082981715893108,0.5482233502538071,False
rg3,2026,2,svm_rbf,raw,0.03382663847780127,1.0,0.0682696335660103,fixed_0.5,0.5,0.07208265996247375,0.6810966810966811,,,0.0,0.0,0.0,0.0,385,0,9,0,1.0,0.0,394,9,394,0.1111111111111111,0.25,10.944444444444445,0.1111111111111111,0.08333333333333333,3.648148148148148,0.1111111111111111,0.05,2.188888888888889,0.2222222222222222,0.05,2.188888888888889,0.2222222222222222,0.02531645569620253,1.1082981715893108,0.0,False
rg3,2026,2,svm_rbf,raw,0.03382663847780127,1.0,0.0682696335660103,inner_f1,0.28107037240534977,0.07208265996247375,0.6810966810966811,,,0.14285714285714285,0.2,0.1111111111111111,0.13443551172687487,381,4,8,1,0.8888888888888888,0.01038961038961039,394,9,394,0.1111111111111111,0.25,10.944444444444445,0.1111111111111111,0.08333333333333333,3.648148148148148,0.1111111111111111,0.05,2.188888888888889,0.2222222222222222,0.05,2.188888888888889,0.2222222222222222,0.02531645569620253,1.1082981715893108,0.012690355329949238,False
rg3,2026,2,svm_rbf,raw,0.03382663847780127,1.0,0.0682696335660103,inner_recall95,0.24085663333889046,0.07208265996247375,0.6810966810966811,,,0.07111111111111111,0.037037037037037035,0.8888888888888888,0.10465944757800322,177,208,1,8,0.1111111111111111,0.5402597402597402,394,9,394,0.1111111111111111,0.25,10.944444444444445,0.1111111111111111,0.08333333333333333,3.648148148148148,0.1111111111111111,0.05,2.188888888888889,0.2222222222222222,0.05,2.188888888888889,0.2222222222222222,0.02531645569620253,1.1082981715893108,0.5482233502538071,False
rg3,2026,2,svm_rbf,raw_engineered,0.03644646924829157,1.0,0.10165254928445883,fixed_0.5,0.5,0.05575495754030896,0.6692640692640693,,,0.0,0.0,0.0,0.0,385,0,9,0,1.0,0.0,394,9,394,0.0,0.0,0.0,0.1111111111111111,0.08333333333333333,3.648148148148148,0.1111111111111111,0.05,2.188888888888889,0.2222222222222222,0.05,2.188888888888889,0.2222222222222222,0.02531645569620253,1.1082981715893108,0.0,False
rg3,2026,2,svm_rbf,raw_engineered,0.03644646924829157,1.0,0.10165254928445883,inner_f1,0.2799663830141156,0.05575495754030896,0.6692640692640693,,,0.1,0.09090909090909091,0.1111111111111111,0.07721019813653479,375,10,8,1,0.8888888888888888,0.025974025974025976,394,9,394,0.0,0.0,0.0,0.1111111111111111,0.08333333333333333,3.648148148148148,0.1111111111111111,0.05,2.188888888888889,0.2222222222222222,0.05,2.188888888888889,0.2222222222222222,0.02531645569620253,1.1082981715893108,0.027918781725888325,False
rg3,2026,2,svm_rbf,raw_engineered,0.03644646924829157,1.0,0.10165254928445883,inner_recall95,0.245784891452716,0.05575495754030896,0.6692640692640693,,,0.08411214953271028,0.04390243902439024,1.0,0.14680635691329996,189,196,0,9,0.0,0.509090909090909,394,9,394,0.0,0.0,0.0,0.1111111111111111,0.08333333333333333,3.648148148148148,0.1111111111111111,0.05,2.188888888888889,0.2222222222222222,0.05,2.188888888888889,0.2222222222222222,0.02531645569620253,1.1082981715893108,0.5203045685279187,True
rg3,2026,2,svm_rbf,raw_engineered_tuned,0.0365296803652968,1.0,0.10183776164703276,fixed_0.5,0.5,0.05572932045883432,0.6689754689754689,,,0.0,0.0,0.0,0.0,385,0,9,0,1.0,0.0,394,9,394,0.0,0.0,0.0,0.1111111111111111,0.08333333333333333,3.648148148148148,0.1111111111111111,0.05,2.188888888888889,0.2222222222222222,0.05,2.188888888888889,0.2222222222222222,0.02531645569620253,1.1082981715893108,0.0,False
rg3,2026,2,svm_rbf,raw_engineered_tuned,0.0365296803652968,1.0,0.10183776164703276,inner_f1,0.30285232221624814,0.05572932045883432,0.6689754689754689,,,0.1,0.09090909090909091,0.1111111111111111,0.07721019813653479,375,10,8,1,0.8888888888888888,0.025974025974025976,394,9,394,0.0,0.0,0.0,0.1111111111111111,0.08333333333333333,3.648148148148148,0.1111111111111111,0.05,2.188888888888889,0.2222222222222222,0.05,2.188888888888889,0.2222222222222222,0.02531645569620253,1.1082981715893108,0.027918781725888325,False
rg3,2026,2,svm_rbf,raw_engineered_tuned,0.0365296803652968,1.0,0.10183776164703276,inner_recall95,0.20381311794423898,0.05572932045883432,0.6689754689754689,,,0.08411214953271028,0.04390243902439024,1.0,0.14680635691329996,189,196,0,9,0.0,0.509090909090909,394,9,394,0.0,0.0,0.0,0.1111111111111111,0.08333333333333333,3.648148148148148,0.1111111111111111,0.05,2.188888888888889,0.2222222222222222,0.05,2.188888888888889,0.2222222222222222,0.02531645569620253,1.1082981715893108,0.5203045685279187,True
rg3,2026,2,svm_rbf,raw_engineered_weight,0.02099737532808399,1.0,0.06716927333170983,fixed_0.5,0.5,0.040307401129610995,0.5780663780663781,,,0.0,0.0,0.0,-0.019013000182169188,379,6,9,0,1.0,0.015584415584415584,394,9,394,0.0,0.0,0.0,0.1111111111111111,0.08333333333333333,3.648148148148148,0.1111111111111111,0.05,2.188888888888889,0.1111111111111111,0.025,1.0944444444444446,0.3333333333333333,0.0379746835443038,1.6624472573839664,0.015228426395939087,False
rg3,2026,2,svm_rbf,raw_engineered_weight,0.02099737532808399,1.0,0.06716927333170983,inner_f1,0.4768971244735554,0.040307401129610995,0.5780663780663781,,,0.0,0.0,0.0,-0.020562903028816623,378,7,9,0,1.0,0.01818181818181818,394,9,394,0.0,0.0,0.0,0.1111111111111111,0.08333333333333333,3.648148148148148,0.1111111111111111,0.05,2.188888888888889,0.1111111111111111,0.025,1.0944444444444446,0.3333333333333333,0.0379746835443038,1.6624472573839664,0.017766497461928935,False
rg3,2026,2,svm_rbf,raw_engineered_weight,0.02099737532808399,1.0,0.06716927333170983,inner_recall95,0.11403273308587586,0.040307401129610995,0.5780663780663781,,,0.04864864864864865,0.024930747922437674,1.0,0.04622684556071999,33,352,0,9,0.0,0.9142857142857143,394,9,394,0.0,0.0,0.0,0.1111111111111111,0.08333333333333333,3.648148148148148,0.1111111111111111,0.05,2.188888888888889,0.1111111111111111,0.025,1.0944444444444446,0.3333333333333333,0.0379746835443038,1.6624472573839664,0.916243654822335,True
rg3,2026,2,svm_rbf,inner_selected,0.0365296803652968,1.0,0.10183776164703276,fixed_0.5,0.5,0.05572932045883432,0.6689754689754689,,,0.0,0.0,0.0,0.0,385,0,9,0,1.0,0.0,394,9,394,0.0,0.0,0.0,0.1111111111111111,0.08333333333333333,3.648148148148148,0.1111111111111111,0.05,2.188888888888889,0.2222222222222222,0.05,2.188888888888889,0.2222222222222222,0.02531645569620253,1.1082981715893108,0.0,False
rg3,2026,2,svm_rbf,inner_selected,0.0365296803652968,1.0,0.10183776164703276,inner_f1,0.30285232221624814,0.05572932045883432,0.6689754689754689,,,0.1,0.09090909090909091,0.1111111111111111,0.07721019813653479,375,10,8,1,0.8888888888888888,0.025974025974025976,394,9,394,0.0,0.0,0.0,0.1111111111111111,0.08333333333333333,3.648148148148148,0.1111111111111111,0.05,2.188888888888889,0.2222222222222222,0.05,2.188888888888889,0.2222222222222222,0.02531645569620253,1.1082981715893108,0.027918781725888325,False
rg3,2026,2,svm_rbf,inner_selected,0.0365296803652968,1.0,0.10183776164703276,inner_recall95,0.20381311794423898,0.05572932045883432,0.6689754689754689,,,0.08411214953271028,0.04390243902439024,1.0,0.14680635691329996,189,196,0,9,0.0,0.509090909090909,394,9,394,0.0,0.0,0.0,0.1111111111111111,0.08333333333333333,3.648148148148148,0.1111111111111111,0.05,2.188888888888889,0.2222222222222222,0.05,2.188888888888889,0.2222222222222222,0.02531645569620253,1.1082981715893108,0.5203045685279187,True
