scenario,seed,fold,model,selected_threshold,train_seconds_including_inner_cv,predict_seconds,policy,ap,roc_auc,brier,log_loss,f1,precision,recall,mcc,tn,fp,fn,tp,fnr,fpr,rows,positives,unique_scores,recall_at_1pct,precision_at_1pct,lift_at_1pct,recall_at_3pct,precision_at_3pct,lift_at_3pct,recall_at_5pct,precision_at_5pct,lift_at_5pct,recall_at_10pct,precision_at_10pct,lift_at_10pct,recall_at_20pct,precision_at_20pct,lift_at_20pct
cn7,42,0,dummy_prior,0.5,0.0003796959999817773,0.00010804400017150328,fixed_0.5,0.012376237623762377,0.5,0.01222928466061459,0.06688050738871511,0.0,0.0,0.0,0.0,399,0,5,0,1.0,0.0,404,5,1,0.0,0.0,0.0,0.0,0.0,0.0,0.0,0.0,0.0,0.0,0.0,0.0,0.2,0.012345679012345678,0.9975308641975308
cn7,42,0,dummy_prior,0.5,0.0003796959999817773,0.00010804400017150328,inner_f1,0.012376237623762377,0.5,0.01222928466061459,0.06688050738871511,0.0,0.0,0.0,0.0,399,0,5,0,1.0,0.0,404,5,1,0.0,0.0,0.0,0.0,0.0,0.0,0.0,0.0,0.0,0.0,0.0,0.0,0.2,0.012345679012345678,0.9975308641975308
cn7,42,0,logistic,0.6546037584468497,0.011585392999677424,0.00045760000011796365,fixed_0.5,0.6294117647058823,0.9796992481203007,0.006633190637255692,0.027916096630340528,0.5714285714285714,1.0,0.4,0.630091204011875,399,0,3,2,0.6,0.0,404,5,203,0.6,0.6,48.48,0.6,0.23076923076923078,18.646153846153847,0.8,0.19047619047619047,15.390476190476189,1.0,0.12195121951219512,9.853658536585366,1.0,0.06172839506172839,4.987654320987653
cn7,42,0,logistic,0.6546037584468497,0.011585392999677424,0.00045760000011796365,inner_f1,0.6294117647058823,0.9796992481203007,0.006633190637255692,0.027916096630340528,0.5714285714285714,1.0,0.4,0.630091204011875,399,0,3,2,0.6,0.0,404,5,203,0.6,0.6,48.48,0.6,0.23076923076923078,18.646153846153847,0.8,0.19047619047619047,15.390476190476189,1.0,0.12195121951219512,9.853658536585366,1.0,0.06172839506172839,4.987654320987653
cn7,42,0,logistic_balanced,0.999991590070514,0.013416154000424285,0.00047115300003497396,fixed_0.5,0.6,0.9827067669172933,0.044298990063441276,0.15338892816745045,0.2857142857142857,0.16666666666666666,1.0,0.3952516831918599,374,25,0,5,0.0,0.06265664160401002,404,5,203,0.4,0.4,32.32,0.8,0.3076923076923077,24.861538461538462,0.8,0.19047619047619047,15.390476190476189,1.0,0.12195121951219512,9.853658536585366,1.0,0.06172839506172839,4.987654320987653
cn7,42,0,logistic_balanced,0.999991590070514,0.013416154000424285,0.00047115300003497396,inner_f1,0.6,0.9827067669172933,0.044298990063441276,0.15338892816745045,0.0,0.0,0.0,0.0,399,0,5,0,1.0,0.0,404,5,203,0.4,0.4,32.32,0.8,0.3076923076923077,24.861538461538462,0.8,0.19047619047619047,15.390476190476189,1.0,0.12195121951219512,9.853658536585366,1.0,0.06172839506172839,4.987654320987653
cn7,42,0,xgboost,0.061869993805885315,0.172039390000009,0.0007762499999444117,fixed_0.5,0.5168803418803418,0.9446115288220551,0.011016235389328855,0.04756725304960424,0.0,0.0,0.0,0.0,399,0,5,0,1.0,0.0,404,5,152,0.4,0.4,32.32,0.6,0.23076923076923078,18.646153846153847,0.6,0.14285714285714285,11.542857142857141,0.8,0.0975609756097561,7.882926829268293,0.8,0.04938271604938271,3.990123456790123
cn7,42,0,xgboost,0.061869993805885315,0.172039390000009,0.0007762499999444117,inner_f1,0.5168803418803418,0.9446115288220551,0.011016235389328855,0.04756725304960424,0.2608695652173913,0.16666666666666666,0.6,0.3013640904890551,384,15,2,3,0.4,0.03759398496240601,404,5,152,0.4,0.4,32.32,0.6,0.23076923076923078,18.646153846153847,0.6,0.14285714285714285,11.542857142857141,0.8,0.0975609756097561,7.882926829268293,0.8,0.04938271604938271,3.990123456790123
cn7,42,0,xgboost_balanced,0.5426228642463684,0.04471025800012285,0.0008116539997899963,fixed_0.5,0.6478571428571429,0.9716791979949875,0.014203854443913562,0.05195897990019482,0.5333333333333333,0.4,0.8,0.5585630421316993,393,6,1,4,0.2,0.015037593984962405,404,5,201,0.6,0.6,48.48,0.8,0.3076923076923077,24.861538461538462,0.8,0.19047619047619047,15.390476190476189,0.8,0.0975609756097561,7.882926829268293,1.0,0.06172839506172839,4.987654320987653
cn7,42,0,xgboost_balanced,0.5426228642463684,0.04471025800012285,0.0008116539997899963,inner_f1,0.6478571428571429,0.9716791979949875,0.014203854443913562,0.05195897990019482,0.5333333333333333,0.4,0.8,0.5585630421316993,393,6,1,4,0.2,0.015037593984962405,404,5,201,0.6,0.6,48.48,0.8,0.3076923076923077,24.861538461538462,0.8,0.19047619047619047,15.390476190476189,0.8,0.0975609756097561,7.882926829268293,1.0,0.06172839506172839,4.987654320987653
cn7,42,1,dummy_prior,0.5,0.0002407120000498253,7.916100003058091e-05,fixed_0.5,0.017326732673267328,0.5,0.017050872801933115,0.08833009616432082,0.0,0.0,0.0,0.0,397,0,7,0,1.0,0.0,404,7,1,0.0,0.0,0.0,0.0,0.0,0.0,0.0,0.0,0.0,0.14285714285714285,0.024390243902439025,1.4076655052264808,0.2857142857142857,0.024691358024691357,1.425044091710758
cn7,42,1,dummy_prior,0.5,0.0002407120000498253,7.916100003058091e-05,inner_f1,0.017326732673267328,0.5,0.017050872801933115,0.08833009616432082,0.0,0.0,0.0,0.0,397,0,7,0,1.0,0.0,404,7,1,0.0,0.0,0.0,0.0,0.0,0.0,0.0,0.0,0.0,0.14285714285714285,0.024390243902439025,1.4076655052264808,0.2857142857142857,0.024691358024691357,1.425044091710758
cn7,42,1,logistic,0.5465167009404233,0.0108426420001706,0.00042635599993445794,fixed_0.5,0.3853538430297492,0.9213745951781216,0.01270490485608063,0.06257367738142568,0.4444444444444444,1.0,0.2857142857142857,0.531187937969423,397,0,5,2,0.7142857142857143,0.0,404,7,203,0.2857142857142857,0.4,23.085714285714285,0.2857142857142857,0.15384615384615385,8.87912087912088,0.42857142857142855,0.14285714285714285,8.244897959183673,0.8571428571428571,0.14634146341463414,8.445993031358883,0.8571428571428571,0.07407407407407407,4.2751322751322745
cn7,42,1,logistic,0.5465167009404233,0.0108426420001706,0.00042635599993445794,inner_f1,0.3853538430297492,0.9213745951781216,0.01270490485608063,0.06257367738142568,0.4444444444444444,1.0,0.2857142857142857,0.531187937969423,397,0,5,2,0.7142857142857143,0.0,404,7,203,0.2857142857142857,0.4,23.085714285714285,0.2857142857142857,0.15384615384615385,8.87912087912088,0.42857142857142855,0.14285714285714285,8.244897959183673,0.8571428571428571,0.14634146341463414,8.445993031358883,0.8571428571428571,0.07407407407407407,4.2751322751322745
cn7,42,1,logistic_balanced,0.7623545659844182,0.013717120999899635,0.0004506029999902239,fixed_0.5,0.39478140906712333,0.9271320618927671,0.02743308828365833,0.09603092072064602,0.23529411764705882,0.2,0.2857142857142857,0.22303035595739104,389,8,5,2,0.7142857142857143,0.020151133501259445,404,7,204,0.2857142857142857,0.4,23.085714285714285,0.2857142857142857,0.15384615384615385,8.87912087912088,0.42857142857142855,0.14285714285714285,8.244897959183673,0.8571428571428571,0.14634146341463414,8.445993031358883,0.8571428571428571,0.07407407407407407,4.2751322751322745
cn7,42,1,logistic_balanced,0.7623545659844182,0.013717120999899635,0.0004506029999902239,inner_f1,0.39478140906712333,0.9271320618927671,0.02743308828365833,0.09603092072064602,0.3076923076923077,0.3333333333333333,0.2857142857142857,0.2973495838419065,393,4,5,2,0.7142857142857143,0.010075566750629723,404,7,204,0.2857142857142857,0.4,23.085714285714285,0.2857142857142857,0.15384615384615385,8.87912087912088,0.42857142857142855,0.14285714285714285,8.244897959183673,0.8571428571428571,0.14634146341463414,8.445993031358883,0.8571428571428571,0.07407407407407407,4.2751322751322745
cn7,42,1,xgboost,0.028813021257519722,0.032770877000075416,0.0007450920002156636,fixed_0.5,0.1584830535641429,0.8882691615689097,0.016278167849389066,0.0712208418923629,0.0,0.0,0.0,0.0,397,0,7,0,1.0,0.0,404,7,154,0.14285714285714285,0.2,11.542857142857143,0.14285714285714285,0.07692307692307693,4.43956043956044,0.42857142857142855,0.14285714285714285,8.244897959183673,0.5714285714285714,0.0975609756097561,5.630662020905923,0.5714285714285714,0.04938271604938271,2.850088183421516
cn7,42,1,xgboost,0.028813021257519722,0.032770877000075416,0.0007450920002156636,inner_f1,0.1584830535641429,0.8882691615689097,0.016278167849389066,0.0712208418923629,0.14035087719298245,0.08,0.5714285714285714,0.18051063713529936,351,46,3,4,0.42857142857142855,0.11586901763224182,404,7,154,0.14285714285714285,0.2,11.542857142857143,0.14285714285714285,0.07692307692307693,4.43956043956044,0.42857142857142855,0.14285714285714285,8.244897959183673,0.5714285714285714,0.0975609756097561,5.630662020905923,0.5714285714285714,0.04938271604938271,2.850088183421516
cn7,42,1,xgboost_balanced,0.9303063750267029,0.04422481300025538,0.0009330339998996351,fixed_0.5,0.2446031746031746,0.9638359121986325,0.01950792139355558,0.06477391656694909,0.26666666666666666,0.25,0.2857142857142857,0.2534433968708487,391,6,5,2,0.7142857142857143,0.015113350125944584,404,7,202,0.14285714285714285,0.2,11.542857142857143,0.42857142857142855,0.23076923076923078,13.318681318681318,0.8571428571428571,0.2857142857142857,16.489795918367346,0.8571428571428571,0.14634146341463414,8.445993031358883,1.0,0.08641975308641975,4.987654320987653
cn7,42,1,xgboost_balanced,0.9303063750267029,0.04422481300025538,0.0009330339998996351,inner_f1,0.2446031746031746,0.9638359121986325,0.01950792139355558,0.06477391656694909,0.0,0.0,0.0,0.0,397,0,7,0,1.0,0.0,404,7,202,0.14285714285714285,0.2,11.542857142857143,0.42857142857142855,0.23076923076923078,13.318681318681318,0.8571428571428571,0.2857142857142857,16.489795918367346,0.8571428571428571,0.14634146341463414,8.445993031358883,1.0,0.08641975308641975,4.987654320987653
cn7,42,2,dummy_prior,0.5,0.00026302900005248375,7.753599993520766e-05,fixed_0.5,0.01240694789081886,0.5,0.012258991297257629,0.06700620438957076,0.0,0.0,0.0,0.0,398,0,5,0,1.0,0.0,403,5,1,0.0,0.0,0.0,0.0,0.0,0.0,0.0,0.0,0.0,0.0,0.0,0.0,0.0,0.0,0.0
cn7,42,2,dummy_prior,0.5,0.00026302900005248375,7.753599993520766e-05,inner_f1,0.01240694789081886,0.5,0.012258991297257629,0.06700620438957076,0.0,0.0,0.0,0.0,398,0,5,0,1.0,0.0,403,5,1,0.0,0.0,0.0,0.0,0.0,0.0,0.0,0.0,0.0,0.0,0.0,0.0,0.0,0.0,0.0
cn7,42,2,logistic,0.8874491110606724,0.011503106999953161,0.0005871050002497213,fixed_0.5,0.5339729921819474,0.9489949748743718,0.007121272485978402,0.03397602193571685,0.5714285714285714,1.0,0.4,0.6300852968422277,398,0,3,2,0.6,0.0,403,5,202,0.6,0.6,48.35999999999999,0.6,0.23076923076923078,18.6,0.6,0.14285714285714285,11.514285714285712,0.6,0.07317073170731707,5.897560975609755,1.0,0.06172839506172839,4.975308641975308
cn7,42,2,logistic,0.8874491110606724,0.011503106999953161,0.0005871050002497213,inner_f1,0.5339729921819474,0.9489949748743718,0.007121272485978402,0.03397602193571685,0.5714285714285714,1.0,0.4,0.6300852968422277,398,0,3,2,0.6,0.0,403,5,202,0.6,0.6,48.35999999999999,0.6,0.23076923076923078,18.6,0.6,0.14285714285714285,11.514285714285712,0.6,0.07317073170731707,5.897560975609755,1.0,0.06172839506172839,4.975308641975308
cn7,42,2,logistic_balanced,0.9994825444728833,0.017157526999653783,0.0005427629998848715,fixed_0.5,0.588615664845173,0.9560301507537688,0.043999088639327354,0.13354958688310314,0.1935483870967742,0.11538461538461539,0.6,0.24430792629124087,375,23,2,3,0.4,0.05778894472361809,403,5,203,0.6,0.6,48.35999999999999,0.6,0.23076923076923078,18.6,0.6,0.14285714285714285,11.514285714285712,0.8,0.0975609756097561,7.863414634146341,1.0,0.06172839506172839,4.975308641975308
cn7,42,2,logistic_balanced,0.9994825444728833,0.017157526999653783,0.0005427629998848715,inner_f1,0.588615664845173,0.9560301507537688,0.043999088639327354,0.13354958688310314,0.0,0.0,0.0,0.0,398,0,5,0,1.0,0.0,403,5,203,0.6,0.6,48.35999999999999,0.6,0.23076923076923078,18.6,0.6,0.14285714285714285,11.514285714285712,0.8,0.0975609756097561,7.863414634146341,1.0,0.06172839506172839,4.975308641975308
cn7,42,2,xgboost,0.0922737866640091,0.03428154599987465,0.000775945999976102,fixed_0.5,0.05726495726495726,0.8701005025125628,0.012407095512651565,0.05965072653706986,0.0,0.0,0.0,0.0,398,0,5,0,1.0,0.0,403,5,176,0.0,0.0,0.0,0.0,0.0,0.0,0.2,0.047619047619047616,3.838095238095238,0.2,0.024390243902439025,1.9658536585365853,1.0,0.06172839506172839,4.975308641975308
cn7,42,2,xgboost,0.0922737866640091,0.03428154599987465,0.000775945999976102,inner_f1,0.05726495726495726,0.8701005025125628,0.012407095512651565,0.05965072653706986,0.0,0.0,0.0,-0.021263398738801287,384,14,5,0,1.0,0.035175879396984924,403,5,176,0.0,0.0,0.0,0.0,0.0,0.0,0.2,0.047619047619047616,3.838095238095238,0.2,0.024390243902439025,1.9658536585365853,1.0,0.06172839506172839,4.975308641975308
cn7,42,2,xgboost_balanced,0.7245494723320007,0.047533668000141915,0.0009509410001555807,fixed_0.5,0.12031468531468531,0.9434673366834171,0.027396611137420916,0.08372593783056545,0.08,0.05,0.2,0.0776071447339702,379,19,4,1,0.8,0.04773869346733668,403,5,202,0.0,0.0,0.0,0.0,0.0,0.0,0.4,0.09523809523809523,7.676190476190476,1.0,0.12195121951219512,9.829268292682926,1.0,0.06172839506172839,4.975308641975308
cn7,42,2,xgboost_balanced,0.7245494723320007,0.047533668000141915,0.0009509410001555807,inner_f1,0.12031468531468531,0.9434673366834171,0.027396611137420916,0.08372593783056545,0.0,0.0,0.0,-0.01377919473744272,392,6,5,0,1.0,0.01507537688442211,403,5,202,0.0,0.0,0.0,0.0,0.0,0.0,0.4,0.09523809523809523,7.676190476190476,1.0,0.12195121951219512,9.829268292682926,1.0,0.06172839506172839,4.975308641975308
cn7,1729,0,dummy_prior,0.5,0.0002269089995934337,7.969199987201137e-05,fixed_0.5,0.007425742574257425,0.5,0.007469056146780503,0.04747643098178093,0.0,0.0,0.0,0.0,401,0,3,0,1.0,0.0,404,3,1,0.0,0.0,0.0,0.0,0.0,0.0,0.0,0.0,0.0,0.0,0.0,0.0,0.3333333333333333,0.012345679012345678,1.662551440329218
cn7,1729,0,dummy_prior,0.5,0.0002269089995934337,7.969199987201137e-05,inner_f1,0.007425742574257425,0.5,0.007469056146780503,0.04747643098178093,0.0,0.0,0.0,0.0,401,0,3,0,1.0,0.0,404,3,1,0.0,0.0,0.0,0.0,0.0,0.0,0.0,0.0,0.0,0.0,0.0,0.0,0.3333333333333333,0.012345679012345678,1.662551440329218
cn7,1729,0,logistic,0.1942688801289296,0.013292689000081737,0.0006432449999920209,fixed_0.5,0.7051282051282051,0.9812967581047383,0.004674537795247979,0.020794627819807544,0.5714285714285714,0.5,0.6666666666666666,0.5737467820463675,399,2,1,2,0.3333333333333333,0.004987531172069825,404,3,203,0.6666666666666666,0.4,53.866666666666674,0.6666666666666666,0.15384615384615385,20.71794871794872,0.6666666666666666,0.09523809523809523,12.825396825396826,1.0,0.07317073170731707,9.853658536585366,1.0,0.037037037037037035,4.987654320987654
cn7,1729,0,logistic,0.1942688801289296,0.013292689000081737,0.0006432449999920209,inner_f1,0.7051282051282051,0.9812967581047383,0.004674537795247979,0.020794627819807544,0.3076923076923077,0.2,0.6666666666666666,0.35735402033919406,393,8,1,2,0.3333333333333333,0.0199501246882793,404,3,203,0.6666666666666666,0.4,53.866666666666674,0.6666666666666666,0.15384615384615385,20.71794871794872,0.6666666666666666,0.09523809523809523,12.825396825396826,1.0,0.07317073170731707,9.853658536585366,1.0,0.037037037037037035,4.987654320987654
cn7,1729,0,logistic_balanced,0.8461595354219408,0.017854367999916576,0.0005535430000236374,fixed_0.5,0.712121212121212,0.9846217788861181,0.036541888244182495,0.1263301545996834,0.2222222222222222,0.125,1.0,0.34417127325890867,380,21,0,3,0.0,0.05236907730673317,404,3,205,0.6666666666666666,0.4,53.866666666666674,0.6666666666666666,0.15384615384615385,20.71794871794872,0.6666666666666666,0.09523809523809523,12.825396825396826,1.0,0.07317073170731707,9.853658536585366,1.0,0.037037037037037035,4.987654320987654
cn7,1729,0,logistic_balanced,0.8461595354219408,0.017854367999916576,0.0005535430000236374,inner_f1,0.712121212121212,0.9846217788861181,0.036541888244182495,0.1263301545996834,0.4444444444444444,0.3333333333333333,0.6666666666666666,0.4660978679800084,397,4,1,2,0.3333333333333333,0.00997506234413965,404,3,205,0.6666666666666666,0.4,53.866666666666674,0.6666666666666666,0.15384615384615385,20.71794871794872,0.6666666666666666,0.09523809523809523,12.825396825396826,1.0,0.07317073170731707,9.853658536585366,1.0,0.037037037037037035,4.987654320987654
cn7,1729,0,xgboost,0.07334676384925842,0.04868694900005721,0.0012220530002196028,fixed_0.5,0.29365079365079366,0.984621778886118,0.006640204450698785,0.03133958893029917,0.0,0.0,0.0,0.0,401,0,3,0,1.0,0.0,404,3,174,0.3333333333333333,0.2,26.933333333333337,0.6666666666666666,0.15384615384615385,20.71794871794872,1.0,0.14285714285714285,19.238095238095237,1.0,0.07317073170731707,9.853658536585366,1.0,0.037037037037037035,4.987654320987654
cn7,1729,0,xgboost,0.07334676384925842,0.04868694900005721,0.0012220530002196028,inner_f1,0.29365079365079366,0.984621778886118,0.006640204450698785,0.03133958893029917,0.35294117647058826,0.21428571428571427,1.0,0.45651676042310146,390,11,0,3,0.0,0.02743142144638404,404,3,174,0.3333333333333333,0.2,26.933333333333337,0.6666666666666666,0.15384615384615385,20.71794871794872,1.0,0.14285714285714285,19.238095238095237,1.0,0.07317073170731707,9.853658536585366,1.0,0.037037037037037035,4.987654320987654
cn7,1729,0,xgboost_balanced,0.25567030906677246,0.052675318000183324,0.0008519660000274598,fixed_0.5,0.7916666666666666,0.9962593516209476,0.011079065995106097,0.04417839064856315,0.4444444444444444,0.3333333333333333,0.6666666666666666,0.4660978679800084,397,4,1,2,0.3333333333333333,0.00997506234413965,404,3,202,0.6666666666666666,0.4,53.866666666666674,1.0,0.23076923076923078,31.07692307692308,1.0,0.14285714285714285,19.238095238095237,1.0,0.07317073170731707,9.853658536585366,1.0,0.037037037037037035,4.987654320987654
cn7,1729,0,xgboost_balanced,0.25567030906677246,0.052675318000183324,0.0008519660000274598,inner_f1,0.7916666666666666,0.9962593516209476,0.011079065995106097,0.04417839064856315,0.2608695652173913,0.15,1.0,0.3789998651129192,384,17,0,3,0.0,0.04239401496259352,404,3,202,0.6666666666666666,0.4,53.866666666666674,1.0,0.23076923076923078,31.07692307692308,1.0,0.14285714285714285,19.238095238095237,1.0,0.07317073170731707,9.853658536585366,1.0,0.037037037037037035,4.987654320987654
cn7,1729,1,dummy_prior,0.5,0.0002672000000529806,7.698399986111326e-05,fixed_0.5,0.024752475247524754,0.5,0.024398304315444184,0.12600653413203663,0.0,0.0,0.0,0.0,394,0,10,0,1.0,0.0,404,10,1,0.0,0.0,0.0,0.0,0.0,0.0,0.0,0.0,0.0,0.1,0.024390243902439025,0.9853658536585366,0.2,0.024691358024691357,0.9975308641975308
cn7,1729,1,dummy_prior,0.5,0.0002672000000529806,7.698399986111326e-05,inner_f1,0.024752475247524754,0.5,0.024398304315444184,0.12600653413203663,0.0,0.0,0.0,0.0,394,0,10,0,1.0,0.0,404,10,1,0.0,0.0,0.0,0.0,0.0,0.0,0.0,0.0,0.0,0.1,0.024390243902439025,0.9853658536585366,0.2,0.024691358024691357,0.9975308641975308
cn7,1729,1,logistic,0.31214828767899083,0.011045294000268768,0.0004228899997542612,fixed_0.5,0.35096084257332755,0.9111675126903553,0.01913219544339052,0.09613736422582776,0.3333333333333333,1.0,0.2,0.4427413471740723,394,0,8,2,0.8,0.0,404,10,204,0.2,0.4,16.16,0.3,0.23076923076923078,9.323076923076924,0.4,0.19047619047619047,7.6952380952380945,0.5,0.12195121951219512,4.926829268292683,0.8,0.09876543209876543,3.990123456790123
cn7,1729,1,logistic,0.31214828767899083,0.011045294000268768,0.0004228899997542612,inner_f1,0.35096084257332755,0.9111675126903553,0.01913219544339052,0.09613736422582776,0.3333333333333333,1.0,0.2,0.4427413471740723,394,0,8,2,0.8,0.0,404,10,204,0.2,0.4,16.16,0.3,0.23076923076923078,9.323076923076924,0.4,0.19047619047619047,7.6952380952380945,0.5,0.12195121951219512,4.926829268292683,0.8,0.09876543209876543,3.990123456790123
cn7,1729,1,logistic_balanced,0.48032860811237515,0.014170431999900757,0.0006143300001895113,fixed_0.5,0.3804643012876018,0.9020304568527919,0.030819527919656,0.11841782781387805,0.3,0.3,0.3,0.28223350253807106,387,7,7,3,0.7,0.017766497461928935,404,10,203,0.3,0.6,24.24,0.4,0.3076923076923077,12.430769230769231,0.4,0.19047619047619047,7.6952380952380945,0.6,0.14634146341463414,5.9121951219512185,0.8,0.09876543209876543,3.990123456790123
cn7,1729,1,logistic_balanced,0.48032860811237515,0.014170431999900757,0.0006143300001895113,inner_f1,0.3804643012876018,0.9020304568527919,0.030819527919656,0.11841782781387805,0.2727272727272727,0.25,0.3,0.25365350682149584,385,9,7,3,0.7,0.02284263959390863,404,10,203,0.3,0.6,24.24,0.4,0.3076923076923077,12.430769230769231,0.4,0.19047619047619047,7.6952380952380945,0.6,0.14634146341463414,5.9121951219512185,0.8,0.09876543209876543,3.990123456790123
cn7,1729,1,xgboost,0.020063547417521477,0.04233357300017815,0.0010442949997013784,fixed_0.5,0.1473760914227016,0.9081218274111675,0.02366293861363731,0.10293345392757533,0.0,0.0,0.0,0.0,394,0,10,0,1.0,0.0,404,10,68,0.1,0.2,8.08,0.2,0.15384615384615385,6.2153846153846155,0.3,0.14285714285714285,5.7714285714285705,0.5,0.12195121951219512,4.926829268292683,0.9,0.1111111111111111,4.488888888888888
cn7,1729,1,xgboost,0.020063547417521477,0.04233357300017815,0.0010442949997013784,inner_f1,0.1473760914227016,0.9081218274111675,0.02366293861363731,0.10293345392757533,0.19230769230769232,0.11904761904761904,0.5,0.2067249717616191,357,37,5,5,0.5,0.09390862944162437,404,10,68,0.1,0.2,8.08,0.2,0.15384615384615385,6.2153846153846155,0.3,0.14285714285714285,5.7714285714285705,0.5,0.12195121951219512,4.926829268292683,0.9,0.1111111111111111,4.488888888888888
cn7,1729,1,xgboost_balanced,0.6056020259857178,0.05206529699989915,0.0008605140001236578,fixed_0.5,0.16135957792207792,0.8598984771573606,0.032923407051461774,0.11150206410366398,0.18181818181818182,0.16666666666666666,0.2,0.1598110006347886,384,10,8,2,0.8,0.025380710659898477,404,10,201,0.0,0.0,0.0,0.2,0.15384615384615385,6.2153846153846155,0.2,0.09523809523809523,3.8476190476190473,0.7,0.17073170731707318,6.897560975609756,0.9,0.1111111111111111,4.488888888888888
cn7,1729,1,xgboost_balanced,0.6056020259857178,0.05206529699989915,0.0008605140001236578,inner_f1,0.16135957792207792,0.8598984771573606,0.032923407051461774,0.11150206410366398,0.1111111111111111,0.125,0.1,0.09170738562273634,387,7,9,1,0.9,0.017766497461928935,404,10,201,0.0,0.0,0.0,0.2,0.15384615384615385,6.2153846153846155,0.2,0.09523809523809523,3.8476190476190473,0.7,0.17073170731707318,6.897560975609756,0.9,0.1111111111111111,4.488888888888888
cn7,1729,2,dummy_prior,0.5,0.000197822000245651,7.101500023054541e-05,fixed_0.5,0.009925558312655087,0.5,0.009865030960814184,0.05704766354113369,0.0,0.0,0.0,0.0,399,0,4,0,1.0,0.0,403,4,1,0.0,0.0,0.0,0.0,0.0,0.0,0.0,0.0,0.0,0.0,0.0,0.0,0.0,0.0,0.0
cn7,1729,2,dummy_prior,0.5,0.000197822000245651,7.101500023054541e-05,inner_f1,0.009925558312655087,0.5,0.009865030960814184,0.05704766354113369,0.0,0.0,0.0,0.0,399,0,4,0,1.0,0.0,403,4,1,0.0,0.0,0.0,0.0,0.0,0.0,0.0,0.0,0.0,0.0,0.0,0.0,0.0,0.0,0.0
cn7,1729,2,logistic,0.9268321289713158,0.010447593999742821,0.00045765499999106396,fixed_0.5,0.7102272727272727,0.974937343358396,0.0046677917764683064,0.022641819460659386,0.6666666666666666,1.0,0.5,0.7053412184283328,399,0,2,2,0.5,0.0,403,4,204,0.75,0.6,60.449999999999996,0.75,0.23076923076923078,23.25,0.75,0.14285714285714285,14.392857142857142,0.75,0.07317073170731707,7.371951219512194,1.0,0.04938271604938271,4.9753086419753085
cn7,1729,2,logistic,0.9268321289713158,0.010447593999742821,0.00045765499999106396,inner_f1,0.7102272727272727,0.974937343358396,0.0046677917764683064,0.022641819460659386,0.6666666666666666,1.0,0.5,0.7053412184283328,399,0,2,2,0.5,0.0,403,4,204,0.75,0.6,60.449999999999996,0.75,0.23076923076923078,23.25,0.75,0.14285714285714285,14.392857142857142,0.75,0.07317073170731707,7.371951219512194,1.0,0.04938271604938271,4.9753086419753085
cn7,1729,2,logistic_balanced,0.9970855335556713,0.013145156000064162,0.0004494869999689399,fixed_0.5,0.7024253731343284,0.9605263157894737,0.04322164281777527,0.13192151596841942,0.2,0.11538461538461539,0.75,0.2793756078721991,376,23,1,3,0.25,0.05764411027568922,403,4,203,0.75,0.6,60.449999999999996,0.75,0.23076923076923078,23.25,0.75,0.14285714285714285,14.392857142857142,0.75,0.07317073170731707,7.371951219512194,1.0,0.04938271604938271,4.9753086419753085
cn7,1729,2,logistic_balanced,0.9970855335556713,0.013145156000064162,0.0004494869999689399,inner_f1,0.7024253731343284,0.9605263157894737,0.04322164281777527,0.13192151596841942,0.6666666666666666,1.0,0.5,0.7053412184283328,399,0,2,2,0.5,0.0,403,4,203,0.75,0.6,60.449999999999996,0.75,0.23076923076923078,23.25,0.75,0.14285714285714285,14.392857142857142,0.75,0.07317073170731707,7.371951219512194,1.0,0.04938271604938271,4.9753086419753085
cn7,1729,2,xgboost,0.048267003148794174,0.03912047599988,0.0011328699997648073,fixed_0.5,0.06311668811668811,0.8972431077694235,0.010012986891492291,0.04758699039692181,0.0,0.0,0.0,0.0,399,0,4,0,1.0,0.0,403,4,187,0.0,0.0,0.0,0.0,0.0,0.0,0.25,0.047619047619047616,4.7976190476190474,0.5,0.04878048780487805,4.914634146341464,1.0,0.04938271604938271,4.9753086419753085
cn7,1729,2,xgboost,0.048267003148794174,0.03912047599988,0.0011328699997648073,inner_f1,0.06311668811668811,0.8972431077694235,0.010012986891492291,0.04758699039692181,0.12,0.06521739130434782,0.75,0.20021397956002257,356,43,1,3,0.25,0.10776942355889724,403,4,187,0.0,0.0,0.0,0.0,0.0,0.0,0.25,0.047619047619047616,4.7976190476190474,0.5,0.04878048780487805,4.914634146341464,1.0,0.04938271604938271,4.9753086419753085
cn7,1729,2,xgboost_balanced,0.2533482611179352,0.047082822999982454,0.0008124559999487246,fixed_0.5,0.31875,0.9699248120300752,0.02324106590936286,0.07369143033489815,0.2222222222222222,0.14285714285714285,0.5,0.25439349467444433,387,12,2,2,0.5,0.03007518796992481,403,4,202,0.5,0.4,40.300000000000004,0.5,0.15384615384615385,15.5,0.75,0.14285714285714285,14.392857142857142,1.0,0.0975609756097561,9.829268292682928,1.0,0.04938271604938271,4.9753086419753085
cn7,1729,2,xgboost_balanced,0.2533482611179352,0.047082822999982454,0.0008124559999487246,inner_f1,0.31875,0.9699248120300752,0.02324106590936286,0.07369143033489815,0.1875,0.10714285714285714,0.75,0.26797577434224146,374,25,1,3,0.25,0.06265664160401002,403,4,202,0.5,0.4,40.300000000000004,0.5,0.15384615384615385,15.5,0.75,0.14285714285714285,14.392857142857142,1.0,0.0975609756097561,9.829268292682928,1.0,0.04938271604938271,4.9753086419753085
cn7,2026,0,dummy_prior,0.5,0.00026932300033877254,9.839099993769196e-05,fixed_0.5,0.009900990099009901,0.5,0.009841500450261992,0.056954406070195224,0.0,0.0,0.0,0.0,400,0,4,0,1.0,0.0,404,4,1,0.0,0.0,0.0,0.0,0.0,0.0,0.0,0.0,0.0,0.0,0.0,0.0,0.25,0.012345679012345678,1.2469135802469136
cn7,2026,0,dummy_prior,0.5,0.00026932300033877254,9.839099993769196e-05,inner_f1,0.009900990099009901,0.5,0.009841500450261992,0.056954406070195224,0.0,0.0,0.0,0.0,400,0,4,0,1.0,0.0,404,4,1,0.0,0.0,0.0,0.0,0.0,0.0,0.0,0.0,0.0,0.0,0.0,0.0,0.25,0.012345679012345678,1.2469135802469136
cn7,2026,0,logistic,0.8987624382286107,0.010499930999685603,0.0005183019998185046,fixed_0.5,0.6607142857142857,0.98375,0.005328564335724587,0.021996290626573437,0.6666666666666666,1.0,0.5,0.7053456158585982,400,0,2,2,0.5,0.0,404,4,203,0.75,0.6,60.599999999999994,0.75,0.23076923076923078,23.30769230769231,0.75,0.14285714285714285,14.428571428571427,1.0,0.0975609756097561,9.853658536585366,1.0,0.04938271604938271,4.987654320987654
cn7,2026,0,logistic,0.8987624382286107,0.010499930999685603,0.0005183019998185046,inner_f1,0.6607142857142857,0.98375,0.005328564335724587,0.021996290626573437,0.6666666666666666,1.0,0.5,0.7053456158585982,400,0,2,2,0.5,0.0,404,4,203,0.75,0.6,60.599999999999994,0.75,0.23076923076923078,23.30769230769231,0.75,0.14285714285714285,14.428571428571427,1.0,0.0975609756097561,9.853658536585366,1.0,0.04938271604938271,4.987654320987654
cn7,2026,0,logistic_balanced,0.9925424404728462,0.013151705000382208,0.0005061570000179927,fixed_0.5,0.675,0.9887499999999999,0.040942556099850216,0.1415748438281633,0.26666666666666666,0.15384615384615385,1.0,0.38129334558134553,378,22,0,4,0.0,0.055,404,4,205,0.75,0.6,60.599999999999994,0.75,0.23076923076923078,23.30769230769231,1.0,0.19047619047619047,19.238095238095237,1.0,0.0975609756097561,9.853658536585366,1.0,0.04938271604938271,4.987654320987654
cn7,2026,0,logistic_balanced,0.9925424404728462,0.013151705000382208,0.0005061570000179927,inner_f1,0.675,0.9887499999999999,0.040942556099850216,0.1415748438281633,0.5,0.5,0.5,0.495,398,2,2,2,0.5,0.005,404,4,205,0.75,0.6,60.599999999999994,0.75,0.23076923076923078,23.30769230769231,1.0,0.19047619047619047,19.238095238095237,1.0,0.0975609756097561,9.853658536585366,1.0,0.04938271604938271,4.987654320987654
cn7,2026,0,xgboost,0.02145654521882534,0.03811125500033086,0.0009998230002565833,fixed_0.5,0.14104127579737336,0.9275000000000001,0.009386902022264334,0.04321928945951864,0.0,0.0,0.0,0.0,400,0,4,0,1.0,0.0,404,4,173,0.0,0.0,0.0,0.5,0.15384615384615385,15.538461538461538,0.5,0.09523809523809523,9.619047619047619,0.75,0.07317073170731707,7.390243902439024,1.0,0.04938271604938271,4.987654320987654
cn7,2026,0,xgboost,0.02145654521882534,0.03811125500033086,0.0009998230002565833,inner_f1,0.14104127579737336,0.9275000000000001,0.009386902022264334,0.04321928945951864,0.07317073170731707,0.038461538461538464,0.75,0.14109980603075256,325,75,1,3,0.25,0.1875,404,4,173,0.0,0.0,0.0,0.5,0.15384615384615385,15.538461538461538,0.5,0.09523809523809523,9.619047619047619,0.75,0.07317073170731707,7.390243902439024,1.0,0.04938271604938271,4.987654320987654
cn7,2026,0,xgboost_balanced,0.139279305934906,0.05296840200026054,0.0009990479998123192,fixed_0.5,0.6339285714285714,0.98875,0.014530409959510548,0.05144485094546805,0.2857142857142857,0.2,0.5,0.30588143418103975,392,8,2,2,0.5,0.02,404,4,202,0.5,0.4,40.4,0.75,0.23076923076923078,23.30769230769231,1.0,0.19047619047619047,19.238095238095237,1.0,0.0975609756097561,9.853658536585366,1.0,0.04938271604938271,4.987654320987654
cn7,2026,0,xgboost_balanced,0.139279305934906,0.05296840200026054,0.0009990479998123192,inner_f1,0.6339285714285714,0.98875,0.014530409959510548,0.05144485094546805,0.2857142857142857,0.16666666666666666,1.0,0.39791121287711073,380,20,0,4,0.0,0.05,404,4,202,0.5,0.4,40.4,0.75,0.23076923076923078,23.30769230769231,1.0,0.19047619047619047,19.238095238095237,1.0,0.0975609756097561,9.853658536585366,1.0,0.04938271604938271,4.987654320987654
cn7,2026,1,dummy_prior,0.5,0.00020647700011977577,7.401599987133523e-05,fixed_0.5,0.01485148514851485,0.5,0.014632408777838304,0.0773141445005066,0.0,0.0,0.0,0.0,398,0,6,0,1.0,0.0,404,6,1,0.0,0.0,0.0,0.0,0.0,0.0,0.0,0.0,0.0,0.16666666666666666,0.024390243902439025,1.6422764227642277,0.3333333333333333,0.024691358024691357,1.662551440329218
cn7,2026,1,dummy_prior,0.5,0.00020647700011977577,7.401599987133523e-05,inner_f1,0.01485148514851485,0.5,0.014632408777838304,0.0773141445005066,0.0,0.0,0.0,0.0,398,0,6,0,1.0,0.0,404,6,1,0.0,0.0,0.0,0.0,0.0,0.0,0.0,0.0,0.0,0.16666666666666666,0.024390243902439025,1.6422764227642277,0.3333333333333333,0.024691358024691357,1.662551440329218
cn7,2026,1,logistic,0.9320473808628649,0.011020864999863988,0.00046956100004535983,fixed_0.5,0.47545442908346136,0.9463986599664992,0.009633600028057942,0.044529827121693455,0.5,1.0,0.3333333333333333,0.5744706987722934,398,0,4,2,0.6666666666666666,0.0,404,6,203,0.3333333333333333,0.4,26.933333333333337,0.5,0.23076923076923078,15.53846153846154,0.5,0.14285714285714285,9.619047619047619,0.6666666666666666,0.0975609756097561,6.569105691056911,1.0,0.07407407407407407,4.987654320987654
cn7,2026,1,logistic,0.9320473808628649,0.011020864999863988,0.00046956100004535983,inner_f1,0.47545442908346136,0.9463986599664992,0.009633600028057942,0.044529827121693455,0.5,1.0,0.3333333333333333,0.5744706987722934,398,0,4,2,0.6666666666666666,0.0,404,6,203,0.3333333333333333,0.4,26.933333333333337,0.5,0.23076923076923078,15.53846153846154,0.5,0.14285714285714285,9.619047619047619,0.6666666666666666,0.0975609756097561,6.569105691056911,1.0,0.07407407407407407,4.987654320987654
cn7,2026,1,logistic_balanced,0.9982474662428881,0.012702614000318135,0.0004695399998126959,fixed_0.5,0.45949114699114696,0.9472361809045227,0.04452948258292945,0.14385454080393487,0.23529411764705882,0.14285714285714285,0.6666666666666666,0.28878754746382507,374,24,2,4,0.3333333333333333,0.06030150753768844,404,6,204,0.3333333333333333,0.4,26.933333333333337,0.5,0.23076923076923078,15.53846153846154,0.6666666666666666,0.19047619047619047,12.825396825396826,0.6666666666666666,0.0975609756097561,6.569105691056911,1.0,0.07407407407407407,4.987654320987654
cn7,2026,1,logistic_balanced,0.9982474662428881,0.012702614000318135,0.0004695399998126959,inner_f1,0.45949114699114696,0.9472361809045227,0.04452948258292945,0.14385454080393487,0.5,1.0,0.3333333333333333,0.5744706987722934,398,0,4,2,0.6666666666666666,0.0,404,6,204,0.3333333333333333,0.4,26.933333333333337,0.5,0.23076923076923078,15.53846153846154,0.6666666666666666,0.19047619047619047,12.825396825396826,0.6666666666666666,0.0975609756097561,6.569105691056911,1.0,0.07407407407407407,4.987654320987654
cn7,2026,1,xgboost,0.020418547093868256,0.03964292000000569,0.0007254180000018096,fixed_0.5,0.08161485661485662,0.8919597989949748,0.01460987580203402,0.06755299116323414,0.0,0.0,0.0,0.0,398,0,6,0,1.0,0.0,404,6,122,0.0,0.0,0.0,0.16666666666666666,0.07692307692307693,5.17948717948718,0.16666666666666666,0.047619047619047616,3.2063492063492065,0.3333333333333333,0.04878048780487805,3.2845528455284554,1.0,0.07407407407407407,4.987654320987654
cn7,2026,1,xgboost,0.020418547093868256,0.03964292000000569,0.0007254180000018096,inner_f1,0.08161485661485662,0.8919597989949748,0.01460987580203402,0.06755299116323414,0.13793103448275862,0.07692307692307693,0.6666666666666666,0.19723656327418515,350,48,2,4,0.3333333333333333,0.12060301507537688,404,6,122,0.0,0.0,0.0,0.16666666666666666,0.07692307692307693,5.17948717948718,0.16666666666666666,0.047619047619047616,3.2063492063492065,0.3333333333333333,0.04878048780487805,3.2845528455284554,1.0,0.07407407407407407,4.987654320987654
cn7,2026,1,xgboost_balanced,0.3321617841720581,0.04324330299959911,0.0008067139997365302,fixed_0.5,0.4041843877370193,0.9195979899497486,0.040241487831860726,0.1186764039757363,0.1875,0.11538461538461539,0.5,0.21797876268590405,375,23,3,3,0.5,0.05778894472361809,404,6,202,0.3333333333333333,0.4,26.933333333333337,0.3333333333333333,0.15384615384615385,10.35897435897436,0.5,0.14285714285714285,9.619047619047619,0.8333333333333334,0.12195121951219512,8.211382113821138,0.8333333333333334,0.06172839506172839,4.156378600823046
cn7,2026,1,xgboost_balanced,0.3321617841720581,0.04324330299959911,0.0008067139997365302,inner_f1,0.4041843877370193,0.9195979899497486,0.040241487831860726,0.1186764039757363,0.17647058823529413,0.10714285714285714,0.5,0.20821422621010593,373,25,3,3,0.5,0.06281407035175879,404,6,202,0.3333333333333333,0.4,26.933333333333337,0.3333333333333333,0.15384615384615385,10.35897435897436,0.5,0.14285714285714285,9.619047619047619,0.8333333333333334,0.12195121951219512,8.211382113821138,0.8333333333333334,0.06172839506172839,4.156378600823046
cn7,2026,2,dummy_prior,0.5,0.00018543899977885303,0.00011001499979101936,fixed_0.5,0.017369727047146403,0.5,0.017092954566075482,0.08852458894024531,0.0,0.0,0.0,0.0,396,0,7,0,1.0,0.0,403,7,1,0.0,0.0,0.0,0.0,0.0,0.0,0.0,0.0,0.0,0.0,0.0,0.0,0.0,0.0,0.0
cn7,2026,2,dummy_prior,0.5,0.00018543899977885303,0.00011001499979101936,inner_f1,0.017369727047146403,0.5,0.017092954566075482,0.08852458894024531,0.0,0.0,0.0,0.0,396,0,7,0,1.0,0.0,403,7,1,0.0,0.0,0.0,0.0,0.0,0.0,0.0,0.0,0.0,0.0,0.0,0.0,0.0,0.0,0.0
cn7,2026,2,logistic,0.9170871143780525,0.010675640999579628,0.00043662699999913457,fixed_0.5,0.4336423301715052,0.9518398268398267,0.012138110155396738,0.053912530456139696,0.4444444444444444,1.0,0.2857142857142857,0.531179596227605,396,0,5,2,0.7142857142857143,0.0,403,7,203,0.2857142857142857,0.4,23.02857142857143,0.5714285714285714,0.3076923076923077,17.714285714285715,0.5714285714285714,0.19047619047619047,10.965986394557822,0.7142857142857143,0.12195121951219512,7.020905923344947,1.0,0.08641975308641975,4.9753086419753085
cn7,2026,2,logistic,0.9170871143780525,0.010675640999579628,0.00043662699999913457,inner_f1,0.4336423301715052,0.9518398268398267,0.012138110155396738,0.053912530456139696,0.4444444444444444,1.0,0.2857142857142857,0.531179596227605,396,0,5,2,0.7142857142857143,0.0,403,7,203,0.2857142857142857,0.4,23.02857142857143,0.5714285714285714,0.3076923076923077,17.714285714285715,0.5714285714285714,0.19047619047619047,10.965986394557822,0.7142857142857143,0.12195121951219512,7.020905923344947,1.0,0.08641975308641975,4.9753086419753085
cn7,2026,2,logistic_balanced,0.9982730192967721,0.012686077000125806,0.0004978700003448466,fixed_0.5,0.4225943127301165,0.9139610389610389,0.026486151213475542,0.09973180569053706,0.34782608695652173,0.25,0.5714285714285714,0.3620588538411306,384,12,3,4,0.42857142857142855,0.030303030303030304,403,7,203,0.2857142857142857,0.4,23.02857142857143,0.42857142857142855,0.23076923076923078,13.285714285714286,0.5714285714285714,0.19047619047619047,10.965986394557822,0.7142857142857143,0.12195121951219512,7.020905923344947,0.8571428571428571,0.07407407407407407,4.264550264550264
cn7,2026,2,logistic_balanced,0.9982730192967721,0.012686077000125806,0.0004978700003448466,inner_f1,0.4225943127301165,0.9139610389610389,0.026486151213475542,0.09973180569053706,0.0,0.0,0.0,0.0,396,0,7,0,1.0,0.0,403,7,203,0.2857142857142857,0.4,23.02857142857143,0.42857142857142855,0.23076923076923078,13.285714285714286,0.5714285714285714,0.19047619047619047,10.965986394557822,0.7142857142857143,0.12195121951219512,7.020905923344947,0.8571428571428571,0.07407407407407407,4.264550264550264
cn7,2026,2,xgboost,0.030773380771279335,0.042407989999901474,0.001231108999945718,fixed_0.5,0.2665429808286951,0.9738455988455988,0.015880490079101653,0.06340018163049338,0.0,0.0,0.0,0.0,396,0,7,0,1.0,0.0,403,7,130,0.14285714285714285,0.2,11.514285714285714,0.2857142857142857,0.15384615384615385,8.857142857142858,1.0,0.3333333333333333,19.19047619047619,1.0,0.17073170731707318,9.829268292682928,1.0,0.08641975308641975,4.9753086419753085
cn7,2026,2,xgboost,0.030773380771279335,0.042407989999901474,0.001231108999945718,inner_f1,0.2665429808286951,0.9738455988455988,0.015880490079101653,0.06340018163049338,0.24561403508771928,0.14,1.0,0.3532675753561028,353,43,0,7,0.0,0.10858585858585859,403,7,130,0.14285714285714285,0.2,11.514285714285714,0.2857142857142857,0.15384615384615385,8.857142857142858,1.0,0.3333333333333333,19.19047619047619,1.0,0.17073170731707318,9.829268292682928,1.0,0.08641975308641975,4.9753086419753085
cn7,2026,2,xgboost_balanced,0.042543407529592514,0.042108286999791744,0.0007754799999020179,fixed_0.5,0.5736394557823129,0.9788961038961039,0.013830065443998181,0.049647792033914756,0.4,0.375,0.42857142857142855,0.3895732720338461,391,5,4,3,0.5714285714285714,0.012626262626262626,403,7,202,0.42857142857142855,0.6,34.54285714285714,0.5714285714285714,0.3076923076923077,17.714285714285715,0.8571428571428571,0.2857142857142857,16.448979591836732,1.0,0.17073170731707318,9.829268292682928,1.0,0.08641975308641975,4.9753086419753085
cn7,2026,2,xgboost_balanced,0.042543407529592514,0.042108286999791744,0.0007754799999020179,inner_f1,0.5736394557823129,0.9788961038961039,0.013830065443998181,0.049647792033914756,0.27450980392156865,0.1590909090909091,1.0,0.37977145028770554,359,37,0,7,0.0,0.09343434343434344,403,7,202,0.42857142857142855,0.6,34.54285714285714,0.5714285714285714,0.3076923076923077,17.714285714285715,0.8571428571428571,0.2857142857142857,16.448979591836732,1.0,0.17073170731707318,9.829268292682928,1.0,0.08641975308641975,4.9753086419753085
rg3,42,0,dummy_prior,0.5,0.0004311129996494856,9.90190001175506e-05,fixed_0.5,0.017766497461928935,0.5,0.017476616248808263,0.08983887272248704,0.0,0.0,0.0,0.0,387,0,7,0,1.0,0.0,394,7,1,0.0,0.0,0.0,0.0,0.0,0.0,0.14285714285714285,0.05,2.814285714285714,0.14285714285714285,0.025,1.407142857142857,0.2857142857142857,0.02531645569620253,1.4249547920433996
rg3,42,0,dummy_prior,0.5,0.0004311129996494856,9.90190001175506e-05,inner_f1,0.017766497461928935,0.5,0.017476616248808263,0.08983887272248704,0.0,0.0,0.0,0.0,387,0,7,0,1.0,0.0,394,7,1,0.0,0.0,0.0,0.0,0.0,0.0,0.14285714285714285,0.05,2.814285714285714,0.14285714285714285,0.025,1.407142857142857,0.2857142857142857,0.02531645569620253,1.4249547920433996
rg3,42,0,logistic,0.0026583729865346604,0.010930892000033055,0.0004365189997770358,fixed_0.5,0.018710209353939695,0.41952750092284974,0.018529542426695557,0.10100113386991587,0.0,0.0,0.0,0.0,387,0,7,0,1.0,0.0,394,7,197,0.0,0.0,0.0,0.0,0.0,0.0,0.0,0.0,0.0,0.14285714285714285,0.025,1.407142857142857,0.14285714285714285,0.012658227848101266,0.7124773960216998
rg3,42,0,logistic,0.0026583729865346604,0.010930892000033055,0.0004365189997770358,inner_f1,0.018710209353939695,0.41952750092284974,0.018529542426695557,0.10100113386991587,0.03526448362720403,0.017948717948717947,1.0,0.013620442892440467,4,383,0,7,0.0,0.9896640826873385,394,7,197,0.0,0.0,0.0,0.0,0.0,0.0,0.0,0.0,0.0,0.14285714285714285,0.025,1.407142857142857,0.14285714285714285,0.012658227848101266,0.7124773960216998
rg3,42,0,logistic_balanced,0.15104490177027358,0.01476804699996137,0.0005313350002325024,fixed_0.5,0.01799362506384298,0.4387227759320782,0.23061224827269028,0.6988732759842001,0.015037593984962405,0.007936507936507936,0.14285714285714285,-0.05102260756352232,262,125,6,1,0.8571428571428571,0.32299741602067183,394,7,197,0.0,0.0,0.0,0.0,0.0,0.0,0.0,0.0,0.0,0.0,0.0,0.0,0.14285714285714285,0.012658227848101266,0.7124773960216998
rg3,42,0,logistic_balanced,0.15104490177027358,0.01476804699996137,0.0005313350002325024,inner_f1,0.01799362506384298,0.4387227759320782,0.23061224827269028,0.6988732759842001,0.03498542274052478,0.017857142857142856,0.8571428571428571,0.001651555254538963,57,330,1,6,0.14285714285714285,0.8527131782945736,394,7,197,0.0,0.0,0.0,0.0,0.0,0.0,0.0,0.0,0.0,0.0,0.0,0.0,0.14285714285714285,0.012658227848101266,0.7124773960216998
rg3,42,0,xgboost,0.058322250843048096,0.036745340000379656,0.001283153999793285,fixed_0.5,0.01474719691687554,0.35012919896640826,0.01787405149963491,0.09739255214774803,0.0,0.0,0.0,0.0,387,0,7,0,1.0,0.0,394,7,197,0.0,0.0,0.0,0.0,0.0,0.0,0.0,0.0,0.0,0.0,0.0,0.0,0.0,0.0,0.0
rg3,42,0,xgboost,0.058322250843048096,0.036745340000379656,0.001283153999793285,inner_f1,0.01474719691687554,0.35012919896640826,0.01787405149963491,0.09739255214774803,0.0,0.0,0.0,-0.019361762058059284,379,8,7,0,1.0,0.020671834625323,394,7,197,0.0,0.0,0.0,0.0,0.0,0.0,0.0,0.0,0.0,0.0,0.0,0.0,0.0,0.0,0.0
rg3,42,0,xgboost_balanced,0.403391033411026,0.04863825500024177,0.0009701659996608214,fixed_0.5,0.0219856973016268,0.517718715393134,0.0566682450901715,0.21564085698012048,0.0,0.0,0.0,-0.02766990250509735,371,16,7,0,1.0,0.041343669250646,394,7,197,0.0,0.0,0.0,0.0,0.0,0.0,0.0,0.0,0.0,0.14285714285714285,0.025,1.407142857142857,0.14285714285714285,0.012658227848101266,0.7124773960216998
rg3,42,0,xgboost_balanced,0.403391033411026,0.04863825500024177,0.0009701659996608214,inner_f1,0.0219856973016268,0.517718715393134,0.0566682450901715,0.21564085698012048,0.0,0.0,0.0,-0.03425297490066169,363,24,7,0,1.0,0.06201550387596899,394,7,197,0.0,0.0,0.0,0.0,0.0,0.0,0.0,0.0,0.0,0.14285714285714285,0.025,1.407142857142857,0.14285714285714285,0.012658227848101266,0.7124773960216998
rg3,42,1,dummy_prior,0.5,0.00021297700004652143,7.683199964958476e-05,fixed_0.5,0.025380710659898477,0.5,0.024776791465897084,0.11927561100358437,0.0,0.0,0.0,0.0,384,0,10,0,1.0,0.0,394,10,1,0.0,0.0,0.0,0.0,0.0,0.0,0.0,0.0,0.0,0.0,0.0,0.0,0.2,0.02531645569620253,0.9974683544303797
rg3,42,1,dummy_prior,0.5,0.00021297700004652143,7.683199964958476e-05,inner_f1,0.025380710659898477,0.5,0.024776791465897084,0.11927561100358437,0.0,0.0,0.0,0.0,384,0,10,0,1.0,0.0,394,10,1,0.0,0.0,0.0,0.0,0.0,0.0,0.0,0.0,0.0,0.0,0.0,0.0,0.2,0.02531645569620253,0.9974683544303797
rg3,42,1,logistic,0.013918338628533384,0.010322280999844224,0.0004428669999470003,fixed_0.5,0.019563515968213416,0.3328125,0.02718667117629494,0.1505263442689267,0.0,0.0,0.0,0.0,384,0,10,0,1.0,0.0,394,10,197,0.0,0.0,0.0,0.0,0.0,0.0,0.0,0.0,0.0,0.0,0.0,0.0,0.0,0.0,0.0
rg3,42,1,logistic,0.013918338628533384,0.010322280999844224,0.0004428669999470003,inner_f1,0.019563515968213416,0.3328125,0.02718667117629494,0.1505263442689267,0.010752688172043012,0.005681818181818182,0.1,-0.11253834043023636,209,175,9,1,0.9,0.4557291666666667,394,10,197,0.0,0.0,0.0,0.0,0.0,0.0,0.0,0.0,0.0,0.0,0.0,0.0,0.0,0.0,0.0
rg3,42,1,logistic_balanced,0.7109521453241904,0.013469942000028823,0.0006082529998820974,fixed_0.5,0.019566252879902688,0.328125,0.21283120447697937,0.6680410098853955,0.0,0.0,0.0,-0.09790189013799781,278,106,10,0,1.0,0.2760416666666667,394,10,197,0.0,0.0,0.0,0.0,0.0,0.0,0.0,0.0,0.0,0.0,0.0,0.0,0.0,0.0,0.0
rg3,42,1,logistic_balanced,0.7109521453241904,0.013469942000028823,0.0006082529998820974,inner_f1,0.019566252879902688,0.328125,0.21283120447697937,0.6680410098853955,0.0,0.0,0.0,-0.058671025830733955,338,46,10,0,1.0,0.11979166666666667,394,10,197,0.0,0.0,0.0,0.0,0.0,0.0,0.0,0.0,0.0,0.0,0.0,0.0,0.0,0.0,0.0
rg3,42,1,xgboost,0.03584320470690727,0.0438426470000195,0.0009526210001240543,fixed_0.5,0.01868390900934728,0.30364583333333334,0.025155189021694817,0.1287917823242569,0.0,0.0,0.0,0.0,384,0,10,0,1.0,0.0,394,10,197,0.0,0.0,0.0,0.0,0.0,0.0,0.0,0.0,0.0,0.0,0.0,0.0,0.0,0.0,0.0
rg3,42,1,xgboost,0.03584320470690727,0.0438426470000195,0.0009526210001240543,inner_f1,0.01868390900934728,0.30364583333333334,0.025155189021694817,0.1287917823242569,0.0,0.0,0.0,-0.04632808229131882,354,30,10,0,1.0,0.078125,394,10,197,0.0,0.0,0.0,0.0,0.0,0.0,0.0,0.0,0.0,0.0,0.0,0.0,0.0,0.0,0.0
rg3,42,1,xgboost_balanced,0.32025885581970215,0.045097594000253594,0.0008613479999439733,fixed_0.5,0.037421894070308895,0.4786458333333334,0.05379203997497507,0.21487474869196613,0.0,0.0,0.0,-0.026041666666666668,374,10,10,0,1.0,0.026041666666666668,394,10,197,0.0,0.0,0.0,0.1,0.08333333333333333,3.283333333333333,0.1,0.05,1.9700000000000002,0.2,0.05,1.9700000000000002,0.2,0.02531645569620253,0.9974683544303797
rg3,42,1,xgboost_balanced,0.32025885581970215,0.045097594000253594,0.0008613479999439733,inner_f1,0.037421894070308895,0.4786458333333334,0.05379203997497507,0.21487474869196613,0.09090909090909091,0.058823529411764705,0.2,0.06534640392130713,352,32,8,2,0.8,0.08333333333333333,394,10,197,0.0,0.0,0.0,0.1,0.08333333333333333,3.283333333333333,0.1,0.05,1.9700000000000002,0.2,0.05,1.9700000000000002,0.2,0.02531645569620253,0.9974683544303797
rg3,42,2,dummy_prior,0.5,0.00023105900027076132,0.00014955799997551367,fixed_0.5,0.02030456852791878,0.5,0.01989390347599784,0.0992609859292118,0.0,0.0,0.0,0.0,386,0,8,0,1.0,0.0,394,8,1,0.0,0.0,0.0,0.0,0.0,0.0,0.0,0.0,0.0,0.0,0.0,0.0,0.0,0.0,0.0
rg3,42,2,dummy_prior,0.5,0.00023105900027076132,0.00014955799997551367,inner_f1,0.02030456852791878,0.5,0.01989390347599784,0.0992609859292118,0.0,0.0,0.0,0.0,386,0,8,0,1.0,0.0,394,8,1,0.0,0.0,0.0,0.0,0.0,0.0,0.0,0.0,0.0,0.0,0.0,0.0,0.0,0.0,0.0
rg3,42,2,logistic,0.014432351835740365,0.010474113999862311,0.0004973710001650034,fixed_0.5,0.034179903627748545,0.4643782383419689,0.02052326637412998,0.11502343432642755,0.0,0.0,0.0,0.0,386,0,8,0,1.0,0.0,394,8,197,0.0,0.0,0.0,0.125,0.08333333333333333,4.104166666666667,0.125,0.05,2.4625000000000004,0.125,0.025,1.2312500000000002,0.125,0.012658227848101266,0.6234177215189873
rg3,42,2,logistic,0.014432351835740365,0.010474113999862311,0.0004973710001650034,inner_f1,0.034179903627748545,0.4643782383419689,0.02052326637412998,0.11502343432642755,0.030927835051546393,0.016129032258064516,0.375,-0.02799591337568439,203,183,5,3,0.625,0.4740932642487047,394,8,197,0.0,0.0,0.0,0.125,0.08333333333333333,4.104166666666667,0.125,0.05,2.4625000000000004,0.125,0.025,1.2312500000000002,0.125,0.012658227848101266,0.6234177215189873
rg3,42,2,logistic_balanced,0.46773227746685425,0.014419116999761172,0.00045217400020192144,fixed_0.5,0.048292161881023185,0.4274611398963731,0.20146843102440543,0.6005073819484746,0.03225806451612903,0.017241379310344827,0.25,-0.01402936444846802,272,114,6,2,0.75,0.29533678756476683,394,8,197,0.125,0.25,12.312500000000002,0.125,0.08333333333333333,4.104166666666667,0.125,0.05,2.4625000000000004,0.125,0.025,1.2312500000000002,0.125,0.012658227848101266,0.6234177215189873
rg3,42,2,logistic_balanced,0.46773227746685425,0.014419116999761172,0.00045217400020192144,inner_f1,0.048292161881023185,0.4274611398963731,0.20146843102440543,0.6005073819484746,0.029411764705882353,0.015625,0.25,-0.0230158783799914,260,126,6,2,0.75,0.32642487046632124,394,8,197,0.125,0.25,12.312500000000002,0.125,0.08333333333333333,4.104166666666667,0.125,0.05,2.4625000000000004,0.125,0.025,1.2312500000000002,0.125,0.012658227848101266,0.6234177215189873
rg3,42,2,xgboost,0.01377542968839407,0.03983834900009242,0.0007574969999950554,fixed_0.5,0.07691564195445834,0.3432642487046632,0.01998606650896156,0.10393609414850533,0.0,0.0,0.0,0.0,386,0,8,0,1.0,0.0,394,8,197,0.125,0.25,12.312500000000002,0.125,0.08333333333333333,4.104166666666667,0.125,0.05,2.4625000000000004,0.125,0.025,1.2312500000000002,0.125,0.012658227848101266,0.6234177215189873
rg3,42,2,xgboost,0.01377542968839407,0.03983834900009242,0.0007574969999950554,inner_f1,0.07691564195445834,0.3432642487046632,0.01998606650896156,0.10393609414850533,0.030120481927710843,0.015432098765432098,0.625,-0.0743241949415262,67,319,3,5,0.375,0.8264248704663213,394,8,197,0.125,0.25,12.312500000000002,0.125,0.08333333333333333,4.104166666666667,0.125,0.05,2.4625000000000004,0.125,0.025,1.2312500000000002,0.125,0.012658227848101266,0.6234177215189873
rg3,42,2,xgboost_balanced,0.613593339920044,0.04391519299997526,0.0013952660001450568,fixed_0.5,0.027776082500479575,0.38277202072538863,0.042563668890842205,0.18930225928895364,0.0,0.0,0.0,-0.02072538860103627,378,8,8,0,1.0,0.02072538860103627,394,8,197,0.0,0.0,0.0,0.125,0.08333333333333333,4.104166666666667,0.125,0.05,2.4625000000000004,0.125,0.025,1.2312500000000002,0.25,0.02531645569620253,1.2468354430379747
rg3,42,2,xgboost_balanced,0.613593339920044,0.04391519299997526,0.0013952660001450568,inner_f1,0.027776082500479575,0.38277202072538863,0.042563668890842205,0.18930225928895364,0.0,0.0,0.0,-0.014579714956601745,382,4,8,0,1.0,0.010362694300518135,394,8,197,0.0,0.0,0.0,0.125,0.08333333333333333,4.104166666666667,0.125,0.05,2.4625000000000004,0.125,0.025,1.2312500000000002,0.25,0.02531645569620253,1.2468354430379747
rg3,1729,0,dummy_prior,0.5,0.00021324799990907195,7.594399994559353e-05,fixed_0.5,0.027918781725888325,0.5,0.027242392228606773,0.12995073399332752,0.0,0.0,0.0,0.0,383,0,11,0,1.0,0.0,394,11,1,0.0,0.0,0.0,0.0,0.0,0.0,0.0,0.0,0.0,0.0,0.0,0.0,0.2727272727272727,0.0379746835443038,1.3601841196777906
rg3,1729,0,dummy_prior,0.5,0.00021324799990907195,7.594399994559353e-05,inner_f1,0.027918781725888325,0.5,0.027242392228606773,0.12995073399332752,0.0,0.0,0.0,0.0,383,0,11,0,1.0,0.0,394,11,1,0.0,0.0,0.0,0.0,0.0,0.0,0.0,0.0,0.0,0.0,0.0,0.0,0.2727272727272727,0.0379746835443038,1.3601841196777906
rg3,1729,0,logistic,0.0002385905236030938,0.010427107000396063,0.000595513000007486,fixed_0.5,0.028213343253606592,0.5023736055067648,0.027623290077153466,0.13833628708313214,0.0,0.0,0.0,0.0,383,0,11,0,1.0,0.0,394,11,197,0.0,0.0,0.0,0.0,0.0,0.0,0.0,0.0,0.0,0.0,0.0,0.0,0.09090909090909091,0.012658227848101266,0.4533947065592635
rg3,1729,0,logistic,0.0002385905236030938,0.010427107000396063,0.000595513000007486,inner_f1,0.028213343253606592,0.5023736055067648,0.027623290077153466,0.13833628708313214,0.05432098765432099,0.027918781725888325,1.0,0.0,0,383,0,11,0.0,1.0,394,11,197,0.0,0.0,0.0,0.0,0.0,0.0,0.0,0.0,0.0,0.0,0.0,0.0,0.09090909090909091,0.012658227848101266,0.4533947065592635
rg3,1729,0,logistic_balanced,5.594428275653735e-06,0.015456786999948235,0.00046634299997094786,fixed_0.5,0.02739106721564579,0.4838594825539996,0.18442227557114987,0.5704093480034389,0.0,0.0,0.0,-0.09353785312545769,291,92,11,0,1.0,0.2402088772845953,394,11,197,0.0,0.0,0.0,0.0,0.0,0.0,0.0,0.0,0.0,0.0,0.0,0.0,0.0,0.0,0.0
rg3,1729,0,logistic_balanced,5.594428275653735e-06,0.015456786999948235,0.00046634299997094786,inner_f1,0.02739106721564579,0.4838594825539996,0.18442227557114987,0.5704093480034389,0.05459057071960298,0.02806122448979592,1.0,0.012105115007557458,2,381,0,11,0.0,0.9947780678851175,394,11,197,0.0,0.0,0.0,0.0,0.0,0.0,0.0,0.0,0.0,0.0,0.0,0.0,0.0,0.0,0.0
rg3,1729,0,xgboost,0.01009349338710308,0.04076194600020244,0.0007747109998490487,fixed_0.5,0.03458948632100542,0.5431996202231189,0.027239844609001813,0.12999941591105557,0.0,0.0,0.0,0.0,383,0,11,0,1.0,0.0,394,11,197,0.0,0.0,0.0,0.0,0.0,0.0,0.0,0.0,0.0,0.18181818181818182,0.05,1.790909090909091,0.18181818181818182,0.02531645569620253,0.906789413118527
rg3,1729,0,xgboost,0.01009349338710308,0.04076194600020244,0.0007747109998490487,inner_f1,0.03458948632100542,0.5431996202231189,0.027239844609001813,0.12999941591105557,0.056847545219638244,0.02925531914893617,1.0,0.037079962450826495,18,365,0,11,0.0,0.9530026109660574,394,11,197,0.0,0.0,0.0,0.0,0.0,0.0,0.0,0.0,0.0,0.18181818181818182,0.05,1.790909090909091,0.18181818181818182,0.02531645569620253,0.906789413118527
rg3,1729,0,xgboost_balanced,0.0032410197891294956,0.04776142600030653,0.001349304000086704,fixed_0.5,0.11084823566198218,0.6609304533586517,0.04097004310072413,0.1731306637956189,0.13333333333333333,0.25,0.09090909090909091,0.13652431796595635,380,3,10,1,0.9090909090909091,0.007832898172323759,394,11,197,0.09090909090909091,0.25,8.954545454545455,0.09090909090909091,0.08333333333333333,2.9848484848484844,0.18181818181818182,0.1,3.581818181818182,0.36363636363636365,0.1,3.581818181818182,0.5454545454545454,0.0759493670886076,2.7203682393555813
rg3,1729,0,xgboost_balanced,0.0032410197891294956,0.04776142600030653,0.001349304000086704,inner_f1,0.11084823566198218,0.6609304533586517,0.04097004310072413,0.1731306637956189,0.05432098765432099,0.027918781725888325,1.0,0.0,0,383,0,11,0.0,1.0,394,11,197,0.09090909090909091,0.25,8.954545454545455,0.09090909090909091,0.08333333333333333,2.9848484848484844,0.18181818181818182,0.1,3.581818181818182,0.36363636363636365,0.1,3.581818181818182,0.5454545454545454,0.0759493670886076,2.7203682393555813
rg3,1729,1,dummy_prior,0.5,0.00021793999985675327,7.404799998766975e-05,fixed_0.5,0.017766497461928935,0.5,0.017476616248808266,0.08983887272248704,0.0,0.0,0.0,0.0,387,0,7,0,1.0,0.0,394,7,1,0.0,0.0,0.0,0.0,0.0,0.0,0.0,0.0,0.0,0.0,0.0,0.0,0.14285714285714285,0.012658227848101266,0.7124773960216998
rg3,1729,1,dummy_prior,0.5,0.00021793999985675327,7.404799998766975e-05,inner_f1,0.017766497461928935,0.5,0.017476616248808266,0.08983887272248704,0.0,0.0,0.0,0.0,387,0,7,0,1.0,0.0,394,7,1,0.0,0.0,0.0,0.0,0.0,0.0,0.0,0.0,0.0,0.0,0.0,0.0,0.14285714285714285,0.012658227848101266,0.7124773960216998
rg3,1729,1,logistic,0.11804980969975269,0.011577928999940923,0.0004404299997986527,fixed_0.5,0.02197873187966539,0.4638242894056847,0.017986010388348767,0.09764397054629792,0.0,0.0,0.0,0.0,387,0,7,0,1.0,0.0,394,7,197,0.0,0.0,0.0,0.0,0.0,0.0,0.0,0.0,0.0,0.14285714285714285,0.025,1.407142857142857,0.14285714285714285,0.012658227848101266,0.7124773960216998
rg3,1729,1,logistic,0.11804980969975269,0.011577928999940923,0.0004404299997986527,inner_f1,0.02197873187966539,0.4638242894056847,0.017986010388348767,0.09764397054629792,0.0,0.0,0.0,-0.013620442892440467,383,4,7,0,1.0,0.0103359173126615,394,7,197,0.0,0.0,0.0,0.0,0.0,0.0,0.0,0.0,0.0,0.14285714285714285,0.025,1.407142857142857,0.14285714285714285,0.012658227848101266,0.7124773960216998
rg3,1729,1,logistic_balanced,0.8479411241284703,0.014439658000355848,0.0005172399996808963,fixed_0.5,0.024126690262962748,0.49704688076781095,0.23045999336348622,0.6752161246625323,0.027972027972027972,0.014705882352941176,0.2857142857142857,-0.016821318670560845,253,134,5,2,0.7142857142857143,0.3462532299741602,394,7,197,0.0,0.0,0.0,0.0,0.0,0.0,0.0,0.0,0.0,0.14285714285714285,0.025,1.407142857142857,0.2857142857142857,0.02531645569620253,1.4249547920433996
rg3,1729,1,logistic_balanced,0.8479411241284703,0.014439658000355848,0.0005172399996808963,inner_f1,0.024126690262962748,0.49704688076781095,0.23045999336348622,0.6752161246625323,0.06060606060606061,0.038461538461538464,0.14285714285714285,0.041640964009206013,362,25,6,1,0.8571428571428571,0.06459948320413436,394,7,197,0.0,0.0,0.0,0.0,0.0,0.0,0.0,0.0,0.0,0.14285714285714285,0.025,1.407142857142857,0.2857142857142857,0.02531645569620253,1.4249547920433996
rg3,1729,1,xgboost,0.01987205259501934,0.03939592200003972,0.0007580700003018137,fixed_0.5,0.01485667482638733,0.35825027685492794,0.018026121455677332,0.09929438608562467,0.0,0.0,0.0,0.0,387,0,7,0,1.0,0.0,394,7,197,0.0,0.0,0.0,0.0,0.0,0.0,0.0,0.0,0.0,0.0,0.0,0.0,0.0,0.0,0.0
rg3,1729,1,xgboost,0.01987205259501934,0.03939592200003972,0.0007580700003018137,inner_f1,0.01485667482638733,0.35825027685492794,0.018026121455677332,0.09929438608562467,0.02030456852791878,0.010526315789473684,0.2857142857142857,-0.05289357237994413,199,188,5,2,0.7142857142857143,0.48578811369509045,394,7,197,0.0,0.0,0.0,0.0,0.0,0.0,0.0,0.0,0.0,0.0,0.0,0.0,0.0,0.0,0.0
rg3,1729,1,xgboost_balanced,0.6998082995414734,0.051157207999949605,0.001381426000079955,fixed_0.5,0.01945895215947832,0.41435954226651894,0.05717394475255811,0.2200563440092329,0.0,0.0,0.0,-0.031100884057415703,367,20,7,0,1.0,0.05167958656330749,394,7,197,0.0,0.0,0.0,0.0,0.0,0.0,0.0,0.0,0.0,0.0,0.0,0.0,0.2857142857142857,0.02531645569620253,1.4249547920433996
rg3,1729,1,xgboost_balanced,0.6998082995414734,0.051157207999949605,0.001381426000079955,inner_f1,0.01945895215947832,0.41435954226651894,0.05717394475255811,0.2200563440092329,0.0,0.0,0.0,-0.013620442892440467,383,4,7,0,1.0,0.0103359173126615,394,7,197,0.0,0.0,0.0,0.0,0.0,0.0,0.0,0.0,0.0,0.0,0.0,0.0,0.2857142857142857,0.02531645569620253,1.4249547920433996
rg3,1729,2,dummy_prior,0.5,0.000223387999994884,7.587900017824722e-05,fixed_0.5,0.017766497461928935,0.5,0.017476616248808266,0.08983887272248706,0.0,0.0,0.0,0.0,387,0,7,0,1.0,0.0,394,7,1,0.0,0.0,0.0,0.0,0.0,0.0,0.14285714285714285,0.05,2.814285714285714,0.14285714285714285,0.025,1.407142857142857,0.14285714285714285,0.012658227848101266,0.7124773960216998
rg3,1729,2,dummy_prior,0.5,0.000223387999994884,7.587900017824722e-05,inner_f1,0.017766497461928935,0.5,0.017476616248808266,0.08983887272248706,0.0,0.0,0.0,0.0,387,0,7,0,1.0,0.0,394,7,1,0.0,0.0,0.0,0.0,0.0,0.0,0.14285714285714285,0.05,2.814285714285714,0.14285714285714285,0.025,1.407142857142857,0.14285714285714285,0.012658227848101266,0.7124773960216998
rg3,1729,2,logistic,0.07793550616945477,0.012677102999987255,0.000578666999899724,fixed_0.5,0.014542976740822625,0.340531561461794,0.018393341460730173,0.10804663773397248,0.0,0.0,0.0,0.0,387,0,7,0,1.0,0.0,394,7,197,0.0,0.0,0.0,0.0,0.0,0.0,0.0,0.0,0.0,0.0,0.0,0.0,0.0,0.0,0.0
rg3,1729,2,logistic,0.07793550616945477,0.012677102999987255,0.000578666999899724,inner_f1,0.014542976740822625,0.340531561461794,0.018393341460730173,0.10804663773397248,0.0,0.0,0.0,-0.021703407528853153,377,10,7,0,1.0,0.025839793281653745,394,7,197,0.0,0.0,0.0,0.0,0.0,0.0,0.0,0.0,0.0,0.0,0.0,0.0,0.0,0.0,0.0
rg3,1729,2,logistic_balanced,0.0011956099213267886,0.01400545799970132,0.0004517389997999999,fixed_0.5,0.01392597610846015,0.31985972683647096,0.20444168587763398,0.6004692386097377,0.0,0.0,0.0,-0.08581573914656516,273,114,7,0,1.0,0.29457364341085274,394,7,197,0.0,0.0,0.0,0.0,0.0,0.0,0.0,0.0,0.0,0.0,0.0,0.0,0.0,0.0,0.0
rg3,1729,2,logistic_balanced,0.0011956099213267886,0.01400545799970132,0.0004517389997999999,inner_f1,0.01392597610846015,0.31985972683647096,0.20444168587763398,0.6004692386097377,0.034912718204488775,0.017766497461928935,1.0,0.0,0,387,0,7,0.0,1.0,394,7,197,0.0,0.0,0.0,0.0,0.0,0.0,0.0,0.0,0.0,0.0,0.0,0.0,0.0,0.0,0.0
rg3,1729,2,xgboost,0.048320621252059937,0.03516682300005414,0.0008526910000909993,fixed_0.5,0.01320685414232434,0.27851605758582504,0.017854019615221647,0.09888437488022629,0.0,0.0,0.0,0.0,387,0,7,0,1.0,0.0,394,7,197,0.0,0.0,0.0,0.0,0.0,0.0,0.0,0.0,0.0,0.0,0.0,0.0,0.0,0.0,0.0
rg3,1729,2,xgboost,0.048320621252059937,0.03516682300005414,0.0008526910000909993,inner_f1,0.01320685414232434,0.27851605758582504,0.017854019615221647,0.09888437488022629,0.0,0.0,0.0,-0.02383704844238779,375,12,7,0,1.0,0.031007751937984496,394,7,197,0.0,0.0,0.0,0.0,0.0,0.0,0.0,0.0,0.0,0.0,0.0,0.0,0.0,0.0,0.0
rg3,1729,2,xgboost_balanced,0.3170638680458069,0.04454962899990278,0.0008346970003003662,fixed_0.5,0.014437834995123248,0.34348468069398297,0.05371848870759202,0.2120999331425054,0.0,0.0,0.0,-0.025814621222141714,373,14,7,0,1.0,0.03617571059431524,394,7,197,0.0,0.0,0.0,0.0,0.0,0.0,0.0,0.0,0.0,0.0,0.0,0.0,0.0,0.0,0.0
rg3,1729,2,xgboost_balanced,0.3170638680458069,0.04454962899990278,0.0008346970003003662,inner_f1,0.014437834995123248,0.34348468069398297,0.05371848870759202,0.2120999331425054,0.0,0.0,0.0,-0.043940028757668,349,38,7,0,1.0,0.09819121447028424,394,7,197,0.0,0.0,0.0,0.0,0.0,0.0,0.0,0.0,0.0,0.0,0.0,0.0,0.0,0.0,0.0
rg3,2026,0,dummy_prior,0.5,0.00023621599984835484,8.038499981921632e-05,fixed_0.5,0.017766497461928935,0.5,0.017476616248808263,0.08983887272248706,0.0,0.0,0.0,0.0,387,0,7,0,1.0,0.0,394,7,1,0.0,0.0,0.0,0.0,0.0,0.0,0.0,0.0,0.0,0.0,0.0,0.0,0.0,0.0,0.0
rg3,2026,0,dummy_prior,0.5,0.00023621599984835484,8.038499981921632e-05,inner_f1,0.017766497461928935,0.5,0.017476616248808263,0.08983887272248706,0.0,0.0,0.0,0.0,387,0,7,0,1.0,0.0,394,7,1,0.0,0.0,0.0,0.0,0.0,0.0,0.0,0.0,0.0,0.0,0.0,0.0,0.0,0.0,0.0
rg3,2026,0,logistic,0.0011774308525970396,0.010163535999708984,0.0005971380001028592,fixed_0.5,0.02263239690384194,0.49852344038390545,0.01780882588025689,0.09329010436451489,0.0,0.0,0.0,0.0,387,0,7,0,1.0,0.0,394,7,197,0.0,0.0,0.0,0.0,0.0,0.0,0.0,0.0,0.0,0.14285714285714285,0.025,1.407142857142857,0.2857142857142857,0.02531645569620253,1.4249547920433996
rg3,2026,0,logistic,0.0011774308525970396,0.010163535999708984,0.0005971380001028592,inner_f1,0.02263239690384194,0.49852344038390545,0.01780882588025689,0.09329010436451489,0.034912718204488775,0.017766497461928935,1.0,0.0,0,387,0,7,0.0,1.0,394,7,197,0.0,0.0,0.0,0.0,0.0,0.0,0.0,0.0,0.0,0.14285714285714285,0.025,1.407142857142857,0.2857142857142857,0.02531645569620253,1.4249547920433996
rg3,2026,0,logistic_balanced,0.014791633128612591,0.019046445000185486,0.0006268540000746725,fixed_0.5,0.021061988356300177,0.48818752307124397,0.24557556260546648,0.6918195120481953,0.03773584905660377,0.019736842105263157,0.42857142857142855,0.011820831529910645,238,149,4,3,0.5714285714285714,0.3850129198966408,394,7,197,0.0,0.0,0.0,0.0,0.0,0.0,0.0,0.0,0.0,0.0,0.0,0.0,0.14285714285714285,0.012658227848101266,0.7124773960216998
rg3,2026,0,logistic_balanced,0.014791633128612591,0.019046445000185486,0.0006268540000746725,inner_f1,0.021061988356300177,0.48818752307124397,0.24557556260546648,0.6918195120481953,0.034912718204488775,0.017766497461928935,1.0,0.0,0,387,0,7,0.0,1.0,394,7,197,0.0,0.0,0.0,0.0,0.0,0.0,0.0,0.0,0.0,0.0,0.0,0.0,0.14285714285714285,0.012658227848101266,0.7124773960216998
rg3,2026,0,xgboost,0.011653400957584381,0.041095340000083525,0.0008248489998550212,fixed_0.5,0.013263995298926868,0.27703949796973054,0.017852252708817712,0.0968323872046883,0.0,0.0,0.0,0.0,387,0,7,0,1.0,0.0,394,7,197,0.0,0.0,0.0,0.0,0.0,0.0,0.0,0.0,0.0,0.0,0.0,0.0,0.0,0.0,0.0
rg3,2026,0,xgboost,0.011653400957584381,0.041095340000083525,0.0008248489998550212,inner_f1,0.013263995298926868,0.27703949796973054,0.017852252708817712,0.0968323872046883,0.037333333333333336,0.019021739130434784,1.0,0.03574837476262026,26,361,0,7,0.0,0.9328165374677002,394,7,197,0.0,0.0,0.0,0.0,0.0,0.0,0.0,0.0,0.0,0.0,0.0,0.0,0.0,0.0,0.0
rg3,2026,0,xgboost_balanced,0.2244531512260437,0.04503247899992857,0.0008583029998590064,fixed_0.5,0.04591173436325463,0.5538944259874492,0.07635227424015516,0.26677909199437005,0.08888888888888889,0.05263157894736842,0.2857142857142857,0.08622817673497253,351,36,5,2,0.7142857142857143,0.09302325581395349,394,7,197,0.0,0.0,0.0,0.14285714285714285,0.08333333333333333,4.69047619047619,0.14285714285714285,0.05,2.814285714285714,0.2857142857142857,0.05,2.814285714285714,0.2857142857142857,0.02531645569620253,1.4249547920433996
rg3,2026,0,xgboost_balanced,0.2244531512260437,0.04503247899992857,0.0008583029998590064,inner_f1,0.04591173436325463,0.5538944259874492,0.07635227424015516,0.26677909199437005,0.032520325203252036,0.017241379310344827,0.2857142857142857,-0.0025677654240718797,273,114,5,2,0.7142857142857143,0.29457364341085274,394,7,197,0.0,0.0,0.0,0.14285714285714285,0.08333333333333333,4.69047619047619,0.14285714285714285,0.05,2.814285714285714,0.2857142857142857,0.05,2.814285714285714,0.2857142857142857,0.02531645569620253,1.4249547920433996
rg3,2026,1,dummy_prior,0.5,0.0002689120001377887,9.342899966213736e-05,fixed_0.5,0.02284263959390863,0.5,0.022327295215027448,0.10906065265052664,0.0,0.0,0.0,0.0,385,0,9,0,1.0,0.0,394,9,1,0.0,0.0,0.0,0.0,0.0,0.0,0.1111111111111111,0.05,2.188888888888889,0.1111111111111111,0.025,1.0944444444444446,0.1111111111111111,0.012658227848101266,0.5541490857946554
rg3,2026,1,dummy_prior,0.5,0.0002689120001377887,9.342899966213736e-05,inner_f1,0.02284263959390863,0.5,0.022327295215027448,0.10906065265052664,0.0,0.0,0.0,0.0,385,0,9,0,1.0,0.0,394,9,1,0.0,0.0,0.0,0.0,0.0,0.0,0.1111111111111111,0.05,2.188888888888889,0.1111111111111111,0.025,1.0944444444444446,0.1111111111111111,0.012658227848101266,0.5541490857946554
rg3,2026,1,logistic,0.018071994253499677,0.0107291270001042,0.0004446760003702366,fixed_0.5,0.03384552619964547,0.4515151515151515,0.022577716673775568,0.1175981421325374,0.0,0.0,0.0,0.0,385,0,9,0,1.0,0.0,394,9,197,0.0,0.0,0.0,0.1111111111111111,0.08333333333333333,3.648148148148148,0.1111111111111111,0.05,2.188888888888889,0.1111111111111111,0.025,1.0944444444444446,0.1111111111111111,0.012658227848101266,0.5541490857946554
rg3,2026,1,logistic,0.018071994253499677,0.0107291270001042,0.0004446760003702366,inner_f1,0.03384552619964547,0.4515151515151515,0.022577716673775568,0.1175981421325374,0.03773584905660377,0.02,0.3333333333333333,-0.014918223851426542,238,147,6,3,0.6666666666666666,0.38181818181818183,394,9,197,0.0,0.0,0.0,0.1111111111111111,0.08333333333333333,3.648148148148148,0.1111111111111111,0.05,2.188888888888889,0.1111111111111111,0.025,1.0944444444444446,0.1111111111111111,0.012658227848101266,0.5541490857946554
rg3,2026,1,logistic_balanced,0.6581148195479544,0.014906431000326847,0.0005687749999196967,fixed_0.5,0.02687484982542558,0.4272727272727272,0.19827601450813376,0.5824761021200042,0.03305785123966942,0.017857142857142856,0.2222222222222222,-0.021029913959953718,275,110,7,2,0.7777777777777778,0.2857142857142857,394,9,197,0.0,0.0,0.0,0.0,0.0,0.0,0.1111111111111111,0.05,2.188888888888889,0.1111111111111111,0.025,1.0944444444444446,0.2222222222222222,0.02531645569620253,1.1082981715893108
rg3,2026,1,logistic_balanced,0.6581148195479544,0.014906431000326847,0.0005687749999196967,inner_f1,0.02687484982542558,0.4272727272727272,0.19827601450813376,0.5824761021200042,0.05970149253731343,0.034482758620689655,0.2222222222222222,0.03237027445858814,329,56,7,2,0.7777777777777778,0.14545454545454545,394,9,197,0.0,0.0,0.0,0.0,0.0,0.0,0.1111111111111111,0.05,2.188888888888889,0.1111111111111111,0.025,1.0944444444444446,0.2222222222222222,0.02531645569620253,1.1082981715893108
rg3,2026,1,xgboost,0.01481789443641901,0.039196432000153436,0.0008000180000635737,fixed_0.5,0.026328472748825195,0.4642135642135642,0.022476924028332956,0.11269193967264314,0.0,0.0,0.0,0.0,385,0,9,0,1.0,0.0,394,9,197,0.0,0.0,0.0,0.0,0.0,0.0,0.0,0.0,0.0,0.1111111111111111,0.025,1.0944444444444446,0.2222222222222222,0.02531645569620253,1.1082981715893108
rg3,2026,1,xgboost,0.01481789443641901,0.039196432000153436,0.0008000180000635737,inner_f1,0.026328472748825195,0.4642135642135642,0.022476924028332956,0.11269193967264314,0.039525691699604744,0.020491803278688523,0.5555555555555556,-0.02006856303822856,146,239,4,5,0.4444444444444444,0.6207792207792208,394,9,197,0.0,0.0,0.0,0.0,0.0,0.0,0.0,0.0,0.0,0.1111111111111111,0.025,1.0944444444444446,0.2222222222222222,0.02531645569620253,1.1082981715893108
rg3,2026,1,xgboost_balanced,0.544589102268219,0.04552254200007155,0.0010907269997915137,fixed_0.5,0.04285260044402568,0.607936507936508,0.048646213771610755,0.19383309973455118,0.09523809523809523,0.08333333333333333,0.1111111111111111,0.07176159933596753,374,11,8,1,0.8888888888888888,0.02857142857142857,394,9,197,0.0,0.0,0.0,0.1111111111111111,0.08333333333333333,3.648148148148148,0.1111111111111111,0.05,2.188888888888889,0.1111111111111111,0.025,1.0944444444444446,0.3333333333333333,0.0379746835443038,1.6624472573839664
rg3,2026,1,xgboost_balanced,0.544589102268219,0.04552254200007155,0.0010907269997915137,inner_f1,0.04285260044402568,0.607936507936508,0.048646213771610755,0.19383309973455118,0.0,0.0,0.0,-0.022011124543298285,377,8,9,0,1.0,0.02077922077922078,394,9,197,0.0,0.0,0.0,0.1111111111111111,0.08333333333333333,3.648148148148148,0.1111111111111111,0.05,2.188888888888889,0.1111111111111111,0.025,1.0944444444444446,0.3333333333333333,0.0379746835443038,1.6624472573839664
rg3,2026,2,dummy_prior,0.5,0.00020185199991828995,7.486000004064408e-05,fixed_0.5,0.02284263959390863,0.5,0.022327295215027444,0.10906065265052664,0.0,0.0,0.0,0.0,385,0,9,0,1.0,0.0,394,9,1,0.0,0.0,0.0,0.0,0.0,0.0,0.0,0.0,0.0,0.0,0.0,0.0,0.2222222222222222,0.02531645569620253,1.1082981715893108
rg3,2026,2,dummy_prior,0.5,0.00020185199991828995,7.486000004064408e-05,inner_f1,0.02284263959390863,0.5,0.022327295215027444,0.10906065265052664,0.0,0.0,0.0,0.0,385,0,9,0,1.0,0.0,394,9,1,0.0,0.0,0.0,0.0,0.0,0.0,0.0,0.0,0.0,0.0,0.0,0.0,0.2222222222222222,0.02531645569620253,1.1082981715893108
rg3,2026,2,logistic,0.04275435937611265,0.010113268999702996,0.00044326800025373814,fixed_0.5,0.044625237396759256,0.35974025974025975,0.022808309662312353,0.12982977519217986,0.0,0.0,0.0,0.0,385,0,9,0,1.0,0.0,394,9,197,0.1111111111111111,0.25,10.944444444444445,0.1111111111111111,0.08333333333333333,3.648148148148148,0.1111111111111111,0.05,2.188888888888889,0.1111111111111111,0.025,1.0944444444444446,0.1111111111111111,0.012658227848101266,0.5541490857946554
rg3,2026,2,logistic,0.04275435937611265,0.010113268999702996,0.00044326800025373814,inner_f1,0.044625237396759256,0.35974025974025975,0.022808309662312353,0.12982977519217986,0.0392156862745098,0.023809523809523808,0.1111111111111111,0.002235488222919144,344,41,8,1,0.8888888888888888,0.10649350649350649,394,9,197,0.1111111111111111,0.25,10.944444444444445,0.1111111111111111,0.08333333333333333,3.648148148148148,0.1111111111111111,0.05,2.188888888888889,0.1111111111111111,0.025,1.0944444444444446,0.1111111111111111,0.012658227848101266,0.5541490857946554
rg3,2026,2,logistic_balanced,0.7789642411411245,0.014483004999874538,0.000576271999761957,fixed_0.5,0.02279822922003059,0.3643578643578643,0.18507796295654988,0.562205769597882,0.020618556701030927,0.011363636363636364,0.1111111111111111,-0.04120305360516838,298,87,8,1,0.8888888888888888,0.22597402597402597,394,9,197,0.0,0.0,0.0,0.0,0.0,0.0,0.1111111111111111,0.05,2.188888888888889,0.1111111111111111,0.025,1.0944444444444446,0.1111111111111111,0.012658227848101266,0.5541490857946554
rg3,2026,2,logistic_balanced,0.7789642411411245,0.014483004999874538,0.000576271999761957,inner_f1,0.02279822922003059,0.3643578643578643,0.18507796295654988,0.562205769597882,0.0425531914893617,0.02631578947368421,0.1111111111111111,0.007595125017877947,348,37,8,1,0.8888888888888888,0.09610389610389611,394,9,197,0.0,0.0,0.0,0.0,0.0,0.0,0.1111111111111111,0.05,2.188888888888889,0.1111111111111111,0.025,1.0944444444444446,0.1111111111111111,0.012658227848101266,0.5541490857946554
rg3,2026,2,xgboost,0.022774050012230873,0.04301793800004816,0.0007688830000915914,fixed_0.5,0.02469482506683768,0.42265512265512256,0.02250054586175444,0.1134226470947941,0.0,0.0,0.0,0.0,385,0,9,0,1.0,0.0,394,9,197,0.0,0.0,0.0,0.0,0.0,0.0,0.0,0.0,0.0,0.0,0.0,0.0,0.2222222222222222,0.02531645569620253,1.1082981715893108
rg3,2026,2,xgboost,0.022774050012230873,0.04301793800004816,0.0007688830000915914,inner_f1,0.02469482506683768,0.42265512265512256,0.02250054586175444,0.1134226470947941,0.04878048780487805,0.02631578947368421,0.3333333333333333,0.014833428328287617,274,111,6,3,0.6666666666666666,0.2883116883116883,394,9,197,0.0,0.0,0.0,0.0,0.0,0.0,0.0,0.0,0.0,0.0,0.0,0.0,0.2222222222222222,0.02531645569620253,1.1082981715893108
rg3,2026,2,xgboost_balanced,0.2120208889245987,0.04649052600007053,0.0008640990004096238,fixed_0.5,0.023669949015830992,0.4226551226551226,0.042869301542762785,0.19426477810188958,0.0,0.0,0.0,-0.015484193222775274,381,4,9,0,1.0,0.01038961038961039,394,9,197,0.0,0.0,0.0,0.0,0.0,0.0,0.0,0.0,0.0,0.1111111111111111,0.025,1.0944444444444446,0.2222222222222222,0.02531645569620253,1.1082981715893108
rg3,2026,2,xgboost_balanced,0.2120208889245987,0.04649052600007053,0.0008640990004096238,inner_f1,0.023669949015830992,0.4226551226551226,0.042869301542762785,0.19426477810188958,0.056338028169014086,0.03225806451612903,0.2222222222222222,0.027233993529478983,325,60,7,2,0.7777777777777778,0.15584415584415584,394,9,197,0.0,0.0,0.0,0.0,0.0,0.0,0.0,0.0,0.0,0.1111111111111111,0.025,1.0944444444444446,0.2222222222222222,0.02531645569620253,1.1082981715893108
pooled,42,0,dummy_prior,0.5,0.0005574110000452492,0.0001405769999109907,fixed_0.5,0.01756587202007528,0.5,0.01725731264479409,0.08840838973464826,0.0,0.0,0.0,0.0,783,0,14,0,1.0,0.0,797,14,1,0.0,0.0,0.0,0.0,0.0,0.0,0.07142857142857142,0.025,1.4232142857142858,0.07142857142857142,0.0125,0.7116071428571429,0.21428571428571427,0.01875,1.0674107142857143
pooled,42,0,dummy_prior,0.5,0.0005574110000452492,0.0001405769999109907,inner_f1,0.01756587202007528,0.5,0.01725731264479409,0.08840838973464826,0.0,0.0,0.0,0.0,783,0,14,0,1.0,0.0,797,14,1,0.0,0.0,0.0,0.0,0.0,0.0,0.07142857142857142,0.025,1.4232142857142858,0.07142857142857142,0.0125,0.7116071428571429,0.21428571428571427,0.01875,1.0674107142857143
pooled,42,0,logistic,0.8030014167219699,0.016217625999615848,0.0005442579999908048,fixed_0.5,0.1983675512484464,0.752964787447546,0.014807204724878831,0.07525089322650708,0.25,1.0,0.14285714285714285,0.375101064548392,783,0,12,2,0.8571428571428571,0.0,797,14,400,0.14285714285714285,0.25,14.232142857142858,0.21428571428571427,0.125,7.116071428571429,0.2857142857142857,0.1,5.692857142857143,0.35714285714285715,0.0625,3.5580357142857144,0.42857142857142855,0.0375,2.1348214285714286
pooled,42,0,logistic,0.8030014167219699,0.016217625999615848,0.0005442579999908048,inner_f1,0.1983675512484464,0.752964787447546,0.014807204724878831,0.07525089322650708,0.25,1.0,0.14285714285714285,0.375101064548392,783,0,12,2,0.8571428571428571,0.0,797,14,400,0.14285714285714285,0.25,14.232142857142858,0.21428571428571427,0.125,7.116071428571429,0.2857142857142857,0.1,5.692857142857143,0.35714285714285715,0.0625,3.5580357142857144,0.42857142857142855,0.0375,2.1348214285714286
pooled,42,0,logistic_balanced,0.9335548739602088,0.01803697800005466,0.000580107000132557,fixed_0.5,0.1700326863514322,0.6957671957671958,0.16796168615859552,0.48458322072926086,0.0611353711790393,0.03255813953488372,0.5,0.06936469533757163,575,208,7,7,0.5,0.2656449553001277,797,14,400,0.14285714285714285,0.25,14.232142857142858,0.14285714285714285,0.08333333333333333,4.744047619047619,0.14285714285714285,0.05,2.8464285714285715,0.14285714285714285,0.025,1.4232142857142858,0.35714285714285715,0.03125,1.7790178571428572
pooled,42,0,logistic_balanced,0.9335548739602088,0.01803697800005466,0.000580107000132557,inner_f1,0.1700326863514322,0.6957671957671958,0.16796168615859552,0.48458322072926086,0.2222222222222222,0.5,0.14285714285714285,0.2608223762475765,781,2,12,2,0.8571428571428571,0.002554278416347382,797,14,400,0.14285714285714285,0.25,14.232142857142858,0.14285714285714285,0.08333333333333333,4.744047619047619,0.14285714285714285,0.05,2.8464285714285715,0.14285714285714285,0.025,1.4232142857142858,0.35714285714285715,0.03125,1.7790178571428572
pooled,42,0,xgboost,0.061626240611076355,0.05115351499989629,0.0009316030000263709,fixed_0.5,0.20990591825090035,0.734263820470717,0.016483142991250598,0.0790748205611145,0.0,0.0,0.0,0.0,783,0,14,0,1.0,0.0,797,14,399,0.21428571428571427,0.375,21.34821428571429,0.21428571428571427,0.125,7.116071428571429,0.21428571428571427,0.075,4.269642857142857,0.35714285714285715,0.0625,3.5580357142857144,0.35714285714285715,0.03125,1.7790178571428572
pooled,42,0,xgboost,0.061626240611076355,0.05115351499989629,0.0009316030000263709,inner_f1,0.20990591825090035,0.734263820470717,0.016483142991250598,0.0790748205611145,0.17647058823529413,0.15,0.21428571428571427,0.16174014466014786,766,17,11,3,0.7857142857142857,0.021711366538952746,797,14,399,0.21428571428571427,0.375,21.34821428571429,0.21428571428571427,0.125,7.116071428571429,0.21428571428571427,0.075,4.269642857142857,0.35714285714285715,0.0625,3.5580357142857144,0.35714285714285715,0.03125,1.7790178571428572
pooled,42,0,xgboost_balanced,0.5282973647117615,0.060992075000285695,0.0016835960000207706,fixed_0.5,0.17223497118704695,0.7149242838898011,0.05109928597527049,0.1835455341880861,0.06896551724137931,0.045454545454545456,0.14285714285714285,0.05131804811209197,741,42,12,2,0.8571428571428571,0.05363984674329502,797,14,399,0.14285714285714285,0.25,14.232142857142858,0.14285714285714285,0.08333333333333333,4.744047619047619,0.14285714285714285,0.05,2.8464285714285715,0.21428571428571427,0.0375,2.1348214285714286,0.42857142857142855,0.0375,2.1348214285714286
pooled,42,0,xgboost_balanced,0.5282973647117615,0.060992075000285695,0.0016835960000207706,inner_f1,0.17223497118704695,0.7149242838898011,0.05109928597527049,0.1835455341880861,0.08333333333333333,0.058823529411764705,0.14285714285714285,0.06629719853624792,751,32,12,2,0.8571428571428571,0.04086845466155811,797,14,399,0.14285714285714285,0.25,14.232142857142858,0.14285714285714285,0.08333333333333333,4.744047619047619,0.14285714285714285,0.05,2.8464285714285715,0.21428571428571427,0.0375,2.1348214285714286,0.42857142857142855,0.0375,2.1348214285714286
pooled,42,1,dummy_prior,0.5,0.0003344879996802774,0.00010933200019280775,fixed_0.5,0.016290726817042606,0.5,0.016028915263365025,0.0833325880483163,0.0,0.0,0.0,0.0,785,0,13,0,1.0,0.0,798,13,1,0.0,0.0,0.0,0.0,0.0,0.0,0.0,0.0,0.0,0.0,0.0,0.0,0.15384615384615385,0.0125,0.7673076923076924
pooled,42,1,dummy_prior,0.5,0.0003344879996802774,0.00010933200019280775,inner_f1,0.016290726817042606,0.5,0.016028915263365025,0.0833325880483163,0.0,0.0,0.0,0.0,785,0,13,0,1.0,0.0,798,13,1,0.0,0.0,0.0,0.0,0.0,0.0,0.0,0.0,0.0,0.0,0.0,0.0,0.15384615384615385,0.0125,0.7673076923076924
pooled,42,1,logistic,0.8991321277088847,0.012758320000102685,0.0005096559998492012,fixed_0.5,0.20467433930668755,0.7355707986281235,0.014417792877745072,0.07464901372225574,0.26666666666666666,1.0,0.15384615384615385,0.38951269447519304,785,0,11,2,0.8461538461538461,0.0,798,13,400,0.15384615384615385,0.25,15.346153846153847,0.23076923076923078,0.125,7.673076923076923,0.38461538461538464,0.125,7.673076923076923,0.38461538461538464,0.0625,3.8365384615384617,0.5384615384615384,0.04375,2.685576923076923
pooled,42,1,logistic,0.8991321277088847,0.012758320000102685,0.0005096559998492012,inner_f1,0.20467433930668755,0.7355707986281235,0.014417792877745072,0.07464901372225574,0.26666666666666666,1.0,0.15384615384615385,0.38951269447519304,785,0,11,2,0.8461538461538461,0.0,798,13,400,0.15384615384615385,0.25,15.346153846153847,0.23076923076923078,0.125,7.673076923076923,0.38461538461538464,0.125,7.673076923076923,0.38461538461538464,0.0625,3.8365384615384617,0.5384615384615384,0.04375,2.685576923076923
pooled,42,1,logistic_balanced,0.9661176047428939,0.019516563000252063,0.0007579729999633855,fixed_0.5,0.18902097896220024,0.7424301812836845,0.17721609443168804,0.5360583227049328,0.059574468085106386,0.03153153153153153,0.5384615384615384,0.07474282881388639,570,215,6,7,0.46153846153846156,0.27388535031847133,798,13,401,0.15384615384615385,0.25,15.346153846153847,0.15384615384615385,0.08333333333333333,5.115384615384615,0.23076923076923078,0.075,4.603846153846154,0.3076923076923077,0.05,3.0692307692307694,0.38461538461538464,0.03125,1.9182692307692308
pooled,42,1,logistic_balanced,0.9661176047428939,0.019516563000252063,0.0007579729999633855,inner_f1,0.18902097896220024,0.7424301812836845,0.17721609443168804,0.5360583227049328,0.14814814814814814,0.14285714285714285,0.15384615384615385,0.1336044291447187,773,12,11,2,0.8461538461538461,0.015286624203821656,798,13,401,0.15384615384615385,0.25,15.346153846153847,0.15384615384615385,0.08333333333333333,5.115384615384615,0.23076923076923078,0.075,4.603846153846154,0.3076923076923077,0.05,3.0692307692307694,0.38461538461538464,0.03125,1.9182692307692308
pooled,42,1,xgboost,0.092488594353199,0.04904677299964533,0.0009005649999380694,fixed_0.5,0.19969841559520454,0.7471337579617835,0.015377762977552183,0.0739163284792996,0.0,0.0,0.0,0.0,785,0,13,0,1.0,0.0,798,13,399,0.15384615384615385,0.25,15.346153846153847,0.23076923076923078,0.125,7.673076923076923,0.3076923076923077,0.1,6.138461538461539,0.3076923076923077,0.05,3.0692307692307694,0.46153846153846156,0.0375,2.301923076923077
pooled,42,1,xgboost,0.092488594353199,0.04904677299964533,0.0009005649999380694,inner_f1,0.19969841559520454,0.7471337579617835,0.015377762977552183,0.0739163284792996,0.14814814814814814,0.14285714285714285,0.15384615384615385,0.1336044291447187,773,12,11,2,0.8461538461538461,0.015286624203821656,798,13,399,0.15384615384615385,0.25,15.346153846153847,0.23076923076923078,0.125,7.673076923076923,0.3076923076923077,0.1,6.138461538461539,0.3076923076923077,0.05,3.0692307692307694,0.46153846153846156,0.0375,2.301923076923077
pooled,42,1,xgboost_balanced,0.7557185888290405,0.056493961999876774,0.0009676150002633221,fixed_0.5,0.12579763651528886,0.806124448799608,0.0527421400693903,0.18911776743226874,0.15873015873015872,0.1,0.38461538461538464,0.17096379956303587,740,45,8,5,0.6153846153846154,0.05732484076433121,798,13,399,0.23076923076923078,0.375,23.01923076923077,0.23076923076923078,0.125,7.673076923076923,0.38461538461538464,0.125,7.673076923076923,0.38461538461538464,0.0625,3.8365384615384617,0.46153846153846156,0.0375,2.301923076923077
pooled,42,1,xgboost_balanced,0.7557185888290405,0.056493961999876774,0.0009676150002633221,inner_f1,0.12579763651528886,0.806124448799608,0.0527421400693903,0.18911776743226874,0.24,0.25,0.23076923076923078,0.22811386430125832,776,9,10,3,0.7692307692307693,0.011464968152866241,798,13,399,0.23076923076923078,0.375,23.01923076923077,0.23076923076923078,0.125,7.673076923076923,0.38461538461538464,0.125,7.673076923076923,0.38461538461538464,0.0625,3.8365384615384617,0.46153846153846156,0.0375,2.301923076923077
pooled,42,2,dummy_prior,0.5,0.0003200460000698513,9.717800003272714e-05,fixed_0.5,0.018796992481203006,0.5,0.018447159062739735,0.09342092210757724,0.0,0.0,0.0,0.0,783,0,15,0,1.0,0.0,798,15,1,0.0,0.0,0.0,0.0,0.0,0.0,0.06666666666666667,0.025,1.33,0.06666666666666667,0.0125,0.665,0.06666666666666667,0.00625,0.3325
pooled,42,2,dummy_prior,0.5,0.0003200460000698513,9.717800003272714e-05,inner_f1,0.018796992481203006,0.5,0.018447159062739735,0.09342092210757724,0.0,0.0,0.0,0.0,783,0,15,0,1.0,0.0,798,15,1,0.0,0.0,0.0,0.0,0.0,0.0,0.06666666666666667,0.025,1.33,0.06666666666666667,0.0125,0.665,0.06666666666666667,0.00625,0.3325
pooled,42,2,logistic,0.8186521261753618,0.012096509999992122,0.0005148669997652178,fixed_0.5,0.18643650179998417,0.7126862494678586,0.01618798019663985,0.08449611235507716,0.23529411764705882,1.0,0.13333333333333333,0.362154357828913,783,0,13,2,0.8666666666666667,0.0,798,15,400,0.13333333333333333,0.25,13.3,0.26666666666666666,0.16666666666666666,8.866666666666667,0.26666666666666666,0.1,5.32,0.3333333333333333,0.0625,3.325,0.3333333333333333,0.03125,1.6625
pooled,42,2,logistic,0.8186521261753618,0.012096509999992122,0.0005148669997652178,inner_f1,0.18643650179998417,0.7126862494678586,0.01618798019663985,0.08449611235507716,0.23529411764705882,1.0,0.13333333333333333,0.362154357828913,783,0,13,2,0.8666666666666667,0.0,798,15,400,0.13333333333333333,0.25,13.3,0.26666666666666666,0.16666666666666666,8.866666666666667,0.26666666666666666,0.1,5.32,0.3333333333333333,0.0625,3.325,0.3333333333333333,0.03125,1.6625
pooled,42,2,logistic_balanced,0.9980715128666957,0.018025278999630245,0.0005233820002104039,fixed_0.5,0.1822982937208007,0.7525329927628779,0.16418274156759827,0.521466420690898,0.07804878048780488,0.042105263157894736,0.5333333333333333,0.09594259139147679,601,182,7,8,0.4666666666666667,0.23243933588761176,798,15,400,0.13333333333333333,0.25,13.3,0.13333333333333333,0.08333333333333333,4.433333333333334,0.26666666666666666,0.1,5.32,0.3333333333333333,0.0625,3.325,0.5333333333333333,0.05,2.66
pooled,42,2,logistic_balanced,0.9980715128666957,0.018025278999630245,0.0005233820002104039,inner_f1,0.1822982937208007,0.7525329927628779,0.16418274156759827,0.521466420690898,0.23529411764705882,1.0,0.13333333333333333,0.362154357828913,783,0,13,2,0.8666666666666667,0.0,798,15,400,0.13333333333333333,0.25,13.3,0.13333333333333333,0.08333333333333333,4.433333333333334,0.26666666666666666,0.1,5.32,0.3333333333333333,0.0625,3.325,0.5333333333333333,0.05,2.66
pooled,42,2,xgboost,0.08484545350074768,0.05228088100011519,0.001455548999729217,fixed_0.5,0.24129730669237645,0.7312473392933163,0.017184741128004402,0.08250522547109825,0.0,0.0,0.0,0.0,783,0,15,0,1.0,0.0,798,15,399,0.2,0.375,19.950000000000003,0.3333333333333333,0.20833333333333334,11.083333333333334,0.4,0.15,7.98,0.4666666666666667,0.0875,4.655,0.4666666666666667,0.04375,2.3275
pooled,42,2,xgboost,0.08484545350074768,0.05228088100011519,0.001455548999729217,inner_f1,0.24129730669237645,0.7312473392933163,0.017184741128004402,0.08250522547109825,0.25806451612903225,0.25,0.26666666666666666,0.24351542432413598,771,12,11,4,0.7333333333333333,0.01532567049808429,798,15,399,0.2,0.375,19.950000000000003,0.3333333333333333,0.20833333333333334,11.083333333333334,0.4,0.15,7.98,0.4666666666666667,0.0875,4.655,0.4666666666666667,0.04375,2.3275
pooled,42,2,xgboost_balanced,0.8912214636802673,0.06007551900029284,0.001106296000216389,fixed_0.5,0.21793222109763138,0.7615581098339719,0.050344064549605105,0.1777036579549716,0.18461538461538463,0.12,0.4,0.1926655217682144,739,44,9,6,0.6,0.0561941251596424,798,15,399,0.2,0.375,19.950000000000003,0.2,0.125,6.65,0.26666666666666666,0.1,5.32,0.4,0.075,3.99,0.6,0.05625,2.9925
pooled,42,2,xgboost_balanced,0.8912214636802673,0.06007551900029284,0.001106296000216389,inner_f1,0.21793222109763138,0.7615581098339719,0.050344064549605105,0.1777036579549716,0.21052631578947367,0.5,0.13333333333333333,0.2514921642421835,781,2,13,2,0.8666666666666667,0.002554278416347382,798,15,399,0.2,0.375,19.950000000000003,0.2,0.125,6.65,0.26666666666666666,0.1,5.32,0.4,0.075,3.99,0.6,0.05625,2.9925
pooled,1729,0,dummy_prior,0.5,0.00032766300000730553,0.00010022100013884483,fixed_0.5,0.012547051442910916,0.5,0.012445919060504126,0.06905267771134249,0.0,0.0,0.0,0.0,787,0,10,0,1.0,0.0,797,10,1,0.0,0.0,0.0,0.0,0.0,0.0,0.0,0.0,0.0,0.0,0.0,0.0,0.1,0.00625,0.49812500000000004
pooled,1729,0,dummy_prior,0.5,0.00032766300000730553,0.00010022100013884483,inner_f1,0.012547051442910916,0.5,0.012445919060504126,0.06905267771134249,0.0,0.0,0.0,0.0,787,0,10,0,1.0,0.0,797,10,1,0.0,0.0,0.0,0.0,0.0,0.0,0.0,0.0,0.0,0.0,0.0,0.0,0.1,0.00625,0.49812500000000004
pooled,1729,0,logistic,0.8385501839322458,0.013532745999782492,0.0006251310001061938,fixed_0.5,0.24356942933558154,0.6476493011435832,0.010290248609122978,0.06252419676559394,0.3333333333333333,1.0,0.2,0.4449577748322281,787,0,8,2,0.8,0.0,797,10,399,0.2,0.25,19.925,0.3,0.125,9.9625,0.3,0.075,5.9775,0.3,0.0375,2.98875,0.3,0.01875,1.494375
pooled,1729,0,logistic,0.8385501839322458,0.013532745999782492,0.0006251310001061938,inner_f1,0.24356942933558154,0.6476493011435832,0.010290248609122978,0.06252419676559394,0.3333333333333333,1.0,0.2,0.4449577748322281,787,0,8,2,0.8,0.0,797,10,399,0.2,0.25,19.925,0.3,0.125,9.9625,0.3,0.075,5.9775,0.3,0.0375,2.98875,0.3,0.01875,1.494375
pooled,1729,0,logistic_balanced,0.8803793480493634,0.017663121999703435,0.0005383429997891653,fixed_0.5,0.22310079262696805,0.6853875476493012,0.14948494807038226,0.4478802854304755,0.05181347150259067,0.0273224043715847,0.5,0.07246865114284928,609,178,5,5,0.5,0.22617534942820838,797,10,400,0.2,0.25,19.925,0.2,0.08333333333333333,6.641666666666666,0.2,0.05,3.9850000000000003,0.3,0.0375,2.98875,0.5,0.03125,2.490625
pooled,1729,0,logistic_balanced,0.8803793480493634,0.017663121999703435,0.0005383429997891653,inner_f1,0.22310079262696805,0.6853875476493012,0.14948494807038226,0.4478802854304755,0.14285714285714285,0.1111111111111111,0.2,0.13460371980838817,771,16,8,2,0.8,0.020330368487928845,797,10,400,0.2,0.25,19.925,0.2,0.08333333333333333,6.641666666666666,0.2,0.05,3.9850000000000003,0.3,0.0375,2.98875,0.5,0.03125,2.490625
pooled,1729,0,xgboost,0.06362154334783554,0.06490015000008498,0.0009209760000885581,fixed_0.5,0.22127432335688876,0.6500635324015247,0.011992649816807739,0.06489170606857075,0.0,0.0,0.0,0.0,787,0,10,0,1.0,0.0,797,10,399,0.2,0.25,19.925,0.2,0.08333333333333333,6.641666666666666,0.2,0.05,3.9850000000000003,0.3,0.0375,2.98875,0.5,0.03125,2.490625
pooled,1729,0,xgboost,0.06362154334783554,0.06490015000008498,0.0009209760000885581,inner_f1,0.22127432335688876,0.6500635324015247,0.011992649816807739,0.06489170606857075,0.08888888888888889,0.05714285714285714,0.2,0.08586605421844677,754,33,8,2,0.8,0.04193138500635324,797,10,399,0.2,0.25,19.925,0.2,0.08333333333333333,6.641666666666666,0.2,0.05,3.9850000000000003,0.3,0.0375,2.98875,0.5,0.03125,2.490625
pooled,1729,0,xgboost_balanced,0.6897432804107666,0.057150897000155965,0.0010434720002194808,fixed_0.5,0.08642555098867025,0.6348157560355783,0.039167049489385694,0.15143904809521444,0.09090909090909091,0.058823529411764705,0.2,0.08776239022459244,755,32,8,2,0.8,0.04066073697585769,797,10,399,0.2,0.25,19.925,0.2,0.08333333333333333,6.641666666666666,0.2,0.05,3.9850000000000003,0.3,0.0375,2.98875,0.5,0.03125,2.490625
pooled,1729,0,xgboost_balanced,0.6897432804107666,0.057150897000155965,0.0010434720002194808,inner_f1,0.08642555098867025,0.6348157560355783,0.039167049489385694,0.15143904809521444,0.2,0.2,0.2,0.18983481575603559,779,8,8,2,0.8,0.010165184243964422,797,10,399,0.2,0.25,19.925,0.2,0.08333333333333333,6.641666666666666,0.2,0.05,3.9850000000000003,0.3,0.0375,2.98875,0.5,0.03125,2.490625
pooled,1729,1,dummy_prior,0.5,0.00026298600005247863,0.00017508699966128916,fixed_0.5,0.020050125313283207,0.5,0.019662174175427365,0.09864272543752237,0.0,0.0,0.0,0.0,782,0,16,0,1.0,0.0,798,16,1,0.0,0.0,0.0,0.0,0.0,0.0,0.0625,0.025,1.2468750000000002,0.125,0.025,1.2468750000000002,0.3125,0.03125,1.55859375
pooled,1729,1,dummy_prior,0.5,0.00026298600005247863,0.00017508699966128916,inner_f1,0.020050125313283207,0.5,0.019662174175427365,0.09864272543752237,0.0,0.0,0.0,0.0,782,0,16,0,1.0,0.0,798,16,1,0.0,0.0,0.0,0.0,0.0,0.0,0.0625,0.025,1.2468750000000002,0.125,0.025,1.2468750000000002,0.3125,0.03125,1.55859375
pooled,1729,1,logistic,0.778770129753793,0.012565911999899981,0.0005018350002501393,fixed_0.5,0.20093501979781817,0.7407289002557544,0.017317422195116446,0.08655475622233073,0.2222222222222222,1.0,0.125,0.35043046034511394,782,0,14,2,0.875,0.0,798,16,399,0.125,0.25,12.46875,0.25,0.16666666666666666,8.3125,0.375,0.15,7.48125,0.375,0.075,3.740625,0.5625,0.05625,2.80546875
pooled,1729,1,logistic,0.778770129753793,0.012565911999899981,0.0005018350002501393,inner_f1,0.20093501979781817,0.7407289002557544,0.017317422195116446,0.08655475622233073,0.2222222222222222,1.0,0.125,0.35043046034511394,782,0,14,2,0.875,0.0,798,16,399,0.125,0.25,12.46875,0.25,0.16666666666666666,8.3125,0.375,0.15,7.48125,0.375,0.075,3.740625,0.5625,0.05625,2.80546875
pooled,1729,1,logistic_balanced,0.9719049291344978,0.01796648500021547,0.0005184209999242739,fixed_0.5,0.19786828501983494,0.7236253196930946,0.16628463447712033,0.49210116324538666,0.06481481481481481,0.035,0.4375,0.06167959049199037,589,193,9,7,0.5625,0.24680306905370844,798,16,400,0.1875,0.375,18.703125,0.25,0.16666666666666666,8.3125,0.3125,0.125,6.234375,0.375,0.075,3.740625,0.4375,0.04375,2.18203125
pooled,1729,1,logistic_balanced,0.9719049291344978,0.01796648500021547,0.0005184209999242739,inner_f1,0.19786828501983494,0.7236253196930946,0.16628463447712033,0.49210116324538666,0.2,0.5,0.125,0.24302734957693187,780,2,14,2,0.875,0.0025575447570332483,798,16,400,0.1875,0.375,18.703125,0.25,0.16666666666666666,8.3125,0.3125,0.125,6.234375,0.375,0.075,3.740625,0.4375,0.04375,2.18203125
pooled,1729,1,xgboost,0.07337599247694016,0.056282020999788074,0.0012091069997950399,fixed_0.5,0.10395550088609685,0.7322570332480819,0.019066423146940497,0.08959069135334141,0.0,0.0,0.0,0.0,782,0,16,0,1.0,0.0,798,16,399,0.1875,0.375,18.703125,0.25,0.16666666666666666,8.3125,0.25,0.1,4.987500000000001,0.375,0.075,3.740625,0.5,0.05,2.4937500000000004
pooled,1729,1,xgboost,0.07337599247694016,0.056282020999788074,0.0012091069997950399,inner_f1,0.10395550088609685,0.7322570332480819,0.019066423146940497,0.08959069135334141,0.21428571428571427,0.25,0.1875,0.20269920750650616,773,9,13,3,0.8125,0.011508951406649617,798,16,399,0.1875,0.375,18.703125,0.25,0.16666666666666666,8.3125,0.25,0.1,4.987500000000001,0.375,0.075,3.740625,0.5,0.05,2.4937500000000004
pooled,1729,1,xgboost_balanced,0.9093772768974304,0.06004457900007765,0.001635257000089041,fixed_0.5,0.10383610343867575,0.7773337595907929,0.047185275800200537,0.17542071243614735,0.16,0.11764705882352941,0.25,0.14688196539723974,752,30,12,4,0.75,0.03836317135549872,798,16,399,0.125,0.25,12.46875,0.25,0.16666666666666666,8.3125,0.3125,0.125,6.234375,0.375,0.075,3.740625,0.625,0.0625,3.1171875
pooled,1729,1,xgboost_balanced,0.9093772768974304,0.06004457900007765,0.001635257000089041,inner_f1,0.10383610343867575,0.7773337595907929,0.047185275800200537,0.17542071243614735,0.0,0.0,0.0,0.0,782,0,16,0,1.0,0.0,798,16,399,0.125,0.25,12.46875,0.25,0.16666666666666666,8.3125,0.3125,0.125,6.234375,0.375,0.075,3.740625,0.625,0.0625,3.1171875
pooled,1729,2,dummy_prior,0.5,0.000369664000118064,0.00010178200000154902,fixed_0.5,0.020050125313283207,0.5,0.019662174175427365,0.09864272543752237,0.0,0.0,0.0,0.0,782,0,16,0,1.0,0.0,798,16,1,0.0,0.0,0.0,0.0,0.0,0.0,0.0,0.0,0.0,0.0,0.0,0.0,0.0,0.0,0.0
pooled,1729,2,dummy_prior,0.5,0.000369664000118064,0.00010178200000154902,inner_f1,0.020050125313283207,0.5,0.019662174175427365,0.09864272543752237,0.0,0.0,0.0,0.0,782,0,16,0,1.0,0.0,798,16,1,0.0,0.0,0.0,0.0,0.0,0.0,0.0,0.0,0.0,0.0,0.0,0.0,0.0,0.0,0.0
pooled,1729,2,logistic,0.6398979411385751,0.011798587999692245,0.0005077169998912723,fixed_0.5,0.1901011675731132,0.7850063938618926,0.017362380059296613,0.08364433305942423,0.2222222222222222,1.0,0.125,0.35043046034511394,782,0,14,2,0.875,0.0,798,16,399,0.125,0.25,12.46875,0.1875,0.125,6.234375,0.1875,0.075,3.740625,0.3125,0.0625,3.1171875,0.625,0.0625,3.1171875
pooled,1729,2,logistic,0.6398979411385751,0.011798587999692245,0.0005077169998912723,inner_f1,0.1901011675731132,0.7850063938618926,0.017362380059296613,0.08364433305942423,0.2222222222222222,1.0,0.125,0.35043046034511394,782,0,14,2,0.875,0.0,798,16,399,0.125,0.25,12.46875,0.1875,0.125,6.234375,0.1875,0.075,3.740625,0.3125,0.0625,3.1171875,0.625,0.0625,3.1171875
pooled,1729,2,logistic_balanced,0.9927292781342262,0.02040542099985032,0.0005150839997440926,fixed_0.5,0.18988107961575137,0.7963554987212277,0.18449826154058857,0.5348550389819731,0.0967741935483871,0.05172413793103448,0.75,0.14466996811181795,562,220,4,12,0.25,0.2813299232736573,798,16,400,0.125,0.25,12.46875,0.1875,0.125,6.234375,0.1875,0.075,3.740625,0.4375,0.0875,4.3640625,0.75,0.075,3.740625
pooled,1729,2,logistic_balanced,0.9927292781342262,0.02040542099985032,0.0005150839997440926,inner_f1,0.18988107961575137,0.7963554987212277,0.18449826154058857,0.5348550389819731,0.0,0.0,0.0,0.0,782,0,16,0,1.0,0.0,798,16,400,0.125,0.25,12.46875,0.1875,0.125,6.234375,0.1875,0.075,3.740625,0.4375,0.0875,4.3640625,0.75,0.075,3.740625
pooled,1729,2,xgboost,0.057672809809446335,0.05279628399966896,0.0008909769999263517,fixed_0.5,0.09637012785075053,0.742007672634271,0.019085295407774778,0.08870674305476482,0.0,0.0,0.0,0.0,782,0,16,0,1.0,0.0,798,16,399,0.0625,0.125,6.234375,0.3125,0.20833333333333334,10.390625000000002,0.375,0.15,7.48125,0.375,0.075,3.740625,0.5625,0.05625,2.80546875
pooled,1729,2,xgboost,0.057672809809446335,0.05279628399966896,0.0008909769999263517,inner_f1,0.09637012785075053,0.742007672634271,0.019085295407774778,0.08870674305476482,0.25,0.20833333333333334,0.3125,0.23653001173248087,763,19,11,5,0.6875,0.024296675191815855,798,16,399,0.0625,0.125,6.234375,0.3125,0.20833333333333334,10.390625000000002,0.375,0.15,7.48125,0.375,0.075,3.740625,0.5625,0.05625,2.80546875
pooled,1729,2,xgboost_balanced,0.7524364590644836,0.05700622599988492,0.0015315040000132285,fixed_0.5,0.061866745094136394,0.742806905370844,0.05168619333483765,0.18581106818249696,0.14285714285714285,0.1,0.25,0.13102455811734556,746,36,12,4,0.75,0.04603580562659847,798,16,399,0.0625,0.125,6.234375,0.0625,0.041666666666666664,2.078125,0.25,0.1,4.987500000000001,0.3125,0.0625,3.1171875,0.4375,0.04375,2.18203125
pooled,1729,2,xgboost_balanced,0.7524364590644836,0.05700622599988492,0.0015315040000132285,inner_f1,0.061866745094136394,0.742806905370844,0.05168619333483765,0.18581106818249696,0.09090909090909091,0.16666666666666666,0.0625,0.09104068741979271,777,5,15,1,0.9375,0.00639386189258312,798,16,399,0.0625,0.125,6.234375,0.0625,0.041666666666666664,2.078125,0.25,0.1,4.987500000000001,0.3125,0.0625,3.1171875,0.4375,0.04375,2.18203125
pooled,2026,0,dummy_prior,0.5,0.0002627579997351859,9.550899994792417e-05,fixed_0.5,0.02132998745294856,0.5,0.020907120684388183,0.1041069111814681,0.0,0.0,0.0,0.0,780,0,17,0,1.0,0.0,797,17,1,0.0,0.0,0.0,0.0,0.0,0.0,0.0,0.0,0.0,0.0,0.0,0.0,0.11764705882352941,0.0125,0.5860294117647059
pooled,2026,0,dummy_prior,0.5,0.0002627579997351859,9.550899994792417e-05,inner_f1,0.02132998745294856,0.5,0.020907120684388183,0.1041069111814681,0.0,0.0,0.0,0.0,780,0,17,0,1.0,0.0,797,17,1,0.0,0.0,0.0,0.0,0.0,0.0,0.0,0.0,0.0,0.0,0.0,0.0,0.11764705882352941,0.0125,0.5860294117647059
pooled,2026,0,logistic,0.8455988680200727,0.012309543999890593,0.0005893590000596305,fixed_0.5,0.14610270503557696,0.5884238310708899,0.02068347393272323,0.11647177386970195,0.19047619047619047,0.5,0.11764705882352941,0.2352968874359333,778,2,15,2,0.8823529411764706,0.002564102564102564,797,17,401,0.11764705882352941,0.25,11.720588235294116,0.11764705882352941,0.08333333333333333,3.9068627450980387,0.11764705882352941,0.05,2.3441176470588236,0.23529411764705882,0.05,2.3441176470588236,0.35294117647058826,0.0375,1.7580882352941174
pooled,2026,0,logistic,0.8455988680200727,0.012309543999890593,0.0005893590000596305,inner_f1,0.14610270503557696,0.5884238310708899,0.02068347393272323,0.11647177386970195,0.21052631578947367,1.0,0.11764705882352941,0.3397459388965089,780,0,15,2,0.8823529411764706,0.0,797,17,401,0.11764705882352941,0.25,11.720588235294116,0.11764705882352941,0.08333333333333333,3.9068627450980387,0.11764705882352941,0.05,2.3441176470588236,0.23529411764705882,0.05,2.3441176470588236,0.35294117647058826,0.0375,1.7580882352941174
pooled,2026,0,logistic_balanced,0.9951380631814556,0.016678597000009177,0.0005675840002368204,fixed_0.5,0.147467434791145,0.640158371040724,0.15329757036675568,0.4955752535939409,0.06666666666666667,0.03680981595092025,0.35294117647058826,0.05432526799242539,623,157,11,6,0.6470588235294118,0.2012820512820513,797,17,400,0.11764705882352941,0.25,11.720588235294116,0.11764705882352941,0.08333333333333333,3.9068627450980387,0.11764705882352941,0.05,2.3441176470588236,0.17647058823529413,0.0375,1.7580882352941174,0.35294117647058826,0.0375,1.7580882352941174
pooled,2026,0,logistic_balanced,0.9951380631814556,0.016678597000009177,0.0005675840002368204,inner_f1,0.147467434791145,0.640158371040724,0.15329757036675568,0.4955752535939409,0.17391304347826086,0.3333333333333333,0.11764705882352941,0.1880759196761675,776,4,15,2,0.8823529411764706,0.005128205128205128,797,17,400,0.11764705882352941,0.25,11.720588235294116,0.11764705882352941,0.08333333333333333,3.9068627450980387,0.11764705882352941,0.05,2.3441176470588236,0.17647058823529413,0.0375,1.7580882352941174,0.35294117647058826,0.0375,1.7580882352941174
pooled,2026,0,xgboost,0.04676894471049309,0.049222180000015214,0.0009529129997645214,fixed_0.5,0.05002952877574349,0.5886500754147813,0.021240501300755683,0.10905583318460116,0.0,0.0,0.0,0.0,780,0,17,0,1.0,0.0,797,17,399,0.0,0.0,0.0,0.11764705882352941,0.08333333333333333,3.9068627450980387,0.17647058823529413,0.075,3.516176470588235,0.23529411764705882,0.05,2.3441176470588236,0.29411764705882354,0.03125,1.4650735294117645
pooled,2026,0,xgboost,0.04676894471049309,0.049222180000015214,0.0009529129997645214,inner_f1,0.05002952877574349,0.5886500754147813,0.021240501300755683,0.10905583318460116,0.09836065573770492,0.06818181818181818,0.17647058823529413,0.07838662664436195,739,41,14,3,0.8235294117647058,0.052564102564102565,797,17,399,0.0,0.0,0.0,0.11764705882352941,0.08333333333333333,3.9068627450980387,0.17647058823529413,0.075,3.516176470588235,0.23529411764705882,0.05,2.3441176470588236,0.29411764705882354,0.03125,1.4650735294117645
pooled,2026,0,xgboost_balanced,0.29071488976478577,0.059005399999932706,0.0015351649999502115,fixed_0.5,0.10915738215762433,0.5500377073906486,0.040752759651227516,0.1712224298171242,0.11764705882352941,0.08823529411764706,0.17647058823529413,0.0977516990125276,749,31,14,3,0.8235294117647058,0.03974358974358974,797,17,399,0.17647058823529413,0.375,17.580882352941174,0.17647058823529413,0.125,5.860294117647058,0.17647058823529413,0.075,3.516176470588235,0.35294117647058826,0.075,3.516176470588235,0.35294117647058826,0.0375,1.7580882352941174
pooled,2026,0,xgboost_balanced,0.29071488976478577,0.059005399999932706,0.0015351649999502115,inner_f1,0.10915738215762433,0.5500377073906486,0.040752759651227516,0.1712224298171242,0.10256410256410256,0.06557377049180328,0.23529411764705882,0.08815862819913017,723,57,13,4,0.7647058823529411,0.07307692307692308,797,17,399,0.17647058823529413,0.375,17.580882352941174,0.17647058823529413,0.125,5.860294117647058,0.17647058823529413,0.075,3.516176470588235,0.35294117647058826,0.075,3.516176470588235,0.35294117647058826,0.0375,1.7580882352941174
pooled,2026,1,dummy_prior,0.5,0.0002592810001260659,0.00011108700027762097,fixed_0.5,0.008771929824561403,0.5,0.008868475273245167,0.0554957486486444,0.0,0.0,0.0,0.0,791,0,7,0,1.0,0.0,798,7,1,0.0,0.0,0.0,0.0,0.0,0.0,0.14285714285714285,0.025,2.8500000000000005,0.14285714285714285,0.0125,1.4250000000000003,0.42857142857142855,0.01875,2.1375
pooled,2026,1,dummy_prior,0.5,0.0002592810001260659,0.00011108700027762097,inner_f1,0.008771929824561403,0.5,0.008868475273245167,0.0554957486486444,0.0,0.0,0.0,0.0,791,0,7,0,1.0,0.0,798,7,1,0.0,0.0,0.0,0.0,0.0,0.0,0.14285714285714285,0.025,2.8500000000000005,0.14285714285714285,0.0125,1.4250000000000003,0.42857142857142855,0.01875,2.1375
pooled,2026,1,logistic,0.8701917955917556,0.013114946999849053,0.0005145629997969081,fixed_0.5,0.03729006941966137,0.57802058876648,0.009135603182686677,0.05592024490337739,0.0,0.0,0.0,0.0,791,0,7,0,1.0,0.0,798,7,399,0.14285714285714285,0.125,14.25,0.14285714285714285,0.041666666666666664,4.75,0.2857142857142857,0.05,5.700000000000001,0.2857142857142857,0.025,2.8500000000000005,0.2857142857142857,0.0125,1.4250000000000003
pooled,2026,1,logistic,0.8701917955917556,0.013114946999849053,0.0005145629997969081,inner_f1,0.03729006941966137,0.57802058876648,0.009135603182686677,0.05592024490337739,0.0,0.0,0.0,0.0,791,0,7,0,1.0,0.0,798,7,399,0.14285714285714285,0.125,14.25,0.14285714285714285,0.041666666666666664,4.75,0.2857142857142857,0.05,5.700000000000001,0.2857142857142857,0.025,2.8500000000000005,0.2857142857142857,0.0125,1.4250000000000003
pooled,2026,1,logistic_balanced,0.9779541760683722,0.017601896000087436,0.0006902200002514292,fixed_0.5,0.018062060641086362,0.6112515802781289,0.15100486967136775,0.4432242942135891,0.01990049751243781,0.010309278350515464,0.2857142857142857,0.009343731734407758,599,192,5,2,0.7142857142857143,0.2427307206068268,798,7,400,0.0,0.0,0.0,0.14285714285714285,0.041666666666666664,4.75,0.14285714285714285,0.025,2.8500000000000005,0.14285714285714285,0.0125,1.4250000000000003,0.2857142857142857,0.0125,1.4250000000000003
pooled,2026,1,logistic_balanced,0.9779541760683722,0.017601896000087436,0.0006902200002514292,inner_f1,0.018062060641086362,0.6112515802781289,0.15100486967136775,0.4432242942135891,0.0,0.0,0.0,0.0,791,0,7,0,1.0,0.0,798,7,400,0.0,0.0,0.0,0.14285714285714285,0.041666666666666664,4.75,0.14285714285714285,0.025,2.8500000000000005,0.14285714285714285,0.0125,1.4250000000000003,0.2857142857142857,0.0125,1.4250000000000003
pooled,2026,1,xgboost,0.0707743763923645,0.05247561599981054,0.000997172999632312,fixed_0.5,0.10111474898339987,0.7524832942026367,0.008588007229060848,0.048463905434560174,0.0,0.0,0.0,0.0,791,0,7,0,1.0,0.0,798,7,399,0.14285714285714285,0.125,14.25,0.2857142857142857,0.08333333333333333,9.5,0.2857142857142857,0.05,5.700000000000001,0.42857142857142855,0.0375,4.275,0.42857142857142855,0.01875,2.1375
pooled,2026,1,xgboost,0.0707743763923645,0.05247561599981054,0.000997172999632312,inner_f1,0.10111474898339987,0.7524832942026367,0.008588007229060848,0.048463905434560174,0.08695652173913043,0.0625,0.14285714285714285,0.08241826845585862,776,15,6,1,0.8571428571428571,0.018963337547408345,798,7,399,0.14285714285714285,0.125,14.25,0.2857142857142857,0.08333333333333333,9.5,0.2857142857142857,0.05,5.700000000000001,0.42857142857142855,0.0375,4.275,0.42857142857142855,0.01875,2.1375
pooled,2026,1,xgboost_balanced,0.7559034824371338,0.059578967000106786,0.0010559199999988778,fixed_0.5,0.03935008320610495,0.7279212569983746,0.04915582666213488,0.17926929703801325,0.03773584905660377,0.021739130434782608,0.14285714285714285,0.034393934101867585,746,45,6,1,0.8571428571428571,0.056890012642225034,798,7,399,0.14285714285714285,0.125,14.25,0.14285714285714285,0.041666666666666664,4.75,0.14285714285714285,0.025,2.8500000000000005,0.14285714285714285,0.0125,1.4250000000000003,0.2857142857142857,0.0125,1.4250000000000003
pooled,2026,1,xgboost_balanced,0.7559034824371338,0.059578967000106786,0.0010559199999988778,inner_f1,0.03935008320610495,0.7279212569983746,0.04915582666213488,0.17926929703801325,0.15384615384615385,0.16666666666666666,0.14285714285714285,0.14738263530914264,786,5,6,1,0.8571428571428571,0.006321112515802781,798,7,399,0.14285714285714285,0.125,14.25,0.14285714285714285,0.041666666666666664,4.75,0.14285714285714285,0.025,2.8500000000000005,0.14285714285714285,0.0125,1.4250000000000003,0.2857142857142857,0.0125,1.4250000000000003
pooled,2026,2,dummy_prior,0.5,0.0002625309998620651,9.232399997927132e-05,fixed_0.5,0.022556390977443608,0.5,0.022103990826803147,0.10947898165297058,0.0,0.0,0.0,0.0,780,0,18,0,1.0,0.0,798,18,1,0.0,0.0,0.0,0.0,0.0,0.0,0.05555555555555555,0.025,1.1083333333333334,0.05555555555555555,0.0125,0.5541666666666667,0.1111111111111111,0.0125,0.5541666666666667
pooled,2026,2,dummy_prior,0.5,0.0002625309998620651,9.232399997927132e-05,inner_f1,0.022556390977443608,0.5,0.022103990826803147,0.10947898165297058,0.0,0.0,0.0,0.0,780,0,18,0,1.0,0.0,798,18,1,0.0,0.0,0.0,0.0,0.0,0.0,0.05555555555555555,0.025,1.1083333333333334,0.05555555555555555,0.0125,0.5541666666666667,0.1111111111111111,0.0125,0.5541666666666667
pooled,2026,2,logistic,0.0076304801102327095,0.012925136999911047,0.0005092340002192941,fixed_0.5,0.26096394102163384,0.7413105413105414,0.01772042724872884,0.09092666475191633,0.36363636363636365,1.0,0.2222222222222222,0.46723007850912596,780,0,14,4,0.7777777777777778,0.0,798,18,400,0.2222222222222222,0.5,22.166666666666668,0.2222222222222222,0.16666666666666666,7.388888888888889,0.2222222222222222,0.1,4.433333333333334,0.2777777777777778,0.0625,2.7708333333333335,0.3888888888888889,0.04375,1.9395833333333332
pooled,2026,2,logistic,0.0076304801102327095,0.012925136999911047,0.0005092340002192941,inner_f1,0.26096394102163384,0.7413105413105414,0.01772042724872884,0.09092666475191633,0.0761904761904762,0.03980099502487562,0.8888888888888888,0.11701404648746941,394,386,2,16,0.1111111111111111,0.4948717948717949,798,18,400,0.2222222222222222,0.5,22.166666666666668,0.2222222222222222,0.16666666666666666,7.388888888888889,0.2222222222222222,0.1,4.433333333333334,0.2777777777777778,0.0625,2.7708333333333335,0.3888888888888889,0.04375,1.9395833333333332
pooled,2026,2,logistic_balanced,0.9906109175310093,0.019283033999727195,0.0005236749998402956,fixed_0.5,0.130343991605245,0.6977207977207976,0.17811656592194086,0.5240631913906246,0.08264462809917356,0.044642857142857144,0.5555555555555556,0.09292094860245852,566,214,8,10,0.4444444444444444,0.2743589743589744,798,18,399,0.1111111111111111,0.25,11.083333333333334,0.2222222222222222,0.16666666666666666,7.388888888888889,0.2222222222222222,0.1,4.433333333333334,0.2222222222222222,0.05,2.216666666666667,0.3333333333333333,0.0375,1.6625
pooled,2026,2,logistic_balanced,0.9906109175310093,0.019283033999727195,0.0005236749998402956,inner_f1,0.130343991605245,0.6977207977207976,0.17811656592194086,0.5240631913906246,0.0,0.0,0.0,0.0,780,0,18,0,1.0,0.0,798,18,399,0.1111111111111111,0.25,11.083333333333334,0.2222222222222222,0.16666666666666666,7.388888888888889,0.2222222222222222,0.1,4.433333333333334,0.2222222222222222,0.05,2.216666666666667,0.3333333333333333,0.0375,1.6625
pooled,2026,2,xgboost,0.012310500256717205,0.05609268499983955,0.0009488929999861284,fixed_0.5,0.08263871091081092,0.7331908831908831,0.021710269520150132,0.100899585504145,0.0,0.0,0.0,0.0,780,0,18,0,1.0,0.0,798,18,399,0.0,0.0,0.0,0.2222222222222222,0.16666666666666666,7.388888888888889,0.2777777777777778,0.125,5.541666666666667,0.3333333333333333,0.075,3.325,0.4444444444444444,0.05,2.216666666666667
pooled,2026,2,xgboost,0.012310500256717205,0.05609268499983955,0.0009488929999861284,inner_f1,0.08263871091081092,0.7331908831908831,0.021710269520150132,0.100899585504145,0.07329842931937172,0.038461538461538464,0.7777777777777778,0.09809861256465098,430,350,4,14,0.2222222222222222,0.44871794871794873,798,18,399,0.0,0.0,0.0,0.2222222222222222,0.16666666666666666,7.388888888888889,0.2777777777777778,0.125,5.541666666666667,0.3333333333333333,0.075,3.325,0.4444444444444444,0.05,2.216666666666667
pooled,2026,2,xgboost_balanced,0.3255300223827362,0.05704894900009094,0.001224359999923763,fixed_0.5,0.03935714422987181,0.6757834757834758,0.0539682751541738,0.19507298321694916,0.034482758620689655,0.025,0.05555555555555555,0.00378047569519632,741,39,17,1,0.9444444444444444,0.05,798,18,399,0.0,0.0,0.0,0.0,0.0,0.0,0.05555555555555555,0.025,1.1083333333333334,0.1111111111111111,0.025,1.1083333333333334,0.3888888888888889,0.04375,1.9395833333333332
pooled,2026,2,xgboost_balanced,0.3255300223827362,0.05704894900009094,0.001224359999923763,inner_f1,0.03935714422987181,0.6757834757834758,0.0539682751541738,0.19507298321694916,0.037037037037037035,0.022222222222222223,0.1111111111111111,-0.0008023979385267986,692,88,16,2,0.8888888888888888,0.11282051282051282,798,18,399,0.0,0.0,0.0,0.0,0.0,0.0,0.05555555555555555,0.025,1.1083333333333334,0.1111111111111111,0.025,1.1083333333333334,0.3888888888888889,0.04375,1.9395833333333332
