scenario,seed,fold,model,selected_threshold,train_seconds_including_inner_cv,predict_seconds,policy,ap,roc_auc,brier,log_loss,f1,precision,recall,mcc,tn,fp,fn,tp,fnr,fpr,rows,positives,unique_scores,recall_at_1pct,precision_at_1pct,lift_at_1pct,recall_at_3pct,precision_at_3pct,lift_at_3pct,recall_at_5pct,precision_at_5pct,lift_at_5pct,recall_at_10pct,precision_at_10pct,lift_at_10pct,recall_at_20pct,precision_at_20pct,lift_at_20pct
cn7,42,0,dummy_prior,0.5,0.00032562199703534134,9.232799857272767e-05,fixed_0.5,0.012376237623762377,0.5,0.01222928466061459,0.06688050738871511,0.0,0.0,0.0,0.0,399,0,5,0,1.0,0.0,404,5,1,0.0,0.0,0.0,0.0,0.0,0.0,0.0,0.0,0.0,0.0,0.0,0.0,0.2,0.012345679012345678,0.9975308641975308
cn7,42,0,dummy_prior,0.5,0.00032562199703534134,9.232799857272767e-05,inner_f1,0.012376237623762377,0.5,0.01222928466061459,0.06688050738871511,0.0,0.0,0.0,0.0,399,0,5,0,1.0,0.0,404,5,1,0.0,0.0,0.0,0.0,0.0,0.0,0.0,0.0,0.0,0.0,0.0,0.0,0.2,0.012345679012345678,0.9975308641975308
cn7,42,0,logistic,0.6546037584468497,0.014137027999822749,0.0004462770011741668,fixed_0.5,0.6294117647058823,0.9796992481203007,0.006633190637255692,0.027916096630340528,0.5714285714285714,1.0,0.4,0.630091204011875,399,0,3,2,0.6,0.0,404,5,203,0.6,0.6,48.48,0.6,0.23076923076923078,18.646153846153847,0.8,0.19047619047619047,15.390476190476189,1.0,0.12195121951219512,9.853658536585366,1.0,0.06172839506172839,4.987654320987653
cn7,42,0,logistic,0.6546037584468497,0.014137027999822749,0.0004462770011741668,inner_f1,0.6294117647058823,0.9796992481203007,0.006633190637255692,0.027916096630340528,0.5714285714285714,1.0,0.4,0.630091204011875,399,0,3,2,0.6,0.0,404,5,203,0.6,0.6,48.48,0.6,0.23076923076923078,18.646153846153847,0.8,0.19047619047619047,15.390476190476189,1.0,0.12195121951219512,9.853658536585366,1.0,0.06172839506172839,4.987654320987653
cn7,42,0,logistic_balanced,0.999991590070514,0.013255632999062072,0.0004319559993746225,fixed_0.5,0.6,0.9827067669172933,0.044298990063441276,0.15338892816745045,0.2857142857142857,0.16666666666666666,1.0,0.3952516831918599,374,25,0,5,0.0,0.06265664160401002,404,5,203,0.4,0.4,32.32,0.8,0.3076923076923077,24.861538461538462,0.8,0.19047619047619047,15.390476190476189,1.0,0.12195121951219512,9.853658536585366,1.0,0.06172839506172839,4.987654320987653
cn7,42,0,logistic_balanced,0.999991590070514,0.013255632999062072,0.0004319559993746225,inner_f1,0.6,0.9827067669172933,0.044298990063441276,0.15338892816745045,0.0,0.0,0.0,0.0,399,0,5,0,1.0,0.0,404,5,203,0.4,0.4,32.32,0.8,0.3076923076923077,24.861538461538462,0.8,0.19047619047619047,15.390476190476189,1.0,0.12195121951219512,9.853658536585366,1.0,0.06172839506172839,4.987654320987653
cn7,42,0,xgboost,0.061869993805885315,0.1904358379979385,0.0007090009967214428,fixed_0.5,0.5168803418803418,0.9446115288220551,0.011016235389328855,0.04756725304960424,0.0,0.0,0.0,0.0,399,0,5,0,1.0,0.0,404,5,152,0.4,0.4,32.32,0.6,0.23076923076923078,18.646153846153847,0.6,0.14285714285714285,11.542857142857141,0.8,0.0975609756097561,7.882926829268293,0.8,0.04938271604938271,3.990123456790123
cn7,42,0,xgboost,0.061869993805885315,0.1904358379979385,0.0007090009967214428,inner_f1,0.5168803418803418,0.9446115288220551,0.011016235389328855,0.04756725304960424,0.2608695652173913,0.16666666666666666,0.6,0.3013640904890551,384,15,2,3,0.4,0.03759398496240601,404,5,152,0.4,0.4,32.32,0.6,0.23076923076923078,18.646153846153847,0.6,0.14285714285714285,11.542857142857141,0.8,0.0975609756097561,7.882926829268293,0.8,0.04938271604938271,3.990123456790123
cn7,42,0,xgboost_balanced,0.5426228642463684,0.04057061600178713,0.000795158000983065,fixed_0.5,0.6478571428571429,0.9716791979949875,0.014203854443913562,0.05195897990019482,0.5333333333333333,0.4,0.8,0.5585630421316993,393,6,1,4,0.2,0.015037593984962405,404,5,201,0.6,0.6,48.48,0.8,0.3076923076923077,24.861538461538462,0.8,0.19047619047619047,15.390476190476189,0.8,0.0975609756097561,7.882926829268293,1.0,0.06172839506172839,4.987654320987653
cn7,42,0,xgboost_balanced,0.5426228642463684,0.04057061600178713,0.000795158000983065,inner_f1,0.6478571428571429,0.9716791979949875,0.014203854443913562,0.05195897990019482,0.5333333333333333,0.4,0.8,0.5585630421316993,393,6,1,4,0.2,0.015037593984962405,404,5,201,0.6,0.6,48.48,0.8,0.3076923076923077,24.861538461538462,0.8,0.19047619047619047,15.390476190476189,0.8,0.0975609756097561,7.882926829268293,1.0,0.06172839506172839,4.987654320987653
cn7,42,0,extratrees,0.35888888888888887,1.1052150239993352,0.06564426400291268,fixed_0.5,0.5383928571428571,0.9776942355889724,0.008084883375745384,0.03154831390029499,0.5714285714285714,1.0,0.4,0.630091204011875,399,0,3,2,0.6,0.0,404,5,54,0.4,0.4,32.32,0.6,0.23076923076923078,18.646153846153847,0.8,0.19047619047619047,15.390476190476189,1.0,0.12195121951219512,9.853658536585366,1.0,0.06172839506172839,4.987654320987653
cn7,42,0,extratrees,0.35888888888888887,1.1052150239993352,0.06564426400291268,inner_f1,0.5383928571428571,0.9776942355889724,0.008084883375745384,0.03154831390029499,0.4444444444444444,0.5,0.4,0.44105705789705035,397,2,3,2,0.6,0.005012531328320802,404,5,54,0.4,0.4,32.32,0.6,0.23076923076923078,18.646153846153847,0.8,0.19047619047619047,15.390476190476189,1.0,0.12195121951219512,9.853658536585366,1.0,0.06172839506172839,4.987654320987653
cn7,42,0,extratrees_balanced,0.2796281848520247,1.1295923580000817,0.05595323799934704,fixed_0.5,0.5678571428571428,0.9817042606516291,0.023534249024952214,0.06388056764363872,0.32,0.2,0.8,0.3872996827746701,383,16,1,4,0.2,0.040100250626566414,404,5,31,0.4,0.4,32.32,0.6,0.23076923076923078,18.646153846153847,0.8,0.19047619047619047,15.390476190476189,1.0,0.12195121951219512,9.853658536585366,1.0,0.06172839506172839,4.987654320987653
cn7,42,0,extratrees_balanced,0.2796281848520247,1.1295923580000817,0.05595323799934704,inner_f1,0.5678571428571428,0.9817042606516291,0.023534249024952214,0.06388056764363872,0.27586206896551724,0.16666666666666666,0.8,0.350721770088585,379,20,1,4,0.2,0.05012531328320802,404,5,31,0.4,0.4,32.32,0.6,0.23076923076923078,18.646153846153847,0.8,0.19047619047619047,15.390476190476189,1.0,0.12195121951219512,9.853658536585366,1.0,0.06172839506172839,4.987654320987653
cn7,42,0,catboost,0.15681108987932774,0.2795180149987573,0.0009181460009131115,fixed_0.5,0.5356944444444445,0.9766917293233083,0.007110676224829613,0.031250435319038074,0.5714285714285714,1.0,0.4,0.630091204011875,399,0,3,2,0.6,0.0,404,5,202,0.4,0.4,32.32,0.6,0.23076923076923078,18.646153846153847,0.8,0.19047619047619047,15.390476190476189,1.0,0.12195121951219512,9.853658536585366,1.0,0.06172839506172839,4.987654320987653
cn7,42,0,catboost,0.15681108987932774,0.2795180149987573,0.0009181460009131115,inner_f1,0.5356944444444445,0.9766917293233083,0.007110676224829613,0.031250435319038074,0.5714285714285714,1.0,0.4,0.630091204011875,399,0,3,2,0.6,0.0,404,5,202,0.4,0.4,32.32,0.6,0.23076923076923078,18.646153846153847,0.8,0.19047619047619047,15.390476190476189,1.0,0.12195121951219512,9.853658536585366,1.0,0.06172839506172839,4.987654320987653
cn7,42,0,catboost_balanced,0.6820946441830653,0.12161296700287494,0.0009761910005181562,fixed_0.5,0.6291666666666667,0.9897243107769423,0.017537183899283965,0.05728363995431336,0.42105263157894735,0.2857142857142857,0.8,0.4684267826478821,389,10,1,4,0.2,0.02506265664160401,404,5,202,0.4,0.4,32.32,0.8,0.3076923076923077,24.861538461538462,1.0,0.23809523809523808,19.238095238095237,1.0,0.12195121951219512,9.853658536585366,1.0,0.06172839506172839,4.987654320987653
cn7,42,0,catboost_balanced,0.6820946441830653,0.12161296700287494,0.0009761910005181562,inner_f1,0.6291666666666667,0.9897243107769423,0.017537183899283965,0.05728363995431336,0.46153846153846156,0.375,0.6,0.46619066741663756,394,5,2,3,0.4,0.012531328320802004,404,5,202,0.4,0.4,32.32,0.8,0.3076923076923077,24.861538461538462,1.0,0.23809523809523808,19.238095238095237,1.0,0.12195121951219512,9.853658536585366,1.0,0.06172839506172839,4.987654320987653
cn7,42,0,lightgbm,0.03731445440861814,0.19330911100041703,0.0007605840000906028,fixed_0.5,0.6194444444444445,0.975689223057644,0.009624777841993547,0.03701923171794024,0.0,0.0,0.0,0.0,399,0,5,0,1.0,0.0,404,5,200,0.6,0.6,48.48,0.6,0.23076923076923078,18.646153846153847,0.8,0.19047619047619047,15.390476190476189,1.0,0.12195121951219512,9.853658536585366,1.0,0.06172839506172839,4.987654320987653
cn7,42,0,lightgbm,0.03731445440861814,0.19330911100041703,0.0007605840000906028,inner_f1,0.6194444444444445,0.975689223057644,0.009624777841993547,0.03701923171794024,0.2962962962962963,0.18181818181818182,0.8,0.3677989626316141,381,18,1,4,0.2,0.045112781954887216,404,5,200,0.6,0.6,48.48,0.6,0.23076923076923078,18.646153846153847,0.8,0.19047619047619047,15.390476190476189,1.0,0.12195121951219512,9.853658536585366,1.0,0.06172839506172839,4.987654320987653
cn7,42,0,lightgbm_balanced,0.25529387385346347,0.04197580399704748,0.0007444770017173141,fixed_0.5,0.6312500000000001,0.9837092731829573,0.014895785577779238,0.05409761341329127,0.5333333333333333,0.4,0.8,0.5585630421316993,393,6,1,4,0.2,0.015037593984962405,404,5,202,0.4,0.4,32.32,0.8,0.3076923076923077,24.861538461538462,0.8,0.19047619047619047,15.390476190476189,1.0,0.12195121951219512,9.853658536585366,1.0,0.06172839506172839,4.987654320987653
cn7,42,0,lightgbm_balanced,0.25529387385346347,0.04197580399704748,0.0007444770017173141,inner_f1,0.6312500000000001,0.9837092731829573,0.014895785577779238,0.05409761341329127,0.32,0.2,0.8,0.3872996827746701,383,16,1,4,0.2,0.040100250626566414,404,5,202,0.4,0.4,32.32,0.8,0.3076923076923077,24.861538461538462,0.8,0.19047619047619047,15.390476190476189,1.0,0.12195121951219512,9.853658536585366,1.0,0.06172839506172839,4.987654320987653
cn7,42,1,dummy_prior,0.5,0.00019336300101713277,6.525699791382067e-05,fixed_0.5,0.017326732673267328,0.5,0.017050872801933115,0.08833009616432082,0.0,0.0,0.0,0.0,397,0,7,0,1.0,0.0,404,7,1,0.0,0.0,0.0,0.0,0.0,0.0,0.0,0.0,0.0,0.14285714285714285,0.024390243902439025,1.4076655052264808,0.2857142857142857,0.024691358024691357,1.425044091710758
cn7,42,1,dummy_prior,0.5,0.00019336300101713277,6.525699791382067e-05,inner_f1,0.017326732673267328,0.5,0.017050872801933115,0.08833009616432082,0.0,0.0,0.0,0.0,397,0,7,0,1.0,0.0,404,7,1,0.0,0.0,0.0,0.0,0.0,0.0,0.0,0.0,0.0,0.14285714285714285,0.024390243902439025,1.4076655052264808,0.2857142857142857,0.024691358024691357,1.425044091710758
cn7,42,1,logistic,0.5465167009404233,0.009430692996829748,0.0003960390022257343,fixed_0.5,0.3853538430297492,0.9213745951781216,0.01270490485608063,0.06257367738142568,0.4444444444444444,1.0,0.2857142857142857,0.531187937969423,397,0,5,2,0.7142857142857143,0.0,404,7,203,0.2857142857142857,0.4,23.085714285714285,0.2857142857142857,0.15384615384615385,8.87912087912088,0.42857142857142855,0.14285714285714285,8.244897959183673,0.8571428571428571,0.14634146341463414,8.445993031358883,0.8571428571428571,0.07407407407407407,4.2751322751322745
cn7,42,1,logistic,0.5465167009404233,0.009430692996829748,0.0003960390022257343,inner_f1,0.3853538430297492,0.9213745951781216,0.01270490485608063,0.06257367738142568,0.4444444444444444,1.0,0.2857142857142857,0.531187937969423,397,0,5,2,0.7142857142857143,0.0,404,7,203,0.2857142857142857,0.4,23.085714285714285,0.2857142857142857,0.15384615384615385,8.87912087912088,0.42857142857142855,0.14285714285714285,8.244897959183673,0.8571428571428571,0.14634146341463414,8.445993031358883,0.8571428571428571,0.07407407407407407,4.2751322751322745
cn7,42,1,logistic_balanced,0.7623545659844182,0.01569714699871838,0.000559817002795171,fixed_0.5,0.39478140906712333,0.9271320618927671,0.02743308828365833,0.09603092072064602,0.23529411764705882,0.2,0.2857142857142857,0.22303035595739104,389,8,5,2,0.7142857142857143,0.020151133501259445,404,7,204,0.2857142857142857,0.4,23.085714285714285,0.2857142857142857,0.15384615384615385,8.87912087912088,0.42857142857142855,0.14285714285714285,8.244897959183673,0.8571428571428571,0.14634146341463414,8.445993031358883,0.8571428571428571,0.07407407407407407,4.2751322751322745
cn7,42,1,logistic_balanced,0.7623545659844182,0.01569714699871838,0.000559817002795171,inner_f1,0.39478140906712333,0.9271320618927671,0.02743308828365833,0.09603092072064602,0.3076923076923077,0.3333333333333333,0.2857142857142857,0.2973495838419065,393,4,5,2,0.7142857142857143,0.010075566750629723,404,7,204,0.2857142857142857,0.4,23.085714285714285,0.2857142857142857,0.15384615384615385,8.87912087912088,0.42857142857142855,0.14285714285714285,8.244897959183673,0.8571428571428571,0.14634146341463414,8.445993031358883,0.8571428571428571,0.07407407407407407,4.2751322751322745
cn7,42,1,xgboost,0.028813021257519722,0.03710376500021084,0.0008995409989438485,fixed_0.5,0.1584830535641429,0.8882691615689097,0.016278167849389066,0.0712208418923629,0.0,0.0,0.0,0.0,397,0,7,0,1.0,0.0,404,7,154,0.14285714285714285,0.2,11.542857142857143,0.14285714285714285,0.07692307692307693,4.43956043956044,0.42857142857142855,0.14285714285714285,8.244897959183673,0.5714285714285714,0.0975609756097561,5.630662020905923,0.5714285714285714,0.04938271604938271,2.850088183421516
cn7,42,1,xgboost,0.028813021257519722,0.03710376500021084,0.0008995409989438485,inner_f1,0.1584830535641429,0.8882691615689097,0.016278167849389066,0.0712208418923629,0.14035087719298245,0.08,0.5714285714285714,0.18051063713529936,351,46,3,4,0.42857142857142855,0.11586901763224182,404,7,154,0.14285714285714285,0.2,11.542857142857143,0.14285714285714285,0.07692307692307693,4.43956043956044,0.42857142857142855,0.14285714285714285,8.244897959183673,0.5714285714285714,0.0975609756097561,5.630662020905923,0.5714285714285714,0.04938271604938271,2.850088183421516
cn7,42,1,xgboost_balanced,0.9303063750267029,0.04245180799989612,0.0007193169985839631,fixed_0.5,0.2446031746031746,0.9638359121986325,0.01950792139355558,0.06477391656694909,0.26666666666666666,0.25,0.2857142857142857,0.2534433968708487,391,6,5,2,0.7142857142857143,0.015113350125944584,404,7,202,0.14285714285714285,0.2,11.542857142857143,0.42857142857142855,0.23076923076923078,13.318681318681318,0.8571428571428571,0.2857142857142857,16.489795918367346,0.8571428571428571,0.14634146341463414,8.445993031358883,1.0,0.08641975308641975,4.987654320987653
cn7,42,1,xgboost_balanced,0.9303063750267029,0.04245180799989612,0.0007193169985839631,inner_f1,0.2446031746031746,0.9638359121986325,0.01950792139355558,0.06477391656694909,0.0,0.0,0.0,0.0,397,0,7,0,1.0,0.0,404,7,202,0.14285714285714285,0.2,11.542857142857143,0.42857142857142855,0.23076923076923078,13.318681318681318,0.8571428571428571,0.2857142857142857,16.489795918367346,0.8571428571428571,0.14634146341463414,8.445993031358883,1.0,0.08641975308641975,4.987654320987653
cn7,42,1,extratrees,0.1691111111111111,1.0638209429998824,0.05513180300113163,fixed_0.5,0.3889862914862915,0.932169845268082,0.013092929987897508,0.058876421424661755,0.4444444444444444,1.0,0.2857142857142857,0.531187937969423,397,0,5,2,0.7142857142857143,0.0,404,7,45,0.2857142857142857,0.4,23.085714285714285,0.2857142857142857,0.15384615384615385,8.87912087912088,0.5714285714285714,0.19047619047619047,10.993197278911563,0.5714285714285714,0.0975609756097561,5.630662020905923,0.8571428571428571,0.07407407407407407,4.2751322751322745
cn7,42,1,extratrees,0.1691111111111111,1.0638209429998824,0.05513180300113163,inner_f1,0.3889862914862915,0.932169845268082,0.013092929987897508,0.058876421424661755,0.3076923076923077,0.3333333333333333,0.2857142857142857,0.2973495838419065,393,4,5,2,0.7142857142857143,0.010075566750629723,404,7,45,0.2857142857142857,0.4,23.085714285714285,0.2857142857142857,0.15384615384615385,8.87912087912088,0.5714285714285714,0.19047619047619047,10.993197278911563,0.5714285714285714,0.0975609756097561,5.630662020905923,0.8571428571428571,0.07407407407407407,4.2751322751322745
cn7,42,1,extratrees_balanced,0.10440305386853019,1.1544016289990395,0.05623845399895799,fixed_0.5,0.19735306707362463,0.8853904282115869,0.025716807961974692,0.15626748781492222,0.2857142857142857,0.21428571428571427,0.42857142857142855,0.28598588321932217,386,11,4,3,0.5714285714285714,0.027707808564231738,404,7,25,0.14285714285714285,0.2,11.542857142857143,0.42857142857142855,0.23076923076923078,13.318681318681318,0.5714285714285714,0.19047619047619047,10.993197278911563,0.8571428571428571,0.14634146341463414,8.445993031358883,0.8571428571428571,0.07407407407407407,4.2751322751322745
cn7,42,1,extratrees_balanced,0.10440305386853019,1.1544016289990395,0.05623845399895799,inner_f1,0.19735306707362463,0.8853904282115869,0.025716807961974692,0.15626748781492222,0.26666666666666666,0.15789473684210525,0.8571428571428571,0.34711615458254796,365,32,1,6,0.14285714285714285,0.08060453400503778,404,7,25,0.14285714285714285,0.2,11.542857142857143,0.42857142857142855,0.23076923076923078,13.318681318681318,0.5714285714285714,0.19047619047619047,10.993197278911563,0.8571428571428571,0.14634146341463414,8.445993031358883,0.8571428571428571,0.07407407407407407,4.2751322751322745
cn7,42,1,catboost,0.38716680234394907,0.12347767399842269,0.0011557809993973933,fixed_0.5,0.38522920531849103,0.9408060453400504,0.012766857972653284,0.061799803809766796,0.4444444444444444,1.0,0.2857142857142857,0.531187937969423,397,0,5,2,0.7142857142857143,0.0,404,7,202,0.2857142857142857,0.4,23.085714285714285,0.2857142857142857,0.15384615384615385,8.87912087912088,0.42857142857142855,0.14285714285714285,8.244897959183673,0.7142857142857143,0.12195121951219512,7.038327526132403,1.0,0.08641975308641975,4.987654320987653
cn7,42,1,catboost,0.38716680234394907,0.12347767399842269,0.0011557809993973933,inner_f1,0.38522920531849103,0.9408060453400504,0.012766857972653284,0.061799803809766796,0.4444444444444444,1.0,0.2857142857142857,0.531187937969423,397,0,5,2,0.7142857142857143,0.0,404,7,202,0.2857142857142857,0.4,23.085714285714285,0.2857142857142857,0.15384615384615385,8.87912087912088,0.42857142857142855,0.14285714285714285,8.244897959183673,0.7142857142857143,0.12195121951219512,7.038327526132403,1.0,0.08641975308641975,4.987654320987653
cn7,42,1,catboost_balanced,0.8467915646257116,0.12753670799793326,0.0011633549984253477,fixed_0.5,0.2064023695602643,0.9587981288233177,0.01635257275501078,0.05579402000638177,0.0,0.0,0.0,-0.009366034170745493,395,2,7,0,1.0,0.005037783375314861,404,7,202,0.0,0.0,0.0,0.42857142857142855,0.23076923076923078,13.318681318681318,0.5714285714285714,0.19047619047619047,10.993197278911563,1.0,0.17073170731707318,9.853658536585366,1.0,0.08641975308641975,4.987654320987653
cn7,42,1,catboost_balanced,0.8467915646257116,0.12753670799793326,0.0011633549984253477,inner_f1,0.2064023695602643,0.9587981288233177,0.01635257275501078,0.05579402000638177,0.0,0.0,0.0,0.0,397,0,7,0,1.0,0.0,404,7,202,0.0,0.0,0.0,0.42857142857142855,0.23076923076923078,13.318681318681318,0.5714285714285714,0.19047619047619047,10.993197278911563,1.0,0.17073170731707318,9.853658536585366,1.0,0.08641975308641975,4.987654320987653
cn7,42,1,lightgbm,0.08723194540998148,0.03535095099869068,0.000894567998329876,fixed_0.5,0.22155388471177945,0.9595178121626483,0.015526096468413752,0.0581408254854879,0.0,0.0,0.0,0.0,397,0,7,0,1.0,0.0,404,7,199,0.14285714285714285,0.2,11.542857142857143,0.42857142857142855,0.23076923076923078,13.318681318681318,0.42857142857142855,0.14285714285714285,8.244897959183673,1.0,0.17073170731707318,9.853658536585366,1.0,0.08641975308641975,4.987654320987653
cn7,42,1,lightgbm,0.08723194540998148,0.03535095099869068,0.000894567998329876,inner_f1,0.22155388471177945,0.9595178121626483,0.015526096468413752,0.0581408254854879,0.3157894736842105,0.25,0.42857142857142855,0.3119831722877122,388,9,4,3,0.5714285714285714,0.022670025188916875,404,7,199,0.14285714285714285,0.2,11.542857142857143,0.42857142857142855,0.23076923076923078,13.318681318681318,0.42857142857142855,0.14285714285714285,8.244897959183673,1.0,0.17073170731707318,9.853658536585366,1.0,0.08641975308641975,4.987654320987653
cn7,42,1,lightgbm_balanced,0.9506575205998561,0.0392563909990713,0.0010416619988973252,fixed_0.5,0.3767757102841136,0.9767902123065851,0.016736442997347868,0.05983881576870962,0.35294117647058826,0.3,0.42857142857142855,0.3451228543405699,390,7,4,3,0.5714285714285714,0.017632241813602016,404,7,202,0.2857142857142857,0.4,23.085714285714285,0.5714285714285714,0.3076923076923077,17.75824175824176,0.8571428571428571,0.2857142857142857,16.489795918367346,1.0,0.17073170731707318,9.853658536585366,1.0,0.08641975308641975,4.987654320987653
cn7,42,1,lightgbm_balanced,0.9506575205998561,0.0392563909990713,0.0010416619988973252,inner_f1,0.3767757102841136,0.9767902123065851,0.016736442997347868,0.05983881576870962,0.0,0.0,0.0,0.0,397,0,7,0,1.0,0.0,404,7,202,0.2857142857142857,0.4,23.085714285714285,0.5714285714285714,0.3076923076923077,17.75824175824176,0.8571428571428571,0.2857142857142857,16.489795918367346,1.0,0.17073170731707318,9.853658536585366,1.0,0.08641975308641975,4.987654320987653
cn7,42,2,dummy_prior,0.5,0.00028174799808766693,7.808000009390526e-05,fixed_0.5,0.01240694789081886,0.5,0.012258991297257629,0.06700620438957076,0.0,0.0,0.0,0.0,398,0,5,0,1.0,0.0,403,5,1,0.0,0.0,0.0,0.0,0.0,0.0,0.0,0.0,0.0,0.0,0.0,0.0,0.0,0.0,0.0
cn7,42,2,dummy_prior,0.5,0.00028174799808766693,7.808000009390526e-05,inner_f1,0.01240694789081886,0.5,0.012258991297257629,0.06700620438957076,0.0,0.0,0.0,0.0,398,0,5,0,1.0,0.0,403,5,1,0.0,0.0,0.0,0.0,0.0,0.0,0.0,0.0,0.0,0.0,0.0,0.0,0.0,0.0,0.0
cn7,42,2,logistic,0.8874491110606724,0.009584092000295641,0.0004547969983832445,fixed_0.5,0.5339729921819474,0.9489949748743718,0.007121272485978402,0.03397602193571685,0.5714285714285714,1.0,0.4,0.6300852968422277,398,0,3,2,0.6,0.0,403,5,202,0.6,0.6,48.35999999999999,0.6,0.23076923076923078,18.6,0.6,0.14285714285714285,11.514285714285712,0.6,0.07317073170731707,5.897560975609755,1.0,0.06172839506172839,4.975308641975308
cn7,42,2,logistic,0.8874491110606724,0.009584092000295641,0.0004547969983832445,inner_f1,0.5339729921819474,0.9489949748743718,0.007121272485978402,0.03397602193571685,0.5714285714285714,1.0,0.4,0.6300852968422277,398,0,3,2,0.6,0.0,403,5,202,0.6,0.6,48.35999999999999,0.6,0.23076923076923078,18.6,0.6,0.14285714285714285,11.514285714285712,0.6,0.07317073170731707,5.897560975609755,1.0,0.06172839506172839,4.975308641975308
cn7,42,2,logistic_balanced,0.9994825444728833,0.011970423998718616,0.0005146100011188537,fixed_0.5,0.588615664845173,0.9560301507537688,0.043999088639327354,0.13354958688310314,0.1935483870967742,0.11538461538461539,0.6,0.24430792629124087,375,23,2,3,0.4,0.05778894472361809,403,5,203,0.6,0.6,48.35999999999999,0.6,0.23076923076923078,18.6,0.6,0.14285714285714285,11.514285714285712,0.8,0.0975609756097561,7.863414634146341,1.0,0.06172839506172839,4.975308641975308
cn7,42,2,logistic_balanced,0.9994825444728833,0.011970423998718616,0.0005146100011188537,inner_f1,0.588615664845173,0.9560301507537688,0.043999088639327354,0.13354958688310314,0.0,0.0,0.0,0.0,398,0,5,0,1.0,0.0,403,5,203,0.6,0.6,48.35999999999999,0.6,0.23076923076923078,18.6,0.6,0.14285714285714285,11.514285714285712,0.8,0.0975609756097561,7.863414634146341,1.0,0.06172839506172839,4.975308641975308
cn7,42,2,xgboost,0.0922737866640091,0.03934750799817266,0.0007516699988627806,fixed_0.5,0.05726495726495726,0.8701005025125628,0.012407095512651565,0.05965072653706986,0.0,0.0,0.0,0.0,398,0,5,0,1.0,0.0,403,5,176,0.0,0.0,0.0,0.0,0.0,0.0,0.2,0.047619047619047616,3.838095238095238,0.2,0.024390243902439025,1.9658536585365853,1.0,0.06172839506172839,4.975308641975308
cn7,42,2,xgboost,0.0922737866640091,0.03934750799817266,0.0007516699988627806,inner_f1,0.05726495726495726,0.8701005025125628,0.012407095512651565,0.05965072653706986,0.0,0.0,0.0,-0.021263398738801287,384,14,5,0,1.0,0.035175879396984924,403,5,176,0.0,0.0,0.0,0.0,0.0,0.0,0.2,0.047619047619047616,3.838095238095238,0.2,0.024390243902439025,1.9658536585365853,1.0,0.06172839506172839,4.975308641975308
cn7,42,2,xgboost_balanced,0.7245494723320007,0.04227680300027714,0.0007914169982541353,fixed_0.5,0.12031468531468531,0.9434673366834171,0.027396611137420916,0.08372593783056545,0.08,0.05,0.2,0.0776071447339702,379,19,4,1,0.8,0.04773869346733668,403,5,202,0.0,0.0,0.0,0.0,0.0,0.0,0.4,0.09523809523809523,7.676190476190476,1.0,0.12195121951219512,9.829268292682926,1.0,0.06172839506172839,4.975308641975308
cn7,42,2,xgboost_balanced,0.7245494723320007,0.04227680300027714,0.0007914169982541353,inner_f1,0.12031468531468531,0.9434673366834171,0.027396611137420916,0.08372593783056545,0.0,0.0,0.0,-0.01377919473744272,392,6,5,0,1.0,0.01507537688442211,403,5,202,0.0,0.0,0.0,0.0,0.0,0.0,0.4,0.09523809523809523,7.676190476190476,1.0,0.12195121951219512,9.829268292682926,1.0,0.06172839506172839,4.975308641975308
cn7,42,2,extratrees,0.3675555555555556,1.037862684999709,0.05489707499873475,fixed_0.5,0.472481684981685,0.9555276381909548,0.008400980458694828,0.03467849268403523,0.5714285714285714,1.0,0.4,0.6300852968422277,398,0,3,2,0.6,0.0,403,5,42,0.4,0.4,32.24,0.4,0.15384615384615385,12.4,0.4,0.09523809523809523,7.676190476190476,0.8,0.0975609756097561,7.863414634146341,1.0,0.06172839506172839,4.975308641975308
cn7,42,2,extratrees,0.3675555555555556,1.037862684999709,0.05489707499873475,inner_f1,0.472481684981685,0.9555276381909548,0.008400980458694828,0.03467849268403523,0.5714285714285714,1.0,0.4,0.6300852968422277,398,0,3,2,0.6,0.0,403,5,42,0.4,0.4,32.24,0.4,0.15384615384615385,12.4,0.4,0.09523809523809523,7.676190476190476,0.8,0.0975609756097561,7.863414634146341,1.0,0.06172839506172839,4.975308641975308
cn7,42,2,extratrees_balanced,0.6486704226337423,1.133661462998134,0.05442877799941925,fixed_0.5,0.16231292517006804,0.9510050251256281,0.027937197418045328,0.0820029032935152,0.21052631578947367,0.14285714285714285,0.4,0.22356944959653924,386,12,3,2,0.6,0.03015075376884422,403,5,38,0.0,0.0,0.0,0.4,0.15384615384615385,12.4,0.6,0.14285714285714285,11.514285714285712,0.8,0.0975609756097561,7.863414634146341,1.0,0.06172839506172839,4.975308641975308
cn7,42,2,extratrees_balanced,0.6486704226337423,1.133661462998134,0.05442877799941925,inner_f1,0.16231292517006804,0.9510050251256281,0.027937197418045328,0.0820029032935152,0.26666666666666666,0.2,0.4,0.2703329490340776,390,8,3,2,0.6,0.020100502512562814,403,5,38,0.0,0.0,0.0,0.4,0.15384615384615385,12.4,0.6,0.14285714285714285,11.514285714285712,0.8,0.0975609756097561,7.863414634146341,1.0,0.06172839506172839,4.975308641975308
cn7,42,2,catboost,0.10274372020196273,0.12509349000174552,0.0013955439972050954,fixed_0.5,0.4673888888888889,0.9374371859296483,0.0077667099402092,0.03869932809321928,0.5714285714285714,1.0,0.4,0.6300852968422277,398,0,3,2,0.6,0.0,403,5,202,0.4,0.4,32.24,0.4,0.15384615384615385,12.4,0.6,0.14285714285714285,11.514285714285712,0.6,0.07317073170731707,5.897560975609755,1.0,0.06172839506172839,4.975308641975308
cn7,42,2,catboost,0.10274372020196273,0.12509349000174552,0.0013955439972050954,inner_f1,0.4673888888888889,0.9374371859296483,0.0077667099402092,0.03869932809321928,0.4444444444444444,0.5,0.4,0.4410416094751117,396,2,3,2,0.6,0.005025125628140704,403,5,202,0.4,0.4,32.24,0.4,0.15384615384615385,12.4,0.6,0.14285714285714285,11.514285714285712,0.6,0.07317073170731707,5.897560975609755,1.0,0.06172839506172839,4.975308641975308
cn7,42,2,catboost_balanced,0.6073945849220335,0.1237382190010976,0.0010679609986254945,fixed_0.5,0.481060116354234,0.9625628140703517,0.028337438577391464,0.08868108577186509,0.19047619047619047,0.125,0.4,0.20682098809650334,384,14,3,2,0.6,0.035175879396984924,403,5,202,0.4,0.4,32.24,0.4,0.15384615384615385,12.4,0.4,0.09523809523809523,7.676190476190476,1.0,0.12195121951219512,9.829268292682926,1.0,0.06172839506172839,4.975308641975308
cn7,42,2,catboost_balanced,0.6073945849220335,0.1237382190010976,0.0010679609986254945,inner_f1,0.481060116354234,0.9625628140703517,0.028337438577391464,0.08868108577186509,0.21052631578947367,0.14285714285714285,0.4,0.22356944959653924,386,12,3,2,0.6,0.03015075376884422,403,5,202,0.4,0.4,32.24,0.4,0.15384615384615385,12.4,0.4,0.09523809523809523,7.676190476190476,1.0,0.12195121951219512,9.829268292682926,1.0,0.06172839506172839,4.975308641975308
cn7,42,2,lightgbm,0.04765062275868205,0.033824260000983486,0.0007082109987095464,fixed_0.5,0.11212646508421158,0.9288944723618091,0.012484630817538828,0.052191786530776,0.0,0.0,0.0,0.0,398,0,5,0,1.0,0.0,403,5,200,0.0,0.0,0.0,0.0,0.0,0.0,0.4,0.09523809523809523,7.676190476190476,0.8,0.0975609756097561,7.863414634146341,1.0,0.06172839506172839,4.975308641975308
cn7,42,2,lightgbm,0.04765062275868205,0.033824260000983486,0.0007082109987095464,inner_f1,0.11212646508421158,0.9288944723618091,0.012484630817538828,0.052191786530776,0.2222222222222222,0.13636363636363635,0.6,0.2690898558077129,379,19,2,3,0.4,0.04773869346733668,403,5,200,0.0,0.0,0.0,0.0,0.0,0.0,0.4,0.09523809523809523,7.676190476190476,0.8,0.0975609756097561,7.863414634146341,1.0,0.06172839506172839,4.975308641975308
cn7,42,2,lightgbm_balanced,0.6943246427946214,0.03860945999986143,0.0007865990010031965,fixed_0.5,0.12287707390648567,0.941959798994975,0.03202355165072619,0.09842931604882792,0.24,0.15,0.6,0.2840472723101417,381,17,2,3,0.4,0.04271356783919598,403,5,202,0.0,0.0,0.0,0.0,0.0,0.0,0.6,0.14285714285714285,11.514285714285712,0.8,0.0975609756097561,7.863414634146341,1.0,0.06172839506172839,4.975308641975308
cn7,42,2,lightgbm_balanced,0.6943246427946214,0.03860945999986143,0.0007865990010031965,inner_f1,0.12287707390648567,0.941959798994975,0.03202355165072619,0.09842931604882792,0.0,0.0,0.0,-0.021263398738801287,384,14,5,0,1.0,0.035175879396984924,403,5,202,0.0,0.0,0.0,0.0,0.0,0.0,0.6,0.14285714285714285,11.514285714285712,0.8,0.0975609756097561,7.863414634146341,1.0,0.06172839506172839,4.975308641975308
cn7,1729,0,dummy_prior,0.5,0.00021726699924329296,0.00010397199730505235,fixed_0.5,0.007425742574257425,0.5,0.007469056146780503,0.04747643098178093,0.0,0.0,0.0,0.0,401,0,3,0,1.0,0.0,404,3,1,0.0,0.0,0.0,0.0,0.0,0.0,0.0,0.0,0.0,0.0,0.0,0.0,0.3333333333333333,0.012345679012345678,1.662551440329218
cn7,1729,0,dummy_prior,0.5,0.00021726699924329296,0.00010397199730505235,inner_f1,0.007425742574257425,0.5,0.007469056146780503,0.04747643098178093,0.0,0.0,0.0,0.0,401,0,3,0,1.0,0.0,404,3,1,0.0,0.0,0.0,0.0,0.0,0.0,0.0,0.0,0.0,0.0,0.0,0.0,0.3333333333333333,0.012345679012345678,1.662551440329218
cn7,1729,0,logistic,0.1942688801289296,0.010161606001929613,0.00047109599836403504,fixed_0.5,0.7051282051282051,0.9812967581047383,0.004674537795247979,0.020794627819807544,0.5714285714285714,0.5,0.6666666666666666,0.5737467820463675,399,2,1,2,0.3333333333333333,0.004987531172069825,404,3,203,0.6666666666666666,0.4,53.866666666666674,0.6666666666666666,0.15384615384615385,20.71794871794872,0.6666666666666666,0.09523809523809523,12.825396825396826,1.0,0.07317073170731707,9.853658536585366,1.0,0.037037037037037035,4.987654320987654
cn7,1729,0,logistic,0.1942688801289296,0.010161606001929613,0.00047109599836403504,inner_f1,0.7051282051282051,0.9812967581047383,0.004674537795247979,0.020794627819807544,0.3076923076923077,0.2,0.6666666666666666,0.35735402033919406,393,8,1,2,0.3333333333333333,0.0199501246882793,404,3,203,0.6666666666666666,0.4,53.866666666666674,0.6666666666666666,0.15384615384615385,20.71794871794872,0.6666666666666666,0.09523809523809523,12.825396825396826,1.0,0.07317073170731707,9.853658536585366,1.0,0.037037037037037035,4.987654320987654
cn7,1729,0,logistic_balanced,0.8461595354219408,0.01180965800085687,0.0004178689996479079,fixed_0.5,0.712121212121212,0.9846217788861181,0.036541888244182495,0.1263301545996834,0.2222222222222222,0.125,1.0,0.34417127325890867,380,21,0,3,0.0,0.05236907730673317,404,3,205,0.6666666666666666,0.4,53.866666666666674,0.6666666666666666,0.15384615384615385,20.71794871794872,0.6666666666666666,0.09523809523809523,12.825396825396826,1.0,0.07317073170731707,9.853658536585366,1.0,0.037037037037037035,4.987654320987654
cn7,1729,0,logistic_balanced,0.8461595354219408,0.01180965800085687,0.0004178689996479079,inner_f1,0.712121212121212,0.9846217788861181,0.036541888244182495,0.1263301545996834,0.4444444444444444,0.3333333333333333,0.6666666666666666,0.4660978679800084,397,4,1,2,0.3333333333333333,0.00997506234413965,404,3,205,0.6666666666666666,0.4,53.866666666666674,0.6666666666666666,0.15384615384615385,20.71794871794872,0.6666666666666666,0.09523809523809523,12.825396825396826,1.0,0.07317073170731707,9.853658536585366,1.0,0.037037037037037035,4.987654320987654
cn7,1729,0,xgboost,0.07334676384925842,0.039077654997527134,0.0011000140002579428,fixed_0.5,0.29365079365079366,0.984621778886118,0.006640204450698785,0.03133958893029917,0.0,0.0,0.0,0.0,401,0,3,0,1.0,0.0,404,3,174,0.3333333333333333,0.2,26.933333333333337,0.6666666666666666,0.15384615384615385,20.71794871794872,1.0,0.14285714285714285,19.238095238095237,1.0,0.07317073170731707,9.853658536585366,1.0,0.037037037037037035,4.987654320987654
cn7,1729,0,xgboost,0.07334676384925842,0.039077654997527134,0.0011000140002579428,inner_f1,0.29365079365079366,0.984621778886118,0.006640204450698785,0.03133958893029917,0.35294117647058826,0.21428571428571427,1.0,0.45651676042310146,390,11,0,3,0.0,0.02743142144638404,404,3,174,0.3333333333333333,0.2,26.933333333333337,0.6666666666666666,0.15384615384615385,20.71794871794872,1.0,0.14285714285714285,19.238095238095237,1.0,0.07317073170731707,9.853658536585366,1.0,0.037037037037037035,4.987654320987654
cn7,1729,0,xgboost_balanced,0.25567030906677246,0.047454093997657765,0.0008261349976237398,fixed_0.5,0.7916666666666666,0.9962593516209476,0.011079065995106097,0.04417839064856315,0.4444444444444444,0.3333333333333333,0.6666666666666666,0.4660978679800084,397,4,1,2,0.3333333333333333,0.00997506234413965,404,3,202,0.6666666666666666,0.4,53.866666666666674,1.0,0.23076923076923078,31.07692307692308,1.0,0.14285714285714285,19.238095238095237,1.0,0.07317073170731707,9.853658536585366,1.0,0.037037037037037035,4.987654320987654
cn7,1729,0,xgboost_balanced,0.25567030906677246,0.047454093997657765,0.0008261349976237398,inner_f1,0.7916666666666666,0.9962593516209476,0.011079065995106097,0.04417839064856315,0.2608695652173913,0.15,1.0,0.3789998651129192,384,17,0,3,0.0,0.04239401496259352,404,3,202,0.6666666666666666,0.4,53.866666666666674,1.0,0.23076923076923078,31.07692307692308,1.0,0.14285714285714285,19.238095238095237,1.0,0.07317073170731707,9.853658536585366,1.0,0.037037037037037035,4.987654320987654
cn7,1729,0,extratrees,0.37833333333333335,1.0534147929975006,0.055818980999902124,fixed_0.5,0.712121212121212,0.9846217788861181,0.004438370837726066,0.020111652993276493,0.8,1.0,0.6666666666666666,0.8154804055732814,401,0,1,2,0.3333333333333333,0.0,404,3,49,0.6666666666666666,0.4,53.866666666666674,0.6666666666666666,0.15384615384615385,20.71794871794872,0.6666666666666666,0.09523809523809523,12.825396825396826,1.0,0.07317073170731707,9.853658536585366,1.0,0.037037037037037035,4.987654320987654
cn7,1729,0,extratrees,0.37833333333333335,1.0534147929975006,0.055818980999902124,inner_f1,0.712121212121212,0.9846217788861181,0.004438370837726066,0.020111652993276493,0.5714285714285714,0.5,0.6666666666666666,0.5737467820463675,399,2,1,2,0.3333333333333333,0.004987531172069825,404,3,49,0.6666666666666666,0.4,53.866666666666674,0.6666666666666666,0.15384615384615385,20.71794871794872,0.6666666666666666,0.09523809523809523,12.825396825396826,1.0,0.07317073170731707,9.853658536585366,1.0,0.037037037037037035,4.987654320987654
cn7,1729,0,extratrees_balanced,0.03703496206067182,1.1462631829999737,0.05589091200090479,fixed_0.5,0.7916666666666666,0.9962593516209476,0.017651731592116502,0.05106695001897662,0.2857142857142857,0.16666666666666666,1.0,0.40053995144252386,386,15,0,3,0.0,0.03740648379052369,404,3,27,0.6666666666666666,0.4,53.866666666666674,1.0,0.23076923076923078,31.07692307692308,1.0,0.14285714285714285,19.238095238095237,1.0,0.07317073170731707,9.853658536585366,1.0,0.037037037037037035,4.987654320987654
cn7,1729,0,extratrees_balanced,0.03703496206067182,1.1462631829999737,0.05589091200090479,inner_f1,0.7916666666666666,0.9962593516209476,0.017651731592116502,0.05106695001897662,0.14634146341463414,0.07894736842105263,1.0,0.268433791379508,366,35,0,3,0.0,0.08728179551122195,404,3,27,0.6666666666666666,0.4,53.866666666666674,1.0,0.23076923076923078,31.07692307692308,1.0,0.14285714285714285,19.238095238095237,1.0,0.07317073170731707,9.853658536585366,1.0,0.037037037037037035,4.987654320987654
cn7,1729,0,catboost,0.08960424603953013,0.119301192000421,0.0011543879991222639,fixed_0.5,0.7291666666666666,0.9896093100581879,0.002575004229063193,0.015569244509705996,0.8,1.0,0.6666666666666666,0.8154804055732814,401,0,1,2,0.3333333333333333,0.0,404,3,202,0.6666666666666666,0.4,53.866666666666674,0.6666666666666666,0.15384615384615385,20.71794871794872,1.0,0.14285714285714285,19.238095238095237,1.0,0.07317073170731707,9.853658536585366,1.0,0.037037037037037035,4.987654320987654
cn7,1729,0,catboost,0.08960424603953013,0.119301192000421,0.0011543879991222639,inner_f1,0.7291666666666666,0.9896093100581879,0.002575004229063193,0.015569244509705996,0.5714285714285714,0.5,0.6666666666666666,0.5737467820463675,399,2,1,2,0.3333333333333333,0.004987531172069825,404,3,202,0.6666666666666666,0.4,53.866666666666674,0.6666666666666666,0.15384615384615385,20.71794871794872,1.0,0.14285714285714285,19.238095238095237,1.0,0.07317073170731707,9.853658536585366,1.0,0.037037037037037035,4.987654320987654
cn7,1729,0,catboost_balanced,0.2596405554864117,0.11733051600094768,0.0010347159986849874,fixed_0.5,0.75,0.9929343308395677,0.019197629927806714,0.06392493869027682,0.2857142857142857,0.16666666666666666,1.0,0.40053995144252386,386,15,0,3,0.0,0.03740648379052369,404,3,202,0.6666666666666666,0.4,53.866666666666674,1.0,0.23076923076923078,31.07692307692308,1.0,0.14285714285714285,19.238095238095237,1.0,0.07317073170731707,9.853658536585366,1.0,0.037037037037037035,4.987654320987654
cn7,1729,0,catboost_balanced,0.2596405554864117,0.11733051600094768,0.0010347159986849874,inner_f1,0.75,0.9929343308395677,0.019197629927806714,0.06392493869027682,0.2222222222222222,0.125,1.0,0.34417127325890867,380,21,0,3,0.0,0.05236907730673317,404,3,202,0.6666666666666666,0.4,53.866666666666674,1.0,0.23076923076923078,31.07692307692308,1.0,0.14285714285714285,19.238095238095237,1.0,0.07317073170731707,9.853658536585366,1.0,0.037037037037037035,4.987654320987654
cn7,1729,0,lightgbm,0.032993635723998986,0.03419804100121837,0.0010433980023663025,fixed_0.5,0.7666666666666666,0.9945968412302577,0.004606443404075442,0.019003036753679065,0.0,0.0,0.0,0.0,401,0,3,0,1.0,0.0,404,3,202,0.6666666666666666,0.4,53.866666666666674,1.0,0.23076923076923078,31.07692307692308,1.0,0.14285714285714285,19.238095238095237,1.0,0.07317073170731707,9.853658536585366,1.0,0.037037037037037035,4.987654320987654
cn7,1729,0,lightgbm,0.032993635723998986,0.03419804100121837,0.0010433980023663025,inner_f1,0.7666666666666666,0.9945968412302577,0.004606443404075442,0.019003036753679065,0.2608695652173913,0.15,1.0,0.3789998651129192,384,17,0,3,0.0,0.04239401496259352,404,3,202,0.6666666666666666,0.4,53.866666666666674,1.0,0.23076923076923078,31.07692307692308,1.0,0.14285714285714285,19.238095238095237,1.0,0.07317073170731707,9.853658536585366,1.0,0.037037037037037035,4.987654320987654
cn7,1729,0,lightgbm_balanced,0.2474923350124894,0.03376683399983449,0.0006927359972905833,fixed_0.5,0.7666666666666666,0.9945968412302577,0.014953446275112284,0.05622710860087088,0.4,0.25,1.0,0.49435718608251406,392,9,0,3,0.0,0.022443890274314215,404,3,202,0.6666666666666666,0.4,53.866666666666674,1.0,0.23076923076923078,31.07692307692308,1.0,0.14285714285714285,19.238095238095237,1.0,0.07317073170731707,9.853658536585366,1.0,0.037037037037037035,4.987654320987654
cn7,1729,0,lightgbm_balanced,0.2474923350124894,0.03376683399983449,0.0006927359972905833,inner_f1,0.7666666666666666,0.9945968412302577,0.014953446275112284,0.05622710860087088,0.24,0.13636363636363635,1.0,0.3604199168139606,382,19,0,3,0.0,0.04738154613466334,404,3,202,0.6666666666666666,0.4,53.866666666666674,1.0,0.23076923076923078,31.07692307692308,1.0,0.14285714285714285,19.238095238095237,1.0,0.07317073170731707,9.853658536585366,1.0,0.037037037037037035,4.987654320987654
cn7,1729,1,dummy_prior,0.5,0.00027908400079468265,0.00010356200073147193,fixed_0.5,0.024752475247524754,0.5,0.024398304315444184,0.12600653413203663,0.0,0.0,0.0,0.0,394,0,10,0,1.0,0.0,404,10,1,0.0,0.0,0.0,0.0,0.0,0.0,0.0,0.0,0.0,0.1,0.024390243902439025,0.9853658536585366,0.2,0.024691358024691357,0.9975308641975308
cn7,1729,1,dummy_prior,0.5,0.00027908400079468265,0.00010356200073147193,inner_f1,0.024752475247524754,0.5,0.024398304315444184,0.12600653413203663,0.0,0.0,0.0,0.0,394,0,10,0,1.0,0.0,404,10,1,0.0,0.0,0.0,0.0,0.0,0.0,0.0,0.0,0.0,0.1,0.024390243902439025,0.9853658536585366,0.2,0.024691358024691357,0.9975308641975308
cn7,1729,1,logistic,0.31214828767899083,0.010741538000729633,0.00040711499968892895,fixed_0.5,0.35096084257332755,0.9111675126903553,0.01913219544339052,0.09613736422582776,0.3333333333333333,1.0,0.2,0.4427413471740723,394,0,8,2,0.8,0.0,404,10,204,0.2,0.4,16.16,0.3,0.23076923076923078,9.323076923076924,0.4,0.19047619047619047,7.6952380952380945,0.5,0.12195121951219512,4.926829268292683,0.8,0.09876543209876543,3.990123456790123
cn7,1729,1,logistic,0.31214828767899083,0.010741538000729633,0.00040711499968892895,inner_f1,0.35096084257332755,0.9111675126903553,0.01913219544339052,0.09613736422582776,0.3333333333333333,1.0,0.2,0.4427413471740723,394,0,8,2,0.8,0.0,404,10,204,0.2,0.4,16.16,0.3,0.23076923076923078,9.323076923076924,0.4,0.19047619047619047,7.6952380952380945,0.5,0.12195121951219512,4.926829268292683,0.8,0.09876543209876543,3.990123456790123
cn7,1729,1,logistic_balanced,0.48032860811237515,0.010867190998396836,0.0004151600005570799,fixed_0.5,0.3804643012876018,0.9020304568527919,0.030819527919656,0.11841782781387805,0.3,0.3,0.3,0.28223350253807106,387,7,7,3,0.7,0.017766497461928935,404,10,203,0.3,0.6,24.24,0.4,0.3076923076923077,12.430769230769231,0.4,0.19047619047619047,7.6952380952380945,0.6,0.14634146341463414,5.9121951219512185,0.8,0.09876543209876543,3.990123456790123
cn7,1729,1,logistic_balanced,0.48032860811237515,0.010867190998396836,0.0004151600005570799,inner_f1,0.3804643012876018,0.9020304568527919,0.030819527919656,0.11841782781387805,0.2727272727272727,0.25,0.3,0.25365350682149584,385,9,7,3,0.7,0.02284263959390863,404,10,203,0.3,0.6,24.24,0.4,0.3076923076923077,12.430769230769231,0.4,0.19047619047619047,7.6952380952380945,0.6,0.14634146341463414,5.9121951219512185,0.8,0.09876543209876543,3.990123456790123
cn7,1729,1,xgboost,0.020063547417521477,0.03682825999931083,0.0009195650018227752,fixed_0.5,0.1473760914227016,0.9081218274111675,0.02366293861363731,0.10293345392757533,0.0,0.0,0.0,0.0,394,0,10,0,1.0,0.0,404,10,68,0.1,0.2,8.08,0.2,0.15384615384615385,6.2153846153846155,0.3,0.14285714285714285,5.7714285714285705,0.5,0.12195121951219512,4.926829268292683,0.9,0.1111111111111111,4.488888888888888
cn7,1729,1,xgboost,0.020063547417521477,0.03682825999931083,0.0009195650018227752,inner_f1,0.1473760914227016,0.9081218274111675,0.02366293861363731,0.10293345392757533,0.19230769230769232,0.11904761904761904,0.5,0.2067249717616191,357,37,5,5,0.5,0.09390862944162437,404,10,68,0.1,0.2,8.08,0.2,0.15384615384615385,6.2153846153846155,0.3,0.14285714285714285,5.7714285714285705,0.5,0.12195121951219512,4.926829268292683,0.9,0.1111111111111111,4.488888888888888
cn7,1729,1,xgboost_balanced,0.6056020259857178,0.04375853199962876,0.0013306649998412468,fixed_0.5,0.16135957792207792,0.8598984771573606,0.032923407051461774,0.11150206410366398,0.18181818181818182,0.16666666666666666,0.2,0.1598110006347886,384,10,8,2,0.8,0.025380710659898477,404,10,201,0.0,0.0,0.0,0.2,0.15384615384615385,6.2153846153846155,0.2,0.09523809523809523,3.8476190476190473,0.7,0.17073170731707318,6.897560975609756,0.9,0.1111111111111111,4.488888888888888
cn7,1729,1,xgboost_balanced,0.6056020259857178,0.04375853199962876,0.0013306649998412468,inner_f1,0.16135957792207792,0.8598984771573606,0.032923407051461774,0.11150206410366398,0.1111111111111111,0.125,0.1,0.09170738562273634,387,7,9,1,0.9,0.017766497461928935,404,10,201,0.0,0.0,0.0,0.2,0.15384615384615385,6.2153846153846155,0.2,0.09523809523809523,3.8476190476190473,0.7,0.17073170731707318,6.897560975609756,0.9,0.1111111111111111,4.488888888888888
cn7,1729,1,extratrees,0.4477777777777779,1.0383581489986682,0.05492581100043026,fixed_0.5,0.3120386904761905,0.9098984771573605,0.020253711404473775,0.09935796525848876,0.3333333333333333,1.0,0.2,0.4427413471740723,394,0,8,2,0.8,0.0,404,10,36,0.2,0.4,16.16,0.3,0.23076923076923078,9.323076923076924,0.3,0.14285714285714285,5.7714285714285705,0.5,0.12195121951219512,4.926829268292683,1.0,0.12345679012345678,4.987654320987653
cn7,1729,1,extratrees,0.4477777777777779,1.0383581489986682,0.05492581100043026,inner_f1,0.3120386904761905,0.9098984771573605,0.020253711404473775,0.09935796525848876,0.3333333333333333,1.0,0.2,0.4427413471740723,394,0,8,2,0.8,0.0,404,10,36,0.2,0.4,16.16,0.3,0.23076923076923078,9.323076923076924,0.3,0.14285714285714285,5.7714285714285705,0.5,0.12195121951219512,4.926829268292683,1.0,0.12345679012345678,4.987654320987653
cn7,1729,1,extratrees_balanced,0.3829586671520442,1.1338643290000618,0.05456052699810243,fixed_0.5,0.3656547705168395,0.9431472081218274,0.023134041065096193,0.08344287596961057,0.2222222222222222,0.25,0.2,0.20605857016466683,388,6,8,2,0.8,0.015228426395939087,404,10,33,0.2,0.4,16.16,0.3,0.23076923076923078,9.323076923076924,0.4,0.19047619047619047,7.6952380952380945,0.7,0.17073170731707318,6.897560975609756,1.0,0.12345679012345678,4.987654320987653
cn7,1729,1,extratrees_balanced,0.3829586671520442,1.1338643290000618,0.05456052699810243,inner_f1,0.3656547705168395,0.9431472081218274,0.023134041065096193,0.08344287596961057,0.25,0.21428571428571427,0.3,0.23112682482924776,383,11,7,3,0.7,0.027918781725888325,404,10,33,0.2,0.4,16.16,0.3,0.23076923076923078,9.323076923076924,0.4,0.19047619047619047,7.6952380952380945,0.7,0.17073170731707318,6.897560975609756,1.0,0.12345679012345678,4.987654320987653
cn7,1729,1,catboost,0.7264524499403455,0.12558448699928704,0.0008144860003085341,fixed_0.5,0.29939694564694563,0.8786802030456853,0.020440899828479613,0.12034766112701016,0.3333333333333333,1.0,0.2,0.4427413471740723,394,0,8,2,0.8,0.0,404,10,202,0.2,0.4,16.16,0.2,0.15384615384615385,6.2153846153846155,0.4,0.19047619047619047,7.6952380952380945,0.5,0.12195121951219512,4.926829268292683,0.7,0.08641975308641975,3.491358024691358
cn7,1729,1,catboost,0.7264524499403455,0.12558448699928704,0.0008144860003085341,inner_f1,0.29939694564694563,0.8786802030456853,0.020440899828479613,0.12034766112701016,0.0,0.0,0.0,0.0,394,0,10,0,1.0,0.0,404,10,202,0.2,0.4,16.16,0.2,0.15384615384615385,6.2153846153846155,0.4,0.19047619047619047,7.6952380952380945,0.5,0.12195121951219512,4.926829268292683,0.7,0.08641975308641975,3.491358024691358
cn7,1729,1,catboost_balanced,0.722077637641994,0.11683731299854117,0.0008287989985547028,fixed_0.5,0.38563886040859724,0.9451776649746193,0.02069741387017536,0.07500998439215754,0.3333333333333333,1.0,0.2,0.4427413471740723,394,0,8,2,0.8,0.0,404,10,202,0.2,0.4,16.16,0.3,0.23076923076923078,9.323076923076924,0.5,0.23809523809523808,9.619047619047619,0.7,0.17073170731707318,6.897560975609756,1.0,0.12345679012345678,4.987654320987653
cn7,1729,1,catboost_balanced,0.722077637641994,0.11683731299854117,0.0008287989985547028,inner_f1,0.38563886040859724,0.9451776649746193,0.02069741387017536,0.07500998439215754,0.0,0.0,0.0,0.0,394,0,10,0,1.0,0.0,404,10,202,0.2,0.4,16.16,0.3,0.23076923076923078,9.323076923076924,0.5,0.23809523809523808,9.619047619047619,0.7,0.17073170731707318,6.897560975609756,1.0,0.12345679012345678,4.987654320987653
cn7,1729,1,lightgbm,0.23769228494258157,0.030687774997204542,0.0007306000006792601,fixed_0.5,0.18255952380952378,0.9197969543147207,0.023802379081357947,0.10410904257453496,0.0,0.0,0.0,0.0,394,0,10,0,1.0,0.0,404,10,111,0.1,0.2,8.08,0.2,0.15384615384615385,6.2153846153846155,0.4,0.19047619047619047,7.6952380952380945,0.7,0.17073170731707318,6.897560975609756,0.9,0.1111111111111111,4.488888888888888
cn7,1729,1,lightgbm,0.23769228494258157,0.030687774997204542,0.0007306000006792601,inner_f1,0.18255952380952378,0.9197969543147207,0.023802379081357947,0.10410904257453496,0.0,0.0,0.0,-0.01123709002979879,392,2,10,0,1.0,0.005076142131979695,404,10,111,0.1,0.2,8.08,0.2,0.15384615384615385,6.2153846153846155,0.4,0.19047619047619047,7.6952380952380945,0.7,0.17073170731707318,6.897560975609756,0.9,0.1111111111111111,4.488888888888888
cn7,1729,1,lightgbm_balanced,0.7117781664528563,0.03381790200000978,0.0009924510013661347,fixed_0.5,0.20942986708853584,0.9187817258883249,0.029071185366580012,0.09959025165813096,0.0,0.0,0.0,-0.019560771426312393,388,6,10,0,1.0,0.015228426395939087,404,10,175,0.0,0.0,0.0,0.3,0.23076923076923078,9.323076923076924,0.5,0.23809523809523808,9.619047619047619,0.8,0.1951219512195122,7.882926829268293,0.9,0.1111111111111111,4.488888888888888
cn7,1729,1,lightgbm_balanced,0.7117781664528563,0.03381790200000978,0.0009924510013661347,inner_f1,0.20942986708853584,0.9187817258883249,0.029071185366580012,0.09959025165813096,0.0,0.0,0.0,-0.019560771426312393,388,6,10,0,1.0,0.015228426395939087,404,10,175,0.0,0.0,0.0,0.3,0.23076923076923078,9.323076923076924,0.5,0.23809523809523808,9.619047619047619,0.8,0.1951219512195122,7.882926829268293,0.9,0.1111111111111111,4.488888888888888
cn7,1729,2,dummy_prior,0.5,0.00019803600298473611,6.179000047268346e-05,fixed_0.5,0.009925558312655087,0.5,0.009865030960814184,0.05704766354113369,0.0,0.0,0.0,0.0,399,0,4,0,1.0,0.0,403,4,1,0.0,0.0,0.0,0.0,0.0,0.0,0.0,0.0,0.0,0.0,0.0,0.0,0.0,0.0,0.0
cn7,1729,2,dummy_prior,0.5,0.00019803600298473611,6.179000047268346e-05,inner_f1,0.009925558312655087,0.5,0.009865030960814184,0.05704766354113369,0.0,0.0,0.0,0.0,399,0,4,0,1.0,0.0,403,4,1,0.0,0.0,0.0,0.0,0.0,0.0,0.0,0.0,0.0,0.0,0.0,0.0,0.0,0.0,0.0
cn7,1729,2,logistic,0.9268321289713158,0.009453407998080365,0.00045182599933468737,fixed_0.5,0.7102272727272727,0.974937343358396,0.0046677917764683064,0.022641819460659386,0.6666666666666666,1.0,0.5,0.7053412184283328,399,0,2,2,0.5,0.0,403,4,204,0.75,0.6,60.449999999999996,0.75,0.23076923076923078,23.25,0.75,0.14285714285714285,14.392857142857142,0.75,0.07317073170731707,7.371951219512194,1.0,0.04938271604938271,4.9753086419753085
cn7,1729,2,logistic,0.9268321289713158,0.009453407998080365,0.00045182599933468737,inner_f1,0.7102272727272727,0.974937343358396,0.0046677917764683064,0.022641819460659386,0.6666666666666666,1.0,0.5,0.7053412184283328,399,0,2,2,0.5,0.0,403,4,204,0.75,0.6,60.449999999999996,0.75,0.23076923076923078,23.25,0.75,0.14285714285714285,14.392857142857142,0.75,0.07317073170731707,7.371951219512194,1.0,0.04938271604938271,4.9753086419753085
cn7,1729,2,logistic_balanced,0.9970855335556713,0.011165640997205628,0.00040230499871540815,fixed_0.5,0.7024253731343284,0.9605263157894737,0.04322164281777527,0.13192151596841942,0.2,0.11538461538461539,0.75,0.2793756078721991,376,23,1,3,0.25,0.05764411027568922,403,4,203,0.75,0.6,60.449999999999996,0.75,0.23076923076923078,23.25,0.75,0.14285714285714285,14.392857142857142,0.75,0.07317073170731707,7.371951219512194,1.0,0.04938271604938271,4.9753086419753085
cn7,1729,2,logistic_balanced,0.9970855335556713,0.011165640997205628,0.00040230499871540815,inner_f1,0.7024253731343284,0.9605263157894737,0.04322164281777527,0.13192151596841942,0.6666666666666666,1.0,0.5,0.7053412184283328,399,0,2,2,0.5,0.0,403,4,203,0.75,0.6,60.449999999999996,0.75,0.23076923076923078,23.25,0.75,0.14285714285714285,14.392857142857142,0.75,0.07317073170731707,7.371951219512194,1.0,0.04938271604938271,4.9753086419753085
cn7,1729,2,xgboost,0.048267003148794174,0.036687327999970876,0.0006790840016037691,fixed_0.5,0.06311668811668811,0.8972431077694235,0.010012986891492291,0.04758699039692181,0.0,0.0,0.0,0.0,399,0,4,0,1.0,0.0,403,4,187,0.0,0.0,0.0,0.0,0.0,0.0,0.25,0.047619047619047616,4.7976190476190474,0.5,0.04878048780487805,4.914634146341464,1.0,0.04938271604938271,4.9753086419753085
cn7,1729,2,xgboost,0.048267003148794174,0.036687327999970876,0.0006790840016037691,inner_f1,0.06311668811668811,0.8972431077694235,0.010012986891492291,0.04758699039692181,0.12,0.06521739130434782,0.75,0.20021397956002257,356,43,1,3,0.25,0.10776942355889724,403,4,187,0.0,0.0,0.0,0.0,0.0,0.0,0.25,0.047619047619047616,4.7976190476190474,0.5,0.04878048780487805,4.914634146341464,1.0,0.04938271604938271,4.9753086419753085
cn7,1729,2,xgboost_balanced,0.2533482611179352,0.041624921999755315,0.0008400749975407962,fixed_0.5,0.31875,0.9699248120300752,0.02324106590936286,0.07369143033489815,0.2222222222222222,0.14285714285714285,0.5,0.25439349467444433,387,12,2,2,0.5,0.03007518796992481,403,4,202,0.5,0.4,40.300000000000004,0.5,0.15384615384615385,15.5,0.75,0.14285714285714285,14.392857142857142,1.0,0.0975609756097561,9.829268292682928,1.0,0.04938271604938271,4.9753086419753085
cn7,1729,2,xgboost_balanced,0.2533482611179352,0.041624921999755315,0.0008400749975407962,inner_f1,0.31875,0.9699248120300752,0.02324106590936286,0.07369143033489815,0.1875,0.10714285714285714,0.75,0.26797577434224146,374,25,1,3,0.25,0.06265664160401002,403,4,202,0.5,0.4,40.300000000000004,0.5,0.15384615384615385,15.5,0.75,0.14285714285714285,14.392857142857142,1.0,0.0975609756097561,9.829268292682928,1.0,0.04938271604938271,4.9753086419753085
cn7,1729,2,extratrees,0.3744444444444449,1.016114917001687,0.0556263129983563,fixed_0.5,0.5645604395604396,0.9711779448621555,0.005569494448362239,0.02469816388798401,0.6666666666666666,1.0,0.5,0.7053412184283328,399,0,2,2,0.5,0.0,403,4,37,0.5,0.4,40.300000000000004,0.5,0.15384615384615385,15.5,0.5,0.09523809523809523,9.595238095238095,1.0,0.0975609756097561,9.829268292682928,1.0,0.04938271604938271,4.9753086419753085
cn7,1729,2,extratrees,0.3744444444444449,1.016114917001687,0.0556263129983563,inner_f1,0.5645604395604396,0.9711779448621555,0.005569494448362239,0.02469816388798401,0.6666666666666666,1.0,0.5,0.7053412184283328,399,0,2,2,0.5,0.0,403,4,37,0.5,0.4,40.300000000000004,0.5,0.15384615384615385,15.5,0.5,0.09523809523809523,9.595238095238095,1.0,0.0975609756097561,9.829268292682928,1.0,0.04938271604938271,4.9753086419753085
cn7,1729,2,extratrees_balanced,0.5207371993231222,1.1354356160009047,0.055124724996858276,fixed_0.5,0.31875,0.9699248120300752,0.02688887374632519,0.07738221164029607,0.2,0.125,0.5,0.23603259868550402,385,14,2,2,0.5,0.03508771929824561,403,4,29,0.5,0.4,40.300000000000004,0.5,0.15384615384615385,15.5,0.75,0.14285714285714285,14.392857142857142,1.0,0.0975609756097561,9.829268292682928,1.0,0.04938271604938271,4.9753086419753085
cn7,1729,2,extratrees_balanced,0.5207371993231222,1.1354356160009047,0.055124724996858276,inner_f1,0.31875,0.9699248120300752,0.02688887374632519,0.07738221164029607,0.2,0.125,0.5,0.23603259868550402,385,14,2,2,0.5,0.03508771929824561,403,4,29,0.5,0.4,40.300000000000004,0.5,0.15384615384615385,15.5,0.75,0.14285714285714285,14.392857142857142,1.0,0.0975609756097561,9.829268292682928,1.0,0.04938271604938271,4.9753086419753085
cn7,1729,2,catboost,0.15751667724833568,0.11660254600064945,0.0007319319993257523,fixed_0.5,0.5748480243161094,0.9667919799498745,0.004991870018633989,0.024763271908166146,0.6666666666666666,1.0,0.5,0.7053412184283328,399,0,2,2,0.5,0.0,403,4,202,0.5,0.4,40.300000000000004,0.5,0.15384615384615385,15.5,0.75,0.14285714285714285,14.392857142857142,0.75,0.07317073170731707,7.371951219512194,1.0,0.04938271604938271,4.9753086419753085
cn7,1729,2,catboost,0.15751667724833568,0.11660254600064945,0.0007319319993257523,inner_f1,0.5748480243161094,0.9667919799498745,0.004991870018633989,0.024763271908166146,0.6666666666666666,1.0,0.5,0.7053412184283328,399,0,2,2,0.5,0.0,403,4,202,0.5,0.4,40.300000000000004,0.5,0.15384615384615385,15.5,0.75,0.14285714285714285,14.392857142857142,0.75,0.07317073170731707,7.371951219512194,1.0,0.04938271604938271,4.9753086419753085
cn7,1729,2,catboost_balanced,0.6729852282476071,0.11713962499925401,0.0007513259988627397,fixed_0.5,0.5653409090909091,0.9711779448621553,0.020706098117694305,0.06727127856894292,0.2222222222222222,0.14285714285714285,0.5,0.25439349467444433,387,12,2,2,0.5,0.03007518796992481,403,4,202,0.5,0.4,40.300000000000004,0.5,0.15384615384615385,15.5,0.5,0.09523809523809523,9.595238095238095,1.0,0.0975609756097561,9.829268292682928,1.0,0.04938271604938271,4.9753086419753085
cn7,1729,2,catboost_balanced,0.6729852282476071,0.11713962499925401,0.0007513259988627397,inner_f1,0.5653409090909091,0.9711779448621553,0.020706098117694305,0.06727127856894292,0.5,0.5,0.5,0.4949874686716792,397,2,2,2,0.5,0.005012531328320802,403,4,202,0.5,0.4,40.300000000000004,0.5,0.15384615384615385,15.5,0.5,0.09523809523809523,9.595238095238095,1.0,0.0975609756097561,9.829268292682928,1.0,0.04938271604938271,4.9753086419753085
cn7,1729,2,lightgbm,0.042065416839362955,0.033746758999768645,0.001063744999555638,fixed_0.5,0.5660569105691057,0.9680451127819549,0.007999884363274345,0.03268178949826837,0.0,0.0,0.0,0.0,399,0,4,0,1.0,0.0,403,4,200,0.5,0.4,40.300000000000004,0.5,0.15384615384615385,15.5,0.75,0.14285714285714285,14.392857142857142,1.0,0.0975609756097561,9.829268292682928,1.0,0.04938271604938271,4.9753086419753085
cn7,1729,2,lightgbm,0.042065416839362955,0.033746758999768645,0.001063744999555638,inner_f1,0.5660569105691057,0.9680451127819549,0.007999884363274345,0.03268178949826837,0.1875,0.10714285714285714,0.75,0.26797577434224146,374,25,1,3,0.25,0.06265664160401002,403,4,200,0.5,0.4,40.300000000000004,0.5,0.15384615384615385,15.5,0.75,0.14285714285714285,14.392857142857142,1.0,0.0975609756097561,9.829268292682928,1.0,0.04938271604938271,4.9753086419753085
cn7,1729,2,lightgbm_balanced,0.3735531945621227,0.03377594300036435,0.0007363400000031106,fixed_0.5,0.575,0.9749373433583959,0.026440696759668394,0.08254446933972387,0.2727272727272727,0.16666666666666666,0.75,0.34188291944134197,384,15,1,3,0.25,0.03759398496240601,403,4,201,0.5,0.4,40.300000000000004,0.5,0.15384615384615385,15.5,0.75,0.14285714285714285,14.392857142857142,1.0,0.0975609756097561,9.829268292682928,1.0,0.04938271604938271,4.9753086419753085
cn7,1729,2,lightgbm_balanced,0.3735531945621227,0.03377594300036435,0.0007363400000031106,inner_f1,0.575,0.9749373433583959,0.026440696759668394,0.08254446933972387,0.23076923076923078,0.13636363636363635,0.75,0.3064893166476864,380,19,1,3,0.25,0.047619047619047616,403,4,201,0.5,0.4,40.300000000000004,0.5,0.15384615384615385,15.5,0.75,0.14285714285714285,14.392857142857142,1.0,0.0975609756097561,9.829268292682928,1.0,0.04938271604938271,4.9753086419753085
cn7,2026,0,dummy_prior,0.5,0.00023401499856845476,7.10259992047213e-05,fixed_0.5,0.009900990099009901,0.5,0.009841500450261992,0.056954406070195224,0.0,0.0,0.0,0.0,400,0,4,0,1.0,0.0,404,4,1,0.0,0.0,0.0,0.0,0.0,0.0,0.0,0.0,0.0,0.0,0.0,0.0,0.25,0.012345679012345678,1.2469135802469136
cn7,2026,0,dummy_prior,0.5,0.00023401499856845476,7.10259992047213e-05,inner_f1,0.009900990099009901,0.5,0.009841500450261992,0.056954406070195224,0.0,0.0,0.0,0.0,400,0,4,0,1.0,0.0,404,4,1,0.0,0.0,0.0,0.0,0.0,0.0,0.0,0.0,0.0,0.0,0.0,0.0,0.25,0.012345679012345678,1.2469135802469136
cn7,2026,0,logistic,0.8987624382286107,0.00997211700087064,0.0004135269991820678,fixed_0.5,0.6607142857142857,0.98375,0.005328564335724587,0.021996290626573437,0.6666666666666666,1.0,0.5,0.7053456158585982,400,0,2,2,0.5,0.0,404,4,203,0.75,0.6,60.599999999999994,0.75,0.23076923076923078,23.30769230769231,0.75,0.14285714285714285,14.428571428571427,1.0,0.0975609756097561,9.853658536585366,1.0,0.04938271604938271,4.987654320987654
cn7,2026,0,logistic,0.8987624382286107,0.00997211700087064,0.0004135269991820678,inner_f1,0.6607142857142857,0.98375,0.005328564335724587,0.021996290626573437,0.6666666666666666,1.0,0.5,0.7053456158585982,400,0,2,2,0.5,0.0,404,4,203,0.75,0.6,60.599999999999994,0.75,0.23076923076923078,23.30769230769231,0.75,0.14285714285714285,14.428571428571427,1.0,0.0975609756097561,9.853658536585366,1.0,0.04938271604938271,4.987654320987654
cn7,2026,0,logistic_balanced,0.9925424404728462,0.011807345999841345,0.0004266159994585905,fixed_0.5,0.675,0.9887499999999999,0.040942556099850216,0.1415748438281633,0.26666666666666666,0.15384615384615385,1.0,0.38129334558134553,378,22,0,4,0.0,0.055,404,4,205,0.75,0.6,60.599999999999994,0.75,0.23076923076923078,23.30769230769231,1.0,0.19047619047619047,19.238095238095237,1.0,0.0975609756097561,9.853658536585366,1.0,0.04938271604938271,4.987654320987654
cn7,2026,0,logistic_balanced,0.9925424404728462,0.011807345999841345,0.0004266159994585905,inner_f1,0.675,0.9887499999999999,0.040942556099850216,0.1415748438281633,0.5,0.5,0.5,0.495,398,2,2,2,0.5,0.005,404,4,205,0.75,0.6,60.599999999999994,0.75,0.23076923076923078,23.30769230769231,1.0,0.19047619047619047,19.238095238095237,1.0,0.0975609756097561,9.853658536585366,1.0,0.04938271604938271,4.987654320987654
cn7,2026,0,xgboost,0.02145654521882534,0.031817601000511786,0.0006953449992579408,fixed_0.5,0.14104127579737336,0.9275000000000001,0.009386902022264334,0.04321928945951864,0.0,0.0,0.0,0.0,400,0,4,0,1.0,0.0,404,4,173,0.0,0.0,0.0,0.5,0.15384615384615385,15.538461538461538,0.5,0.09523809523809523,9.619047619047619,0.75,0.07317073170731707,7.390243902439024,1.0,0.04938271604938271,4.987654320987654
cn7,2026,0,xgboost,0.02145654521882534,0.031817601000511786,0.0006953449992579408,inner_f1,0.14104127579737336,0.9275000000000001,0.009386902022264334,0.04321928945951864,0.07317073170731707,0.038461538461538464,0.75,0.14109980603075256,325,75,1,3,0.25,0.1875,404,4,173,0.0,0.0,0.0,0.5,0.15384615384615385,15.538461538461538,0.5,0.09523809523809523,9.619047619047619,0.75,0.07317073170731707,7.390243902439024,1.0,0.04938271604938271,4.987654320987654
cn7,2026,0,xgboost_balanced,0.139279305934906,0.04129734800153528,0.0010391200012236368,fixed_0.5,0.6339285714285714,0.98875,0.014530409959510548,0.05144485094546805,0.2857142857142857,0.2,0.5,0.30588143418103975,392,8,2,2,0.5,0.02,404,4,202,0.5,0.4,40.4,0.75,0.23076923076923078,23.30769230769231,1.0,0.19047619047619047,19.238095238095237,1.0,0.0975609756097561,9.853658536585366,1.0,0.04938271604938271,4.987654320987654
cn7,2026,0,xgboost_balanced,0.139279305934906,0.04129734800153528,0.0010391200012236368,inner_f1,0.6339285714285714,0.98875,0.014530409959510548,0.05144485094546805,0.2857142857142857,0.16666666666666666,1.0,0.39791121287711073,380,20,0,4,0.0,0.05,404,4,202,0.5,0.4,40.4,0.75,0.23076923076923078,23.30769230769231,1.0,0.19047619047619047,19.238095238095237,1.0,0.0975609756097561,9.853658536585366,1.0,0.04938271604938271,4.987654320987654
cn7,2026,0,extratrees,0.3922222222222223,1.0896244780014968,0.05556009000065387,fixed_0.5,0.6125,0.9850000000000001,0.005824687596926672,0.02374669861078076,0.6666666666666666,1.0,0.5,0.7053456158585982,400,0,2,2,0.5,0.0,404,4,51,0.5,0.4,40.4,0.75,0.23076923076923078,23.30769230769231,1.0,0.19047619047619047,19.238095238095237,1.0,0.0975609756097561,9.853658536585366,1.0,0.04938271604938271,4.987654320987654
cn7,2026,0,extratrees,0.3922222222222223,1.0896244780014968,0.05556009000065387,inner_f1,0.6125,0.9850000000000001,0.005824687596926672,0.02374669861078076,0.5,0.5,0.5,0.495,398,2,2,2,0.5,0.005,404,4,51,0.5,0.4,40.4,0.75,0.23076923076923078,23.30769230769231,1.0,0.19047619047619047,19.238095238095237,1.0,0.0975609756097561,9.853658536585366,1.0,0.04938271604938271,4.987654320987654
cn7,2026,0,extratrees_balanced,0.26288878708323454,1.109536219999427,0.055430550000892254,fixed_0.5,0.6134615384615385,0.9825,0.019195970821940474,0.05938632493309166,0.42857142857142855,0.3,0.75,0.4667878136200242,393,7,1,3,0.25,0.0175,404,4,34,0.5,0.4,40.4,0.75,0.23076923076923078,23.30769230769231,0.75,0.14285714285714285,14.428571428571427,1.0,0.0975609756097561,9.853658536585366,1.0,0.04938271604938271,4.987654320987654
cn7,2026,0,extratrees_balanced,0.26288878708323454,1.109536219999427,0.055430550000892254,inner_f1,0.6134615384615385,0.9825,0.019195970821940474,0.05938632493309166,0.21428571428571427,0.125,0.75,0.29215060103345764,379,21,1,3,0.25,0.0525,404,4,34,0.5,0.4,40.4,0.75,0.23076923076923078,23.30769230769231,0.75,0.14285714285714285,14.428571428571427,1.0,0.0975609756097561,9.853658536585366,1.0,0.04938271604938271,4.987654320987654
cn7,2026,0,catboost,0.33824983954015686,0.11423715099954279,0.0009450110010220669,fixed_0.5,0.5696022727272727,0.9675,0.004878429457528621,0.024866385331099847,0.6666666666666666,1.0,0.5,0.7053456158585982,400,0,2,2,0.5,0.0,404,4,202,0.5,0.4,40.4,0.5,0.15384615384615385,15.538461538461538,0.75,0.14285714285714285,14.428571428571427,0.75,0.07317073170731707,7.390243902439024,1.0,0.04938271604938271,4.987654320987654
cn7,2026,0,catboost,0.33824983954015686,0.11423715099954279,0.0009450110010220669,inner_f1,0.5696022727272727,0.9675,0.004878429457528621,0.024866385331099847,0.6666666666666666,1.0,0.5,0.7053456158585982,400,0,2,2,0.5,0.0,404,4,202,0.5,0.4,40.4,0.5,0.15384615384615385,15.538461538461538,0.75,0.14285714285714285,14.428571428571427,0.75,0.07317073170731707,7.390243902439024,1.0,0.04938271604938271,4.987654320987654
cn7,2026,0,catboost_balanced,0.4890819236076679,0.11712440799965407,0.0008164589999068994,fixed_0.5,0.6107142857142858,0.98125,0.018237414113117925,0.06125104636655766,0.42857142857142855,0.3,0.75,0.4667878136200242,393,7,1,3,0.25,0.0175,404,4,202,0.5,0.4,40.4,0.75,0.23076923076923078,23.30769230769231,0.75,0.14285714285714285,14.428571428571427,1.0,0.0975609756097561,9.853658536585366,1.0,0.04938271604938271,4.987654320987654
cn7,2026,0,catboost_balanced,0.4890819236076679,0.11712440799965407,0.0008164589999068994,inner_f1,0.6107142857142858,0.98125,0.018237414113117925,0.06125104636655766,0.375,0.25,0.75,0.4242866161606576,391,9,1,3,0.25,0.0225,404,4,202,0.5,0.4,40.4,0.75,0.23076923076923078,23.30769230769231,0.75,0.14285714285714285,14.428571428571427,1.0,0.0975609756097561,9.853658536585366,1.0,0.04938271604938271,4.987654320987654
cn7,2026,0,lightgbm,0.014815932254402033,0.037859730000491254,0.0008494350004184525,fixed_0.5,0.592032967032967,0.98,0.007947470158033067,0.031198002333911342,0.0,0.0,0.0,0.0,400,0,4,0,1.0,0.0,404,4,201,0.5,0.4,40.4,0.5,0.15384615384615385,15.538461538461538,0.75,0.14285714285714285,14.428571428571427,1.0,0.0975609756097561,9.853658536585366,1.0,0.04938271604938271,4.987654320987654
cn7,2026,0,lightgbm,0.014815932254402033,0.037859730000491254,0.0008494350004184525,inner_f1,0.592032967032967,0.98,0.007947470158033067,0.031198002333911342,0.2,0.1111111111111111,1.0,0.3197221015541813,368,32,0,4,0.0,0.08,404,4,201,0.5,0.4,40.4,0.5,0.15384615384615385,15.538461538461538,0.75,0.14285714285714285,14.428571428571427,1.0,0.0975609756097561,9.853658536585366,1.0,0.04938271604938271,4.987654320987654
cn7,2026,0,lightgbm_balanced,0.186684584226571,0.03661191500214045,0.0009071230015251786,fixed_0.5,0.6125,0.985,0.016600255231477345,0.05841079021202953,0.2857142857142857,0.2,0.5,0.30588143418103975,392,8,2,2,0.5,0.02,404,4,202,0.5,0.4,40.4,0.75,0.23076923076923078,23.30769230769231,1.0,0.19047619047619047,19.238095238095237,1.0,0.0975609756097561,9.853658536585366,1.0,0.04938271604938271,4.987654320987654
cn7,2026,0,lightgbm_balanced,0.186684584226571,0.03661191500214045,0.0009071230015251786,inner_f1,0.6125,0.985,0.016600255231477345,0.05841079021202953,0.3076923076923077,0.18181818181818182,1.0,0.41669696859512145,382,18,0,4,0.0,0.045,404,4,202,0.5,0.4,40.4,0.75,0.23076923076923078,23.30769230769231,1.0,0.19047619047619047,19.238095238095237,1.0,0.0975609756097561,9.853658536585366,1.0,0.04938271604938271,4.987654320987654
cn7,2026,1,dummy_prior,0.5,0.0001984449991141446,6.427600237657316e-05,fixed_0.5,0.01485148514851485,0.5,0.014632408777838304,0.0773141445005066,0.0,0.0,0.0,0.0,398,0,6,0,1.0,0.0,404,6,1,0.0,0.0,0.0,0.0,0.0,0.0,0.0,0.0,0.0,0.16666666666666666,0.024390243902439025,1.6422764227642277,0.3333333333333333,0.024691358024691357,1.662551440329218
cn7,2026,1,dummy_prior,0.5,0.0001984449991141446,6.427600237657316e-05,inner_f1,0.01485148514851485,0.5,0.014632408777838304,0.0773141445005066,0.0,0.0,0.0,0.0,398,0,6,0,1.0,0.0,404,6,1,0.0,0.0,0.0,0.0,0.0,0.0,0.0,0.0,0.0,0.16666666666666666,0.024390243902439025,1.6422764227642277,0.3333333333333333,0.024691358024691357,1.662551440329218
cn7,2026,1,logistic,0.9320473808628649,0.00970073999997112,0.0004085319997102488,fixed_0.5,0.47545442908346136,0.9463986599664992,0.009633600028057942,0.044529827121693455,0.5,1.0,0.3333333333333333,0.5744706987722934,398,0,4,2,0.6666666666666666,0.0,404,6,203,0.3333333333333333,0.4,26.933333333333337,0.5,0.23076923076923078,15.53846153846154,0.5,0.14285714285714285,9.619047619047619,0.6666666666666666,0.0975609756097561,6.569105691056911,1.0,0.07407407407407407,4.987654320987654
cn7,2026,1,logistic,0.9320473808628649,0.00970073999997112,0.0004085319997102488,inner_f1,0.47545442908346136,0.9463986599664992,0.009633600028057942,0.044529827121693455,0.5,1.0,0.3333333333333333,0.5744706987722934,398,0,4,2,0.6666666666666666,0.0,404,6,203,0.3333333333333333,0.4,26.933333333333337,0.5,0.23076923076923078,15.53846153846154,0.5,0.14285714285714285,9.619047619047619,0.6666666666666666,0.0975609756097561,6.569105691056911,1.0,0.07407407407407407,4.987654320987654
cn7,2026,1,logistic_balanced,0.9982474662428881,0.013728224999795202,0.0004149819978920277,fixed_0.5,0.45949114699114696,0.9472361809045227,0.04452948258292945,0.14385454080393487,0.23529411764705882,0.14285714285714285,0.6666666666666666,0.28878754746382507,374,24,2,4,0.3333333333333333,0.06030150753768844,404,6,204,0.3333333333333333,0.4,26.933333333333337,0.5,0.23076923076923078,15.53846153846154,0.6666666666666666,0.19047619047619047,12.825396825396826,0.6666666666666666,0.0975609756097561,6.569105691056911,1.0,0.07407407407407407,4.987654320987654
cn7,2026,1,logistic_balanced,0.9982474662428881,0.013728224999795202,0.0004149819978920277,inner_f1,0.45949114699114696,0.9472361809045227,0.04452948258292945,0.14385454080393487,0.5,1.0,0.3333333333333333,0.5744706987722934,398,0,4,2,0.6666666666666666,0.0,404,6,204,0.3333333333333333,0.4,26.933333333333337,0.5,0.23076923076923078,15.53846153846154,0.6666666666666666,0.19047619047619047,12.825396825396826,0.6666666666666666,0.0975609756097561,6.569105691056911,1.0,0.07407407407407407,4.987654320987654
cn7,2026,1,xgboost,0.020418547093868256,0.03943884600084857,0.0010996140008501243,fixed_0.5,0.08161485661485662,0.8919597989949748,0.01460987580203402,0.06755299116323414,0.0,0.0,0.0,0.0,398,0,6,0,1.0,0.0,404,6,122,0.0,0.0,0.0,0.16666666666666666,0.07692307692307693,5.17948717948718,0.16666666666666666,0.047619047619047616,3.2063492063492065,0.3333333333333333,0.04878048780487805,3.2845528455284554,1.0,0.07407407407407407,4.987654320987654
cn7,2026,1,xgboost,0.020418547093868256,0.03943884600084857,0.0010996140008501243,inner_f1,0.08161485661485662,0.8919597989949748,0.01460987580203402,0.06755299116323414,0.13793103448275862,0.07692307692307693,0.6666666666666666,0.19723656327418515,350,48,2,4,0.3333333333333333,0.12060301507537688,404,6,122,0.0,0.0,0.0,0.16666666666666666,0.07692307692307693,5.17948717948718,0.16666666666666666,0.047619047619047616,3.2063492063492065,0.3333333333333333,0.04878048780487805,3.2845528455284554,1.0,0.07407407407407407,4.987654320987654
cn7,2026,1,xgboost_balanced,0.3321617841720581,0.044107775000156835,0.001307547001488274,fixed_0.5,0.4041843877370193,0.9195979899497486,0.040241487831860726,0.1186764039757363,0.1875,0.11538461538461539,0.5,0.21797876268590405,375,23,3,3,0.5,0.05778894472361809,404,6,202,0.3333333333333333,0.4,26.933333333333337,0.3333333333333333,0.15384615384615385,10.35897435897436,0.5,0.14285714285714285,9.619047619047619,0.8333333333333334,0.12195121951219512,8.211382113821138,0.8333333333333334,0.06172839506172839,4.156378600823046
cn7,2026,1,xgboost_balanced,0.3321617841720581,0.044107775000156835,0.001307547001488274,inner_f1,0.4041843877370193,0.9195979899497486,0.040241487831860726,0.1186764039757363,0.17647058823529413,0.10714285714285714,0.5,0.20821422621010593,373,25,3,3,0.5,0.06281407035175879,404,6,202,0.3333333333333333,0.4,26.933333333333337,0.3333333333333333,0.15384615384615385,10.35897435897436,0.5,0.14285714285714285,9.619047619047619,0.8333333333333334,0.12195121951219512,8.211382113821138,0.8333333333333334,0.06172839506172839,4.156378600823046
cn7,2026,1,extratrees,0.44166666666666676,1.0465132310018816,0.05504183200173429,fixed_0.5,0.40817016317016314,0.9413735343383585,0.011506771978915607,0.047105742994364014,0.5,1.0,0.3333333333333333,0.5744706987722934,398,0,4,2,0.6666666666666666,0.0,404,6,50,0.3333333333333333,0.4,26.933333333333337,0.3333333333333333,0.15384615384615385,10.35897435897436,0.3333333333333333,0.09523809523809523,6.412698412698413,0.6666666666666666,0.0975609756097561,6.569105691056911,1.0,0.07407407407407407,4.987654320987654
cn7,2026,1,extratrees,0.44166666666666676,1.0465132310018816,0.05504183200173429,inner_f1,0.40817016317016314,0.9413735343383585,0.011506771978915607,0.047105742994364014,0.5,1.0,0.3333333333333333,0.5744706987722934,398,0,4,2,0.6666666666666666,0.0,404,6,50,0.3333333333333333,0.4,26.933333333333337,0.3333333333333333,0.15384615384615385,10.35897435897436,0.3333333333333333,0.09523809523809523,6.412698412698413,0.6666666666666666,0.0975609756097561,6.569105691056911,1.0,0.07407407407407407,4.987654320987654
cn7,2026,1,extratrees_balanced,0.1945107378706908,1.1415459950003424,0.057039489001908805,fixed_0.5,0.13388809258374476,0.940536013400335,0.03452160395149856,0.09786265407392344,0.23076923076923078,0.15,0.5,0.25499100880788783,381,17,3,3,0.5,0.04271356783919598,404,6,36,0.0,0.0,0.0,0.0,0.0,0.0,0.5,0.14285714285714285,9.619047619047619,0.6666666666666666,0.0975609756097561,6.569105691056911,1.0,0.07407407407407407,4.987654320987654
cn7,2026,1,extratrees_balanced,0.1945107378706908,1.1415459950003424,0.057039489001908805,inner_f1,0.13388809258374476,0.940536013400335,0.03452160395149856,0.09786265407392344,0.18181818181818182,0.10526315789473684,0.6666666666666666,0.24084629169783614,364,34,2,4,0.3333333333333333,0.08542713567839195,404,6,36,0.0,0.0,0.0,0.0,0.0,0.0,0.5,0.14285714285714285,9.619047619047619,0.6666666666666666,0.0975609756097561,6.569105691056911,1.0,0.07407407407407407,4.987654320987654
cn7,2026,1,catboost,0.18292687470326963,0.11459585299962782,0.0007592450019728858,fixed_0.5,0.39862865369725126,0.9229480737018426,0.010704550384407579,0.051168811558299276,0.5,1.0,0.3333333333333333,0.5744706987722934,398,0,4,2,0.6666666666666666,0.0,404,6,202,0.3333333333333333,0.4,26.933333333333337,0.3333333333333333,0.15384615384615385,10.35897435897436,0.3333333333333333,0.09523809523809523,6.412698412698413,0.6666666666666666,0.0975609756097561,6.569105691056911,0.8333333333333334,0.06172839506172839,4.156378600823046
cn7,2026,1,catboost,0.18292687470326963,0.11459585299962782,0.0007592450019728858,inner_f1,0.39862865369725126,0.9229480737018426,0.010704550384407579,0.051168811558299276,0.4,0.5,0.3333333333333333,0.40108729944432847,396,2,4,2,0.6666666666666666,0.005025125628140704,404,6,202,0.3333333333333333,0.4,26.933333333333337,0.3333333333333333,0.15384615384615385,10.35897435897436,0.3333333333333333,0.09523809523809523,6.412698412698413,0.6666666666666666,0.0975609756097561,6.569105691056911,0.8333333333333334,0.06172839506172839,4.156378600823046
cn7,2026,1,catboost_balanced,0.7074352746002305,0.12325550899913651,0.0014625700023316313,fixed_0.5,0.1967314118629908,0.9472361809045226,0.029130880849956704,0.09021948518245321,0.2,0.14285714285714285,0.3333333333333333,0.2005049429865288,386,12,4,2,0.6666666666666666,0.03015075376884422,404,6,202,0.16666666666666666,0.2,13.466666666666669,0.3333333333333333,0.15384615384615385,10.35897435897436,0.3333333333333333,0.09523809523809523,6.412698412698413,1.0,0.14634146341463414,9.853658536585366,1.0,0.07407407407407407,4.987654320987654
cn7,2026,1,catboost_balanced,0.7074352746002305,0.12325550899913651,0.0014625700023316313,inner_f1,0.1967314118629908,0.9472361809045226,0.029130880849956704,0.09021948518245321,0.25,0.2,0.3333333333333333,0.2438576171146945,390,8,4,2,0.6666666666666666,0.020100502512562814,404,6,202,0.16666666666666666,0.2,13.466666666666669,0.3333333333333333,0.15384615384615385,10.35897435897436,0.3333333333333333,0.09523809523809523,6.412698412698413,1.0,0.14634146341463414,9.853658536585366,1.0,0.07407407407407407,4.987654320987654
cn7,2026,1,lightgbm,0.04349370332274064,0.036968676999094896,0.0010634630016284063,fixed_0.5,0.11028383381324558,0.9112227805695142,0.014568101732302923,0.06231116757039354,0.0,0.0,0.0,0.0,398,0,6,0,1.0,0.0,404,6,198,0.0,0.0,0.0,0.16666666666666666,0.07692307692307693,5.17948717948718,0.3333333333333333,0.09523809523809523,6.412698412698413,0.6666666666666666,0.0975609756097561,6.569105691056911,0.8333333333333334,0.06172839506172839,4.156378600823046
cn7,2026,1,lightgbm,0.04349370332274064,0.036968676999094896,0.0010634630016284063,inner_f1,0.11028383381324558,0.9112227805695142,0.014568101732302923,0.06231116757039354,0.16666666666666666,0.1,0.5,0.19937289155870674,371,27,3,3,0.5,0.0678391959798995,404,6,198,0.0,0.0,0.0,0.16666666666666666,0.07692307692307693,5.17948717948718,0.3333333333333333,0.09523809523809523,6.412698412698413,0.6666666666666666,0.0975609756097561,6.569105691056911,0.8333333333333334,0.06172839506172839,4.156378600823046
cn7,2026,1,lightgbm_balanced,0.22589043900826333,0.0337086299987277,0.0007643720018677413,fixed_0.5,0.40630874060150374,0.9137353433835846,0.04283877626450845,0.12828493541210811,0.1875,0.11538461538461539,0.5,0.21797876268590405,375,23,3,3,0.5,0.05778894472361809,404,6,199,0.3333333333333333,0.4,26.933333333333337,0.3333333333333333,0.15384615384615385,10.35897435897436,0.5,0.14285714285714285,9.619047619047619,0.6666666666666666,0.0975609756097561,6.569105691056911,0.8333333333333334,0.06172839506172839,4.156378600823046
cn7,2026,1,lightgbm_balanced,0.22589043900826333,0.0337086299987277,0.0007643720018677413,inner_f1,0.40630874060150374,0.9137353433835846,0.04283877626450845,0.12828493541210811,0.18181818181818182,0.10526315789473684,0.6666666666666666,0.24084629169783614,364,34,2,4,0.3333333333333333,0.08542713567839195,404,6,199,0.3333333333333333,0.4,26.933333333333337,0.3333333333333333,0.15384615384615385,10.35897435897436,0.5,0.14285714285714285,9.619047619047619,0.6666666666666666,0.0975609756097561,6.569105691056911,0.8333333333333334,0.06172839506172839,4.156378600823046
cn7,2026,2,dummy_prior,0.5,0.0002198349975515157,7.978100256877951e-05,fixed_0.5,0.017369727047146403,0.5,0.017092954566075482,0.08852458894024531,0.0,0.0,0.0,0.0,396,0,7,0,1.0,0.0,403,7,1,0.0,0.0,0.0,0.0,0.0,0.0,0.0,0.0,0.0,0.0,0.0,0.0,0.0,0.0,0.0
cn7,2026,2,dummy_prior,0.5,0.0002198349975515157,7.978100256877951e-05,inner_f1,0.017369727047146403,0.5,0.017092954566075482,0.08852458894024531,0.0,0.0,0.0,0.0,396,0,7,0,1.0,0.0,403,7,1,0.0,0.0,0.0,0.0,0.0,0.0,0.0,0.0,0.0,0.0,0.0,0.0,0.0,0.0,0.0
cn7,2026,2,logistic,0.9170871143780525,0.010396622001280775,0.0005347219994291663,fixed_0.5,0.4336423301715052,0.9518398268398267,0.012138110155396738,0.053912530456139696,0.4444444444444444,1.0,0.2857142857142857,0.531179596227605,396,0,5,2,0.7142857142857143,0.0,403,7,203,0.2857142857142857,0.4,23.02857142857143,0.5714285714285714,0.3076923076923077,17.714285714285715,0.5714285714285714,0.19047619047619047,10.965986394557822,0.7142857142857143,0.12195121951219512,7.020905923344947,1.0,0.08641975308641975,4.9753086419753085
cn7,2026,2,logistic,0.9170871143780525,0.010396622001280775,0.0005347219994291663,inner_f1,0.4336423301715052,0.9518398268398267,0.012138110155396738,0.053912530456139696,0.4444444444444444,1.0,0.2857142857142857,0.531179596227605,396,0,5,2,0.7142857142857143,0.0,403,7,203,0.2857142857142857,0.4,23.02857142857143,0.5714285714285714,0.3076923076923077,17.714285714285715,0.5714285714285714,0.19047619047619047,10.965986394557822,0.7142857142857143,0.12195121951219512,7.020905923344947,1.0,0.08641975308641975,4.9753086419753085
cn7,2026,2,logistic_balanced,0.9982730192967721,0.015295599998353282,0.0006047689967090264,fixed_0.5,0.4225943127301165,0.9139610389610389,0.026486151213475542,0.09973180569053706,0.34782608695652173,0.25,0.5714285714285714,0.3620588538411306,384,12,3,4,0.42857142857142855,0.030303030303030304,403,7,203,0.2857142857142857,0.4,23.02857142857143,0.42857142857142855,0.23076923076923078,13.285714285714286,0.5714285714285714,0.19047619047619047,10.965986394557822,0.7142857142857143,0.12195121951219512,7.020905923344947,0.8571428571428571,0.07407407407407407,4.264550264550264
cn7,2026,2,logistic_balanced,0.9982730192967721,0.015295599998353282,0.0006047689967090264,inner_f1,0.4225943127301165,0.9139610389610389,0.026486151213475542,0.09973180569053706,0.0,0.0,0.0,0.0,396,0,7,0,1.0,0.0,403,7,203,0.2857142857142857,0.4,23.02857142857143,0.42857142857142855,0.23076923076923078,13.285714285714286,0.5714285714285714,0.19047619047619047,10.965986394557822,0.7142857142857143,0.12195121951219512,7.020905923344947,0.8571428571428571,0.07407407407407407,4.264550264550264
cn7,2026,2,xgboost,0.030773380771279335,0.0394799370005785,0.0009066140009963419,fixed_0.5,0.2665429808286951,0.9738455988455988,0.015880490079101653,0.06340018163049338,0.0,0.0,0.0,0.0,396,0,7,0,1.0,0.0,403,7,130,0.14285714285714285,0.2,11.514285714285714,0.2857142857142857,0.15384615384615385,8.857142857142858,1.0,0.3333333333333333,19.19047619047619,1.0,0.17073170731707318,9.829268292682928,1.0,0.08641975308641975,4.9753086419753085
cn7,2026,2,xgboost,0.030773380771279335,0.0394799370005785,0.0009066140009963419,inner_f1,0.2665429808286951,0.9738455988455988,0.015880490079101653,0.06340018163049338,0.24561403508771928,0.14,1.0,0.3532675753561028,353,43,0,7,0.0,0.10858585858585859,403,7,130,0.14285714285714285,0.2,11.514285714285714,0.2857142857142857,0.15384615384615385,8.857142857142858,1.0,0.3333333333333333,19.19047619047619,1.0,0.17073170731707318,9.829268292682928,1.0,0.08641975308641975,4.9753086419753085
cn7,2026,2,xgboost_balanced,0.042543407529592514,0.04090515899952152,0.0008023199989111163,fixed_0.5,0.5736394557823129,0.9788961038961039,0.013830065443998181,0.049647792033914756,0.4,0.375,0.42857142857142855,0.3895732720338461,391,5,4,3,0.5714285714285714,0.012626262626262626,403,7,202,0.42857142857142855,0.6,34.54285714285714,0.5714285714285714,0.3076923076923077,17.714285714285715,0.8571428571428571,0.2857142857142857,16.448979591836732,1.0,0.17073170731707318,9.829268292682928,1.0,0.08641975308641975,4.9753086419753085
cn7,2026,2,xgboost_balanced,0.042543407529592514,0.04090515899952152,0.0008023199989111163,inner_f1,0.5736394557823129,0.9788961038961039,0.013830065443998181,0.049647792033914756,0.27450980392156865,0.1590909090909091,1.0,0.37977145028770554,359,37,0,7,0.0,0.09343434343434344,403,7,202,0.42857142857142855,0.6,34.54285714285714,0.5714285714285714,0.3076923076923077,17.714285714285715,0.8571428571428571,0.2857142857142857,16.448979591836732,1.0,0.17073170731707318,9.829268292682928,1.0,0.08641975308641975,4.9753086419753085
cn7,2026,2,extratrees,0.3494444444444445,1.044246925997868,0.055852466997748706,fixed_0.5,0.5497452738832049,0.979978354978355,0.011186775671725558,0.041161943472149624,0.4444444444444444,1.0,0.2857142857142857,0.531179596227605,396,0,5,2,0.7142857142857143,0.0,403,7,44,0.2857142857142857,0.4,23.02857142857143,0.7142857142857143,0.38461538461538464,22.142857142857142,0.7142857142857143,0.23809523809523808,13.707482993197278,1.0,0.17073170731707318,9.829268292682928,1.0,0.08641975308641975,4.9753086419753085
cn7,2026,2,extratrees,0.3494444444444445,1.044246925997868,0.055852466997748706,inner_f1,0.5497452738832049,0.979978354978355,0.011186775671725558,0.041161943472149624,0.4444444444444444,1.0,0.2857142857142857,0.531179596227605,396,0,5,2,0.7142857142857143,0.0,403,7,44,0.2857142857142857,0.4,23.02857142857143,0.7142857142857143,0.38461538461538464,22.142857142857142,0.7142857142857143,0.23809523809523808,13.707482993197278,1.0,0.17073170731707318,9.829268292682928,1.0,0.08641975308641975,4.9753086419753085
cn7,2026,2,extratrees_balanced,0.06564072289857352,1.151785371999722,0.054191917999560246,fixed_0.5,0.1515248317017083,0.9363275613275613,0.02976501480189003,0.09187797245759392,0.09523809523809523,0.07142857142857142,0.14285714285714285,0.07849905125704403,383,13,6,1,0.8571428571428571,0.03282828282828283,403,7,23,0.0,0.0,0.0,0.14285714285714285,0.07692307692307693,4.428571428571429,0.5714285714285714,0.19047619047619047,10.965986394557822,0.7142857142857143,0.12195121951219512,7.020905923344947,1.0,0.08641975308641975,4.9753086419753085
cn7,2026,2,extratrees_balanced,0.06564072289857352,1.151785371999722,0.054191917999560246,inner_f1,0.1515248317017083,0.9363275613275613,0.02976501480189003,0.09187797245759392,0.3448275862068966,0.22727272727272727,0.7142857142857143,0.38607877973827714,379,17,2,5,0.2857142857142857,0.04292929292929293,403,7,23,0.0,0.0,0.0,0.14285714285714285,0.07692307692307693,4.428571428571429,0.5714285714285714,0.19047619047619047,10.965986394557822,0.7142857142857143,0.12195121951219512,7.020905923344947,1.0,0.08641975308641975,4.9753086419753085
cn7,2026,2,catboost,0.2510080874817346,0.11481886999899871,0.0007863000028009992,fixed_0.5,0.4346750874045051,0.9460678210678211,0.012083358885148433,0.055300305160650515,0.4444444444444444,1.0,0.2857142857142857,0.531179596227605,396,0,5,2,0.7142857142857143,0.0,403,7,202,0.2857142857142857,0.4,23.02857142857143,0.42857142857142855,0.23076923076923078,13.285714285714286,0.42857142857142855,0.14285714285714285,8.224489795918366,0.5714285714285714,0.0975609756097561,5.616724738675958,1.0,0.08641975308641975,4.9753086419753085
cn7,2026,2,catboost,0.2510080874817346,0.11481886999899871,0.0007863000028009992,inner_f1,0.4346750874045051,0.9460678210678211,0.012083358885148433,0.055300305160650515,0.4444444444444444,1.0,0.2857142857142857,0.531179596227605,396,0,5,2,0.7142857142857143,0.0,403,7,202,0.2857142857142857,0.4,23.02857142857143,0.42857142857142855,0.23076923076923078,13.285714285714286,0.42857142857142855,0.14285714285714285,8.224489795918366,0.5714285714285714,0.0975609756097561,5.616724738675958,1.0,0.08641975308641975,4.9753086419753085
cn7,2026,2,catboost_balanced,0.3448681219330891,0.11661476100198342,0.0008032540026761126,fixed_0.5,0.4703002413086447,0.9738455988455988,0.012708578161433835,0.04780508743724205,0.4444444444444444,1.0,0.2857142857142857,0.531179596227605,396,0,5,2,0.7142857142857143,0.0,403,7,202,0.2857142857142857,0.4,23.02857142857143,0.42857142857142855,0.23076923076923078,13.285714285714286,0.7142857142857143,0.23809523809523808,13.707482993197278,1.0,0.17073170731707318,9.829268292682928,1.0,0.08641975308641975,4.9753086419753085
cn7,2026,2,catboost_balanced,0.3448681219330891,0.11661476100198342,0.0008032540026761126,inner_f1,0.4703002413086447,0.9738455988455988,0.012708578161433835,0.04780508743724205,0.38095238095238093,0.2857142857142857,0.5714285714285714,0.38966414296119556,386,10,3,4,0.42857142857142855,0.025252525252525252,403,7,202,0.2857142857142857,0.4,23.02857142857143,0.42857142857142855,0.23076923076923078,13.285714285714286,0.7142857142857143,0.23809523809523808,13.707482993197278,1.0,0.17073170731707318,9.829268292682928,1.0,0.08641975308641975,4.9753086419753085
cn7,2026,2,lightgbm,0.022006512341864803,0.03396976099975291,0.0007574060000479221,fixed_0.5,0.5681122448979592,0.977092352092352,0.013609872258396475,0.04900819959671736,0.0,0.0,0.0,0.0,396,0,7,0,1.0,0.0,403,7,197,0.42857142857142855,0.6,34.54285714285714,0.5714285714285714,0.3076923076923077,17.714285714285715,0.7142857142857143,0.23809523809523808,13.707482993197278,1.0,0.17073170731707318,9.829268292682928,1.0,0.08641975308641975,4.9753086419753085
cn7,2026,2,lightgbm,0.022006512341864803,0.03396976099975291,0.0007574060000479221,inner_f1,0.5681122448979592,0.977092352092352,0.013609872258396475,0.04900819959671736,0.3157894736842105,0.1935483870967742,0.8571428571428571,0.38928808618453,371,25,1,6,0.14285714285714285,0.06313131313131314,403,7,197,0.42857142857142855,0.6,34.54285714285714,0.5714285714285714,0.3076923076923077,17.714285714285715,0.7142857142857143,0.23809523809523808,13.707482993197278,1.0,0.17073170731707318,9.829268292682928,1.0,0.08641975308641975,4.9753086419753085
cn7,2026,2,lightgbm_balanced,0.3780722975302302,0.03393208399938885,0.0007790439995005727,fixed_0.5,0.5688775510204082,0.9839466089466089,0.015175855626736052,0.05483617800795681,0.47058823529411764,0.4,0.5714285714285714,0.4671877917585706,390,6,3,4,0.42857142857142855,0.015151515151515152,403,7,200,0.2857142857142857,0.4,23.02857142857143,0.5714285714285714,0.3076923076923077,17.714285714285715,0.8571428571428571,0.2857142857142857,16.448979591836732,1.0,0.17073170731707318,9.829268292682928,1.0,0.08641975308641975,4.9753086419753085
cn7,2026,2,lightgbm_balanced,0.3780722975302302,0.03393208399938885,0.0007790439995005727,inner_f1,0.5688775510204082,0.9839466089466089,0.015175855626736052,0.05483617800795681,0.47619047619047616,0.35714285714285715,0.7142857142857143,0.49338584019591275,387,9,2,5,0.2857142857142857,0.022727272727272728,403,7,200,0.2857142857142857,0.4,23.02857142857143,0.5714285714285714,0.3076923076923077,17.714285714285715,0.8571428571428571,0.2857142857142857,16.448979591836732,1.0,0.17073170731707318,9.829268292682928,1.0,0.08641975308641975,4.9753086419753085
rg3,42,0,dummy_prior,0.5,0.0005057039998064283,9.786700320546515e-05,fixed_0.5,0.017766497461928935,0.5,0.017476616248808263,0.08983887272248704,0.0,0.0,0.0,0.0,387,0,7,0,1.0,0.0,394,7,1,0.0,0.0,0.0,0.0,0.0,0.0,0.14285714285714285,0.05,2.814285714285714,0.14285714285714285,0.025,1.407142857142857,0.2857142857142857,0.02531645569620253,1.4249547920433996
rg3,42,0,dummy_prior,0.5,0.0005057039998064283,9.786700320546515e-05,inner_f1,0.017766497461928935,0.5,0.017476616248808263,0.08983887272248704,0.0,0.0,0.0,0.0,387,0,7,0,1.0,0.0,394,7,1,0.0,0.0,0.0,0.0,0.0,0.0,0.14285714285714285,0.05,2.814285714285714,0.14285714285714285,0.025,1.407142857142857,0.2857142857142857,0.02531645569620253,1.4249547920433996
rg3,42,0,logistic,0.0026583729865346604,0.009610812998289475,0.00039168999865069054,fixed_0.5,0.018710209353939695,0.41952750092284974,0.018529542426695557,0.10100113386991587,0.0,0.0,0.0,0.0,387,0,7,0,1.0,0.0,394,7,197,0.0,0.0,0.0,0.0,0.0,0.0,0.0,0.0,0.0,0.14285714285714285,0.025,1.407142857142857,0.14285714285714285,0.012658227848101266,0.7124773960216998
rg3,42,0,logistic,0.0026583729865346604,0.009610812998289475,0.00039168999865069054,inner_f1,0.018710209353939695,0.41952750092284974,0.018529542426695557,0.10100113386991587,0.03526448362720403,0.017948717948717947,1.0,0.013620442892440467,4,383,0,7,0.0,0.9896640826873385,394,7,197,0.0,0.0,0.0,0.0,0.0,0.0,0.0,0.0,0.0,0.14285714285714285,0.025,1.407142857142857,0.14285714285714285,0.012658227848101266,0.7124773960216998
rg3,42,0,logistic_balanced,0.15104490177027358,0.015527425999607658,0.000434298999607563,fixed_0.5,0.01799362506384298,0.4387227759320782,0.23061224827269028,0.6988732759842001,0.015037593984962405,0.007936507936507936,0.14285714285714285,-0.05102260756352232,262,125,6,1,0.8571428571428571,0.32299741602067183,394,7,197,0.0,0.0,0.0,0.0,0.0,0.0,0.0,0.0,0.0,0.0,0.0,0.0,0.14285714285714285,0.012658227848101266,0.7124773960216998
rg3,42,0,logistic_balanced,0.15104490177027358,0.015527425999607658,0.000434298999607563,inner_f1,0.01799362506384298,0.4387227759320782,0.23061224827269028,0.6988732759842001,0.03498542274052478,0.017857142857142856,0.8571428571428571,0.001651555254538963,57,330,1,6,0.14285714285714285,0.8527131782945736,394,7,197,0.0,0.0,0.0,0.0,0.0,0.0,0.0,0.0,0.0,0.0,0.0,0.0,0.14285714285714285,0.012658227848101266,0.7124773960216998
rg3,42,0,xgboost,0.058322250843048096,0.036495383003057214,0.0012143349995312747,fixed_0.5,0.01474719691687554,0.35012919896640826,0.01787405149963491,0.09739255214774803,0.0,0.0,0.0,0.0,387,0,7,0,1.0,0.0,394,7,197,0.0,0.0,0.0,0.0,0.0,0.0,0.0,0.0,0.0,0.0,0.0,0.0,0.0,0.0,0.0
rg3,42,0,xgboost,0.058322250843048096,0.036495383003057214,0.0012143349995312747,inner_f1,0.01474719691687554,0.35012919896640826,0.01787405149963491,0.09739255214774803,0.0,0.0,0.0,-0.019361762058059284,379,8,7,0,1.0,0.020671834625323,394,7,197,0.0,0.0,0.0,0.0,0.0,0.0,0.0,0.0,0.0,0.0,0.0,0.0,0.0,0.0,0.0
rg3,42,0,xgboost_balanced,0.403391033411026,0.04378580899719964,0.0007376399989880156,fixed_0.5,0.0219856973016268,0.517718715393134,0.0566682450901715,0.21564085698012048,0.0,0.0,0.0,-0.02766990250509735,371,16,7,0,1.0,0.041343669250646,394,7,197,0.0,0.0,0.0,0.0,0.0,0.0,0.0,0.0,0.0,0.14285714285714285,0.025,1.407142857142857,0.14285714285714285,0.012658227848101266,0.7124773960216998
rg3,42,0,xgboost_balanced,0.403391033411026,0.04378580899719964,0.0007376399989880156,inner_f1,0.0219856973016268,0.517718715393134,0.0566682450901715,0.21564085698012048,0.0,0.0,0.0,-0.03425297490066169,363,24,7,0,1.0,0.06201550387596899,394,7,197,0.0,0.0,0.0,0.0,0.0,0.0,0.0,0.0,0.0,0.14285714285714285,0.025,1.407142857142857,0.14285714285714285,0.012658227848101266,0.7124773960216998
rg3,42,0,extratrees,0.01603316534300428,1.0024759849984548,0.057244626001192955,fixed_0.5,0.017981210753979966,0.47268364710225175,0.018104493581974655,0.09613741717491532,0.0,0.0,0.0,0.0,387,0,7,0,1.0,0.0,394,7,197,0.0,0.0,0.0,0.0,0.0,0.0,0.0,0.0,0.0,0.0,0.0,0.0,0.0,0.0,0.0
rg3,42,0,extratrees,0.01603316534300428,1.0024759849984548,0.057244626001192955,inner_f1,0.017981210753979966,0.47268364710225175,0.018104493581974655,0.09613741717491532,0.024489795918367346,0.012605042016806723,0.42857142857142855,-0.04826030712756079,152,235,4,3,0.5714285714285714,0.6072351421188631,394,7,197,0.0,0.0,0.0,0.0,0.0,0.0,0.0,0.0,0.0,0.0,0.0,0.0,0.0,0.0,0.0
rg3,42,0,extratrees_balanced,0.37669687508251987,1.0955171340028755,0.05497612399994978,fixed_0.5,0.028324565558570002,0.5524178663713547,0.049119641444169616,0.21792779297187156,0.0,0.0,0.0,0.0,387,0,7,0,1.0,0.0,394,7,197,0.0,0.0,0.0,0.0,0.0,0.0,0.14285714285714285,0.05,2.814285714285714,0.14285714285714285,0.025,1.407142857142857,0.2857142857142857,0.02531645569620253,1.4249547920433996
rg3,42,0,extratrees_balanced,0.37669687508251987,1.0955171340028755,0.05497612399994978,inner_f1,0.028324565558570002,0.5524178663713547,0.049119641444169616,0.21792779297187156,0.0,0.0,0.0,-0.021703407528853153,377,10,7,0,1.0,0.025839793281653745,394,7,197,0.0,0.0,0.0,0.0,0.0,0.0,0.14285714285714285,0.05,2.814285714285714,0.14285714285714285,0.025,1.407142857142857,0.2857142857142857,0.02531645569620253,1.4249547920433996
rg3,42,0,catboost,0.0059181594844461395,0.11473028500040527,0.0007288960005098488,fixed_0.5,0.021243986776779113,0.5258397932816536,0.017577687456366942,0.09072215415579067,0.0,0.0,0.0,0.0,387,0,7,0,1.0,0.0,394,7,197,0.0,0.0,0.0,0.0,0.0,0.0,0.0,0.0,0.0,0.0,0.0,0.0,0.2857142857142857,0.02531645569620253,1.4249547920433996
rg3,42,0,catboost,0.0059181594844461395,0.11473028500040527,0.0007288960005098488,inner_f1,0.021243986776779113,0.5258397932816536,0.017577687456366942,0.09072215415579067,0.034912718204488775,0.017766497461928935,1.0,0.0,0,387,0,7,0.0,1.0,394,7,197,0.0,0.0,0.0,0.0,0.0,0.0,0.0,0.0,0.0,0.0,0.0,0.0,0.2857142857142857,0.02531645569620253,1.4249547920433996
rg3,42,0,catboost_balanced,0.3789826777106165,0.11555428499923437,0.0008438799995929003,fixed_0.5,0.019545142724521326,0.49704688076781095,0.06934373238251483,0.26017481905552226,0.0,0.0,0.0,-0.02942631418226364,369,18,7,0,1.0,0.046511627906976744,394,7,197,0.0,0.0,0.0,0.0,0.0,0.0,0.0,0.0,0.0,0.0,0.0,0.0,0.14285714285714285,0.012658227848101266,0.7124773960216998
rg3,42,0,catboost_balanced,0.3789826777106165,0.11555428499923437,0.0008438799995929003,inner_f1,0.019545142724521326,0.49704688076781095,0.06934373238251483,0.26017481905552226,0.0,0.0,0.0,-0.052442351402472956,335,52,7,0,1.0,0.1343669250645995,394,7,197,0.0,0.0,0.0,0.0,0.0,0.0,0.0,0.0,0.0,0.0,0.0,0.0,0.14285714285714285,0.012658227848101266,0.7124773960216998
rg3,42,0,lightgbm,0.07179559870058916,0.04120857099769637,0.0008334019985341001,fixed_0.5,0.01822316640893057,0.47932816537467704,0.017960276230861733,0.09596612318144762,0.0,0.0,0.0,0.0,387,0,7,0,1.0,0.0,394,7,197,0.0,0.0,0.0,0.0,0.0,0.0,0.0,0.0,0.0,0.0,0.0,0.0,0.0,0.0,0.0
rg3,42,0,lightgbm,0.07179559870058916,0.04120857099769637,0.0008334019985341001,inner_f1,0.01822316640893057,0.47932816537467704,0.017960276230861733,0.09596612318144762,0.0,0.0,0.0,-0.021703407528853153,377,10,7,0,1.0,0.025839793281653745,394,7,197,0.0,0.0,0.0,0.0,0.0,0.0,0.0,0.0,0.0,0.0,0.0,0.0,0.0,0.0,0.0
rg3,42,0,lightgbm_balanced,0.750828178500926,0.03617816100086202,0.0007296340008906554,fixed_0.5,0.028974035022938802,0.5900701365817644,0.061967230787949946,0.2345361955206125,0.0,0.0,0.0,-0.032706450012383606,365,22,7,0,1.0,0.056847545219638244,394,7,197,0.0,0.0,0.0,0.0,0.0,0.0,0.0,0.0,0.0,0.14285714285714285,0.025,1.407142857142857,0.42857142857142855,0.0379746835443038,2.1374321880650995
rg3,42,0,lightgbm_balanced,0.750828178500926,0.03617816100086202,0.0007296340008906554,inner_f1,0.028974035022938802,0.5900701365817644,0.061967230787949946,0.2345361955206125,0.0,0.0,0.0,-0.009606506961737248,385,2,7,0,1.0,0.00516795865633075,394,7,197,0.0,0.0,0.0,0.0,0.0,0.0,0.0,0.0,0.0,0.14285714285714285,0.025,1.407142857142857,0.42857142857142855,0.0379746835443038,2.1374321880650995
rg3,42,1,dummy_prior,0.5,0.00020528499953798018,6.858199776615947e-05,fixed_0.5,0.025380710659898477,0.5,0.024776791465897084,0.11927561100358437,0.0,0.0,0.0,0.0,384,0,10,0,1.0,0.0,394,10,1,0.0,0.0,0.0,0.0,0.0,0.0,0.0,0.0,0.0,0.0,0.0,0.0,0.2,0.02531645569620253,0.9974683544303797
rg3,42,1,dummy_prior,0.5,0.00020528499953798018,6.858199776615947e-05,inner_f1,0.025380710659898477,0.5,0.024776791465897084,0.11927561100358437,0.0,0.0,0.0,0.0,384,0,10,0,1.0,0.0,394,10,1,0.0,0.0,0.0,0.0,0.0,0.0,0.0,0.0,0.0,0.0,0.0,0.0,0.2,0.02531645569620253,0.9974683544303797
rg3,42,1,logistic,0.013918338628533384,0.009928375002346002,0.000720847998309182,fixed_0.5,0.019563515968213416,0.3328125,0.02718667117629494,0.1505263442689267,0.0,0.0,0.0,0.0,384,0,10,0,1.0,0.0,394,10,197,0.0,0.0,0.0,0.0,0.0,0.0,0.0,0.0,0.0,0.0,0.0,0.0,0.0,0.0,0.0
rg3,42,1,logistic,0.013918338628533384,0.009928375002346002,0.000720847998309182,inner_f1,0.019563515968213416,0.3328125,0.02718667117629494,0.1505263442689267,0.010752688172043012,0.005681818181818182,0.1,-0.11253834043023636,209,175,9,1,0.9,0.4557291666666667,394,10,197,0.0,0.0,0.0,0.0,0.0,0.0,0.0,0.0,0.0,0.0,0.0,0.0,0.0,0.0,0.0
rg3,42,1,logistic_balanced,0.7109521453241904,0.012609189001523191,0.0004223119976813905,fixed_0.5,0.019566252879902688,0.328125,0.21283120447697937,0.6680410098853955,0.0,0.0,0.0,-0.09790189013799781,278,106,10,0,1.0,0.2760416666666667,394,10,197,0.0,0.0,0.0,0.0,0.0,0.0,0.0,0.0,0.0,0.0,0.0,0.0,0.0,0.0,0.0
rg3,42,1,logistic_balanced,0.7109521453241904,0.012609189001523191,0.0004223119976813905,inner_f1,0.019566252879902688,0.328125,0.21283120447697937,0.6680410098853955,0.0,0.0,0.0,-0.058671025830733955,338,46,10,0,1.0,0.11979166666666667,394,10,197,0.0,0.0,0.0,0.0,0.0,0.0,0.0,0.0,0.0,0.0,0.0,0.0,0.0,0.0,0.0
rg3,42,1,xgboost,0.03584320470690727,0.03598077200149419,0.0010996390010404866,fixed_0.5,0.01868390900934728,0.30364583333333334,0.025155189021694817,0.1287917823242569,0.0,0.0,0.0,0.0,384,0,10,0,1.0,0.0,394,10,197,0.0,0.0,0.0,0.0,0.0,0.0,0.0,0.0,0.0,0.0,0.0,0.0,0.0,0.0,0.0
rg3,42,1,xgboost,0.03584320470690727,0.03598077200149419,0.0010996390010404866,inner_f1,0.01868390900934728,0.30364583333333334,0.025155189021694817,0.1287917823242569,0.0,0.0,0.0,-0.04632808229131882,354,30,10,0,1.0,0.078125,394,10,197,0.0,0.0,0.0,0.0,0.0,0.0,0.0,0.0,0.0,0.0,0.0,0.0,0.0,0.0,0.0
rg3,42,1,xgboost_balanced,0.32025885581970215,0.04444387200055644,0.0007777430000714958,fixed_0.5,0.037421894070308895,0.4786458333333334,0.05379203997497507,0.21487474869196613,0.0,0.0,0.0,-0.026041666666666668,374,10,10,0,1.0,0.026041666666666668,394,10,197,0.0,0.0,0.0,0.1,0.08333333333333333,3.283333333333333,0.1,0.05,1.9700000000000002,0.2,0.05,1.9700000000000002,0.2,0.02531645569620253,0.9974683544303797
rg3,42,1,xgboost_balanced,0.32025885581970215,0.04444387200055644,0.0007777430000714958,inner_f1,0.037421894070308895,0.4786458333333334,0.05379203997497507,0.21487474869196613,0.09090909090909091,0.058823529411764705,0.2,0.06534640392130713,352,32,8,2,0.8,0.08333333333333333,394,10,197,0.0,0.0,0.0,0.1,0.08333333333333333,3.283333333333333,0.1,0.05,1.9700000000000002,0.2,0.05,1.9700000000000002,0.2,0.02531645569620253,0.9974683544303797
rg3,42,1,extratrees,0.045000000000000005,1.0087143819982884,0.05496485199910239,fixed_0.5,0.030045876357656223,0.47604166666666664,0.025284409285003997,0.13338310146573001,0.0,0.0,0.0,0.0,384,0,10,0,1.0,0.0,394,10,197,0.0,0.0,0.0,0.0,0.0,0.0,0.1,0.05,1.9700000000000002,0.1,0.025,0.9850000000000001,0.2,0.02531645569620253,0.9974683544303797
rg3,42,1,extratrees,0.045000000000000005,1.0087143819982884,0.05496485199910239,inner_f1,0.030045876357656223,0.47604166666666664,0.025284409285003997,0.13338310146573001,0.047619047619047616,0.03125,0.1,0.011095243379239917,353,31,9,1,0.9,0.08072916666666667,394,10,197,0.0,0.0,0.0,0.0,0.0,0.0,0.1,0.05,1.9700000000000002,0.1,0.025,0.9850000000000001,0.2,0.02531645569620253,0.9974683544303797
rg3,42,1,extratrees_balanced,0.37194972375412,1.1059133710004971,0.06491585099865915,fixed_0.5,0.023674939615034193,0.42239583333333336,0.06903582763164004,0.26985144915571857,0.0,0.0,0.0,-0.026041666666666668,374,10,10,0,1.0,0.026041666666666668,394,10,195,0.0,0.0,0.0,0.0,0.0,0.0,0.0,0.0,0.0,0.0,0.0,0.0,0.1,0.012658227848101266,0.49873417721518987
rg3,42,1,extratrees_balanced,0.37194972375412,1.1059133710004971,0.06491585099865915,inner_f1,0.023674939615034193,0.42239583333333336,0.06903582763164004,0.26985144915571857,0.0,0.0,0.0,-0.0527231302600621,346,38,10,0,1.0,0.09895833333333333,394,10,195,0.0,0.0,0.0,0.0,0.0,0.0,0.0,0.0,0.0,0.0,0.0,0.0,0.1,0.012658227848101266,0.49873417721518987
rg3,42,1,catboost,0.023142900473416744,0.1132412100014335,0.0008403930005442817,fixed_0.5,0.021509576295074478,0.36041666666666666,0.02518005930146248,0.13291519343105254,0.0,0.0,0.0,0.0,384,0,10,0,1.0,0.0,394,10,197,0.0,0.0,0.0,0.0,0.0,0.0,0.0,0.0,0.0,0.0,0.0,0.0,0.2,0.02531645569620253,0.9974683544303797
rg3,42,1,catboost,0.023142900473416744,0.1132412100014335,0.0008403930005442817,inner_f1,0.021509576295074478,0.36041666666666666,0.02518005930146248,0.13291519343105254,0.02631578947368421,0.015151515151515152,0.1,-0.029174749434361432,319,65,9,1,0.9,0.16927083333333334,394,10,197,0.0,0.0,0.0,0.0,0.0,0.0,0.0,0.0,0.0,0.0,0.0,0.0,0.2,0.02531645569620253,0.9974683544303797
rg3,42,1,catboost_balanced,0.19410327378313214,0.12257093800144503,0.0008363789966097102,fixed_0.5,0.02188492460499323,0.40260416666666665,0.07008340653399,0.2648169621532101,0.0,0.0,0.0,-0.03320079470373316,368,16,10,0,1.0,0.041666666666666664,394,10,197,0.0,0.0,0.0,0.0,0.0,0.0,0.0,0.0,0.0,0.0,0.0,0.0,0.0,0.0,0.0
rg3,42,1,catboost_balanced,0.19410327378313214,0.12257093800144503,0.0008363789966097102,inner_f1,0.02188492460499323,0.40260416666666665,0.07008340653399,0.2648169621532101,0.028985507246376812,0.015625,0.2,-0.043028250413497136,258,126,8,2,0.8,0.328125,394,10,197,0.0,0.0,0.0,0.0,0.0,0.0,0.0,0.0,0.0,0.0,0.0,0.0,0.0,0.0,0.0
rg3,42,1,lightgbm,0.03910747481890074,0.0366955230019812,0.0007374769993475638,fixed_0.5,0.025650525790689348,0.4463541666666667,0.025513143833552132,0.13204418214393018,0.0,0.0,0.0,0.0,384,0,10,0,1.0,0.0,394,10,197,0.0,0.0,0.0,0.0,0.0,0.0,0.0,0.0,0.0,0.0,0.0,0.0,0.2,0.02531645569620253,0.9974683544303797
rg3,42,1,lightgbm,0.03910747481890074,0.0366955230019812,0.0007374769993475638,inner_f1,0.025650525790689348,0.4463541666666667,0.025513143833552132,0.13204418214393018,0.0,0.0,0.0,-0.04109974682633932,360,24,10,0,1.0,0.0625,394,10,197,0.0,0.0,0.0,0.0,0.0,0.0,0.0,0.0,0.0,0.0,0.0,0.0,0.2,0.02531645569620253,0.9974683544303797
rg3,42,1,lightgbm_balanced,0.5528494590497423,0.04434216099980404,0.0008281139998871367,fixed_0.5,0.03699680006754475,0.4770833333333334,0.06177724875145532,0.2417018351556206,0.0,0.0,0.0,-0.026041666666666668,374,10,10,0,1.0,0.026041666666666668,394,10,197,0.0,0.0,0.0,0.0,0.0,0.0,0.2,0.1,3.9400000000000004,0.2,0.05,1.9700000000000002,0.2,0.02531645569620253,0.9974683544303797
rg3,42,1,lightgbm_balanced,0.5528494590497423,0.04434216099980404,0.0008281139998871367,inner_f1,0.03699680006754475,0.4770833333333334,0.06177724875145532,0.2417018351556206,0.0,0.0,0.0,-0.023231953458229024,376,8,10,0,1.0,0.020833333333333332,394,10,197,0.0,0.0,0.0,0.0,0.0,0.0,0.2,0.1,3.9400000000000004,0.2,0.05,1.9700000000000002,0.2,0.02531645569620253,0.9974683544303797
rg3,42,2,dummy_prior,0.5,0.00026530000104685314,9.932600005413406e-05,fixed_0.5,0.02030456852791878,0.5,0.01989390347599784,0.0992609859292118,0.0,0.0,0.0,0.0,386,0,8,0,1.0,0.0,394,8,1,0.0,0.0,0.0,0.0,0.0,0.0,0.0,0.0,0.0,0.0,0.0,0.0,0.0,0.0,0.0
rg3,42,2,dummy_prior,0.5,0.00026530000104685314,9.932600005413406e-05,inner_f1,0.02030456852791878,0.5,0.01989390347599784,0.0992609859292118,0.0,0.0,0.0,0.0,386,0,8,0,1.0,0.0,394,8,1,0.0,0.0,0.0,0.0,0.0,0.0,0.0,0.0,0.0,0.0,0.0,0.0,0.0,0.0,0.0
rg3,42,2,logistic,0.014432351835740365,0.009547362002194859,0.00042135900002904236,fixed_0.5,0.034179903627748545,0.4643782383419689,0.02052326637412998,0.11502343432642755,0.0,0.0,0.0,0.0,386,0,8,0,1.0,0.0,394,8,197,0.0,0.0,0.0,0.125,0.08333333333333333,4.104166666666667,0.125,0.05,2.4625000000000004,0.125,0.025,1.2312500000000002,0.125,0.012658227848101266,0.6234177215189873
rg3,42,2,logistic,0.014432351835740365,0.009547362002194859,0.00042135900002904236,inner_f1,0.034179903627748545,0.4643782383419689,0.02052326637412998,0.11502343432642755,0.030927835051546393,0.016129032258064516,0.375,-0.02799591337568439,203,183,5,3,0.625,0.4740932642487047,394,8,197,0.0,0.0,0.0,0.125,0.08333333333333333,4.104166666666667,0.125,0.05,2.4625000000000004,0.125,0.025,1.2312500000000002,0.125,0.012658227848101266,0.6234177215189873
rg3,42,2,logistic_balanced,0.46773227746685425,0.013989025999762816,0.00045670499821426347,fixed_0.5,0.048292161881023185,0.4274611398963731,0.20146843102440543,0.6005073819484746,0.03225806451612903,0.017241379310344827,0.25,-0.01402936444846802,272,114,6,2,0.75,0.29533678756476683,394,8,197,0.125,0.25,12.312500000000002,0.125,0.08333333333333333,4.104166666666667,0.125,0.05,2.4625000000000004,0.125,0.025,1.2312500000000002,0.125,0.012658227848101266,0.6234177215189873
rg3,42,2,logistic_balanced,0.46773227746685425,0.013989025999762816,0.00045670499821426347,inner_f1,0.048292161881023185,0.4274611398963731,0.20146843102440543,0.6005073819484746,0.029411764705882353,0.015625,0.25,-0.0230158783799914,260,126,6,2,0.75,0.32642487046632124,394,8,197,0.125,0.25,12.312500000000002,0.125,0.08333333333333333,4.104166666666667,0.125,0.05,2.4625000000000004,0.125,0.025,1.2312500000000002,0.125,0.012658227848101266,0.6234177215189873
rg3,42,2,xgboost,0.01377542968839407,0.0342564249986026,0.0007204749999800697,fixed_0.5,0.07691564195445834,0.3432642487046632,0.01998606650896156,0.10393609414850533,0.0,0.0,0.0,0.0,386,0,8,0,1.0,0.0,394,8,197,0.125,0.25,12.312500000000002,0.125,0.08333333333333333,4.104166666666667,0.125,0.05,2.4625000000000004,0.125,0.025,1.2312500000000002,0.125,0.012658227848101266,0.6234177215189873
rg3,42,2,xgboost,0.01377542968839407,0.0342564249986026,0.0007204749999800697,inner_f1,0.07691564195445834,0.3432642487046632,0.01998606650896156,0.10393609414850533,0.030120481927710843,0.015432098765432098,0.625,-0.0743241949415262,67,319,3,5,0.375,0.8264248704663213,394,8,197,0.125,0.25,12.312500000000002,0.125,0.08333333333333333,4.104166666666667,0.125,0.05,2.4625000000000004,0.125,0.025,1.2312500000000002,0.125,0.012658227848101266,0.6234177215189873
rg3,42,2,xgboost_balanced,0.613593339920044,0.04366491499968106,0.0009058260002348106,fixed_0.5,0.027776082500479575,0.38277202072538863,0.042563668890842205,0.18930225928895364,0.0,0.0,0.0,-0.02072538860103627,378,8,8,0,1.0,0.02072538860103627,394,8,197,0.0,0.0,0.0,0.125,0.08333333333333333,4.104166666666667,0.125,0.05,2.4625000000000004,0.125,0.025,1.2312500000000002,0.25,0.02531645569620253,1.2468354430379747
rg3,42,2,xgboost_balanced,0.613593339920044,0.04366491499968106,0.0009058260002348106,inner_f1,0.027776082500479575,0.38277202072538863,0.042563668890842205,0.18930225928895364,0.0,0.0,0.0,-0.014579714956601745,382,4,8,0,1.0,0.010362694300518135,394,8,197,0.0,0.0,0.0,0.125,0.08333333333333333,4.104166666666667,0.125,0.05,2.4625000000000004,0.125,0.025,1.2312500000000002,0.25,0.02531645569620253,1.2468354430379747
rg3,42,2,extratrees,0.026685154217762914,1.0195114079979248,0.05488935500034131,fixed_0.5,0.02790022805094841,0.5252590673575129,0.02017548105847541,0.10429591208484261,0.0,0.0,0.0,0.0,386,0,8,0,1.0,0.0,394,8,197,0.0,0.0,0.0,0.0,0.0,0.0,0.0,0.0,0.0,0.125,0.025,1.2312500000000002,0.25,0.02531645569620253,1.2468354430379747
rg3,42,2,extratrees,0.026685154217762914,1.0195114079979248,0.05488935500034131,inner_f1,0.02790022805094841,0.5252590673575129,0.02017548105847541,0.10429591208484261,0.04838709677419355,0.02586206896551724,0.375,0.02545327549936341,273,113,5,3,0.625,0.2927461139896373,394,8,197,0.0,0.0,0.0,0.0,0.0,0.0,0.0,0.0,0.0,0.125,0.025,1.2312500000000002,0.25,0.02531645569620253,1.2468354430379747
rg3,42,2,extratrees_balanced,0.6173481266071196,1.121147893001762,0.06534858899976825,fixed_0.5,0.018475678509737185,0.42551813471502586,0.06009328799249998,0.2470467959836844,0.0,0.0,0.0,0.0,386,0,8,0,1.0,0.0,394,8,197,0.0,0.0,0.0,0.0,0.0,0.0,0.0,0.0,0.0,0.0,0.0,0.0,0.0,0.0,0.0
rg3,42,2,extratrees_balanced,0.6173481266071196,1.121147893001762,0.06534858899976825,inner_f1,0.018475678509737185,0.42551813471502586,0.06009328799249998,0.2470467959836844,0.0,0.0,0.0,0.0,386,0,8,0,1.0,0.0,394,8,197,0.0,0.0,0.0,0.0,0.0,0.0,0.0,0.0,0.0,0.0,0.0,0.0,0.0,0.0,0.0
rg3,42,2,catboost,0.010402699353895331,0.11355273300068802,0.000824024999019457,fixed_0.5,0.030873864719496033,0.4255181347150259,0.020001250953559688,0.10314796501984207,0.0,0.0,0.0,0.0,386,0,8,0,1.0,0.0,394,8,197,0.0,0.0,0.0,0.125,0.08333333333333333,4.104166666666667,0.125,0.05,2.4625000000000004,0.125,0.025,1.2312500000000002,0.25,0.02531645569620253,1.2468354430379747
rg3,42,2,catboost,0.010402699353895331,0.11355273300068802,0.000824024999019457,inner_f1,0.030873864719496033,0.4255181347150259,0.020001250953559688,0.10314796501984207,0.031055900621118012,0.01592356687898089,0.625,-0.061539055039907614,77,309,3,5,0.375,0.8005181347150259,394,8,197,0.0,0.0,0.0,0.125,0.08333333333333333,4.104166666666667,0.125,0.05,2.4625000000000004,0.125,0.025,1.2312500000000002,0.25,0.02531645569620253,1.2468354430379747
rg3,42,2,catboost_balanced,0.5439989274636424,0.11470041500069783,0.0008466459985356778,fixed_0.5,0.03133109405188209,0.46243523316062174,0.045362417036485504,0.19969190497974373,0.0,0.0,0.0,-0.02072538860103627,378,8,8,0,1.0,0.02072538860103627,394,8,197,0.0,0.0,0.0,0.125,0.08333333333333333,4.104166666666667,0.125,0.05,2.4625000000000004,0.125,0.025,1.2312500000000002,0.25,0.02531645569620253,1.2468354430379747
rg3,42,2,catboost_balanced,0.5439989274636424,0.11470041500069783,0.0008466459985356778,inner_f1,0.03133109405188209,0.46243523316062174,0.045362417036485504,0.19969190497974373,0.0,0.0,0.0,-0.014579714956601745,382,4,8,0,1.0,0.010362694300518135,394,8,197,0.0,0.0,0.0,0.125,0.08333333333333333,4.104166666666667,0.125,0.05,2.4625000000000004,0.125,0.025,1.2312500000000002,0.25,0.02531645569620253,1.2468354430379747
rg3,42,2,lightgbm,0.01871282372615194,0.03847499699986656,0.0007626000005984679,fixed_0.5,0.031202910453179487,0.322538860103627,0.020236350879177,0.111304881272782,0.0,0.0,0.0,0.0,386,0,8,0,1.0,0.0,394,8,197,0.0,0.0,0.0,0.125,0.08333333333333333,4.104166666666667,0.125,0.05,2.4625000000000004,0.125,0.025,1.2312500000000002,0.25,0.02531645569620253,1.2468354430379747
rg3,42,2,lightgbm,0.01871282372615194,0.03847499699986656,0.0007626000005984679,inner_f1,0.031202910453179487,0.322538860103627,0.020236350879177,0.111304881272782,0.03636363636363636,0.0196078431372549,0.25,-0.002919630379219067,286,100,6,2,0.75,0.25906735751295334,394,8,197,0.0,0.0,0.0,0.125,0.08333333333333333,4.104166666666667,0.125,0.05,2.4625000000000004,0.125,0.025,1.2312500000000002,0.25,0.02531645569620253,1.2468354430379747
rg3,42,2,lightgbm_balanced,0.659876822229724,0.03472401299950434,0.0007230230003187899,fixed_0.5,0.03221059743755279,0.3581606217616581,0.04757821747399944,0.20685340300391683,0.1111111111111111,0.1,0.125,0.09118541732354891,377,9,7,1,0.875,0.023316062176165803,394,8,197,0.0,0.0,0.0,0.125,0.08333333333333333,4.104166666666667,0.125,0.05,2.4625000000000004,0.125,0.025,1.2312500000000002,0.25,0.02531645569620253,1.2468354430379747
rg3,42,2,lightgbm_balanced,0.659876822229724,0.03472401299950434,0.0007230230003187899,inner_f1,0.03221059743755279,0.3581606217616581,0.04757821747399944,0.20685340300391683,0.0,0.0,0.0,-0.014579714956601745,382,4,8,0,1.0,0.010362694300518135,394,8,197,0.0,0.0,0.0,0.125,0.08333333333333333,4.104166666666667,0.125,0.05,2.4625000000000004,0.125,0.025,1.2312500000000002,0.25,0.02531645569620253,1.2468354430379747
rg3,1729,0,dummy_prior,0.5,0.0002414640002825763,9.339399912278168e-05,fixed_0.5,0.027918781725888325,0.5,0.027242392228606773,0.12995073399332752,0.0,0.0,0.0,0.0,383,0,11,0,1.0,0.0,394,11,1,0.0,0.0,0.0,0.0,0.0,0.0,0.0,0.0,0.0,0.0,0.0,0.0,0.2727272727272727,0.0379746835443038,1.3601841196777906
rg3,1729,0,dummy_prior,0.5,0.0002414640002825763,9.339399912278168e-05,inner_f1,0.027918781725888325,0.5,0.027242392228606773,0.12995073399332752,0.0,0.0,0.0,0.0,383,0,11,0,1.0,0.0,394,11,1,0.0,0.0,0.0,0.0,0.0,0.0,0.0,0.0,0.0,0.0,0.0,0.0,0.2727272727272727,0.0379746835443038,1.3601841196777906
rg3,1729,0,logistic,0.0002385905236030938,0.01023352699849056,0.00039981499867280945,fixed_0.5,0.028213343253606592,0.5023736055067648,0.027623290077153466,0.13833628708313214,0.0,0.0,0.0,0.0,383,0,11,0,1.0,0.0,394,11,197,0.0,0.0,0.0,0.0,0.0,0.0,0.0,0.0,0.0,0.0,0.0,0.0,0.09090909090909091,0.012658227848101266,0.4533947065592635
rg3,1729,0,logistic,0.0002385905236030938,0.01023352699849056,0.00039981499867280945,inner_f1,0.028213343253606592,0.5023736055067648,0.027623290077153466,0.13833628708313214,0.05432098765432099,0.027918781725888325,1.0,0.0,0,383,0,11,0.0,1.0,394,11,197,0.0,0.0,0.0,0.0,0.0,0.0,0.0,0.0,0.0,0.0,0.0,0.0,0.09090909090909091,0.012658227848101266,0.4533947065592635
rg3,1729,0,logistic_balanced,5.594428275653735e-06,0.013768239001365146,0.000514292001753347,fixed_0.5,0.02739106721564579,0.4838594825539996,0.18442227557114987,0.5704093480034389,0.0,0.0,0.0,-0.09353785312545769,291,92,11,0,1.0,0.2402088772845953,394,11,197,0.0,0.0,0.0,0.0,0.0,0.0,0.0,0.0,0.0,0.0,0.0,0.0,0.0,0.0,0.0
rg3,1729,0,logistic_balanced,5.594428275653735e-06,0.013768239001365146,0.000514292001753347,inner_f1,0.02739106721564579,0.4838594825539996,0.18442227557114987,0.5704093480034389,0.05459057071960298,0.02806122448979592,1.0,0.012105115007557458,2,381,0,11,0.0,0.9947780678851175,394,11,197,0.0,0.0,0.0,0.0,0.0,0.0,0.0,0.0,0.0,0.0,0.0,0.0,0.0,0.0,0.0
rg3,1729,0,xgboost,0.01009349338710308,0.03696192799907294,0.0010830700011865702,fixed_0.5,0.03458948632100542,0.5431996202231189,0.027239844609001813,0.12999941591105557,0.0,0.0,0.0,0.0,383,0,11,0,1.0,0.0,394,11,197,0.0,0.0,0.0,0.0,0.0,0.0,0.0,0.0,0.0,0.18181818181818182,0.05,1.790909090909091,0.18181818181818182,0.02531645569620253,0.906789413118527
rg3,1729,0,xgboost,0.01009349338710308,0.03696192799907294,0.0010830700011865702,inner_f1,0.03458948632100542,0.5431996202231189,0.027239844609001813,0.12999941591105557,0.056847545219638244,0.02925531914893617,1.0,0.037079962450826495,18,365,0,11,0.0,0.9530026109660574,394,11,197,0.0,0.0,0.0,0.0,0.0,0.0,0.0,0.0,0.0,0.18181818181818182,0.05,1.790909090909091,0.18181818181818182,0.02531645569620253,0.906789413118527
rg3,1729,0,xgboost_balanced,0.0032410197891294956,0.04273694099902059,0.0009369590006826911,fixed_0.5,0.11084823566198218,0.6609304533586517,0.04097004310072413,0.1731306637956189,0.13333333333333333,0.25,0.09090909090909091,0.13652431796595635,380,3,10,1,0.9090909090909091,0.007832898172323759,394,11,197,0.09090909090909091,0.25,8.954545454545455,0.09090909090909091,0.08333333333333333,2.9848484848484844,0.18181818181818182,0.1,3.581818181818182,0.36363636363636365,0.1,3.581818181818182,0.5454545454545454,0.0759493670886076,2.7203682393555813
rg3,1729,0,xgboost_balanced,0.0032410197891294956,0.04273694099902059,0.0009369590006826911,inner_f1,0.11084823566198218,0.6609304533586517,0.04097004310072413,0.1731306637956189,0.05432098765432099,0.027918781725888325,1.0,0.0,0,383,0,11,0.0,1.0,394,11,197,0.09090909090909091,0.25,8.954545454545455,0.09090909090909091,0.08333333333333333,2.9848484848484844,0.18181818181818182,0.1,3.581818181818182,0.36363636363636365,0.1,3.581818181818182,0.5454545454545454,0.0759493670886076,2.7203682393555813
rg3,1729,0,extratrees,0.0,1.019144251000398,0.055503775998658966,fixed_0.5,0.06075511537572853,0.5887728459530026,0.02709025004521409,0.13079158524931192,0.0,0.0,0.0,0.0,383,0,11,0,1.0,0.0,394,11,197,0.0,0.0,0.0,0.09090909090909091,0.08333333333333333,2.9848484848484844,0.18181818181818182,0.1,3.581818181818182,0.18181818181818182,0.05,1.790909090909091,0.45454545454545453,0.06329113924050633,2.266973532796318
rg3,1729,0,extratrees,0.0,1.019144251000398,0.055503775998658966,inner_f1,0.06075511537572853,0.5887728459530026,0.02709025004521409,0.13079158524931192,0.05432098765432099,0.027918781725888325,1.0,0.0,0,383,0,11,0.0,1.0,394,11,197,0.0,0.0,0.0,0.09090909090909091,0.08333333333333333,2.9848484848484844,0.18181818181818182,0.1,3.581818181818182,0.18181818181818182,0.05,1.790909090909091,0.45454545454545453,0.06329113924050633,2.266973532796318
rg3,1729,0,extratrees_balanced,0.0,1.096190062999085,0.05599843799791415,fixed_0.5,0.06791767556236253,0.5887728459530026,0.06596678323018021,0.2608035636690857,0.0,0.0,0.0,-0.021074472746038325,377,6,11,0,1.0,0.015665796344647518,394,11,197,0.0,0.0,0.0,0.09090909090909091,0.08333333333333333,2.9848484848484844,0.18181818181818182,0.1,3.581818181818182,0.36363636363636365,0.1,3.581818181818182,0.45454545454545453,0.06329113924050633,2.266973532796318
rg3,1729,0,extratrees_balanced,0.0,1.096190062999085,0.05599843799791415,inner_f1,0.06791767556236253,0.5887728459530026,0.06596678323018021,0.2608035636690857,0.05432098765432099,0.027918781725888325,1.0,0.0,0,383,0,11,0.0,1.0,394,11,197,0.0,0.0,0.0,0.09090909090909091,0.08333333333333333,2.9848484848484844,0.18181818181818182,0.1,3.581818181818182,0.36363636363636365,0.1,3.581818181818182,0.45454545454545453,0.06329113924050633,2.266973532796318
rg3,1729,0,catboost,0.001794732005651787,0.12173820200041519,0.0008223160002671648,fixed_0.5,0.03351086407917228,0.5379776881082364,0.027399067670328243,0.1338988520427383,0.0,0.0,0.0,0.0,383,0,11,0,1.0,0.0,394,11,197,0.0,0.0,0.0,0.0,0.0,0.0,0.0,0.0,0.0,0.09090909090909091,0.025,0.8954545454545455,0.2727272727272727,0.0379746835443038,1.3601841196777906
rg3,1729,0,catboost,0.001794732005651787,0.12173820200041519,0.0008223160002671648,inner_f1,0.03351086407917228,0.5379776881082364,0.027399067670328243,0.1338988520427383,0.05432098765432099,0.027918781725888325,1.0,0.0,0,383,0,11,0.0,1.0,394,11,197,0.0,0.0,0.0,0.0,0.0,0.0,0.0,0.0,0.0,0.09090909090909091,0.025,0.8954545454545455,0.2727272727272727,0.0379746835443038,1.3601841196777906
rg3,1729,0,catboost_balanced,0.0013676700277511992,0.1160068390017841,0.0012253969980520196,fixed_0.5,0.04322662323945571,0.5721576074056491,0.044849405078310416,0.189098080724539,0.0,0.0,0.0,-0.027348363483114042,373,10,11,0,1.0,0.02610966057441253,394,11,197,0.0,0.0,0.0,0.0,0.0,0.0,0.0,0.0,0.0,0.09090909090909091,0.025,0.8954545454545455,0.45454545454545453,0.06329113924050633,2.266973532796318
rg3,1729,0,catboost_balanced,0.0013676700277511992,0.1160068390017841,0.0012253969980520196,inner_f1,0.04322662323945571,0.5721576074056491,0.044849405078310416,0.189098080724539,0.05432098765432099,0.027918781725888325,1.0,0.0,0,383,0,11,0.0,1.0,394,11,197,0.0,0.0,0.0,0.0,0.0,0.0,0.0,0.0,0.0,0.09090909090909091,0.025,0.8954545454545455,0.45454545454545453,0.06329113924050633,2.266973532796318
rg3,1729,0,lightgbm,0.0019027889519270204,0.03782247799972538,0.0008556559987482615,fixed_0.5,0.10729588047274576,0.6822929029195347,0.02702368977710931,0.12777959236621717,0.0,0.0,0.0,0.0,383,0,11,0,1.0,0.0,394,11,197,0.09090909090909091,0.25,8.954545454545455,0.18181818181818182,0.16666666666666666,5.969696969696969,0.18181818181818182,0.1,3.581818181818182,0.2727272727272727,0.075,2.686363636363636,0.36363636363636365,0.05063291139240506,1.813578826237054
rg3,1729,0,lightgbm,0.0019027889519270204,0.03782247799972538,0.0008556559987482615,inner_f1,0.10729588047274576,0.6822929029195347,0.02702368977710931,0.12777959236621717,0.05432098765432099,0.027918781725888325,1.0,0.0,0,383,0,11,0.0,1.0,394,11,197,0.09090909090909091,0.25,8.954545454545455,0.18181818181818182,0.16666666666666666,5.969696969696969,0.18181818181818182,0.1,3.581818181818182,0.2727272727272727,0.075,2.686363636363636,0.36363636363636365,0.05063291139240506,1.813578826237054
rg3,1729,0,lightgbm_balanced,0.005077793523631931,0.042706584001280135,0.000771439001255203,fixed_0.5,0.09119839178665003,0.6324471872774746,0.0470217743273032,0.19833249033372832,0.11764705882352941,0.16666666666666666,0.09090909090909091,0.10473374334394804,378,5,10,1,0.9090909090909091,0.013054830287206266,394,11,197,0.09090909090909091,0.25,8.954545454545455,0.09090909090909091,0.08333333333333333,2.9848484848484844,0.09090909090909091,0.05,1.790909090909091,0.18181818181818182,0.05,1.790909090909091,0.45454545454545453,0.06329113924050633,2.266973532796318
rg3,1729,0,lightgbm_balanced,0.005077793523631931,0.042706584001280135,0.000771439001255203,inner_f1,0.09119839178665003,0.6324471872774746,0.0470217743273032,0.19833249033372832,0.05432098765432099,0.027918781725888325,1.0,0.0,0,383,0,11,0.0,1.0,394,11,197,0.09090909090909091,0.25,8.954545454545455,0.09090909090909091,0.08333333333333333,2.9848484848484844,0.09090909090909091,0.05,1.790909090909091,0.18181818181818182,0.05,1.790909090909091,0.45454545454545453,0.06329113924050633,2.266973532796318
rg3,1729,1,dummy_prior,0.5,0.00020139999833190814,0.0001456339996366296,fixed_0.5,0.017766497461928935,0.5,0.017476616248808266,0.08983887272248704,0.0,0.0,0.0,0.0,387,0,7,0,1.0,0.0,394,7,1,0.0,0.0,0.0,0.0,0.0,0.0,0.0,0.0,0.0,0.0,0.0,0.0,0.14285714285714285,0.012658227848101266,0.7124773960216998
rg3,1729,1,dummy_prior,0.5,0.00020139999833190814,0.0001456339996366296,inner_f1,0.017766497461928935,0.5,0.017476616248808266,0.08983887272248704,0.0,0.0,0.0,0.0,387,0,7,0,1.0,0.0,394,7,1,0.0,0.0,0.0,0.0,0.0,0.0,0.0,0.0,0.0,0.0,0.0,0.0,0.14285714285714285,0.012658227848101266,0.7124773960216998
rg3,1729,1,logistic,0.11804980969975269,0.011419454000133555,0.0006996189986239187,fixed_0.5,0.02197873187966539,0.4638242894056847,0.017986010388348767,0.09764397054629792,0.0,0.0,0.0,0.0,387,0,7,0,1.0,0.0,394,7,197,0.0,0.0,0.0,0.0,0.0,0.0,0.0,0.0,0.0,0.14285714285714285,0.025,1.407142857142857,0.14285714285714285,0.012658227848101266,0.7124773960216998
rg3,1729,1,logistic,0.11804980969975269,0.011419454000133555,0.0006996189986239187,inner_f1,0.02197873187966539,0.4638242894056847,0.017986010388348767,0.09764397054629792,0.0,0.0,0.0,-0.013620442892440467,383,4,7,0,1.0,0.0103359173126615,394,7,197,0.0,0.0,0.0,0.0,0.0,0.0,0.0,0.0,0.0,0.14285714285714285,0.025,1.407142857142857,0.14285714285714285,0.012658227848101266,0.7124773960216998
rg3,1729,1,logistic_balanced,0.8479411241284703,0.013986300997203216,0.0004240500020387117,fixed_0.5,0.024126690262962748,0.49704688076781095,0.23045999336348622,0.6752161246625323,0.027972027972027972,0.014705882352941176,0.2857142857142857,-0.016821318670560845,253,134,5,2,0.7142857142857143,0.3462532299741602,394,7,197,0.0,0.0,0.0,0.0,0.0,0.0,0.0,0.0,0.0,0.14285714285714285,0.025,1.407142857142857,0.2857142857142857,0.02531645569620253,1.4249547920433996
rg3,1729,1,logistic_balanced,0.8479411241284703,0.013986300997203216,0.0004240500020387117,inner_f1,0.024126690262962748,0.49704688076781095,0.23045999336348622,0.6752161246625323,0.06060606060606061,0.038461538461538464,0.14285714285714285,0.041640964009206013,362,25,6,1,0.8571428571428571,0.06459948320413436,394,7,197,0.0,0.0,0.0,0.0,0.0,0.0,0.0,0.0,0.0,0.14285714285714285,0.025,1.407142857142857,0.2857142857142857,0.02531645569620253,1.4249547920433996
rg3,1729,1,xgboost,0.01987205259501934,0.04160548999789171,0.0012717760000668932,fixed_0.5,0.01485667482638733,0.35825027685492794,0.018026121455677332,0.09929438608562467,0.0,0.0,0.0,0.0,387,0,7,0,1.0,0.0,394,7,197,0.0,0.0,0.0,0.0,0.0,0.0,0.0,0.0,0.0,0.0,0.0,0.0,0.0,0.0,0.0
rg3,1729,1,xgboost,0.01987205259501934,0.04160548999789171,0.0012717760000668932,inner_f1,0.01485667482638733,0.35825027685492794,0.018026121455677332,0.09929438608562467,0.02030456852791878,0.010526315789473684,0.2857142857142857,-0.05289357237994413,199,188,5,2,0.7142857142857143,0.48578811369509045,394,7,197,0.0,0.0,0.0,0.0,0.0,0.0,0.0,0.0,0.0,0.0,0.0,0.0,0.0,0.0,0.0
rg3,1729,1,xgboost_balanced,0.6998082995414734,0.045398564001516206,0.0007524089996877592,fixed_0.5,0.01945895215947832,0.41435954226651894,0.05717394475255811,0.2200563440092329,0.0,0.0,0.0,-0.031100884057415703,367,20,7,0,1.0,0.05167958656330749,394,7,197,0.0,0.0,0.0,0.0,0.0,0.0,0.0,0.0,0.0,0.0,0.0,0.0,0.2857142857142857,0.02531645569620253,1.4249547920433996
rg3,1729,1,xgboost_balanced,0.6998082995414734,0.045398564001516206,0.0007524089996877592,inner_f1,0.01945895215947832,0.41435954226651894,0.05717394475255811,0.2200563440092329,0.0,0.0,0.0,-0.013620442892440467,383,4,7,0,1.0,0.0103359173126615,394,7,197,0.0,0.0,0.0,0.0,0.0,0.0,0.0,0.0,0.0,0.0,0.0,0.0,0.2857142857142857,0.02531645569620253,1.4249547920433996
rg3,1729,1,extratrees,0.05383879481085362,1.0108837660009158,0.05653096999958507,fixed_0.5,0.016164798814316636,0.387781469176818,0.018606495306482736,0.18820524213415823,0.0,0.0,0.0,0.0,387,0,7,0,1.0,0.0,394,7,190,0.0,0.0,0.0,0.0,0.0,0.0,0.0,0.0,0.0,0.0,0.0,0.0,0.0,0.0,0.0
rg3,1729,1,extratrees,0.05383879481085362,1.0108837660009158,0.05653096999958507,inner_f1,0.016164798814316636,0.387781469176818,0.018606495306482736,0.18820524213415823,0.0,0.0,0.0,-0.07000875164096687,303,84,7,0,1.0,0.21705426356589147,394,7,190,0.0,0.0,0.0,0.0,0.0,0.0,0.0,0.0,0.0,0.0,0.0,0.0,0.0,0.0,0.0
rg3,1729,1,extratrees_balanced,0.33772264827650794,1.1086400040003355,0.05584763899969403,fixed_0.5,0.014979009745062936,0.35234403839055,0.07092152257862891,0.34583433005161335,0.0,0.0,0.0,-0.032706450012383606,365,22,7,0,1.0,0.056847545219638244,394,7,181,0.0,0.0,0.0,0.0,0.0,0.0,0.0,0.0,0.0,0.0,0.0,0.0,0.14285714285714285,0.012658227848101266,0.7124773960216998
rg3,1729,1,extratrees_balanced,0.33772264827650794,1.1086400040003355,0.05584763899969403,inner_f1,0.014979009745062936,0.35234403839055,0.07092152257862891,0.34583433005161335,0.022988505747126436,0.0125,0.14285714285714285,-0.02012304822524653,308,79,6,1,0.8571428571428571,0.2041343669250646,394,7,181,0.0,0.0,0.0,0.0,0.0,0.0,0.0,0.0,0.0,0.0,0.0,0.0,0.14285714285714285,0.012658227848101266,0.7124773960216998
rg3,1729,1,catboost,0.010706276572200753,0.12091660400255932,0.0008147369990183506,fixed_0.5,0.015377883211742572,0.3626799557032115,0.017856412562720136,0.10018461554823777,0.0,0.0,0.0,0.0,387,0,7,0,1.0,0.0,394,7,197,0.0,0.0,0.0,0.0,0.0,0.0,0.0,0.0,0.0,0.0,0.0,0.0,0.0,0.0,0.0
rg3,1729,1,catboost,0.010706276572200753,0.12091660400255932,0.0008147369990183506,inner_f1,0.015377883211742572,0.3626799557032115,0.017856412562720136,0.10018461554823777,0.022304832713754646,0.011450381679389313,0.42857142857142855,-0.0673605278861168,128,259,4,3,0.5714285714285714,0.6692506459948321,394,7,197,0.0,0.0,0.0,0.0,0.0,0.0,0.0,0.0,0.0,0.0,0.0,0.0,0.0,0.0,0.0
rg3,1729,1,catboost_balanced,0.2687745479434871,0.11456998699941323,0.0007563520011899527,fixed_0.5,0.01754250103711058,0.42469545957918053,0.07041885009635666,0.2573173971032381,0.0,0.0,0.0,-0.03574837476262026,361,26,7,0,1.0,0.06718346253229975,394,7,197,0.0,0.0,0.0,0.0,0.0,0.0,0.0,0.0,0.0,0.0,0.0,0.0,0.14285714285714285,0.012658227848101266,0.7124773960216998
rg3,1729,1,catboost_balanced,0.2687745479434871,0.11456998699941323,0.0007563520011899527,inner_f1,0.01754250103711058,0.42469545957918053,0.07041885009635666,0.2573173971032381,0.020202020202020204,0.010869565217391304,0.14285714285714285,-0.028816293641039502,296,91,6,1,0.8571428571428571,0.2351421188630491,394,7,197,0.0,0.0,0.0,0.0,0.0,0.0,0.0,0.0,0.0,0.0,0.0,0.0,0.14285714285714285,0.012658227848101266,0.7124773960216998
rg3,1729,1,lightgbm,0.05985444259022298,0.04407119700044859,0.000974216000031447,fixed_0.5,0.017995594172066545,0.37596899224806196,0.01816718264564028,0.10469019058221488,0.0,0.0,0.0,0.0,387,0,7,0,1.0,0.0,394,7,197,0.0,0.0,0.0,0.0,0.0,0.0,0.0,0.0,0.0,0.0,0.0,0.0,0.2857142857142857,0.02531645569620253,1.4249547920433996
rg3,1729,1,lightgbm,0.05985444259022298,0.04407119700044859,0.000974216000031447,inner_f1,0.017995594172066545,0.37596899224806196,0.01816718264564028,0.10469019058221488,0.0,0.0,0.0,-0.02766990250509735,371,16,7,0,1.0,0.041343669250646,394,7,197,0.0,0.0,0.0,0.0,0.0,0.0,0.0,0.0,0.0,0.0,0.0,0.0,0.2857142857142857,0.02531645569620253,1.4249547920433996
rg3,1729,1,lightgbm_balanced,0.7962991967499073,0.03841073600051459,0.0008239279995905235,fixed_0.5,0.021808815948416403,0.399593946105574,0.06277837267818516,0.24081274702500277,0.0,0.0,0.0,-0.032706450012383606,365,22,7,0,1.0,0.056847545219638244,394,7,197,0.0,0.0,0.0,0.0,0.0,0.0,0.0,0.0,0.0,0.14285714285714285,0.025,1.407142857142857,0.2857142857142857,0.02531645569620253,1.4249547920433996
rg3,1729,1,lightgbm_balanced,0.7962991967499073,0.03841073600051459,0.0008239279995905235,inner_f1,0.021808815948416403,0.399593946105574,0.06277837267818516,0.24081274702500277,0.0,0.0,0.0,0.0,387,0,7,0,1.0,0.0,394,7,197,0.0,0.0,0.0,0.0,0.0,0.0,0.0,0.0,0.0,0.14285714285714285,0.025,1.407142857142857,0.2857142857142857,0.02531645569620253,1.4249547920433996
rg3,1729,2,dummy_prior,0.5,0.000519745000929106,0.00010386400026618503,fixed_0.5,0.017766497461928935,0.5,0.017476616248808266,0.08983887272248706,0.0,0.0,0.0,0.0,387,0,7,0,1.0,0.0,394,7,1,0.0,0.0,0.0,0.0,0.0,0.0,0.14285714285714285,0.05,2.814285714285714,0.14285714285714285,0.025,1.407142857142857,0.14285714285714285,0.012658227848101266,0.7124773960216998
rg3,1729,2,dummy_prior,0.5,0.000519745000929106,0.00010386400026618503,inner_f1,0.017766497461928935,0.5,0.017476616248808266,0.08983887272248706,0.0,0.0,0.0,0.0,387,0,7,0,1.0,0.0,394,7,1,0.0,0.0,0.0,0.0,0.0,0.0,0.14285714285714285,0.05,2.814285714285714,0.14285714285714285,0.025,1.407142857142857,0.14285714285714285,0.012658227848101266,0.7124773960216998
rg3,1729,2,logistic,0.07793550616945477,0.010862650000490248,0.0004633940006897319,fixed_0.5,0.014542976740822625,0.340531561461794,0.018393341460730173,0.10804663773397248,0.0,0.0,0.0,0.0,387,0,7,0,1.0,0.0,394,7,197,0.0,0.0,0.0,0.0,0.0,0.0,0.0,0.0,0.0,0.0,0.0,0.0,0.0,0.0,0.0
rg3,1729,2,logistic,0.07793550616945477,0.010862650000490248,0.0004633940006897319,inner_f1,0.014542976740822625,0.340531561461794,0.018393341460730173,0.10804663773397248,0.0,0.0,0.0,-0.021703407528853153,377,10,7,0,1.0,0.025839793281653745,394,7,197,0.0,0.0,0.0,0.0,0.0,0.0,0.0,0.0,0.0,0.0,0.0,0.0,0.0,0.0,0.0
rg3,1729,2,logistic_balanced,0.0011956099213267886,0.013367391999054234,0.0004249829980835784,fixed_0.5,0.01392597610846015,0.31985972683647096,0.20444168587763398,0.6004692386097377,0.0,0.0,0.0,-0.08581573914656516,273,114,7,0,1.0,0.29457364341085274,394,7,197,0.0,0.0,0.0,0.0,0.0,0.0,0.0,0.0,0.0,0.0,0.0,0.0,0.0,0.0,0.0
rg3,1729,2,logistic_balanced,0.0011956099213267886,0.013367391999054234,0.0004249829980835784,inner_f1,0.01392597610846015,0.31985972683647096,0.20444168587763398,0.6004692386097377,0.034912718204488775,0.017766497461928935,1.0,0.0,0,387,0,7,0.0,1.0,394,7,197,0.0,0.0,0.0,0.0,0.0,0.0,0.0,0.0,0.0,0.0,0.0,0.0,0.0,0.0,0.0
rg3,1729,2,xgboost,0.048320621252059937,0.03734658800021862,0.0007920499992906116,fixed_0.5,0.01320685414232434,0.27851605758582504,0.017854019615221647,0.09888437488022629,0.0,0.0,0.0,0.0,387,0,7,0,1.0,0.0,394,7,197,0.0,0.0,0.0,0.0,0.0,0.0,0.0,0.0,0.0,0.0,0.0,0.0,0.0,0.0,0.0
rg3,1729,2,xgboost,0.048320621252059937,0.03734658800021862,0.0007920499992906116,inner_f1,0.01320685414232434,0.27851605758582504,0.017854019615221647,0.09888437488022629,0.0,0.0,0.0,-0.02383704844238779,375,12,7,0,1.0,0.031007751937984496,394,7,197,0.0,0.0,0.0,0.0,0.0,0.0,0.0,0.0,0.0,0.0,0.0,0.0,0.0,0.0,0.0
rg3,1729,2,xgboost_balanced,0.3170638680458069,0.046581853999668965,0.0008046729999477975,fixed_0.5,0.014437834995123248,0.34348468069398297,0.05371848870759202,0.2120999331425054,0.0,0.0,0.0,-0.025814621222141714,373,14,7,0,1.0,0.03617571059431524,394,7,197,0.0,0.0,0.0,0.0,0.0,0.0,0.0,0.0,0.0,0.0,0.0,0.0,0.0,0.0,0.0
rg3,1729,2,xgboost_balanced,0.3170638680458069,0.046581853999668965,0.0008046729999477975,inner_f1,0.014437834995123248,0.34348468069398297,0.05371848870759202,0.2120999331425054,0.0,0.0,0.0,-0.043940028757668,349,38,7,0,1.0,0.09819121447028424,394,7,197,0.0,0.0,0.0,0.0,0.0,0.0,0.0,0.0,0.0,0.0,0.0,0.0,0.0,0.0,0.0
rg3,1729,2,extratrees,0.038364875864875865,1.008373931999813,0.0553048330002639,fixed_0.5,0.01715857576367958,0.437984496124031,0.017950264931342903,0.10056860579146622,0.0,0.0,0.0,0.0,387,0,7,0,1.0,0.0,394,7,197,0.0,0.0,0.0,0.0,0.0,0.0,0.0,0.0,0.0,0.0,0.0,0.0,0.0,0.0,0.0
rg3,1729,2,extratrees,0.038364875864875865,1.008373931999813,0.0553048330002639,inner_f1,0.01715857576367958,0.437984496124031,0.017950264931342903,0.10056860579146622,0.0,0.0,0.0,-0.04645653890516615,345,42,7,0,1.0,0.10852713178294573,394,7,197,0.0,0.0,0.0,0.0,0.0,0.0,0.0,0.0,0.0,0.0,0.0,0.0,0.0,0.0,0.0
rg3,1729,2,extratrees_balanced,0.47308233313777415,1.0917373420015792,0.05515339699923061,fixed_0.5,0.020010615165934338,0.4815430047988187,0.06297578934735672,0.25794796856294105,0.0,0.0,0.0,-0.013620442892440467,383,4,7,0,1.0,0.0103359173126615,394,7,197,0.0,0.0,0.0,0.0,0.0,0.0,0.0,0.0,0.0,0.0,0.0,0.0,0.14285714285714285,0.012658227848101266,0.7124773960216998
rg3,1729,2,extratrees_balanced,0.47308233313777415,1.0917373420015792,0.05515339699923061,inner_f1,0.020010615165934338,0.4815430047988187,0.06297578934735672,0.25794796856294105,0.0,0.0,0.0,-0.021703407528853153,377,10,7,0,1.0,0.025839793281653745,394,7,197,0.0,0.0,0.0,0.0,0.0,0.0,0.0,0.0,0.0,0.0,0.0,0.0,0.14285714285714285,0.012658227848101266,0.7124773960216998
rg3,1729,2,catboost,0.054574484592424796,0.11402623300091363,0.0007483720000891481,fixed_0.5,0.015333951606997864,0.3767072720561092,0.017612380890968313,0.09411476317921363,0.0,0.0,0.0,0.0,387,0,7,0,1.0,0.0,394,7,197,0.0,0.0,0.0,0.0,0.0,0.0,0.0,0.0,0.0,0.0,0.0,0.0,0.0,0.0,0.0
rg3,1729,2,catboost,0.054574484592424796,0.11402623300091363,0.0007483720000891481,inner_f1,0.015333951606997864,0.3767072720561092,0.017612380890968313,0.09411476317921363,0.0,0.0,0.0,0.0,387,0,7,0,1.0,0.0,394,7,197,0.0,0.0,0.0,0.0,0.0,0.0,0.0,0.0,0.0,0.0,0.0,0.0,0.0,0.0,0.0
rg3,1729,2,catboost_balanced,0.3379084968641838,0.1201560259978578,0.0012557219997688662,fixed_0.5,0.0168220233365081,0.39959394610557397,0.07212264214774645,0.2744796919687182,0.0,0.0,0.0,-0.02942631418226364,369,18,7,0,1.0,0.046511627906976744,394,7,197,0.0,0.0,0.0,0.0,0.0,0.0,0.0,0.0,0.0,0.0,0.0,0.0,0.14285714285714285,0.012658227848101266,0.7124773960216998
rg3,1729,2,catboost_balanced,0.3379084968641838,0.1201560259978578,0.0012557219997688662,inner_f1,0.0168220233365081,0.39959394610557397,0.07212264214774645,0.2744796919687182,0.02531645569620253,0.013888888888888888,0.14285714285714285,-0.013880144857614737,316,71,6,1,0.8571428571428571,0.1834625322997416,394,7,197,0.0,0.0,0.0,0.0,0.0,0.0,0.0,0.0,0.0,0.0,0.0,0.0,0.14285714285714285,0.012658227848101266,0.7124773960216998
rg3,1729,2,lightgbm,0.08864287607180545,0.03949716900024214,0.0008712690032552928,fixed_0.5,0.01394716730288572,0.30804724990771504,0.017925559859469208,0.10295041120727703,0.0,0.0,0.0,0.0,387,0,7,0,1.0,0.0,394,7,197,0.0,0.0,0.0,0.0,0.0,0.0,0.0,0.0,0.0,0.0,0.0,0.0,0.0,0.0,0.0
rg3,1729,2,lightgbm,0.08864287607180545,0.03949716900024214,0.0008712690032552928,inner_f1,0.01394716730288572,0.30804724990771504,0.017925559859469208,0.10295041120727703,0.0,0.0,0.0,-0.009606506961737248,385,2,7,0,1.0,0.00516795865633075,394,7,197,0.0,0.0,0.0,0.0,0.0,0.0,0.0,0.0,0.0,0.0,0.0,0.0,0.0,0.0,0.0
rg3,1729,2,lightgbm_balanced,0.36990058477548604,0.036716717997478554,0.0007384839991573244,fixed_0.5,0.015334696770897866,0.375968992248062,0.05932445198830981,0.2300356777949035,0.0,0.0,0.0,-0.02766990250509735,371,16,7,0,1.0,0.041343669250646,394,7,197,0.0,0.0,0.0,0.0,0.0,0.0,0.0,0.0,0.0,0.0,0.0,0.0,0.0,0.0,0.0
rg3,1729,2,lightgbm_balanced,0.36990058477548604,0.036716717997478554,0.0007384839991573244,inner_f1,0.015334696770897866,0.375968992248062,0.05932445198830981,0.2300356777949035,0.0,0.0,0.0,-0.04264845222055716,351,36,7,0,1.0,0.09302325581395349,394,7,197,0.0,0.0,0.0,0.0,0.0,0.0,0.0,0.0,0.0,0.0,0.0,0.0,0.0,0.0,0.0
rg3,2026,0,dummy_prior,0.5,0.0002072569986921735,6.999600009294227e-05,fixed_0.5,0.017766497461928935,0.5,0.017476616248808263,0.08983887272248706,0.0,0.0,0.0,0.0,387,0,7,0,1.0,0.0,394,7,1,0.0,0.0,0.0,0.0,0.0,0.0,0.0,0.0,0.0,0.0,0.0,0.0,0.0,0.0,0.0
rg3,2026,0,dummy_prior,0.5,0.0002072569986921735,6.999600009294227e-05,inner_f1,0.017766497461928935,0.5,0.017476616248808263,0.08983887272248706,0.0,0.0,0.0,0.0,387,0,7,0,1.0,0.0,394,7,1,0.0,0.0,0.0,0.0,0.0,0.0,0.0,0.0,0.0,0.0,0.0,0.0,0.0,0.0,0.0
rg3,2026,0,logistic,0.0011774308525970396,0.009250954997696681,0.0010580859998299275,fixed_0.5,0.02263239690384194,0.49852344038390545,0.01780882588025689,0.09329010436451489,0.0,0.0,0.0,0.0,387,0,7,0,1.0,0.0,394,7,197,0.0,0.0,0.0,0.0,0.0,0.0,0.0,0.0,0.0,0.14285714285714285,0.025,1.407142857142857,0.2857142857142857,0.02531645569620253,1.4249547920433996
rg3,2026,0,logistic,0.0011774308525970396,0.009250954997696681,0.0010580859998299275,inner_f1,0.02263239690384194,0.49852344038390545,0.01780882588025689,0.09329010436451489,0.034912718204488775,0.017766497461928935,1.0,0.0,0,387,0,7,0.0,1.0,394,7,197,0.0,0.0,0.0,0.0,0.0,0.0,0.0,0.0,0.0,0.14285714285714285,0.025,1.407142857142857,0.2857142857142857,0.02531645569620253,1.4249547920433996
rg3,2026,0,logistic_balanced,0.014791633128612591,0.014180800997564802,0.00041494400284136645,fixed_0.5,0.021061988356300177,0.48818752307124397,0.24557556260546648,0.6918195120481953,0.03773584905660377,0.019736842105263157,0.42857142857142855,0.011820831529910645,238,149,4,3,0.5714285714285714,0.3850129198966408,394,7,197,0.0,0.0,0.0,0.0,0.0,0.0,0.0,0.0,0.0,0.0,0.0,0.0,0.14285714285714285,0.012658227848101266,0.7124773960216998
rg3,2026,0,logistic_balanced,0.014791633128612591,0.014180800997564802,0.00041494400284136645,inner_f1,0.021061988356300177,0.48818752307124397,0.24557556260546648,0.6918195120481953,0.034912718204488775,0.017766497461928935,1.0,0.0,0,387,0,7,0.0,1.0,394,7,197,0.0,0.0,0.0,0.0,0.0,0.0,0.0,0.0,0.0,0.0,0.0,0.0,0.14285714285714285,0.012658227848101266,0.7124773960216998
rg3,2026,0,xgboost,0.011653400957584381,0.04270470699702855,0.001092687001801096,fixed_0.5,0.013263995298926868,0.27703949796973054,0.017852252708817712,0.0968323872046883,0.0,0.0,0.0,0.0,387,0,7,0,1.0,0.0,394,7,197,0.0,0.0,0.0,0.0,0.0,0.0,0.0,0.0,0.0,0.0,0.0,0.0,0.0,0.0,0.0
rg3,2026,0,xgboost,0.011653400957584381,0.04270470699702855,0.001092687001801096,inner_f1,0.013263995298926868,0.27703949796973054,0.017852252708817712,0.0968323872046883,0.037333333333333336,0.019021739130434784,1.0,0.03574837476262026,26,361,0,7,0.0,0.9328165374677002,394,7,197,0.0,0.0,0.0,0.0,0.0,0.0,0.0,0.0,0.0,0.0,0.0,0.0,0.0,0.0,0.0
rg3,2026,0,xgboost_balanced,0.2244531512260437,0.04153217400016729,0.0008334430021932349,fixed_0.5,0.04591173436325463,0.5538944259874492,0.07635227424015516,0.26677909199437005,0.08888888888888889,0.05263157894736842,0.2857142857142857,0.08622817673497253,351,36,5,2,0.7142857142857143,0.09302325581395349,394,7,197,0.0,0.0,0.0,0.14285714285714285,0.08333333333333333,4.69047619047619,0.14285714285714285,0.05,2.814285714285714,0.2857142857142857,0.05,2.814285714285714,0.2857142857142857,0.02531645569620253,1.4249547920433996
rg3,2026,0,xgboost_balanced,0.2244531512260437,0.04153217400016729,0.0008334430021932349,inner_f1,0.04591173436325463,0.5538944259874492,0.07635227424015516,0.26677909199437005,0.032520325203252036,0.017241379310344827,0.2857142857142857,-0.0025677654240718797,273,114,5,2,0.7142857142857143,0.29457364341085274,394,7,197,0.0,0.0,0.0,0.14285714285714285,0.08333333333333333,4.69047619047619,0.14285714285714285,0.05,2.814285714285714,0.2857142857142857,0.05,2.814285714285714,0.2857142857142857,0.02531645569620253,1.4249547920433996
rg3,2026,0,extratrees,0.11155381183229512,0.9954557240016584,0.05439988700163667,fixed_0.5,0.02083749935406451,0.4874492432631967,0.01817031720857436,0.09817423969752752,0.0,0.0,0.0,0.0,387,0,7,0,1.0,0.0,394,7,197,0.0,0.0,0.0,0.0,0.0,0.0,0.0,0.0,0.0,0.0,0.0,0.0,0.14285714285714285,0.012658227848101266,0.7124773960216998
rg3,2026,0,extratrees,0.11155381183229512,0.9954557240016584,0.05439988700163667,inner_f1,0.02083749935406451,0.4874492432631967,0.01817031720857436,0.09817423969752752,0.0,0.0,0.0,-0.013620442892440467,383,4,7,0,1.0,0.0103359173126615,394,7,197,0.0,0.0,0.0,0.0,0.0,0.0,0.0,0.0,0.0,0.0,0.0,0.0,0.14285714285714285,0.012658227848101266,0.7124773960216998
rg3,2026,0,extratrees_balanced,0.016865260648006503,1.093890290998388,0.054456108999147546,fixed_0.5,0.022217306257553936,0.5014765596160945,0.07443433260490173,0.2861270825228577,0.0,0.0,0.0,-0.021703407528853153,377,10,7,0,1.0,0.025839793281653745,394,7,197,0.0,0.0,0.0,0.0,0.0,0.0,0.0,0.0,0.0,0.0,0.0,0.0,0.2857142857142857,0.02531645569620253,1.4249547920433996
rg3,2026,0,extratrees_balanced,0.016865260648006503,1.093890290998388,0.054456108999147546,inner_f1,0.022217306257553936,0.5014765596160945,0.07443433260490173,0.2861270825228577,0.03508771929824561,0.017857142857142856,1.0,0.009606506961737248,2,385,0,7,0.0,0.9948320413436692,394,7,197,0.0,0.0,0.0,0.0,0.0,0.0,0.0,0.0,0.0,0.0,0.0,0.0,0.2857142857142857,0.02531645569620253,1.4249547920433996
rg3,2026,0,catboost,0.004616903844377503,0.11930003900124575,0.0008865370000421535,fixed_0.5,0.018468443223888072,0.4837578442229605,0.017689750892211337,0.09269007986665014,0.0,0.0,0.0,0.0,387,0,7,0,1.0,0.0,394,7,197,0.0,0.0,0.0,0.0,0.0,0.0,0.0,0.0,0.0,0.0,0.0,0.0,0.0,0.0,0.0
rg3,2026,0,catboost,0.004616903844377503,0.11930003900124575,0.0008865370000421535,inner_f1,0.018468443223888072,0.4837578442229605,0.017689750892211337,0.09269007986665014,0.034912718204488775,0.017766497461928935,1.0,0.0,0,387,0,7,0.0,1.0,394,7,197,0.0,0.0,0.0,0.0,0.0,0.0,0.0,0.0,0.0,0.0,0.0,0.0,0.0,0.0,0.0
rg3,2026,0,catboost_balanced,0.012146345569227434,0.11222596000152407,0.0008152459995471872,fixed_0.5,0.035361389348722974,0.541343669250646,0.07502071577506472,0.2765806270672134,0.06451612903225806,0.041666666666666664,0.14285714285714285,0.04607840671160441,364,23,6,1,0.8571428571428571,0.059431524547803614,394,7,197,0.0,0.0,0.0,0.14285714285714285,0.08333333333333333,4.69047619047619,0.14285714285714285,0.05,2.814285714285714,0.14285714285714285,0.025,1.407142857142857,0.42857142857142855,0.0379746835443038,2.1374321880650995
rg3,2026,0,catboost_balanced,0.012146345569227434,0.11222596000152407,0.0008152459995471872,inner_f1,0.035361389348722974,0.541343669250646,0.07502071577506472,0.2765806270672134,0.03508771929824561,0.017857142857142856,1.0,0.009606506961737248,2,385,0,7,0.0,0.9948320413436692,394,7,197,0.0,0.0,0.0,0.14285714285714285,0.08333333333333333,4.69047619047619,0.14285714285714285,0.05,2.814285714285714,0.14285714285714285,0.025,1.407142857142857,0.42857142857142855,0.0379746835443038,2.1374321880650995
rg3,2026,0,lightgbm,0.03613561827119412,0.038184426000952953,0.0008057939994614571,fixed_0.5,0.025127812531726995,0.5789959394610557,0.017678968860949124,0.09097252406657724,0.0,0.0,0.0,0.0,387,0,7,0,1.0,0.0,394,7,197,0.0,0.0,0.0,0.0,0.0,0.0,0.0,0.0,0.0,0.14285714285714285,0.025,1.407142857142857,0.14285714285714285,0.012658227848101266,0.7124773960216998
rg3,2026,0,lightgbm,0.03613561827119412,0.038184426000952953,0.0008057939994614571,inner_f1,0.025127812531726995,0.5789959394610557,0.017678968860949124,0.09097252406657724,0.0273972602739726,0.015151515151515152,0.14285714285714285,-0.00887964330561233,322,65,6,1,0.8571428571428571,0.16795865633074936,394,7,197,0.0,0.0,0.0,0.0,0.0,0.0,0.0,0.0,0.0,0.14285714285714285,0.025,1.407142857142857,0.14285714285714285,0.012658227848101266,0.7124773960216998
rg3,2026,0,lightgbm_balanced,0.45757072326259013,0.03511042999889469,0.0007411659971694462,fixed_0.5,0.030388932853902095,0.5930232558139534,0.0769894014293879,0.27323339007034025,0.09302325581395349,0.05555555555555555,0.2857142857142857,0.09071258091356602,353,34,5,2,0.7142857142857143,0.08785529715762273,394,7,197,0.0,0.0,0.0,0.0,0.0,0.0,0.0,0.0,0.0,0.2857142857142857,0.05,2.814285714285714,0.2857142857142857,0.02531645569620253,1.4249547920433996
rg3,2026,0,lightgbm_balanced,0.45757072326259013,0.03511042999889469,0.0007411659971694462,inner_f1,0.030388932853902095,0.5930232558139534,0.0769894014293879,0.27323339007034025,0.08163265306122448,0.047619047619047616,0.2857142857142857,0.07805962659575537,347,40,5,2,0.7142857142857143,0.10335917312661498,394,7,197,0.0,0.0,0.0,0.0,0.0,0.0,0.0,0.0,0.0,0.2857142857142857,0.05,2.814285714285714,0.2857142857142857,0.02531645569620253,1.4249547920433996
rg3,2026,1,dummy_prior,0.5,0.0002136389994120691,6.857900007162243e-05,fixed_0.5,0.02284263959390863,0.5,0.022327295215027448,0.10906065265052664,0.0,0.0,0.0,0.0,385,0,9,0,1.0,0.0,394,9,1,0.0,0.0,0.0,0.0,0.0,0.0,0.1111111111111111,0.05,2.188888888888889,0.1111111111111111,0.025,1.0944444444444446,0.1111111111111111,0.012658227848101266,0.5541490857946554
rg3,2026,1,dummy_prior,0.5,0.0002136389994120691,6.857900007162243e-05,inner_f1,0.02284263959390863,0.5,0.022327295215027448,0.10906065265052664,0.0,0.0,0.0,0.0,385,0,9,0,1.0,0.0,394,9,1,0.0,0.0,0.0,0.0,0.0,0.0,0.1111111111111111,0.05,2.188888888888889,0.1111111111111111,0.025,1.0944444444444446,0.1111111111111111,0.012658227848101266,0.5541490857946554
rg3,2026,1,logistic,0.018071994253499677,0.010166987998672994,0.0004153279987804126,fixed_0.5,0.03384552619964547,0.4515151515151515,0.022577716673775568,0.1175981421325374,0.0,0.0,0.0,0.0,385,0,9,0,1.0,0.0,394,9,197,0.0,0.0,0.0,0.1111111111111111,0.08333333333333333,3.648148148148148,0.1111111111111111,0.05,2.188888888888889,0.1111111111111111,0.025,1.0944444444444446,0.1111111111111111,0.012658227848101266,0.5541490857946554
rg3,2026,1,logistic,0.018071994253499677,0.010166987998672994,0.0004153279987804126,inner_f1,0.03384552619964547,0.4515151515151515,0.022577716673775568,0.1175981421325374,0.03773584905660377,0.02,0.3333333333333333,-0.014918223851426542,238,147,6,3,0.6666666666666666,0.38181818181818183,394,9,197,0.0,0.0,0.0,0.1111111111111111,0.08333333333333333,3.648148148148148,0.1111111111111111,0.05,2.188888888888889,0.1111111111111111,0.025,1.0944444444444446,0.1111111111111111,0.012658227848101266,0.5541490857946554
rg3,2026,1,logistic_balanced,0.6581148195479544,0.012771742000040831,0.00041599999894970097,fixed_0.5,0.02687484982542558,0.4272727272727272,0.19827601450813376,0.5824761021200042,0.03305785123966942,0.017857142857142856,0.2222222222222222,-0.021029913959953718,275,110,7,2,0.7777777777777778,0.2857142857142857,394,9,197,0.0,0.0,0.0,0.0,0.0,0.0,0.1111111111111111,0.05,2.188888888888889,0.1111111111111111,0.025,1.0944444444444446,0.2222222222222222,0.02531645569620253,1.1082981715893108
rg3,2026,1,logistic_balanced,0.6581148195479544,0.012771742000040831,0.00041599999894970097,inner_f1,0.02687484982542558,0.4272727272727272,0.19827601450813376,0.5824761021200042,0.05970149253731343,0.034482758620689655,0.2222222222222222,0.03237027445858814,329,56,7,2,0.7777777777777778,0.14545454545454545,394,9,197,0.0,0.0,0.0,0.0,0.0,0.0,0.1111111111111111,0.05,2.188888888888889,0.1111111111111111,0.025,1.0944444444444446,0.2222222222222222,0.02531645569620253,1.1082981715893108
rg3,2026,1,xgboost,0.01481789443641901,0.04567960100030177,0.0009229999996023253,fixed_0.5,0.026328472748825195,0.4642135642135642,0.022476924028332956,0.11269193967264314,0.0,0.0,0.0,0.0,385,0,9,0,1.0,0.0,394,9,197,0.0,0.0,0.0,0.0,0.0,0.0,0.0,0.0,0.0,0.1111111111111111,0.025,1.0944444444444446,0.2222222222222222,0.02531645569620253,1.1082981715893108
rg3,2026,1,xgboost,0.01481789443641901,0.04567960100030177,0.0009229999996023253,inner_f1,0.026328472748825195,0.4642135642135642,0.022476924028332956,0.11269193967264314,0.039525691699604744,0.020491803278688523,0.5555555555555556,-0.02006856303822856,146,239,4,5,0.4444444444444444,0.6207792207792208,394,9,197,0.0,0.0,0.0,0.0,0.0,0.0,0.0,0.0,0.0,0.1111111111111111,0.025,1.0944444444444446,0.2222222222222222,0.02531645569620253,1.1082981715893108
rg3,2026,1,xgboost_balanced,0.544589102268219,0.043480641001224285,0.0007743399983155541,fixed_0.5,0.04285260044402568,0.607936507936508,0.048646213771610755,0.19383309973455118,0.09523809523809523,0.08333333333333333,0.1111111111111111,0.07176159933596753,374,11,8,1,0.8888888888888888,0.02857142857142857,394,9,197,0.0,0.0,0.0,0.1111111111111111,0.08333333333333333,3.648148148148148,0.1111111111111111,0.05,2.188888888888889,0.1111111111111111,0.025,1.0944444444444446,0.3333333333333333,0.0379746835443038,1.6624472573839664
rg3,2026,1,xgboost_balanced,0.544589102268219,0.043480641001224285,0.0007743399983155541,inner_f1,0.04285260044402568,0.607936507936508,0.048646213771610755,0.19383309973455118,0.0,0.0,0.0,-0.022011124543298285,377,8,9,0,1.0,0.02077922077922078,394,9,197,0.0,0.0,0.0,0.1111111111111111,0.08333333333333333,3.648148148148148,0.1111111111111111,0.05,2.188888888888889,0.1111111111111111,0.025,1.0944444444444446,0.3333333333333333,0.0379746835443038,1.6624472573839664
rg3,2026,1,extratrees,0.018819444444444444,0.9932559900007618,0.05415632200310938,fixed_0.5,0.038935002915673325,0.5750360750360751,0.022488165927661924,0.11407131597369005,0.0,0.0,0.0,0.0,385,0,9,0,1.0,0.0,394,9,197,0.0,0.0,0.0,0.0,0.0,0.0,0.0,0.0,0.0,0.1111111111111111,0.025,1.0944444444444446,0.4444444444444444,0.05063291139240506,2.2165963431786215
rg3,2026,1,extratrees,0.018819444444444444,0.9932559900007618,0.05415632200310938,inner_f1,0.038935002915673325,0.5750360750360751,0.022488165927661924,0.11407131597369005,0.055865921787709494,0.029411764705882353,0.5555555555555556,0.03830474602570685,220,165,4,5,0.4444444444444444,0.42857142857142855,394,9,197,0.0,0.0,0.0,0.0,0.0,0.0,0.0,0.0,0.0,0.1111111111111111,0.025,1.0944444444444446,0.4444444444444444,0.05063291139240506,2.2165963431786215
rg3,2026,1,extratrees_balanced,0.06580792351908062,1.1041315689981275,0.05674381499920855,fixed_0.5,0.03156633930840236,0.5011544011544011,0.052673238016131656,0.2248517522772811,0.0,0.0,0.0,-0.019013000182169188,379,6,9,0,1.0,0.015584415584415584,394,9,193,0.0,0.0,0.0,0.0,0.0,0.0,0.1111111111111111,0.05,2.188888888888889,0.1111111111111111,0.025,1.0944444444444446,0.2222222222222222,0.02531645569620253,1.1082981715893108
rg3,2026,1,extratrees_balanced,0.06580792351908062,1.1041315689981275,0.05674381499920855,inner_f1,0.03156633930840236,0.5011544011544011,0.052673238016131656,0.2248517522772811,0.0353356890459364,0.01824817518248175,0.5555555555555556,-0.04646908837038568,116,269,4,5,0.4444444444444444,0.6987012987012987,394,9,193,0.0,0.0,0.0,0.0,0.0,0.0,0.1111111111111111,0.05,2.188888888888889,0.1111111111111111,0.025,1.0944444444444446,0.2222222222222222,0.02531645569620253,1.1082981715893108
rg3,2026,1,catboost,0.02313929886167258,0.11052150599789456,0.0008155790019372944,fixed_0.5,0.03764711326817371,0.5404040404040403,0.02259730694690574,0.1127249558400489,0.0,0.0,0.0,0.0,385,0,9,0,1.0,0.0,394,9,197,0.0,0.0,0.0,0.1111111111111111,0.08333333333333333,3.648148148148148,0.1111111111111111,0.05,2.188888888888889,0.1111111111111111,0.025,1.0944444444444446,0.3333333333333333,0.0379746835443038,1.6624472573839664
rg3,2026,1,catboost,0.02313929886167258,0.11052150599789456,0.0008155790019372944,inner_f1,0.03764711326817371,0.5404040404040403,0.02259730694690574,0.1127249558400489,0.04938271604938271,0.027777777777777776,0.2222222222222222,0.015620043253209256,315,70,7,2,0.7777777777777778,0.18181818181818182,394,9,197,0.0,0.0,0.0,0.1111111111111111,0.08333333333333333,3.648148148148148,0.1111111111111111,0.05,2.188888888888889,0.1111111111111111,0.025,1.0944444444444446,0.3333333333333333,0.0379746835443038,1.6624472573839664
rg3,2026,1,catboost_balanced,0.07784909994862228,0.12024958999973023,0.0009036019982886501,fixed_0.5,0.03896913559246155,0.5721500721500722,0.05399586793189384,0.21992962774367486,0.0,0.0,0.0,-0.02467318856099134,375,10,9,0,1.0,0.025974025974025976,394,9,197,0.0,0.0,0.0,0.1111111111111111,0.08333333333333333,3.648148148148148,0.1111111111111111,0.05,2.188888888888889,0.1111111111111111,0.025,1.0944444444444446,0.3333333333333333,0.0379746835443038,1.6624472573839664
rg3,2026,1,catboost_balanced,0.07784909994862228,0.12024958999973023,0.0009036019982886501,inner_f1,0.03896913559246155,0.5721500721500722,0.05399586793189384,0.21992962774367486,0.05533596837944664,0.028688524590163935,0.7777777777777778,0.04990501074108165,148,237,2,7,0.2222222222222222,0.6155844155844156,394,9,197,0.0,0.0,0.0,0.1111111111111111,0.08333333333333333,3.648148148148148,0.1111111111111111,0.05,2.188888888888889,0.1111111111111111,0.025,1.0944444444444446,0.3333333333333333,0.0379746835443038,1.6624472573839664
rg3,2026,1,lightgbm,0.008763463792472146,0.03862576500250725,0.0007973060019139666,fixed_0.5,0.042847418209114724,0.5415584415584416,0.02232578636595072,0.1130461598277106,0.0,0.0,0.0,0.0,385,0,9,0,1.0,0.0,394,9,197,0.0,0.0,0.0,0.1111111111111111,0.08333333333333333,3.648148148148148,0.1111111111111111,0.05,2.188888888888889,0.2222222222222222,0.05,2.188888888888889,0.3333333333333333,0.0379746835443038,1.6624472573839664
rg3,2026,1,lightgbm,0.008763463792472146,0.03862576500250725,0.0007973060019139666,inner_f1,0.042847418209114724,0.5415584415584416,0.02232578636595072,0.1130461598277106,0.043010752688172046,0.022222222222222223,0.6666666666666666,-0.006127729580124626,121,264,3,6,0.3333333333333333,0.6857142857142857,394,9,197,0.0,0.0,0.0,0.1111111111111111,0.08333333333333333,3.648148148148148,0.1111111111111111,0.05,2.188888888888889,0.2222222222222222,0.05,2.188888888888889,0.3333333333333333,0.0379746835443038,1.6624472573839664
rg3,2026,1,lightgbm_balanced,0.5254217663428463,0.03667909000068903,0.0007524459979322273,fixed_0.5,0.05704794714918447,0.5640692640692642,0.06108066068207505,0.23040387633928877,0.13793103448275862,0.1,0.2222222222222222,0.11942662543021695,367,18,7,2,0.7777777777777778,0.046753246753246755,394,9,197,0.0,0.0,0.0,0.2222222222222222,0.16666666666666666,7.296296296296296,0.2222222222222222,0.1,4.377777777777778,0.2222222222222222,0.05,2.188888888888889,0.2222222222222222,0.02531645569620253,1.1082981715893108
rg3,2026,1,lightgbm_balanced,0.5254217663428463,0.03667909000068903,0.0007524459979322273,inner_f1,0.05704794714918447,0.5640692640692642,0.06108066068207505,0.23040387633928877,0.14814814814814814,0.1111111111111111,0.2222222222222222,0.12926844919994557,369,16,7,2,0.7777777777777778,0.04155844155844156,394,9,197,0.0,0.0,0.0,0.2222222222222222,0.16666666666666666,7.296296296296296,0.2222222222222222,0.1,4.377777777777778,0.2222222222222222,0.05,2.188888888888889,0.2222222222222222,0.02531645569620253,1.1082981715893108
rg3,2026,2,dummy_prior,0.5,0.00019274900114396587,6.610399941564538e-05,fixed_0.5,0.02284263959390863,0.5,0.022327295215027444,0.10906065265052664,0.0,0.0,0.0,0.0,385,0,9,0,1.0,0.0,394,9,1,0.0,0.0,0.0,0.0,0.0,0.0,0.0,0.0,0.0,0.0,0.0,0.0,0.2222222222222222,0.02531645569620253,1.1082981715893108
rg3,2026,2,dummy_prior,0.5,0.00019274900114396587,6.610399941564538e-05,inner_f1,0.02284263959390863,0.5,0.022327295215027444,0.10906065265052664,0.0,0.0,0.0,0.0,385,0,9,0,1.0,0.0,394,9,1,0.0,0.0,0.0,0.0,0.0,0.0,0.0,0.0,0.0,0.0,0.0,0.0,0.2222222222222222,0.02531645569620253,1.1082981715893108
rg3,2026,2,logistic,0.04275435937611265,0.010052649999124696,0.0004648569993150886,fixed_0.5,0.044625237396759256,0.35974025974025975,0.022808309662312353,0.12982977519217986,0.0,0.0,0.0,0.0,385,0,9,0,1.0,0.0,394,9,197,0.1111111111111111,0.25,10.944444444444445,0.1111111111111111,0.08333333333333333,3.648148148148148,0.1111111111111111,0.05,2.188888888888889,0.1111111111111111,0.025,1.0944444444444446,0.1111111111111111,0.012658227848101266,0.5541490857946554
rg3,2026,2,logistic,0.04275435937611265,0.010052649999124696,0.0004648569993150886,inner_f1,0.044625237396759256,0.35974025974025975,0.022808309662312353,0.12982977519217986,0.0392156862745098,0.023809523809523808,0.1111111111111111,0.002235488222919144,344,41,8,1,0.8888888888888888,0.10649350649350649,394,9,197,0.1111111111111111,0.25,10.944444444444445,0.1111111111111111,0.08333333333333333,3.648148148148148,0.1111111111111111,0.05,2.188888888888889,0.1111111111111111,0.025,1.0944444444444446,0.1111111111111111,0.012658227848101266,0.5541490857946554
rg3,2026,2,logistic_balanced,0.7789642411411245,0.01344194599732873,0.0004682850012613926,fixed_0.5,0.02279822922003059,0.3643578643578643,0.18507796295654988,0.562205769597882,0.020618556701030927,0.011363636363636364,0.1111111111111111,-0.04120305360516838,298,87,8,1,0.8888888888888888,0.22597402597402597,394,9,197,0.0,0.0,0.0,0.0,0.0,0.0,0.1111111111111111,0.05,2.188888888888889,0.1111111111111111,0.025,1.0944444444444446,0.1111111111111111,0.012658227848101266,0.5541490857946554
rg3,2026,2,logistic_balanced,0.7789642411411245,0.01344194599732873,0.0004682850012613926,inner_f1,0.02279822922003059,0.3643578643578643,0.18507796295654988,0.562205769597882,0.0425531914893617,0.02631578947368421,0.1111111111111111,0.007595125017877947,348,37,8,1,0.8888888888888888,0.09610389610389611,394,9,197,0.0,0.0,0.0,0.0,0.0,0.0,0.1111111111111111,0.05,2.188888888888889,0.1111111111111111,0.025,1.0944444444444446,0.1111111111111111,0.012658227848101266,0.5541490857946554
rg3,2026,2,xgboost,0.022774050012230873,0.033607567002036376,0.0010971360024996102,fixed_0.5,0.02469482506683768,0.42265512265512256,0.02250054586175444,0.1134226470947941,0.0,0.0,0.0,0.0,385,0,9,0,1.0,0.0,394,9,197,0.0,0.0,0.0,0.0,0.0,0.0,0.0,0.0,0.0,0.0,0.0,0.0,0.2222222222222222,0.02531645569620253,1.1082981715893108
rg3,2026,2,xgboost,0.022774050012230873,0.033607567002036376,0.0010971360024996102,inner_f1,0.02469482506683768,0.42265512265512256,0.02250054586175444,0.1134226470947941,0.04878048780487805,0.02631578947368421,0.3333333333333333,0.014833428328287617,274,111,6,3,0.6666666666666666,0.2883116883116883,394,9,197,0.0,0.0,0.0,0.0,0.0,0.0,0.0,0.0,0.0,0.0,0.0,0.0,0.2222222222222222,0.02531645569620253,1.1082981715893108
rg3,2026,2,xgboost_balanced,0.2120208889245987,0.045604879000165965,0.0009889620014291722,fixed_0.5,0.023669949015830992,0.4226551226551226,0.042869301542762785,0.19426477810188958,0.0,0.0,0.0,-0.015484193222775274,381,4,9,0,1.0,0.01038961038961039,394,9,197,0.0,0.0,0.0,0.0,0.0,0.0,0.0,0.0,0.0,0.1111111111111111,0.025,1.0944444444444446,0.2222222222222222,0.02531645569620253,1.1082981715893108
rg3,2026,2,xgboost_balanced,0.2120208889245987,0.045604879000165965,0.0009889620014291722,inner_f1,0.023669949015830992,0.4226551226551226,0.042869301542762785,0.19426477810188958,0.056338028169014086,0.03225806451612903,0.2222222222222222,0.027233993529478983,325,60,7,2,0.7777777777777778,0.15584415584415584,394,9,197,0.0,0.0,0.0,0.0,0.0,0.0,0.0,0.0,0.0,0.1111111111111111,0.025,1.0944444444444446,0.2222222222222222,0.02531645569620253,1.1082981715893108
rg3,2026,2,extratrees,0.014937784275503574,1.003687323001941,0.05549572900054045,fixed_0.5,0.02310035314632526,0.47922077922077916,0.02282965774599134,0.11822442228526565,0.0,0.0,0.0,0.0,385,0,9,0,1.0,0.0,394,9,197,0.0,0.0,0.0,0.0,0.0,0.0,0.0,0.0,0.0,0.0,0.0,0.0,0.0,0.0,0.0
rg3,2026,2,extratrees,0.014937784275503574,1.003687323001941,0.05549572900054045,inner_f1,0.02310035314632526,0.47922077922077916,0.02282965774599134,0.11822442228526565,0.02843601895734597,0.01485148514851485,0.3333333333333333,-0.05486295518405849,186,199,6,3,0.6666666666666666,0.5168831168831168,394,9,197,0.0,0.0,0.0,0.0,0.0,0.0,0.0,0.0,0.0,0.0,0.0,0.0,0.0,0.0,0.0
rg3,2026,2,extratrees_balanced,0.10868600279905123,1.100898065000365,0.05604740399940056,fixed_0.5,0.04008916669789867,0.4601731601731601,0.05645094579352885,0.2403579641669499,0.11764705882352941,0.125,0.1111111111111111,0.09843864031863955,378,7,8,1,0.8888888888888888,0.01818181818181818,394,9,195,0.0,0.0,0.0,0.1111111111111111,0.08333333333333333,3.648148148148148,0.1111111111111111,0.05,2.188888888888889,0.1111111111111111,0.025,1.0944444444444446,0.2222222222222222,0.02531645569620253,1.1082981715893108
rg3,2026,2,extratrees_balanced,0.10868600279905123,1.100898065000365,0.05604740399940056,inner_f1,0.04008916669789867,0.4601731601731601,0.05645094579352885,0.2403579641669499,0.04291845493562232,0.022321428571428572,0.5555555555555556,-0.004004587084505715,166,219,4,5,0.4444444444444444,0.5688311688311688,394,9,195,0.0,0.0,0.0,0.1111111111111111,0.08333333333333333,3.648148148148148,0.1111111111111111,0.05,2.188888888888889,0.1111111111111111,0.025,1.0944444444444446,0.2222222222222222,0.02531645569620253,1.1082981715893108
rg3,2026,2,catboost,0.013412851021424966,0.11292719099947135,0.0007248660003824625,fixed_0.5,0.022490997706863948,0.3972582972582972,0.022537880134407107,0.11613060893250696,0.0,0.0,0.0,0.0,385,0,9,0,1.0,0.0,394,9,197,0.0,0.0,0.0,0.0,0.0,0.0,0.0,0.0,0.0,0.1111111111111111,0.025,1.0944444444444446,0.2222222222222222,0.02531645569620253,1.1082981715893108
rg3,2026,2,catboost,0.013412851021424966,0.11292719099947135,0.0007248660003824625,inner_f1,0.022490997706863948,0.3972582972582972,0.022537880134407107,0.11613060893250696,0.03065134099616858,0.015873015873015872,0.4444444444444444,-0.06214554949063148,137,248,5,4,0.5555555555555556,0.6441558441558441,394,9,197,0.0,0.0,0.0,0.0,0.0,0.0,0.0,0.0,0.0,0.1111111111111111,0.025,1.0944444444444446,0.2222222222222222,0.02531645569620253,1.1082981715893108
rg3,2026,2,catboost_balanced,0.21904560431852907,0.11045905999708339,0.0007937109985505231,fixed_0.5,0.03584458339324566,0.4786435786435786,0.05946863346076611,0.24327722538599184,0.10526315789473684,0.1,0.1111111111111111,0.0833405480282374,376,9,8,1,0.8888888888888888,0.023376623376623377,394,9,197,0.0,0.0,0.0,0.1111111111111111,0.08333333333333333,3.648148148148148,0.1111111111111111,0.05,2.188888888888889,0.1111111111111111,0.025,1.0944444444444446,0.1111111111111111,0.012658227848101266,0.5541490857946554
rg3,2026,2,catboost_balanced,0.21904560431852907,0.11045905999708339,0.0007937109985505231,inner_f1,0.03584458339324566,0.4786435786435786,0.05946863346076611,0.24327722538599184,0.017699115044247787,0.009615384615384616,0.1111111111111111,-0.05301905692510283,282,103,8,1,0.8888888888888888,0.2675324675324675,394,9,197,0.0,0.0,0.0,0.1111111111111111,0.08333333333333333,3.648148148148148,0.1111111111111111,0.05,2.188888888888889,0.1111111111111111,0.025,1.0944444444444446,0.1111111111111111,0.012658227848101266,0.5541490857946554
rg3,2026,2,lightgbm,0.02510592137808898,0.03658258699942962,0.00076652300049318,fixed_0.5,0.023416755053145173,0.37590187590187585,0.022718527322381325,0.12204068579194896,0.0,0.0,0.0,0.0,385,0,9,0,1.0,0.0,394,9,197,0.0,0.0,0.0,0.0,0.0,0.0,0.0,0.0,0.0,0.2222222222222222,0.05,2.188888888888889,0.2222222222222222,0.02531645569620253,1.1082981715893108
rg3,2026,2,lightgbm,0.02510592137808898,0.03658258699942962,0.00076652300049318,inner_f1,0.023416755053145173,0.37590187590187585,0.022718527322381325,0.12204068579194896,0.056338028169014086,0.03225806451612903,0.2222222222222222,0.027233993529478983,325,60,7,2,0.7777777777777778,0.15584415584415584,394,9,197,0.0,0.0,0.0,0.0,0.0,0.0,0.0,0.0,0.0,0.2222222222222222,0.05,2.188888888888889,0.2222222222222222,0.02531645569620253,1.1082981715893108
rg3,2026,2,lightgbm_balanced,0.16279997345618738,0.04249052199884318,0.0008360920000995975,fixed_0.5,0.03073450417622415,0.4434343434343434,0.04274480252746749,0.19637165772712764,0.0,0.0,0.0,-0.015484193222775274,381,4,9,0,1.0,0.01038961038961039,394,9,197,0.0,0.0,0.0,0.0,0.0,0.0,0.1111111111111111,0.05,2.188888888888889,0.2222222222222222,0.05,2.188888888888889,0.2222222222222222,0.02531645569620253,1.1082981715893108
rg3,2026,2,lightgbm_balanced,0.16279997345618738,0.04249052199884318,0.0008360920000995975,inner_f1,0.03073450417622415,0.4434343434343434,0.04274480252746749,0.19637165772712764,0.034782608695652174,0.018867924528301886,0.2222222222222222,-0.016140139798197863,281,104,7,2,0.7777777777777778,0.2701298701298701,394,9,197,0.0,0.0,0.0,0.0,0.0,0.0,0.1111111111111111,0.05,2.188888888888889,0.2222222222222222,0.05,2.188888888888889,0.2222222222222222,0.02531645569620253,1.1082981715893108
pooled,42,0,dummy_prior,0.5,0.0005139260028954595,0.0001107989992306102,fixed_0.5,0.01756587202007528,0.5,0.01725731264479409,0.08840838973464826,0.0,0.0,0.0,0.0,783,0,14,0,1.0,0.0,797,14,1,0.0,0.0,0.0,0.0,0.0,0.0,0.07142857142857142,0.025,1.4232142857142858,0.07142857142857142,0.0125,0.7116071428571429,0.21428571428571427,0.01875,1.0674107142857143
pooled,42,0,dummy_prior,0.5,0.0005139260028954595,0.0001107989992306102,inner_f1,0.01756587202007528,0.5,0.01725731264479409,0.08840838973464826,0.0,0.0,0.0,0.0,783,0,14,0,1.0,0.0,797,14,1,0.0,0.0,0.0,0.0,0.0,0.0,0.07142857142857142,0.025,1.4232142857142858,0.07142857142857142,0.0125,0.7116071428571429,0.21428571428571427,0.01875,1.0674107142857143
pooled,42,0,logistic,0.8030014167219699,0.011811133001174312,0.0004910890020255465,fixed_0.5,0.1983675512484464,0.752964787447546,0.014807204724878831,0.07525089322650708,0.25,1.0,0.14285714285714285,0.375101064548392,783,0,12,2,0.8571428571428571,0.0,797,14,400,0.14285714285714285,0.25,14.232142857142858,0.21428571428571427,0.125,7.116071428571429,0.2857142857142857,0.1,5.692857142857143,0.35714285714285715,0.0625,3.5580357142857144,0.42857142857142855,0.0375,2.1348214285714286
pooled,42,0,logistic,0.8030014167219699,0.011811133001174312,0.0004910890020255465,inner_f1,0.1983675512484464,0.752964787447546,0.014807204724878831,0.07525089322650708,0.25,1.0,0.14285714285714285,0.375101064548392,783,0,12,2,0.8571428571428571,0.0,797,14,400,0.14285714285714285,0.25,14.232142857142858,0.21428571428571427,0.125,7.116071428571429,0.2857142857142857,0.1,5.692857142857143,0.35714285714285715,0.0625,3.5580357142857144,0.42857142857142855,0.0375,2.1348214285714286
pooled,42,0,logistic_balanced,0.9335548739602088,0.017115513001044746,0.0004823480012419168,fixed_0.5,0.1700326863514322,0.6957671957671958,0.16796168615859552,0.48458322072926086,0.0611353711790393,0.03255813953488372,0.5,0.06936469533757163,575,208,7,7,0.5,0.2656449553001277,797,14,400,0.14285714285714285,0.25,14.232142857142858,0.14285714285714285,0.08333333333333333,4.744047619047619,0.14285714285714285,0.05,2.8464285714285715,0.14285714285714285,0.025,1.4232142857142858,0.35714285714285715,0.03125,1.7790178571428572
pooled,42,0,logistic_balanced,0.9335548739602088,0.017115513001044746,0.0004823480012419168,inner_f1,0.1700326863514322,0.6957671957671958,0.16796168615859552,0.48458322072926086,0.2222222222222222,0.5,0.14285714285714285,0.2608223762475765,781,2,12,2,0.8571428571428571,0.002554278416347382,797,14,400,0.14285714285714285,0.25,14.232142857142858,0.14285714285714285,0.08333333333333333,4.744047619047619,0.14285714285714285,0.05,2.8464285714285715,0.14285714285714285,0.025,1.4232142857142858,0.35714285714285715,0.03125,1.7790178571428572
pooled,42,0,xgboost,0.061626240611076355,0.054206408000027295,0.001392951002344489,fixed_0.5,0.20990591825090035,0.734263820470717,0.016483142991250598,0.0790748205611145,0.0,0.0,0.0,0.0,783,0,14,0,1.0,0.0,797,14,399,0.21428571428571427,0.375,21.34821428571429,0.21428571428571427,0.125,7.116071428571429,0.21428571428571427,0.075,4.269642857142857,0.35714285714285715,0.0625,3.5580357142857144,0.35714285714285715,0.03125,1.7790178571428572
pooled,42,0,xgboost,0.061626240611076355,0.054206408000027295,0.001392951002344489,inner_f1,0.20990591825090035,0.734263820470717,0.016483142991250598,0.0790748205611145,0.17647058823529413,0.15,0.21428571428571427,0.16174014466014786,766,17,11,3,0.7857142857142857,0.021711366538952746,797,14,399,0.21428571428571427,0.375,21.34821428571429,0.21428571428571427,0.125,7.116071428571429,0.21428571428571427,0.075,4.269642857142857,0.35714285714285715,0.0625,3.5580357142857144,0.35714285714285715,0.03125,1.7790178571428572
pooled,42,0,xgboost_balanced,0.5282973647117615,0.0616280869980983,0.0015603579995513428,fixed_0.5,0.17223497118704695,0.7149242838898011,0.05109928597527049,0.1835455341880861,0.06896551724137931,0.045454545454545456,0.14285714285714285,0.05131804811209197,741,42,12,2,0.8571428571428571,0.05363984674329502,797,14,399,0.14285714285714285,0.25,14.232142857142858,0.14285714285714285,0.08333333333333333,4.744047619047619,0.14285714285714285,0.05,2.8464285714285715,0.21428571428571427,0.0375,2.1348214285714286,0.42857142857142855,0.0375,2.1348214285714286
pooled,42,0,xgboost_balanced,0.5282973647117615,0.0616280869980983,0.0015603579995513428,inner_f1,0.17223497118704695,0.7149242838898011,0.05109928597527049,0.1835455341880861,0.08333333333333333,0.058823529411764705,0.14285714285714285,0.06629719853624792,751,32,12,2,0.8571428571428571,0.04086845466155811,797,14,399,0.14285714285714285,0.25,14.232142857142858,0.14285714285714285,0.08333333333333333,4.744047619047619,0.14285714285714285,0.05,2.8464285714285715,0.21428571428571427,0.0375,2.1348214285714286,0.42857142857142855,0.0375,2.1348214285714286
pooled,42,0,extratrees,0.39917748917748924,0.9865619499978493,0.06510191900088103,fixed_0.5,0.1744305628560872,0.7019704433497537,0.015925443980259735,0.08034484786072982,0.2222222222222222,0.5,0.14285714285714285,0.2608223762475765,781,2,12,2,0.8571428571428571,0.002554278416347382,797,14,290,0.14285714285714285,0.25,14.232142857142858,0.14285714285714285,0.08333333333333333,4.744047619047619,0.21428571428571427,0.075,4.269642857142857,0.21428571428571427,0.0375,2.1348214285714286,0.35714285714285715,0.03125,1.7790178571428572
pooled,42,0,extratrees,0.39917748917748924,0.9865619499978493,0.06510191900088103,inner_f1,0.1744305628560872,0.7019704433497537,0.015925443980259735,0.08034484786072982,0.2222222222222222,0.5,0.14285714285714285,0.2608223762475765,781,2,12,2,0.8571428571428571,0.002554278416347382,797,14,290,0.14285714285714285,0.25,14.232142857142858,0.14285714285714285,0.08333333333333333,4.744047619047619,0.21428571428571427,0.075,4.269642857142857,0.21428571428571427,0.0375,2.1348214285714286,0.35714285714285715,0.03125,1.7790178571428572
pooled,42,0,extratrees_balanced,0.2569169611761962,1.055335647000902,0.05511335700066411,fixed_0.5,0.1653916725150132,0.6677613574165298,0.05704595341320808,0.2059767584656425,0.10526315789473684,0.08333333333333333,0.14285714285714285,0.08821458074966207,761,22,12,2,0.8571428571428571,0.0280970625798212,797,14,273,0.14285714285714285,0.25,14.232142857142858,0.14285714285714285,0.08333333333333333,4.744047619047619,0.14285714285714285,0.05,2.8464285714285715,0.14285714285714285,0.025,1.4232142857142858,0.21428571428571427,0.01875,1.0674107142857143
pooled,42,0,extratrees_balanced,0.2569169611761962,1.055335647000902,0.05511335700066411,inner_f1,0.1653916725150132,0.6677613574165298,0.05704595341320808,0.2059767584656425,0.04524886877828054,0.024154589371980676,0.35714285714285715,0.02970800351774524,581,202,9,5,0.6428571428571429,0.25798212005108556,797,14,273,0.14285714285714285,0.25,14.232142857142858,0.14285714285714285,0.08333333333333333,4.744047619047619,0.14285714285714285,0.05,2.8464285714285715,0.14285714285714285,0.025,1.4232142857142858,0.21428571428571427,0.01875,1.0674107142857143
pooled,42,0,catboost,0.6220508597941279,0.1556896410002082,0.0008503169992764015,fixed_0.5,0.17809557077167884,0.6915708812260536,0.014877213467547187,0.07612798390528713,0.25,1.0,0.14285714285714285,0.375101064548392,783,0,12,2,0.8571428571428571,0.0,797,14,399,0.14285714285714285,0.25,14.232142857142858,0.21428571428571427,0.125,7.116071428571429,0.21428571428571427,0.075,4.269642857142857,0.21428571428571427,0.0375,2.1348214285714286,0.2857142857142857,0.025,1.4232142857142858
pooled,42,0,catboost,0.6220508597941279,0.1556896410002082,0.0008503169992764015,inner_f1,0.17809557077167884,0.6915708812260536,0.014877213467547187,0.07612798390528713,0.25,1.0,0.14285714285714285,0.375101064548392,783,0,12,2,0.8571428571428571,0.0,797,14,399,0.14285714285714285,0.25,14.232142857142858,0.21428571428571427,0.125,7.116071428571429,0.21428571428571427,0.075,4.269642857142857,0.21428571428571427,0.0375,2.1348214285714286,0.2857142857142857,0.025,1.4232142857142858
pooled,42,0,catboost_balanced,0.5163102438670014,0.1629993380011001,0.0013378370022110175,fixed_0.5,0.1658955428261404,0.6665754424375114,0.06274604136225642,0.22345923214432883,0.06896551724137931,0.045454545454545456,0.14285714285714285,0.05131804811209197,741,42,12,2,0.8571428571428571,0.05363984674329502,797,14,399,0.14285714285714285,0.25,14.232142857142858,0.14285714285714285,0.08333333333333333,4.744047619047619,0.14285714285714285,0.05,2.8464285714285715,0.14285714285714285,0.025,1.4232142857142858,0.21428571428571427,0.01875,1.0674107142857143
pooled,42,0,catboost_balanced,0.5163102438670014,0.1629993380011001,0.0013378370022110175,inner_f1,0.1658955428261404,0.6665754424375114,0.06274604136225642,0.22345923214432883,0.07407407407407407,0.05,0.14285714285714285,0.05675416055801386,745,38,12,2,0.8571428571428571,0.04853128991060025,797,14,399,0.14285714285714285,0.25,14.232142857142858,0.14285714285714285,0.08333333333333333,4.744047619047619,0.14285714285714285,0.05,2.8464285714285715,0.14285714285714285,0.025,1.4232142857142858,0.21428571428571427,0.01875,1.0674107142857143
pooled,42,0,lightgbm,0.04649602369069174,0.05150116600270849,0.001064080002834089,fixed_0.5,0.18793966831011144,0.7069877759532932,0.015847632832727984,0.08050535833850736,0.0,0.0,0.0,0.0,783,0,14,0,1.0,0.0,797,14,399,0.14285714285714285,0.25,14.232142857142858,0.21428571428571427,0.125,7.116071428571429,0.21428571428571427,0.075,4.269642857142857,0.21428571428571427,0.0375,2.1348214285714286,0.35714285714285715,0.03125,1.7790178571428572
pooled,42,0,lightgbm,0.04649602369069174,0.05150116600270849,0.001064080002834089,inner_f1,0.18793966831011144,0.7069877759532932,0.015847632832727984,0.08050535833850736,0.1111111111111111,0.075,0.21428571428571427,0.10049987232274989,746,37,11,3,0.7857142857142857,0.04725415070242656,797,14,399,0.14285714285714285,0.25,14.232142857142858,0.21428571428571427,0.125,7.116071428571429,0.21428571428571427,0.075,4.269642857142857,0.21428571428571427,0.0375,2.1348214285714286,0.35714285714285715,0.03125,1.7790178571428572
pooled,42,0,lightgbm_balanced,0.6572865931440474,0.05190699299782864,0.0012415119999786839,fixed_0.5,0.16864070906135856,0.6708629812078087,0.05393214141407131,0.19748717386580128,0.10344827586206896,0.06818181818181818,0.21428571428571427,0.09313858425251867,742,41,11,3,0.7857142857142857,0.05236270753512133,797,14,399,0.14285714285714285,0.25,14.232142857142858,0.14285714285714285,0.08333333333333333,4.744047619047619,0.14285714285714285,0.05,2.8464285714285715,0.21428571428571427,0.0375,2.1348214285714286,0.2857142857142857,0.025,1.4232142857142858
pooled,42,0,lightgbm_balanced,0.6572865931440474,0.05190699299782864,0.0012415119999786839,inner_f1,0.16864070906135856,0.6708629812078087,0.05393214141407131,0.19748717386580128,0.16666666666666666,0.2,0.14285714285714285,0.15654245537892325,775,8,12,2,0.8571428571428571,0.010217113665389528,797,14,399,0.14285714285714285,0.25,14.232142857142858,0.14285714285714285,0.08333333333333333,4.744047619047619,0.14285714285714285,0.05,2.8464285714285715,0.21428571428571427,0.0375,2.1348214285714286,0.2857142857142857,0.025,1.4232142857142858
pooled,42,1,dummy_prior,0.5,0.00026227300259051844,0.00013906999811297283,fixed_0.5,0.016290726817042606,0.5,0.016028915263365025,0.0833325880483163,0.0,0.0,0.0,0.0,785,0,13,0,1.0,0.0,798,13,1,0.0,0.0,0.0,0.0,0.0,0.0,0.0,0.0,0.0,0.0,0.0,0.0,0.15384615384615385,0.0125,0.7673076923076924
pooled,42,1,dummy_prior,0.5,0.00026227300259051844,0.00013906999811297283,inner_f1,0.016290726817042606,0.5,0.016028915263365025,0.0833325880483163,0.0,0.0,0.0,0.0,785,0,13,0,1.0,0.0,798,13,1,0.0,0.0,0.0,0.0,0.0,0.0,0.0,0.0,0.0,0.0,0.0,0.0,0.15384615384615385,0.0125,0.7673076923076924
pooled,42,1,logistic,0.8991321277088847,0.011694926000927808,0.00046695900164195336,fixed_0.5,0.20467433930668755,0.7355707986281235,0.014417792877745072,0.07464901372225574,0.26666666666666666,1.0,0.15384615384615385,0.38951269447519304,785,0,11,2,0.8461538461538461,0.0,798,13,400,0.15384615384615385,0.25,15.346153846153847,0.23076923076923078,0.125,7.673076923076923,0.38461538461538464,0.125,7.673076923076923,0.38461538461538464,0.0625,3.8365384615384617,0.5384615384615384,0.04375,2.685576923076923
pooled,42,1,logistic,0.8991321277088847,0.011694926000927808,0.00046695900164195336,inner_f1,0.20467433930668755,0.7355707986281235,0.014417792877745072,0.07464901372225574,0.26666666666666666,1.0,0.15384615384615385,0.38951269447519304,785,0,11,2,0.8461538461538461,0.0,798,13,400,0.15384615384615385,0.25,15.346153846153847,0.23076923076923078,0.125,7.673076923076923,0.38461538461538464,0.125,7.673076923076923,0.38461538461538464,0.0625,3.8365384615384617,0.5384615384615384,0.04375,2.685576923076923
pooled,42,1,logistic_balanced,0.9661176047428939,0.021394980998593383,0.0005641050011035986,fixed_0.5,0.18902097896220024,0.7424301812836845,0.17721609443168804,0.5360583227049328,0.059574468085106386,0.03153153153153153,0.5384615384615384,0.07474282881388639,570,215,6,7,0.46153846153846156,0.27388535031847133,798,13,401,0.15384615384615385,0.25,15.346153846153847,0.15384615384615385,0.08333333333333333,5.115384615384615,0.23076923076923078,0.075,4.603846153846154,0.3076923076923077,0.05,3.0692307692307694,0.38461538461538464,0.03125,1.9182692307692308
pooled,42,1,logistic_balanced,0.9661176047428939,0.021394980998593383,0.0005641050011035986,inner_f1,0.18902097896220024,0.7424301812836845,0.17721609443168804,0.5360583227049328,0.14814814814814814,0.14285714285714285,0.15384615384615385,0.1336044291447187,773,12,11,2,0.8461538461538461,0.015286624203821656,798,13,401,0.15384615384615385,0.25,15.346153846153847,0.15384615384615385,0.08333333333333333,5.115384615384615,0.23076923076923078,0.075,4.603846153846154,0.3076923076923077,0.05,3.0692307692307694,0.38461538461538464,0.03125,1.9182692307692308
pooled,42,1,xgboost,0.092488594353199,0.05663284900219878,0.0013666589984495658,fixed_0.5,0.19969841559520454,0.7471337579617835,0.015377762977552183,0.0739163284792996,0.0,0.0,0.0,0.0,785,0,13,0,1.0,0.0,798,13,399,0.15384615384615385,0.25,15.346153846153847,0.23076923076923078,0.125,7.673076923076923,0.3076923076923077,0.1,6.138461538461539,0.3076923076923077,0.05,3.0692307692307694,0.46153846153846156,0.0375,2.301923076923077
pooled,42,1,xgboost,0.092488594353199,0.05663284900219878,0.0013666589984495658,inner_f1,0.19969841559520454,0.7471337579617835,0.015377762977552183,0.0739163284792996,0.14814814814814814,0.14285714285714285,0.15384615384615385,0.1336044291447187,773,12,11,2,0.8461538461538461,0.015286624203821656,798,13,399,0.15384615384615385,0.25,15.346153846153847,0.23076923076923078,0.125,7.673076923076923,0.3076923076923077,0.1,6.138461538461539,0.3076923076923077,0.05,3.0692307692307694,0.46153846153846156,0.0375,2.301923076923077
pooled,42,1,xgboost_balanced,0.7557185888290405,0.053569305997370975,0.0011989470003754832,fixed_0.5,0.12579763651528886,0.806124448799608,0.0527421400693903,0.18911776743226874,0.15873015873015872,0.1,0.38461538461538464,0.17096379956303587,740,45,8,5,0.6153846153846154,0.05732484076433121,798,13,399,0.23076923076923078,0.375,23.01923076923077,0.23076923076923078,0.125,7.673076923076923,0.38461538461538464,0.125,7.673076923076923,0.38461538461538464,0.0625,3.8365384615384617,0.46153846153846156,0.0375,2.301923076923077
pooled,42,1,xgboost_balanced,0.7557185888290405,0.053569305997370975,0.0011989470003754832,inner_f1,0.12579763651528886,0.806124448799608,0.0527421400693903,0.18911776743226874,0.24,0.25,0.23076923076923078,0.22811386430125832,776,9,10,3,0.7692307692307693,0.011464968152866241,798,13,399,0.23076923076923078,0.375,23.01923076923077,0.23076923076923078,0.125,7.673076923076923,0.38461538461538464,0.125,7.673076923076923,0.38461538461538464,0.0625,3.8365384615384617,0.46153846153846156,0.0375,2.301923076923077
pooled,42,1,extratrees,0.45457264957264953,0.9653421089969925,0.05489617700004601,fixed_0.5,0.2101015047826129,0.8043606075453209,0.014089402499219566,0.06816365459166025,0.26666666666666666,1.0,0.15384615384615385,0.38951269447519304,785,0,11,2,0.8461538461538461,0.0,798,13,322,0.15384615384615385,0.25,15.346153846153847,0.3076923076923077,0.16666666666666666,10.23076923076923,0.3076923076923077,0.1,6.138461538461539,0.38461538461538464,0.0625,3.8365384615384617,0.5384615384615384,0.04375,2.685576923076923
pooled,42,1,extratrees,0.45457264957264953,0.9653421089969925,0.05489617700004601,inner_f1,0.2101015047826129,0.8043606075453209,0.014089402499219566,0.06816365459166025,0.26666666666666666,1.0,0.15384615384615385,0.38951269447519304,785,0,11,2,0.8461538461538461,0.0,798,13,322,0.15384615384615385,0.25,15.346153846153847,0.3076923076923077,0.16666666666666666,10.23076923076923,0.3076923076923077,0.1,6.138461538461539,0.38461538461538464,0.0625,3.8365384615384617,0.5384615384615384,0.04375,2.685576923076923
pooled,42,1,extratrees_balanced,0.6464677420740133,1.0521777590001875,0.05449980599951232,fixed_0.5,0.10655738700601701,0.788486036256737,0.04334899730465527,0.1614945718748066,0.14634146341463414,0.10714285714285714,0.23076923076923078,0.13685641367998344,760,25,10,3,0.7692307692307693,0.03184713375796178,798,13,266,0.15384615384615385,0.25,15.346153846153847,0.23076923076923078,0.125,7.673076923076923,0.23076923076923078,0.075,4.603846153846154,0.46153846153846156,0.075,4.603846153846154,0.5384615384615384,0.04375,2.685576923076923
pooled,42,1,extratrees_balanced,0.6464677420740133,1.0521777590001875,0.05449980599951232,inner_f1,0.10655738700601701,0.788486036256737,0.04334899730465527,0.1614945718748066,0.16,0.16666666666666666,0.15384615384615385,0.14677567676220374,775,10,11,2,0.8461538461538461,0.012738853503184714,798,13,266,0.15384615384615385,0.25,15.346153846153847,0.23076923076923078,0.125,7.673076923076923,0.23076923076923078,0.075,4.603846153846154,0.46153846153846156,0.075,4.603846153846154,0.5384615384615384,0.04375,2.685576923076923
pooled,42,1,catboost,0.6281294321754454,0.16273672500028624,0.0009590670015313663,fixed_0.5,0.21948921389517342,0.7878980891719745,0.013585463846058982,0.06832463420982128,0.26666666666666666,1.0,0.15384615384615385,0.38951269447519304,785,0,11,2,0.8461538461538461,0.0,798,13,399,0.15384615384615385,0.25,15.346153846153847,0.3076923076923077,0.16666666666666666,10.23076923076923,0.3076923076923077,0.1,6.138461538461539,0.5384615384615384,0.0875,5.371153846153846,0.6153846153846154,0.05,3.0692307692307694
pooled,42,1,catboost,0.6281294321754454,0.16273672500028624,0.0009590670015313663,inner_f1,0.21948921389517342,0.7878980891719745,0.013585463846058982,0.06832463420982128,0.26666666666666666,1.0,0.15384615384615385,0.38951269447519304,785,0,11,2,0.8461538461538461,0.0,798,13,399,0.15384615384615385,0.25,15.346153846153847,0.3076923076923077,0.16666666666666666,10.23076923076923,0.3076923076923077,0.1,6.138461538461539,0.5384615384615384,0.0875,5.371153846153846,0.6153846153846154,0.05,3.0692307692307694
pooled,42,1,catboost_balanced,0.7328696301640825,0.16095913699973607,0.001518482000392396,fixed_0.5,0.1382613537606659,0.7588926996570309,0.06347080287239147,0.23303305918900524,0.14035087719298245,0.09090909090909091,0.3076923076923077,0.14239107723558486,745,40,9,4,0.6923076923076923,0.050955414012738856,798,13,399,0.15384615384615385,0.25,15.346153846153847,0.23076923076923078,0.125,7.673076923076923,0.3076923076923077,0.1,6.138461538461539,0.38461538461538464,0.0625,3.8365384615384617,0.46153846153846156,0.0375,2.301923076923077
pooled,42,1,catboost_balanced,0.7328696301640825,0.16095913699973607,0.001518482000392396,inner_f1,0.1382613537606659,0.7588926996570309,0.06347080287239147,0.23303305918900524,0.23529411764705882,0.5,0.15384615384615385,0.2712067813581024,783,2,11,2,0.8461538461538461,0.0025477707006369425,798,13,399,0.15384615384615385,0.25,15.346153846153847,0.23076923076923078,0.125,7.673076923076923,0.3076923076923077,0.1,6.138461538461539,0.38461538461538464,0.0625,3.8365384615384617,0.46153846153846156,0.0375,2.301923076923077
pooled,42,1,lightgbm,0.2373629681168205,0.056673334998777136,0.0012337269981799182,fixed_0.5,0.2418355869845505,0.8190592846643803,0.014978919842158921,0.06962934044606431,0.0,0.0,0.0,0.0,785,0,13,0,1.0,0.0,798,13,399,0.23076923076923078,0.375,23.01923076923077,0.3076923076923077,0.16666666666666666,10.23076923076923,0.3076923076923077,0.1,6.138461538461539,0.3076923076923077,0.05,3.0692307692307694,0.6153846153846154,0.05,3.0692307692307694
pooled,42,1,lightgbm,0.2373629681168205,0.056673334998777136,0.0012337269981799182,inner_f1,0.2418355869845505,0.8190592846643803,0.014978919842158921,0.06962934044606431,0.0,0.0,0.0,0.0,785,0,13,0,1.0,0.0,798,13,399,0.23076923076923078,0.375,23.01923076923077,0.3076923076923077,0.16666666666666666,10.23076923076923,0.3076923076923077,0.1,6.138461538461539,0.3076923076923077,0.05,3.0692307692307694,0.6153846153846154,0.05,3.0692307692307694
pooled,42,1,lightgbm_balanced,0.8093104209490029,0.05669161100013298,0.001074686002539238,fixed_0.5,0.1489450316575049,0.7976972072513473,0.05536184138372051,0.1988615521364514,0.14492753623188406,0.08928571428571429,0.38461538461538464,0.15840959587903772,734,51,8,5,0.6153846153846154,0.06496815286624204,798,13,399,0.23076923076923078,0.375,23.01923076923077,0.23076923076923078,0.125,7.673076923076923,0.3076923076923077,0.1,6.138461538461539,0.46153846153846156,0.075,4.603846153846154,0.5384615384615384,0.04375,2.685576923076923
pooled,42,1,lightgbm_balanced,0.8093104209490029,0.05669161100013298,0.001074686002539238,inner_f1,0.1489450316575049,0.7976972072513473,0.05536184138372051,0.1988615521364514,0.23529411764705882,0.5,0.15384615384615385,0.2712067813581024,783,2,11,2,0.8461538461538461,0.0025477707006369425,798,13,399,0.23076923076923078,0.375,23.01923076923077,0.23076923076923078,0.125,7.673076923076923,0.3076923076923077,0.1,6.138461538461539,0.46153846153846156,0.075,4.603846153846154,0.5384615384615384,0.04375,2.685576923076923
pooled,42,2,dummy_prior,0.5,0.0002589920004538726,8.832200182951055e-05,fixed_0.5,0.018796992481203006,0.5,0.018447159062739735,0.09342092210757724,0.0,0.0,0.0,0.0,783,0,15,0,1.0,0.0,798,15,1,0.0,0.0,0.0,0.0,0.0,0.0,0.06666666666666667,0.025,1.33,0.06666666666666667,0.0125,0.665,0.06666666666666667,0.00625,0.3325
pooled,42,2,dummy_prior,0.5,0.0002589920004538726,8.832200182951055e-05,inner_f1,0.018796992481203006,0.5,0.018447159062739735,0.09342092210757724,0.0,0.0,0.0,0.0,783,0,15,0,1.0,0.0,798,15,1,0.0,0.0,0.0,0.0,0.0,0.0,0.06666666666666667,0.025,1.33,0.06666666666666667,0.0125,0.665,0.06666666666666667,0.00625,0.3325
pooled,42,2,logistic,0.8186521261753618,0.011906085997907212,0.0005351599975256249,fixed_0.5,0.18643650179998417,0.7126862494678586,0.01618798019663985,0.08449611235507716,0.23529411764705882,1.0,0.13333333333333333,0.362154357828913,783,0,13,2,0.8666666666666667,0.0,798,15,400,0.13333333333333333,0.25,13.3,0.26666666666666666,0.16666666666666666,8.866666666666667,0.26666666666666666,0.1,5.32,0.3333333333333333,0.0625,3.325,0.3333333333333333,0.03125,1.6625
pooled,42,2,logistic,0.8186521261753618,0.011906085997907212,0.0005351599975256249,inner_f1,0.18643650179998417,0.7126862494678586,0.01618798019663985,0.08449611235507716,0.23529411764705882,1.0,0.13333333333333333,0.362154357828913,783,0,13,2,0.8666666666666667,0.0,798,15,400,0.13333333333333333,0.25,13.3,0.26666666666666666,0.16666666666666666,8.866666666666667,0.26666666666666666,0.1,5.32,0.3333333333333333,0.0625,3.325,0.3333333333333333,0.03125,1.6625
pooled,42,2,logistic_balanced,0.9980715128666957,0.0176980319993163,0.00048390699885203503,fixed_0.5,0.1822982937208007,0.7525329927628779,0.16418274156759827,0.521466420690898,0.07804878048780488,0.042105263157894736,0.5333333333333333,0.09594259139147679,601,182,7,8,0.4666666666666667,0.23243933588761176,798,15,400,0.13333333333333333,0.25,13.3,0.13333333333333333,0.08333333333333333,4.433333333333334,0.26666666666666666,0.1,5.32,0.3333333333333333,0.0625,3.325,0.5333333333333333,0.05,2.66
pooled,42,2,logistic_balanced,0.9980715128666957,0.0176980319993163,0.00048390699885203503,inner_f1,0.1822982937208007,0.7525329927628779,0.16418274156759827,0.521466420690898,0.23529411764705882,1.0,0.13333333333333333,0.362154357828913,783,0,13,2,0.8666666666666667,0.0,798,15,400,0.13333333333333333,0.25,13.3,0.13333333333333333,0.08333333333333333,4.433333333333334,0.26666666666666666,0.1,5.32,0.3333333333333333,0.0625,3.325,0.5333333333333333,0.05,2.66
pooled,42,2,xgboost,0.08484545350074768,0.05583969100189279,0.0010285739990649745,fixed_0.5,0.24129730669237645,0.7312473392933163,0.017184741128004402,0.08250522547109825,0.0,0.0,0.0,0.0,783,0,15,0,1.0,0.0,798,15,399,0.2,0.375,19.950000000000003,0.3333333333333333,0.20833333333333334,11.083333333333334,0.4,0.15,7.98,0.4666666666666667,0.0875,4.655,0.4666666666666667,0.04375,2.3275
pooled,42,2,xgboost,0.08484545350074768,0.05583969100189279,0.0010285739990649745,inner_f1,0.24129730669237645,0.7312473392933163,0.017184741128004402,0.08250522547109825,0.25806451612903225,0.25,0.26666666666666666,0.24351542432413598,771,12,11,4,0.7333333333333333,0.01532567049808429,798,15,399,0.2,0.375,19.950000000000003,0.3333333333333333,0.20833333333333334,11.083333333333334,0.4,0.15,7.98,0.4666666666666667,0.0875,4.655,0.4666666666666667,0.04375,2.3275
pooled,42,2,xgboost_balanced,0.8912214636802673,0.05097940799896605,0.0010271179999108426,fixed_0.5,0.21793222109763138,0.7615581098339719,0.050344064549605105,0.1777036579549716,0.18461538461538463,0.12,0.4,0.1926655217682144,739,44,9,6,0.6,0.0561941251596424,798,15,399,0.2,0.375,19.950000000000003,0.2,0.125,6.65,0.26666666666666666,0.1,5.32,0.4,0.075,3.99,0.6,0.05625,2.9925
pooled,42,2,xgboost_balanced,0.8912214636802673,0.05097940799896605,0.0010271179999108426,inner_f1,0.21793222109763138,0.7615581098339719,0.050344064549605105,0.1777036579549716,0.21052631578947367,0.5,0.13333333333333333,0.2514921642421835,781,2,13,2,0.8666666666666667,0.002554278416347382,798,15,399,0.2,0.375,19.950000000000003,0.2,0.125,6.65,0.26666666666666666,0.1,5.32,0.4,0.075,3.99,0.6,0.05625,2.9925
pooled,42,2,extratrees,0.39734248283893675,0.9683266399988497,0.05451016200095182,fixed_0.5,0.20863659819639202,0.7373776074925501,0.015947008148687474,0.08670192039630331,0.23529411764705882,1.0,0.13333333333333333,0.362154357828913,783,0,13,2,0.8666666666666667,0.0,798,15,305,0.13333333333333333,0.25,13.3,0.26666666666666666,0.16666666666666666,8.866666666666667,0.3333333333333333,0.125,6.65,0.4666666666666667,0.0875,4.655,0.5333333333333333,0.05,2.66
pooled,42,2,extratrees,0.39734248283893675,0.9683266399988497,0.05451016200095182,inner_f1,0.20863659819639202,0.7373776074925501,0.015947008148687474,0.08670192039630331,0.23529411764705882,1.0,0.13333333333333333,0.362154357828913,783,0,13,2,0.8666666666666667,0.0,798,15,305,0.13333333333333333,0.25,13.3,0.26666666666666666,0.16666666666666666,8.866666666666667,0.3333333333333333,0.125,6.65,0.4666666666666667,0.0875,4.655,0.5333333333333333,0.05,2.66
pooled,42,2,extratrees_balanced,0.753394728501518,1.055610422998143,0.054987816998618655,fixed_0.5,0.20331340073008122,0.7382290336313324,0.0462656984401148,0.24808052823237994,0.16326530612244897,0.11764705882352941,0.26666666666666666,0.15354869337169344,753,30,11,4,0.7333333333333333,0.038314176245210725,798,15,249,0.13333333333333333,0.25,13.3,0.26666666666666666,0.16666666666666666,8.866666666666667,0.3333333333333333,0.125,6.65,0.4,0.075,3.99,0.5333333333333333,0.05,2.66
pooled,42,2,extratrees_balanced,0.753394728501518,1.055610422998143,0.054987816998618655,inner_f1,0.20331340073008122,0.7382290336313324,0.0462656984401148,0.24808052823237994,0.21052631578947367,0.5,0.13333333333333333,0.2514921642421835,781,2,13,2,0.8666666666666667,0.002554278416347382,798,15,249,0.13333333333333333,0.25,13.3,0.26666666666666666,0.16666666666666666,8.866666666666667,0.3333333333333333,0.125,6.65,0.4,0.075,3.99,0.5333333333333333,0.05,2.66
pooled,42,2,catboost,0.5009713809246759,0.15692503099853639,0.00110968900116859,fixed_0.5,0.20254652354531932,0.7058748403575991,0.01605470018036873,0.08130852252444117,0.23529411764705882,1.0,0.13333333333333333,0.362154357828913,783,0,13,2,0.8666666666666667,0.0,798,15,399,0.2,0.375,19.950000000000003,0.2,0.125,6.65,0.26666666666666666,0.1,5.32,0.3333333333333333,0.0625,3.325,0.4666666666666667,0.04375,2.3275
pooled,42,2,catboost,0.5009713809246759,0.15692503099853639,0.00110968900116859,inner_f1,0.20254652354531932,0.7058748403575991,0.01605470018036873,0.08130852252444117,0.23529411764705882,1.0,0.13333333333333333,0.362154357828913,783,0,13,2,0.8666666666666667,0.0,798,15,399,0.2,0.375,19.950000000000003,0.2,0.125,6.65,0.26666666666666666,0.1,5.32,0.3333333333333333,0.0625,3.325,0.4666666666666667,0.04375,2.3275
pooled,42,2,catboost_balanced,0.810059976701045,0.1588712740012852,0.0012320339992584195,fixed_0.5,0.21804967095467132,0.7375478927203066,0.0593326731289362,0.20993414896595644,0.17391304347826086,0.1111111111111111,0.4,0.18312807091837563,735,48,9,6,0.6,0.06130268199233716,798,15,399,0.2,0.375,19.950000000000003,0.2,0.125,6.65,0.3333333333333333,0.125,6.65,0.4,0.075,3.99,0.5333333333333333,0.05,2.66
pooled,42,2,catboost_balanced,0.810059976701045,0.1588712740012852,0.0012320339992584195,inner_f1,0.21804967095467132,0.7375478927203066,0.0593326731289362,0.20993414896595644,0.23529411764705882,1.0,0.13333333333333333,0.362154357828913,783,0,13,2,0.8666666666666667,0.0,798,15,399,0.2,0.375,19.950000000000003,0.2,0.125,6.65,0.3333333333333333,0.125,6.65,0.4,0.075,3.99,0.5333333333333333,0.05,2.66
pooled,42,2,lightgbm,0.02541475904945558,0.05173704900153098,0.0015342580009019002,fixed_0.5,0.2685817993510202,0.7208599404001704,0.016769575211620136,0.08347016065647092,0.0,0.0,0.0,0.0,783,0,15,0,1.0,0.0,798,15,399,0.26666666666666666,0.5,26.6,0.3333333333333333,0.20833333333333334,11.083333333333334,0.3333333333333333,0.125,6.65,0.4666666666666667,0.0875,4.655,0.5333333333333333,0.05,2.66
pooled,42,2,lightgbm,0.02541475904945558,0.05173704900153098,0.0015342580009019002,inner_f1,0.2685817993510202,0.7208599404001704,0.016769575211620136,0.08347016065647092,0.11023622047244094,0.0625,0.4666666666666667,0.1300273343211129,678,105,8,7,0.5333333333333333,0.13409961685823754,798,15,399,0.26666666666666666,0.5,26.6,0.3333333333333333,0.20833333333333334,11.083333333333334,0.3333333333333333,0.125,6.65,0.4666666666666667,0.0875,4.655,0.5333333333333333,0.05,2.66
pooled,42,2,lightgbm_balanced,0.8683956980585071,0.05064492100063944,0.00105387399889878,fixed_0.5,0.19993336482226398,0.749467858663261,0.053995348873191046,0.19242401158785644,0.15384615384615385,0.1,0.3333333333333333,0.1545904632315539,738,45,10,5,0.6666666666666666,0.05747126436781609,798,15,399,0.2,0.375,19.950000000000003,0.3333333333333333,0.20833333333333334,11.083333333333334,0.3333333333333333,0.125,6.65,0.4666666666666667,0.0875,4.655,0.6,0.05625,2.9925
pooled,42,2,lightgbm_balanced,0.8683956980585071,0.05064492100063944,0.00105387399889878,inner_f1,0.19993336482226398,0.749467858663261,0.053995348873191046,0.19242401158785644,0.2608695652173913,0.375,0.2,0.26394012051159416,778,5,12,3,0.8,0.006385696040868455,798,15,399,0.2,0.375,19.950000000000003,0.3333333333333333,0.20833333333333334,11.083333333333334,0.3333333333333333,0.125,6.65,0.4666666666666667,0.0875,4.655,0.6,0.05625,2.9925
pooled,1729,0,dummy_prior,0.5,0.0002562139998190105,8.176499977707863e-05,fixed_0.5,0.012547051442910916,0.5,0.012445919060504126,0.06905267771134249,0.0,0.0,0.0,0.0,787,0,10,0,1.0,0.0,797,10,1,0.0,0.0,0.0,0.0,0.0,0.0,0.0,0.0,0.0,0.0,0.0,0.0,0.1,0.00625,0.49812500000000004
pooled,1729,0,dummy_prior,0.5,0.0002562139998190105,8.176499977707863e-05,inner_f1,0.012547051442910916,0.5,0.012445919060504126,0.06905267771134249,0.0,0.0,0.0,0.0,787,0,10,0,1.0,0.0,797,10,1,0.0,0.0,0.0,0.0,0.0,0.0,0.0,0.0,0.0,0.0,0.0,0.0,0.1,0.00625,0.49812500000000004
pooled,1729,0,logistic,0.8385501839322458,0.011698299000272527,0.000580449999688426,fixed_0.5,0.24356942933558154,0.6476493011435832,0.010290248609122978,0.06252419676559394,0.3333333333333333,1.0,0.2,0.4449577748322281,787,0,8,2,0.8,0.0,797,10,399,0.2,0.25,19.925,0.3,0.125,9.9625,0.3,0.075,5.9775,0.3,0.0375,2.98875,0.3,0.01875,1.494375
pooled,1729,0,logistic,0.8385501839322458,0.011698299000272527,0.000580449999688426,inner_f1,0.24356942933558154,0.6476493011435832,0.010290248609122978,0.06252419676559394,0.3333333333333333,1.0,0.2,0.4449577748322281,787,0,8,2,0.8,0.0,797,10,399,0.2,0.25,19.925,0.3,0.125,9.9625,0.3,0.075,5.9775,0.3,0.0375,2.98875,0.3,0.01875,1.494375
pooled,1729,0,logistic_balanced,0.8803793480493634,0.020116465999308275,0.0007074280001688749,fixed_0.5,0.22310079262696805,0.6853875476493012,0.14948494807038226,0.4478802854304755,0.05181347150259067,0.0273224043715847,0.5,0.07246865114284928,609,178,5,5,0.5,0.22617534942820838,797,10,400,0.2,0.25,19.925,0.2,0.08333333333333333,6.641666666666666,0.2,0.05,3.9850000000000003,0.3,0.0375,2.98875,0.5,0.03125,2.490625
pooled,1729,0,logistic_balanced,0.8803793480493634,0.020116465999308275,0.0007074280001688749,inner_f1,0.22310079262696805,0.6853875476493012,0.14948494807038226,0.4478802854304755,0.14285714285714285,0.1111111111111111,0.2,0.13460371980838817,771,16,8,2,0.8,0.020330368487928845,797,10,400,0.2,0.25,19.925,0.2,0.08333333333333333,6.641666666666666,0.2,0.05,3.9850000000000003,0.3,0.0375,2.98875,0.5,0.03125,2.490625
pooled,1729,0,xgboost,0.06362154334783554,0.06018095499894116,0.0009660519972385373,fixed_0.5,0.22127432335688876,0.6500635324015247,0.011992649816807739,0.06489170606857075,0.0,0.0,0.0,0.0,787,0,10,0,1.0,0.0,797,10,399,0.2,0.25,19.925,0.2,0.08333333333333333,6.641666666666666,0.2,0.05,3.9850000000000003,0.3,0.0375,2.98875,0.5,0.03125,2.490625
pooled,1729,0,xgboost,0.06362154334783554,0.06018095499894116,0.0009660519972385373,inner_f1,0.22127432335688876,0.6500635324015247,0.011992649816807739,0.06489170606857075,0.08888888888888889,0.05714285714285714,0.2,0.08586605421844677,754,33,8,2,0.8,0.04193138500635324,797,10,399,0.2,0.25,19.925,0.2,0.08333333333333333,6.641666666666666,0.2,0.05,3.9850000000000003,0.3,0.0375,2.98875,0.5,0.03125,2.490625
pooled,1729,0,xgboost_balanced,0.6897432804107666,0.05652883199945791,0.0008675929966557305,fixed_0.5,0.08642555098867025,0.6348157560355783,0.039167049489385694,0.15143904809521444,0.09090909090909091,0.058823529411764705,0.2,0.08776239022459244,755,32,8,2,0.8,0.04066073697585769,797,10,399,0.2,0.25,19.925,0.2,0.08333333333333333,6.641666666666666,0.2,0.05,3.9850000000000003,0.3,0.0375,2.98875,0.5,0.03125,2.490625
pooled,1729,0,xgboost_balanced,0.6897432804107666,0.05652883199945791,0.0008675929966557305,inner_f1,0.08642555098867025,0.6348157560355783,0.039167049489385694,0.15143904809521444,0.2,0.2,0.2,0.18983481575603559,779,8,8,2,0.8,0.010165184243964422,797,10,399,0.2,0.25,19.925,0.2,0.08333333333333333,6.641666666666666,0.2,0.05,3.9850000000000003,0.3,0.0375,2.98875,0.5,0.03125,2.490625
pooled,1729,0,extratrees,0.37383781644635034,0.9733566710019659,0.0556722860019363,fixed_0.5,0.22445762353866208,0.7224904701397713,0.011391230059977485,0.06154650453988143,0.2857142857142857,0.5,0.2,0.31102626059499155,785,2,8,2,0.8,0.0025412960609911056,797,10,327,0.2,0.25,19.925,0.2,0.08333333333333333,6.641666666666666,0.2,0.05,3.9850000000000003,0.4,0.05,3.9850000000000003,0.5,0.03125,2.490625
pooled,1729,0,extratrees,0.37383781644635034,0.9733566710019659,0.0556722860019363,inner_f1,0.22445762353866208,0.7224904701397713,0.011391230059977485,0.06154650453988143,0.2857142857142857,0.5,0.2,0.31102626059499155,785,2,8,2,0.8,0.0025412960609911056,797,10,327,0.2,0.25,19.925,0.2,0.08333333333333333,6.641666666666666,0.2,0.05,3.9850000000000003,0.4,0.05,3.9850000000000003,0.5,0.03125,2.490625
pooled,1729,0,extratrees_balanced,0.32127721154135364,1.0617438840017712,0.054864092999196146,fixed_0.5,0.27838106165771936,0.7715374841168996,0.03871988210055373,0.15335794408783804,0.2,0.13333333333333333,0.4,0.2146107703098616,761,26,6,4,0.6,0.03303684879288437,797,10,282,0.3,0.375,29.8875,0.4,0.16666666666666666,13.283333333333331,0.4,0.1,7.970000000000001,0.4,0.05,3.9850000000000003,0.5,0.03125,2.490625
pooled,1729,0,extratrees_balanced,0.32127721154135364,1.0617438840017712,0.054864092999196146,inner_f1,0.27838106165771936,0.7715374841168996,0.03871988210055373,0.15335794408783804,0.0898876404494382,0.05063291139240506,0.4,0.1134974344959691,712,75,6,4,0.6,0.09529860228716645,797,10,282,0.3,0.375,29.8875,0.4,0.16666666666666666,13.283333333333331,0.4,0.1,7.970000000000001,0.4,0.05,3.9850000000000003,0.5,0.03125,2.490625
pooled,1729,0,catboost,0.6829047796714529,0.15625427499981015,0.0010326919982617255,fixed_0.5,0.2272760063482991,0.6716645489199492,0.010111552200013125,0.05760173665301476,0.3333333333333333,1.0,0.2,0.4449577748322281,787,0,8,2,0.8,0.0,797,10,399,0.2,0.25,19.925,0.2,0.08333333333333333,6.641666666666666,0.2,0.05,3.9850000000000003,0.4,0.05,3.9850000000000003,0.5,0.03125,2.490625
pooled,1729,0,catboost,0.6829047796714529,0.15625427499981015,0.0010326919982617255,inner_f1,0.2272760063482991,0.6716645489199492,0.010111552200013125,0.05760173665301476,0.3333333333333333,1.0,0.2,0.4449577748322281,787,0,8,2,0.8,0.0,797,10,399,0.2,0.25,19.925,0.2,0.08333333333333333,6.641666666666666,0.2,0.05,3.9850000000000003,0.4,0.05,3.9850000000000003,0.5,0.03125,2.490625
pooled,1729,0,catboost_balanced,0.3112165189087364,0.1603121160005685,0.0013469279983837623,fixed_0.5,0.22368811860267923,0.6829733163913596,0.059724144014447866,0.21617460820735068,0.08,0.046153846153846156,0.3,0.08997030362111069,725,62,7,3,0.7,0.07878017789072427,797,10,399,0.2,0.25,19.925,0.2,0.08333333333333333,6.641666666666666,0.2,0.05,3.9850000000000003,0.3,0.0375,2.98875,0.5,0.03125,2.490625
pooled,1729,0,catboost_balanced,0.3112165189087364,0.1603121160005685,0.0013469279983837623,inner_f1,0.22368811860267923,0.6829733163913596,0.059724144014447866,0.21617460820735068,0.072992700729927,0.03937007874015748,0.5,0.10491635789383535,665,122,5,5,0.5,0.15501905972045743,797,10,399,0.2,0.25,19.925,0.2,0.08333333333333333,6.641666666666666,0.2,0.05,3.9850000000000003,0.3,0.0375,2.98875,0.5,0.03125,2.490625
pooled,1729,0,lightgbm,0.28145962081325293,0.05366396099998383,0.001191905997984577,fixed_0.5,0.22269054378257389,0.6602287166454892,0.011816790940123214,0.06414479919527295,0.0,0.0,0.0,0.0,787,0,10,0,1.0,0.0,797,10,399,0.2,0.25,19.925,0.2,0.08333333333333333,6.641666666666666,0.2,0.05,3.9850000000000003,0.4,0.05,3.9850000000000003,0.5,0.03125,2.490625
pooled,1729,0,lightgbm,0.28145962081325293,0.05366396099998383,0.001191905997984577,inner_f1,0.22269054378257389,0.6602287166454892,0.011816790940123214,0.06414479919527295,0.0,0.0,0.0,0.0,787,0,10,0,1.0,0.0,797,10,399,0.2,0.25,19.925,0.2,0.08333333333333333,6.641666666666666,0.2,0.05,3.9850000000000003,0.4,0.05,3.9850000000000003,0.5,0.03125,2.490625
pooled,1729,0,lightgbm_balanced,0.3718570955946298,0.04942952500277897,0.0011301680024189409,fixed_0.5,0.07224426969127144,0.647141041931385,0.045812769498720415,0.17160265682834894,0.08333333333333333,0.05263157894736842,0.2,0.08057839901794787,751,36,8,2,0.8,0.045743329097839895,797,10,399,0.2,0.25,19.925,0.2,0.08333333333333333,6.641666666666666,0.2,0.05,3.9850000000000003,0.3,0.0375,2.98875,0.4,0.025,1.9925000000000002
pooled,1729,0,lightgbm_balanced,0.3718570955946298,0.04942952500277897,0.0011301680024189409,inner_f1,0.07224426969127144,0.647141041931385,0.045812769498720415,0.17160265682834894,0.07058823529411765,0.04,0.3,0.07949173652308159,715,72,7,3,0.7,0.09148665819567979,797,10,399,0.2,0.25,19.925,0.2,0.08333333333333333,6.641666666666666,0.2,0.05,3.9850000000000003,0.3,0.0375,2.98875,0.4,0.025,1.9925000000000002
pooled,1729,1,dummy_prior,0.5,0.00023803500153007917,8.084599903668277e-05,fixed_0.5,0.020050125313283207,0.5,0.019662174175427365,0.09864272543752237,0.0,0.0,0.0,0.0,782,0,16,0,1.0,0.0,798,16,1,0.0,0.0,0.0,0.0,0.0,0.0,0.0625,0.025,1.2468750000000002,0.125,0.025,1.2468750000000002,0.3125,0.03125,1.55859375
pooled,1729,1,dummy_prior,0.5,0.00023803500153007917,8.084599903668277e-05,inner_f1,0.020050125313283207,0.5,0.019662174175427365,0.09864272543752237,0.0,0.0,0.0,0.0,782,0,16,0,1.0,0.0,798,16,1,0.0,0.0,0.0,0.0,0.0,0.0,0.0625,0.025,1.2468750000000002,0.125,0.025,1.2468750000000002,0.3125,0.03125,1.55859375
pooled,1729,1,logistic,0.778770129753793,0.011293294999632053,0.0006112579976615962,fixed_0.5,0.20093501979781817,0.7407289002557544,0.017317422195116446,0.08655475622233073,0.2222222222222222,1.0,0.125,0.35043046034511394,782,0,14,2,0.875,0.0,798,16,399,0.125,0.25,12.46875,0.25,0.16666666666666666,8.3125,0.375,0.15,7.48125,0.375,0.075,3.740625,0.5625,0.05625,2.80546875
pooled,1729,1,logistic,0.778770129753793,0.011293294999632053,0.0006112579976615962,inner_f1,0.20093501979781817,0.7407289002557544,0.017317422195116446,0.08655475622233073,0.2222222222222222,1.0,0.125,0.35043046034511394,782,0,14,2,0.875,0.0,798,16,399,0.125,0.25,12.46875,0.25,0.16666666666666666,8.3125,0.375,0.15,7.48125,0.375,0.075,3.740625,0.5625,0.05625,2.80546875
pooled,1729,1,logistic_balanced,0.9719049291344978,0.01880881800025236,0.0006382760002452414,fixed_0.5,0.19786828501983494,0.7236253196930946,0.16628463447712033,0.49210116324538666,0.06481481481481481,0.035,0.4375,0.06167959049199037,589,193,9,7,0.5625,0.24680306905370844,798,16,400,0.1875,0.375,18.703125,0.25,0.16666666666666666,8.3125,0.3125,0.125,6.234375,0.375,0.075,3.740625,0.4375,0.04375,2.18203125
pooled,1729,1,logistic_balanced,0.9719049291344978,0.01880881800025236,0.0006382760002452414,inner_f1,0.19786828501983494,0.7236253196930946,0.16628463447712033,0.49210116324538666,0.2,0.5,0.125,0.24302734957693187,780,2,14,2,0.875,0.0025575447570332483,798,16,400,0.1875,0.375,18.703125,0.25,0.16666666666666666,8.3125,0.3125,0.125,6.234375,0.375,0.075,3.740625,0.4375,0.04375,2.18203125
pooled,1729,1,xgboost,0.07337599247694016,0.0571222590006073,0.001265263999812305,fixed_0.5,0.10395550088609685,0.7322570332480819,0.019066423146940497,0.08959069135334141,0.0,0.0,0.0,0.0,782,0,16,0,1.0,0.0,798,16,399,0.1875,0.375,18.703125,0.25,0.16666666666666666,8.3125,0.25,0.1,4.987500000000001,0.375,0.075,3.740625,0.5,0.05,2.4937500000000004
pooled,1729,1,xgboost,0.07337599247694016,0.0571222590006073,0.001265263999812305,inner_f1,0.10395550088609685,0.7322570332480819,0.019066423146940497,0.08959069135334141,0.21428571428571427,0.25,0.1875,0.20269920750650616,773,9,13,3,0.8125,0.011508951406649617,798,16,399,0.1875,0.375,18.703125,0.25,0.16666666666666666,8.3125,0.25,0.1,4.987500000000001,0.375,0.075,3.740625,0.5,0.05,2.4937500000000004
pooled,1729,1,xgboost_balanced,0.9093772768974304,0.05356151199885062,0.0010591319987725,fixed_0.5,0.10383610343867575,0.7773337595907929,0.047185275800200537,0.17542071243614735,0.16,0.11764705882352941,0.25,0.14688196539723974,752,30,12,4,0.75,0.03836317135549872,798,16,399,0.125,0.25,12.46875,0.25,0.16666666666666666,8.3125,0.3125,0.125,6.234375,0.375,0.075,3.740625,0.625,0.0625,3.1171875
pooled,1729,1,xgboost_balanced,0.9093772768974304,0.05356151199885062,0.0010591319987725,inner_f1,0.10383610343867575,0.7773337595907929,0.047185275800200537,0.17542071243614735,0.0,0.0,0.0,0.0,782,0,16,0,1.0,0.0,798,16,399,0.125,0.25,12.46875,0.25,0.16666666666666666,8.3125,0.3125,0.125,6.234375,0.375,0.075,3.740625,0.625,0.0625,3.1171875
pooled,1729,1,extratrees,0.43805555555555564,0.9774857210031769,0.05473802300184616,fixed_0.5,0.1769162639212621,0.7810102301790282,0.0176234920281926,0.08325975006417967,0.2222222222222222,1.0,0.125,0.35043046034511394,782,0,14,2,0.875,0.0,798,16,299,0.125,0.25,12.46875,0.1875,0.125,6.234375,0.25,0.1,4.987500000000001,0.3125,0.0625,3.1171875,0.5,0.05,2.4937500000000004
pooled,1729,1,extratrees,0.43805555555555564,0.9774857210031769,0.05473802300184616,inner_f1,0.1769162639212621,0.7810102301790282,0.0176234920281926,0.08325975006417967,0.2222222222222222,1.0,0.125,0.35043046034511394,782,0,14,2,0.875,0.0,798,16,299,0.125,0.25,12.46875,0.1875,0.125,6.234375,0.25,0.1,4.987500000000001,0.3125,0.0625,3.1171875,0.5,0.05,2.4937500000000004
pooled,1729,1,extratrees_balanced,0.6157569998647187,1.0743277329966077,0.05513098099982017,fixed_0.5,0.18634931528270773,0.7782928388746803,0.052172150691918294,0.19213200373947548,0.18181818181818182,0.14285714285714285,0.25,0.16706918764986436,758,24,12,4,0.75,0.030690537084398978,798,16,274,0.125,0.25,12.46875,0.25,0.16666666666666666,8.3125,0.25,0.1,4.987500000000001,0.375,0.075,3.740625,0.5,0.05,2.4937500000000004
pooled,1729,1,extratrees_balanced,0.6157569998647187,1.0743277329966077,0.05513098099982017,inner_f1,0.18634931528270773,0.7782928388746803,0.052172150691918294,0.19213200373947548,0.15384615384615385,0.2,0.125,0.14461986883333386,774,8,14,2,0.875,0.010230179028132993,798,16,274,0.125,0.25,12.46875,0.25,0.16666666666666666,8.3125,0.25,0.1,4.987500000000001,0.375,0.075,3.740625,0.5,0.05,2.4937500000000004
pooled,1729,1,catboost,0.5420961497110751,0.16194826100036153,0.0009199660016747657,fixed_0.5,0.197996790514199,0.7915601023017903,0.017299969053741312,0.0844058909592756,0.2222222222222222,1.0,0.125,0.35043046034511394,782,0,14,2,0.875,0.0,798,16,399,0.125,0.25,12.46875,0.1875,0.125,6.234375,0.3125,0.125,6.234375,0.4375,0.0875,4.3640625,0.4375,0.04375,2.18203125
pooled,1729,1,catboost,0.5420961497110751,0.16194826100036153,0.0009199660016747657,inner_f1,0.197996790514199,0.7915601023017903,0.017299969053741312,0.0844058909592756,0.2222222222222222,1.0,0.125,0.35043046034511394,782,0,14,2,0.875,0.0,798,16,399,0.125,0.25,12.46875,0.1875,0.125,6.234375,0.3125,0.125,6.234375,0.4375,0.0875,4.3640625,0.4375,0.04375,2.18203125
pooled,1729,1,catboost_balanced,0.7440916991838593,0.16447863100256654,0.0010882870010391343,fixed_0.5,0.1914645263670356,0.7659846547314578,0.07192533117881385,0.24907565798935616,0.13953488372093023,0.08571428571428572,0.375,0.14526174250073484,718,64,10,6,0.625,0.08184143222506395,798,16,399,0.125,0.25,12.46875,0.1875,0.125,6.234375,0.3125,0.125,6.234375,0.375,0.075,3.740625,0.5,0.05,2.4937500000000004
pooled,1729,1,catboost_balanced,0.7440916991838593,0.16447863100256654,0.0010882870010391343,inner_f1,0.1914645263670356,0.7659846547314578,0.07192533117881385,0.24907565798935616,0.2222222222222222,1.0,0.125,0.35043046034511394,782,0,14,2,0.875,0.0,798,16,399,0.125,0.25,12.46875,0.1875,0.125,6.234375,0.3125,0.125,6.234375,0.375,0.075,3.740625,0.5,0.05,2.4937500000000004
pooled,1729,1,lightgbm,0.15981105085822994,0.05663166600061231,0.0012157169985584915,fixed_0.5,0.1444411471158378,0.781809462915601,0.01904896012923391,0.08819460377645588,0.0,0.0,0.0,0.0,782,0,16,0,1.0,0.0,798,16,399,0.1875,0.375,18.703125,0.25,0.16666666666666666,8.3125,0.3125,0.125,6.234375,0.4375,0.0875,4.3640625,0.5,0.05,2.4937500000000004
pooled,1729,1,lightgbm,0.15981105085822994,0.05663166600061231,0.0012157169985584915,inner_f1,0.1444411471158378,0.781809462915601,0.01904896012923391,0.08819460377645588,0.0,0.0,0.0,-0.007169932692483149,780,2,16,0,1.0,0.0025575447570332483,798,16,399,0.1875,0.375,18.703125,0.25,0.16666666666666666,8.3125,0.3125,0.125,6.234375,0.4375,0.0875,4.3640625,0.5,0.05,2.4937500000000004
pooled,1729,1,lightgbm_balanced,0.8088119856207986,0.05327376399873174,0.0012180289995740168,fixed_0.5,0.19325331944322915,0.7725383631713556,0.052368959654509946,0.19350293513076738,0.14285714285714285,0.1,0.25,0.13102455811734556,746,36,12,4,0.75,0.04603580562659847,798,16,399,0.125,0.25,12.46875,0.25,0.16666666666666666,8.3125,0.25,0.1,4.987500000000001,0.375,0.075,3.740625,0.5,0.05,2.4937500000000004
pooled,1729,1,lightgbm_balanced,0.8088119856207986,0.05327376399873174,0.0012180289995740168,inner_f1,0.19325331944322915,0.7725383631713556,0.052368959654509946,0.19350293513076738,0.2,0.5,0.125,0.24302734957693187,780,2,14,2,0.875,0.0025575447570332483,798,16,399,0.125,0.25,12.46875,0.25,0.16666666666666666,8.3125,0.25,0.1,4.987500000000001,0.375,0.075,3.740625,0.5,0.05,2.4937500000000004
pooled,1729,2,dummy_prior,0.5,0.00026279400117346086,8.628399882582016e-05,fixed_0.5,0.020050125313283207,0.5,0.019662174175427365,0.09864272543752237,0.0,0.0,0.0,0.0,782,0,16,0,1.0,0.0,798,16,1,0.0,0.0,0.0,0.0,0.0,0.0,0.0,0.0,0.0,0.0,0.0,0.0,0.0,0.0,0.0
pooled,1729,2,dummy_prior,0.5,0.00026279400117346086,8.628399882582016e-05,inner_f1,0.020050125313283207,0.5,0.019662174175427365,0.09864272543752237,0.0,0.0,0.0,0.0,782,0,16,0,1.0,0.0,798,16,1,0.0,0.0,0.0,0.0,0.0,0.0,0.0,0.0,0.0,0.0,0.0,0.0,0.0,0.0,0.0
pooled,1729,2,logistic,0.6398979411385751,0.01212695799767971,0.0005038449999119621,fixed_0.5,0.1901011675731132,0.7850063938618926,0.017362380059296613,0.08364433305942423,0.2222222222222222,1.0,0.125,0.35043046034511394,782,0,14,2,0.875,0.0,798,16,399,0.125,0.25,12.46875,0.1875,0.125,6.234375,0.1875,0.075,3.740625,0.3125,0.0625,3.1171875,0.625,0.0625,3.1171875
pooled,1729,2,logistic,0.6398979411385751,0.01212695799767971,0.0005038449999119621,inner_f1,0.1901011675731132,0.7850063938618926,0.017362380059296613,0.08364433305942423,0.2222222222222222,1.0,0.125,0.35043046034511394,782,0,14,2,0.875,0.0,798,16,399,0.125,0.25,12.46875,0.1875,0.125,6.234375,0.1875,0.075,3.740625,0.3125,0.0625,3.1171875,0.625,0.0625,3.1171875
pooled,1729,2,logistic_balanced,0.9927292781342262,0.01659999899857212,0.0005952870014880318,fixed_0.5,0.18988107961575137,0.7963554987212277,0.18449826154058857,0.5348550389819731,0.0967741935483871,0.05172413793103448,0.75,0.14466996811181795,562,220,4,12,0.25,0.2813299232736573,798,16,400,0.125,0.25,12.46875,0.1875,0.125,6.234375,0.1875,0.075,3.740625,0.4375,0.0875,4.3640625,0.75,0.075,3.740625
pooled,1729,2,logistic_balanced,0.9927292781342262,0.01659999899857212,0.0005952870014880318,inner_f1,0.18988107961575137,0.7963554987212277,0.18449826154058857,0.5348550389819731,0.0,0.0,0.0,0.0,782,0,16,0,1.0,0.0,798,16,400,0.125,0.25,12.46875,0.1875,0.125,6.234375,0.1875,0.075,3.740625,0.4375,0.0875,4.3640625,0.75,0.075,3.740625
pooled,1729,2,xgboost,0.057672809809446335,0.06136712200168404,0.001350059999822406,fixed_0.5,0.09637012785075053,0.742007672634271,0.019085295407774778,0.08870674305476482,0.0,0.0,0.0,0.0,782,0,16,0,1.0,0.0,798,16,399,0.0625,0.125,6.234375,0.3125,0.20833333333333334,10.390625000000002,0.375,0.15,7.48125,0.375,0.075,3.740625,0.5625,0.05625,2.80546875
pooled,1729,2,xgboost,0.057672809809446335,0.06136712200168404,0.001350059999822406,inner_f1,0.09637012785075053,0.742007672634271,0.019085295407774778,0.08870674305476482,0.25,0.20833333333333334,0.3125,0.23653001173248087,763,19,11,5,0.6875,0.024296675191815855,798,16,399,0.0625,0.125,6.234375,0.3125,0.20833333333333334,10.390625000000002,0.375,0.15,7.48125,0.375,0.075,3.740625,0.5625,0.05625,2.80546875
pooled,1729,2,xgboost_balanced,0.7524364590644836,0.056987978001416195,0.0010927059993264265,fixed_0.5,0.061866745094136394,0.742806905370844,0.05168619333483765,0.18581106818249696,0.14285714285714285,0.1,0.25,0.13102455811734556,746,36,12,4,0.75,0.04603580562659847,798,16,399,0.0625,0.125,6.234375,0.0625,0.041666666666666664,2.078125,0.25,0.1,4.987500000000001,0.3125,0.0625,3.1171875,0.4375,0.04375,2.18203125
pooled,1729,2,xgboost_balanced,0.7524364590644836,0.056987978001416195,0.0010927059993264265,inner_f1,0.061866745094136394,0.742806905370844,0.05168619333483765,0.18581106818249696,0.09090909090909091,0.16666666666666666,0.0625,0.09104068741979271,777,5,15,1,0.9375,0.00639386189258312,798,16,399,0.0625,0.125,6.234375,0.0625,0.041666666666666664,2.078125,0.25,0.1,4.987500000000001,0.3125,0.0625,3.1171875,0.4375,0.04375,2.18203125
pooled,1729,2,extratrees,0.32251745654820546,0.9621818560008251,0.05642644199906499,fixed_0.5,0.1820619612642866,0.8156969309462916,0.017317647914705192,0.08035701972033138,0.2222222222222222,1.0,0.125,0.35043046034511394,782,0,14,2,0.875,0.0,798,16,327,0.125,0.25,12.46875,0.1875,0.125,6.234375,0.1875,0.075,3.740625,0.4375,0.0875,4.3640625,0.5,0.05,2.4937500000000004
pooled,1729,2,extratrees,0.32251745654820546,0.9621818560008251,0.05642644199906499,inner_f1,0.1820619612642866,0.8156969309462916,0.017317647914705192,0.08035701972033138,0.2222222222222222,1.0,0.125,0.35043046034511394,782,0,14,2,0.875,0.0,798,16,327,0.125,0.25,12.46875,0.1875,0.125,6.234375,0.1875,0.075,3.740625,0.4375,0.0875,4.3640625,0.5,0.05,2.4937500000000004
pooled,1729,2,extratrees_balanced,0.7643934792625067,1.099762528003339,0.05582529200182762,fixed_0.5,0.17169076336942454,0.7701406649616369,0.05336145834784075,0.19417126723336353,0.09090909090909091,0.07142857142857142,0.125,0.06989629279229019,756,26,14,2,0.875,0.03324808184143223,798,16,283,0.125,0.25,12.46875,0.125,0.08333333333333333,4.15625,0.125,0.05,2.4937500000000004,0.3125,0.0625,3.1171875,0.5625,0.05625,2.80546875
pooled,1729,2,extratrees_balanced,0.7643934792625067,1.099762528003339,0.05582529200182762,inner_f1,0.17169076336942454,0.7701406649616369,0.05336145834784075,0.19417126723336353,0.2,0.5,0.125,0.24302734957693187,780,2,14,2,0.875,0.0025575447570332483,798,16,283,0.125,0.25,12.46875,0.125,0.08333333333333333,4.15625,0.125,0.05,2.4937500000000004,0.3125,0.0625,3.1171875,0.5625,0.05625,2.80546875
pooled,1729,2,catboost,0.3959165721430722,0.16132491700045648,0.0009178309992421418,fixed_0.5,0.19562514669517944,0.7990728900255755,0.017117126877753165,0.08265910827385421,0.2222222222222222,1.0,0.125,0.35043046034511394,782,0,14,2,0.875,0.0,798,16,399,0.125,0.25,12.46875,0.1875,0.125,6.234375,0.3125,0.125,6.234375,0.4375,0.0875,4.3640625,0.5625,0.05625,2.80546875
pooled,1729,2,catboost,0.3959165721430722,0.16132491700045648,0.0009178309992421418,inner_f1,0.19562514669517944,0.7990728900255755,0.017117126877753165,0.08265910827385421,0.2222222222222222,1.0,0.125,0.35043046034511394,782,0,14,2,0.875,0.0,798,16,399,0.125,0.25,12.46875,0.1875,0.125,6.234375,0.3125,0.125,6.234375,0.4375,0.0875,4.3640625,0.5625,0.05625,2.80546875
pooled,1729,2,catboost_balanced,0.713025341030076,0.16642557500017574,0.000995224003418116,fixed_0.5,0.1691906312114691,0.72346547314578,0.06407620654279807,0.22537484790317444,0.08571428571428572,0.05555555555555555,0.1875,0.06824089518460374,731,51,13,3,0.8125,0.06521739130434782,798,16,399,0.125,0.25,12.46875,0.125,0.08333333333333333,4.15625,0.1875,0.075,3.740625,0.3125,0.0625,3.1171875,0.5,0.05,2.4937500000000004
pooled,1729,2,catboost_balanced,0.713025341030076,0.16642557500017574,0.000995224003418116,inner_f1,0.1691906312114691,0.72346547314578,0.06407620654279807,0.22537484790317444,0.16666666666666666,0.25,0.125,0.16508368269676313,776,6,14,2,0.875,0.0076726342710997444,798,16,399,0.125,0.25,12.46875,0.125,0.08333333333333333,4.15625,0.1875,0.075,3.740625,0.3125,0.0625,3.1171875,0.5,0.05,2.4937500000000004
pooled,1729,2,lightgbm,0.1776476946582351,0.05303832500067074,0.0013785369992547203,fixed_0.5,0.11581079279289501,0.7842071611253196,0.01900371386601685,0.08802129722653525,0.0,0.0,0.0,0.0,782,0,16,0,1.0,0.0,798,16,399,0.125,0.25,12.46875,0.125,0.08333333333333333,4.15625,0.125,0.05,2.4937500000000004,0.375,0.075,3.740625,0.5,0.05,2.4937500000000004
pooled,1729,2,lightgbm,0.1776476946582351,0.05303832500067074,0.0013785369992547203,inner_f1,0.11581079279289501,0.7842071611253196,0.01900371386601685,0.08802129722653525,0.18181818181818182,0.3333333333333333,0.125,0.19453138337562545,778,4,14,2,0.875,0.005115089514066497,798,16,399,0.125,0.25,12.46875,0.125,0.08333333333333333,4.15625,0.125,0.05,2.4937500000000004,0.375,0.075,3.740625,0.5,0.05,2.4937500000000004
pooled,1729,2,lightgbm_balanced,0.7893955489922557,0.050592008999956306,0.001285851001739502,fixed_0.5,0.07160439077950466,0.7608695652173914,0.05343491348558249,0.1921100621920558,0.11538461538461539,0.08333333333333333,0.1875,0.09812999460650398,749,33,13,3,0.8125,0.04219948849104859,798,16,399,0.0,0.0,0.0,0.1875,0.125,6.234375,0.1875,0.075,3.740625,0.3125,0.0625,3.1171875,0.375,0.0375,1.8703125
pooled,1729,2,lightgbm_balanced,0.7893955489922557,0.050592008999956306,0.001285851001739502,inner_f1,0.07160439077950466,0.7608695652173914,0.05343491348558249,0.1921100621920558,0.0,0.0,0.0,-0.010152578572404465,778,4,16,0,1.0,0.005115089514066497,798,16,399,0.0,0.0,0.0,0.1875,0.125,6.234375,0.1875,0.075,3.740625,0.3125,0.0625,3.1171875,0.375,0.0375,1.8703125
pooled,2026,0,dummy_prior,0.5,0.0002892299999075476,9.649200001149438e-05,fixed_0.5,0.02132998745294856,0.5,0.020907120684388183,0.1041069111814681,0.0,0.0,0.0,0.0,780,0,17,0,1.0,0.0,797,17,1,0.0,0.0,0.0,0.0,0.0,0.0,0.0,0.0,0.0,0.0,0.0,0.0,0.11764705882352941,0.0125,0.5860294117647059
pooled,2026,0,dummy_prior,0.5,0.0002892299999075476,9.649200001149438e-05,inner_f1,0.02132998745294856,0.5,0.020907120684388183,0.1041069111814681,0.0,0.0,0.0,0.0,780,0,17,0,1.0,0.0,797,17,1,0.0,0.0,0.0,0.0,0.0,0.0,0.0,0.0,0.0,0.0,0.0,0.0,0.11764705882352941,0.0125,0.5860294117647059
pooled,2026,0,logistic,0.8455988680200727,0.011339142998622265,0.0005062620002718177,fixed_0.5,0.14610270503557696,0.5884238310708899,0.02068347393272323,0.11647177386970195,0.19047619047619047,0.5,0.11764705882352941,0.2352968874359333,778,2,15,2,0.8823529411764706,0.002564102564102564,797,17,401,0.11764705882352941,0.25,11.720588235294116,0.11764705882352941,0.08333333333333333,3.9068627450980387,0.11764705882352941,0.05,2.3441176470588236,0.23529411764705882,0.05,2.3441176470588236,0.35294117647058826,0.0375,1.7580882352941174
pooled,2026,0,logistic,0.8455988680200727,0.011339142998622265,0.0005062620002718177,inner_f1,0.14610270503557696,0.5884238310708899,0.02068347393272323,0.11647177386970195,0.21052631578947367,1.0,0.11764705882352941,0.3397459388965089,780,0,15,2,0.8823529411764706,0.0,797,17,401,0.11764705882352941,0.25,11.720588235294116,0.11764705882352941,0.08333333333333333,3.9068627450980387,0.11764705882352941,0.05,2.3441176470588236,0.23529411764705882,0.05,2.3441176470588236,0.35294117647058826,0.0375,1.7580882352941174
pooled,2026,0,logistic_balanced,0.9951380631814556,0.022316180002235342,0.0005072679996374063,fixed_0.5,0.147467434791145,0.640158371040724,0.15329757036675568,0.4955752535939409,0.06666666666666667,0.03680981595092025,0.35294117647058826,0.05432526799242539,623,157,11,6,0.6470588235294118,0.2012820512820513,797,17,400,0.11764705882352941,0.25,11.720588235294116,0.11764705882352941,0.08333333333333333,3.9068627450980387,0.11764705882352941,0.05,2.3441176470588236,0.17647058823529413,0.0375,1.7580882352941174,0.35294117647058826,0.0375,1.7580882352941174
pooled,2026,0,logistic_balanced,0.9951380631814556,0.022316180002235342,0.0005072679996374063,inner_f1,0.147467434791145,0.640158371040724,0.15329757036675568,0.4955752535939409,0.17391304347826086,0.3333333333333333,0.11764705882352941,0.1880759196761675,776,4,15,2,0.8823529411764706,0.005128205128205128,797,17,400,0.11764705882352941,0.25,11.720588235294116,0.11764705882352941,0.08333333333333333,3.9068627450980387,0.11764705882352941,0.05,2.3441176470588236,0.17647058823529413,0.0375,1.7580882352941174,0.35294117647058826,0.0375,1.7580882352941174
pooled,2026,0,xgboost,0.04676894471049309,0.04668905699872994,0.0012132730007579084,fixed_0.5,0.05002952877574349,0.5886500754147813,0.021240501300755683,0.10905583318460116,0.0,0.0,0.0,0.0,780,0,17,0,1.0,0.0,797,17,399,0.0,0.0,0.0,0.11764705882352941,0.08333333333333333,3.9068627450980387,0.17647058823529413,0.075,3.516176470588235,0.23529411764705882,0.05,2.3441176470588236,0.29411764705882354,0.03125,1.4650735294117645
pooled,2026,0,xgboost,0.04676894471049309,0.04668905699872994,0.0012132730007579084,inner_f1,0.05002952877574349,0.5886500754147813,0.021240501300755683,0.10905583318460116,0.09836065573770492,0.06818181818181818,0.17647058823529413,0.07838662664436195,739,41,14,3,0.8235294117647058,0.052564102564102565,797,17,399,0.0,0.0,0.0,0.11764705882352941,0.08333333333333333,3.9068627450980387,0.17647058823529413,0.075,3.516176470588235,0.23529411764705882,0.05,2.3441176470588236,0.29411764705882354,0.03125,1.4650735294117645
pooled,2026,0,xgboost_balanced,0.29071488976478577,0.054130825999891385,0.0009898000025714282,fixed_0.5,0.10915738215762433,0.5500377073906486,0.040752759651227516,0.1712224298171242,0.11764705882352941,0.08823529411764706,0.17647058823529413,0.0977516990125276,749,31,14,3,0.8235294117647058,0.03974358974358974,797,17,399,0.17647058823529413,0.375,17.580882352941174,0.17647058823529413,0.125,5.860294117647058,0.17647058823529413,0.075,3.516176470588235,0.35294117647058826,0.075,3.516176470588235,0.35294117647058826,0.0375,1.7580882352941174
pooled,2026,0,xgboost_balanced,0.29071488976478577,0.054130825999891385,0.0009898000025714282,inner_f1,0.10915738215762433,0.5500377073906486,0.040752759651227516,0.1712224298171242,0.10256410256410256,0.06557377049180328,0.23529411764705882,0.08815862819913017,723,57,13,4,0.7647058823529411,0.07307692307692308,797,17,399,0.17647058823529413,0.375,17.580882352941174,0.17647058823529413,0.125,5.860294117647058,0.17647058823529413,0.075,3.516176470588235,0.35294117647058826,0.075,3.516176470588235,0.35294117647058826,0.0375,1.7580882352941174
pooled,2026,0,extratrees,0.4040672427162957,0.9912292180015356,0.05565327599833836,fixed_0.5,0.15252991962609455,0.6162518853695323,0.02008236677697902,0.12379355519373539,0.19047619047619047,0.5,0.11764705882352941,0.2352968874359333,778,2,15,2,0.8823529411764706,0.002564102564102564,797,17,314,0.11764705882352941,0.25,11.720588235294116,0.11764705882352941,0.08333333333333333,3.9068627450980387,0.17647058823529413,0.075,3.516176470588235,0.23529411764705882,0.05,2.3441176470588236,0.29411764705882354,0.03125,1.4650735294117645
pooled,2026,0,extratrees,0.4040672427162957,0.9912292180015356,0.05565327599833836,inner_f1,0.15252991962609455,0.6162518853695323,0.02008236677697902,0.12379355519373539,0.19047619047619047,0.5,0.11764705882352941,0.2352968874359333,778,2,15,2,0.8823529411764706,0.002564102564102564,797,17,314,0.11764705882352941,0.25,11.720588235294116,0.11764705882352941,0.08333333333333333,3.9068627450980387,0.17647058823529413,0.075,3.516176470588235,0.23529411764705882,0.05,2.3441176470588236,0.29411764705882354,0.03125,1.4650735294117645
pooled,2026,0,extratrees_balanced,0.467736762047303,1.0858335129996703,0.0652500809992489,fixed_0.5,0.0706576017327578,0.633446455505279,0.04826952973908376,0.33563440735391253,0.09302325581395349,0.07692307692307693,0.11764705882352941,0.07065889705155858,756,24,15,2,0.8823529411764706,0.03076923076923077,797,17,231,0.11764705882352941,0.25,11.720588235294116,0.11764705882352941,0.08333333333333333,3.9068627450980387,0.11764705882352941,0.05,2.3441176470588236,0.17647058823529413,0.0375,1.7580882352941174,0.4117647058823529,0.04375,2.0511029411764703
pooled,2026,0,extratrees_balanced,0.467736762047303,1.0858335129996703,0.0652500809992489,inner_f1,0.0706576017327578,0.633446455505279,0.04826952973908376,0.33563440735391253,0.0851063829787234,0.06666666666666667,0.11764705882352941,0.06205820516243481,752,28,15,2,0.8823529411764706,0.035897435897435895,797,17,231,0.11764705882352941,0.25,11.720588235294116,0.11764705882352941,0.08333333333333333,3.9068627450980387,0.11764705882352941,0.05,2.3441176470588236,0.17647058823529413,0.0375,1.7580882352941174,0.4117647058823529,0.04375,2.0511029411764703
pooled,2026,0,catboost,0.06348630675426253,0.15788311700089253,0.0009483950016146991,fixed_0.5,0.1498645323268887,0.5144419306184012,0.019059380662523,0.10784734954437683,0.21052631578947367,1.0,0.11764705882352941,0.3397459388965089,780,0,15,2,0.8823529411764706,0.0,797,17,399,0.11764705882352941,0.25,11.720588235294116,0.17647058823529413,0.125,5.860294117647058,0.17647058823529413,0.075,3.516176470588235,0.29411764705882354,0.0625,2.930147058823529,0.35294117647058826,0.0375,1.7580882352941174
pooled,2026,0,catboost,0.06348630675426253,0.15788311700089253,0.0009483950016146991,inner_f1,0.1498645323268887,0.5144419306184012,0.019059380662523,0.10784734954437683,0.10810810810810811,0.1,0.11764705882352941,0.08735751414958018,762,18,15,2,0.8823529411764706,0.023076923076923078,797,17,399,0.11764705882352941,0.25,11.720588235294116,0.17647058823529413,0.125,5.860294117647058,0.17647058823529413,0.075,3.516176470588235,0.29411764705882354,0.0625,2.930147058823529,0.35294117647058826,0.0375,1.7580882352941174
pooled,2026,0,catboost_balanced,0.9157537210956183,0.1599366859991278,0.001090472000214504,fixed_0.5,0.14592697149036785,0.5186651583710408,0.057943364630252764,0.22161200525533245,0.08695652173913043,0.057692307692307696,0.17647058823529413,0.06649081895199094,731,49,14,3,0.8235294117647058,0.06282051282051282,797,17,399,0.11764705882352941,0.25,11.720588235294116,0.11764705882352941,0.08333333333333333,3.9068627450980387,0.11764705882352941,0.05,2.3441176470588236,0.23529411764705882,0.05,2.3441176470588236,0.35294117647058826,0.0375,1.7580882352941174
pooled,2026,0,catboost_balanced,0.9157537210956183,0.1599366859991278,0.001090472000214504,inner_f1,0.14592697149036785,0.5186651583710408,0.057943364630252764,0.22161200525533245,0.0,0.0,0.0,0.0,780,0,17,0,1.0,0.0,797,17,399,0.11764705882352941,0.25,11.720588235294116,0.11764705882352941,0.08333333333333333,3.9068627450980387,0.11764705882352941,0.05,2.3441176470588236,0.23529411764705882,0.05,2.3441176470588236,0.35294117647058826,0.0375,1.7580882352941174
pooled,2026,0,lightgbm,0.05614306404616462,0.053948783002852,0.0012827490027120803,fixed_0.5,0.09473427227417763,0.590158371040724,0.020507254226580823,0.11341059322439015,0.0,0.0,0.0,0.0,780,0,17,0,1.0,0.0,797,17,399,0.11764705882352941,0.25,11.720588235294116,0.17647058823529413,0.125,5.860294117647058,0.17647058823529413,0.075,3.516176470588235,0.29411764705882354,0.0625,2.930147058823529,0.35294117647058826,0.0375,1.7580882352941174
pooled,2026,0,lightgbm,0.05614306404616462,0.053948783002852,0.0012827490027120803,inner_f1,0.09473427227417763,0.590158371040724,0.020507254226580823,0.11341059322439015,0.11538461538461539,0.08571428571428572,0.17647058823529413,0.09550433005857716,748,32,14,3,0.8235294117647058,0.041025641025641026,797,17,399,0.11764705882352941,0.25,11.720588235294116,0.17647058823529413,0.125,5.860294117647058,0.17647058823529413,0.075,3.516176470588235,0.29411764705882354,0.0625,2.930147058823529,0.35294117647058826,0.0375,1.7580882352941174
pooled,2026,0,lightgbm_balanced,0.3262340762971927,0.04841488199963351,0.001017235998006072,fixed_0.5,0.0936668489429987,0.5967948717948718,0.047342747020110855,0.1822283251095571,0.10526315789473684,0.075,0.17647058823529413,0.08538868238347819,743,37,14,3,0.8235294117647058,0.047435897435897434,797,17,399,0.11764705882352941,0.25,11.720588235294116,0.11764705882352941,0.08333333333333333,3.9068627450980387,0.17647058823529413,0.075,3.516176470588235,0.29411764705882354,0.0625,2.930147058823529,0.4117647058823529,0.04375,2.0511029411764703
pooled,2026,0,lightgbm_balanced,0.3262340762971927,0.04841488199963351,0.001017235998006072,inner_f1,0.0936668489429987,0.5967948717948718,0.047342747020110855,0.1822283251095571,0.08888888888888889,0.0547945205479452,0.23529411764705882,0.07354674832855275,711,69,13,4,0.7647058823529411,0.08846153846153847,797,17,399,0.11764705882352941,0.25,11.720588235294116,0.11764705882352941,0.08333333333333333,3.9068627450980387,0.17647058823529413,0.075,3.516176470588235,0.29411764705882354,0.0625,2.930147058823529,0.4117647058823529,0.04375,2.0511029411764703
pooled,2026,1,dummy_prior,0.5,0.0002449280000291765,8.381500083487481e-05,fixed_0.5,0.008771929824561403,0.5,0.008868475273245167,0.0554957486486444,0.0,0.0,0.0,0.0,791,0,7,0,1.0,0.0,798,7,1,0.0,0.0,0.0,0.0,0.0,0.0,0.14285714285714285,0.025,2.8500000000000005,0.14285714285714285,0.0125,1.4250000000000003,0.42857142857142855,0.01875,2.1375
pooled,2026,1,dummy_prior,0.5,0.0002449280000291765,8.381500083487481e-05,inner_f1,0.008771929824561403,0.5,0.008868475273245167,0.0554957486486444,0.0,0.0,0.0,0.0,791,0,7,0,1.0,0.0,798,7,1,0.0,0.0,0.0,0.0,0.0,0.0,0.14285714285714285,0.025,2.8500000000000005,0.14285714285714285,0.0125,1.4250000000000003,0.42857142857142855,0.01875,2.1375
pooled,2026,1,logistic,0.8701917955917556,0.01166018699950655,0.0004663500003516674,fixed_0.5,0.03729006941966137,0.57802058876648,0.009135603182686677,0.05592024490337739,0.0,0.0,0.0,0.0,791,0,7,0,1.0,0.0,798,7,399,0.14285714285714285,0.125,14.25,0.14285714285714285,0.041666666666666664,4.75,0.2857142857142857,0.05,5.700000000000001,0.2857142857142857,0.025,2.8500000000000005,0.2857142857142857,0.0125,1.4250000000000003
pooled,2026,1,logistic,0.8701917955917556,0.01166018699950655,0.0004663500003516674,inner_f1,0.03729006941966137,0.57802058876648,0.009135603182686677,0.05592024490337739,0.0,0.0,0.0,0.0,791,0,7,0,1.0,0.0,798,7,399,0.14285714285714285,0.125,14.25,0.14285714285714285,0.041666666666666664,4.75,0.2857142857142857,0.05,5.700000000000001,0.2857142857142857,0.025,2.8500000000000005,0.2857142857142857,0.0125,1.4250000000000003
pooled,2026,1,logistic_balanced,0.9779541760683722,0.018724749999819323,0.0006164239966892637,fixed_0.5,0.018062060641086362,0.6112515802781289,0.15100486967136775,0.4432242942135891,0.01990049751243781,0.010309278350515464,0.2857142857142857,0.009343731734407758,599,192,5,2,0.7142857142857143,0.2427307206068268,798,7,400,0.0,0.0,0.0,0.14285714285714285,0.041666666666666664,4.75,0.14285714285714285,0.025,2.8500000000000005,0.14285714285714285,0.0125,1.4250000000000003,0.2857142857142857,0.0125,1.4250000000000003
pooled,2026,1,logistic_balanced,0.9779541760683722,0.018724749999819323,0.0006164239966892637,inner_f1,0.018062060641086362,0.6112515802781289,0.15100486967136775,0.4432242942135891,0.0,0.0,0.0,0.0,791,0,7,0,1.0,0.0,798,7,400,0.0,0.0,0.0,0.14285714285714285,0.041666666666666664,4.75,0.14285714285714285,0.025,2.8500000000000005,0.14285714285714285,0.0125,1.4250000000000003,0.2857142857142857,0.0125,1.4250000000000003
pooled,2026,1,xgboost,0.0707743763923645,0.056446754999342375,0.000894945998879848,fixed_0.5,0.10111474898339987,0.7524832942026367,0.008588007229060848,0.048463905434560174,0.0,0.0,0.0,0.0,791,0,7,0,1.0,0.0,798,7,399,0.14285714285714285,0.125,14.25,0.2857142857142857,0.08333333333333333,9.5,0.2857142857142857,0.05,5.700000000000001,0.42857142857142855,0.0375,4.275,0.42857142857142855,0.01875,2.1375
pooled,2026,1,xgboost,0.0707743763923645,0.056446754999342375,0.000894945998879848,inner_f1,0.10111474898339987,0.7524832942026367,0.008588007229060848,0.048463905434560174,0.08695652173913043,0.0625,0.14285714285714285,0.08241826845585862,776,15,6,1,0.8571428571428571,0.018963337547408345,798,7,399,0.14285714285714285,0.125,14.25,0.2857142857142857,0.08333333333333333,9.5,0.2857142857142857,0.05,5.700000000000001,0.42857142857142855,0.0375,4.275,0.42857142857142855,0.01875,2.1375
pooled,2026,1,xgboost_balanced,0.7559034824371338,0.05599522500051535,0.0011576409997360315,fixed_0.5,0.03935008320610495,0.7279212569983746,0.04915582666213488,0.17926929703801325,0.03773584905660377,0.021739130434782608,0.14285714285714285,0.034393934101867585,746,45,6,1,0.8571428571428571,0.056890012642225034,798,7,399,0.14285714285714285,0.125,14.25,0.14285714285714285,0.041666666666666664,4.75,0.14285714285714285,0.025,2.8500000000000005,0.14285714285714285,0.0125,1.4250000000000003,0.2857142857142857,0.0125,1.4250000000000003
pooled,2026,1,xgboost_balanced,0.7559034824371338,0.05599522500051535,0.0011576409997360315,inner_f1,0.03935008320610495,0.7279212569983746,0.04915582666213488,0.17926929703801325,0.15384615384615385,0.16666666666666666,0.14285714285714285,0.14738263530914264,786,5,6,1,0.8571428571428571,0.006321112515802781,798,7,399,0.14285714285714285,0.125,14.25,0.14285714285714285,0.041666666666666664,4.75,0.14285714285714285,0.025,2.8500000000000005,0.14285714285714285,0.0125,1.4250000000000003,0.2857142857142857,0.0125,1.4250000000000003
pooled,2026,1,extratrees,0.39277950677950685,0.969585928000015,0.056067665998853045,fixed_0.5,0.02279861093780541,0.7560953584973813,0.009257726833237693,0.05033078842514849,0.0,0.0,0.0,0.0,791,0,7,0,1.0,0.0,798,7,306,0.0,0.0,0.0,0.0,0.0,0.0,0.0,0.0,0.0,0.2857142857142857,0.025,2.8500000000000005,0.5714285714285714,0.025,2.8500000000000005
pooled,2026,1,extratrees,0.39277950677950685,0.969585928000015,0.056067665998853045,inner_f1,0.02279861093780541,0.7560953584973813,0.009257726833237693,0.05033078842514849,0.0,0.0,0.0,0.0,791,0,7,0,1.0,0.0,798,7,306,0.0,0.0,0.0,0.0,0.0,0.0,0.0,0.0,0.0,0.2857142857142857,0.025,2.8500000000000005,0.5714285714285714,0.025,2.8500000000000005
pooled,2026,1,extratrees_balanced,0.6939349214642596,1.0399046370002907,0.05499624000003678,fixed_0.5,0.020824969226600584,0.7105833483836013,0.049199932252776954,0.18544261065032547,0.06896551724137931,0.045454545454545456,0.14285714285714285,0.06623787703057704,770,21,6,1,0.8571428571428571,0.02654867256637168,798,7,302,0.0,0.0,0.0,0.14285714285714285,0.041666666666666664,4.75,0.14285714285714285,0.025,2.8500000000000005,0.14285714285714285,0.0125,1.4250000000000003,0.2857142857142857,0.0125,1.4250000000000003
pooled,2026,1,extratrees_balanced,0.6939349214642596,1.0399046370002907,0.05499624000003678,inner_f1,0.020824969226600584,0.7105833483836013,0.049199932252776954,0.18544261065032547,0.0,0.0,0.0,-0.004715407633605504,789,2,7,0,1.0,0.0025284450063211127,798,7,302,0.0,0.0,0.0,0.14285714285714285,0.041666666666666664,4.75,0.14285714285714285,0.025,2.8500000000000005,0.14285714285714285,0.0125,1.4250000000000003,0.2857142857142857,0.0125,1.4250000000000003
pooled,2026,1,catboost,0.26254113728361056,0.15604262199849472,0.0008904700007406063,fixed_0.5,0.019533069418229215,0.6795195954487989,0.008741095164619059,0.050184822327071756,0.0,0.0,0.0,0.0,791,0,7,0,1.0,0.0,798,7,399,0.0,0.0,0.0,0.0,0.0,0.0,0.14285714285714285,0.025,2.8500000000000005,0.2857142857142857,0.025,2.8500000000000005,0.2857142857142857,0.0125,1.4250000000000003
pooled,2026,1,catboost,0.26254113728361056,0.15604262199849472,0.0008904700007406063,inner_f1,0.019533069418229215,0.6795195954487989,0.008741095164619059,0.050184822327071756,0.0,0.0,0.0,0.0,791,0,7,0,1.0,0.0,798,7,399,0.0,0.0,0.0,0.0,0.0,0.0,0.14285714285714285,0.025,2.8500000000000005,0.2857142857142857,0.025,2.8500000000000005,0.2857142857142857,0.0125,1.4250000000000003
pooled,2026,1,catboost_balanced,0.8899402324819786,0.1582589329991606,0.0013089969979773741,fixed_0.5,0.015723014734502754,0.6979411233519957,0.05899749172290528,0.22104295624060005,0.0,0.0,0.0,-0.020447232863003366,755,36,7,0,1.0,0.045512010113780026,798,7,399,0.0,0.0,0.0,0.0,0.0,0.0,0.0,0.0,0.0,0.0,0.0,0.0,0.2857142857142857,0.0125,1.4250000000000003
pooled,2026,1,catboost_balanced,0.8899402324819786,0.1582589329991606,0.0013089969979773741,inner_f1,0.015723014734502754,0.6979411233519957,0.05899749172290528,0.22104295624060005,0.0,0.0,0.0,0.0,791,0,7,0,1.0,0.0,798,7,399,0.0,0.0,0.0,0.0,0.0,0.0,0.0,0.0,0.0,0.0,0.0,0.0,0.2857142857142857,0.0125,1.4250000000000003
pooled,2026,1,lightgbm,0.13420593508792195,0.05176770199977909,0.0010307999982615001,fixed_0.5,0.0490249395935881,0.7676539642405635,0.008676654854200536,0.047178828712078506,0.0,0.0,0.0,0.0,791,0,7,0,1.0,0.0,798,7,399,0.14285714285714285,0.125,14.25,0.14285714285714285,0.041666666666666664,4.75,0.14285714285714285,0.025,2.8500000000000005,0.42857142857142855,0.0375,4.275,0.42857142857142855,0.01875,2.1375
pooled,2026,1,lightgbm,0.13420593508792195,0.05176770199977909,0.0010307999982615001,inner_f1,0.0490249395935881,0.7676539642405635,0.008676654854200536,0.047178828712078506,0.0,0.0,0.0,-0.006676986877615406,787,4,7,0,1.0,0.0050568900126422255,798,7,399,0.14285714285714285,0.125,14.25,0.14285714285714285,0.041666666666666664,4.75,0.14285714285714285,0.025,2.8500000000000005,0.42857142857142855,0.0375,4.275,0.42857142857142855,0.01875,2.1375
pooled,2026,1,lightgbm_balanced,0.8165528194385844,0.048087456001667306,0.0009872720002022106,fixed_0.5,0.03972424107421057,0.7488712299078923,0.0518796418285598,0.18818132511921326,0.03508771929824561,0.02,0.14285714285714285,0.031131851568805297,742,49,6,1,0.8571428571428571,0.061946902654867256,798,7,399,0.14285714285714285,0.125,14.25,0.14285714285714285,0.041666666666666664,4.75,0.14285714285714285,0.025,2.8500000000000005,0.14285714285714285,0.0125,1.4250000000000003,0.2857142857142857,0.0125,1.4250000000000003
pooled,2026,1,lightgbm_balanced,0.8165528194385844,0.048087456001667306,0.0009872720002022106,inner_f1,0.03972424107421057,0.7488712299078923,0.0518796418285598,0.18818132511921326,0.0,0.0,0.0,0.0,791,0,7,0,1.0,0.0,798,7,399,0.14285714285714285,0.125,14.25,0.14285714285714285,0.041666666666666664,4.75,0.14285714285714285,0.025,2.8500000000000005,0.14285714285714285,0.0125,1.4250000000000003,0.2857142857142857,0.0125,1.4250000000000003
pooled,2026,2,dummy_prior,0.5,0.00024012300127651542,0.0001287140003114473,fixed_0.5,0.022556390977443608,0.5,0.022103990826803147,0.10947898165297058,0.0,0.0,0.0,0.0,780,0,18,0,1.0,0.0,798,18,1,0.0,0.0,0.0,0.0,0.0,0.0,0.05555555555555555,0.025,1.1083333333333334,0.05555555555555555,0.0125,0.5541666666666667,0.1111111111111111,0.0125,0.5541666666666667
pooled,2026,2,dummy_prior,0.5,0.00024012300127651542,0.0001287140003114473,inner_f1,0.022556390977443608,0.5,0.022103990826803147,0.10947898165297058,0.0,0.0,0.0,0.0,780,0,18,0,1.0,0.0,798,18,1,0.0,0.0,0.0,0.0,0.0,0.0,0.05555555555555555,0.025,1.1083333333333334,0.05555555555555555,0.0125,0.5541666666666667,0.1111111111111111,0.0125,0.5541666666666667
pooled,2026,2,logistic,0.0076304801102327095,0.012084329999197507,0.0005416719977802131,fixed_0.5,0.26096394102163384,0.7413105413105414,0.01772042724872884,0.09092666475191633,0.36363636363636365,1.0,0.2222222222222222,0.46723007850912596,780,0,14,4,0.7777777777777778,0.0,798,18,400,0.2222222222222222,0.5,22.166666666666668,0.2222222222222222,0.16666666666666666,7.388888888888889,0.2222222222222222,0.1,4.433333333333334,0.2777777777777778,0.0625,2.7708333333333335,0.3888888888888889,0.04375,1.9395833333333332
pooled,2026,2,logistic,0.0076304801102327095,0.012084329999197507,0.0005416719977802131,inner_f1,0.26096394102163384,0.7413105413105414,0.01772042724872884,0.09092666475191633,0.0761904761904762,0.03980099502487562,0.8888888888888888,0.11701404648746941,394,386,2,16,0.1111111111111111,0.4948717948717949,798,18,400,0.2222222222222222,0.5,22.166666666666668,0.2222222222222222,0.16666666666666666,7.388888888888889,0.2222222222222222,0.1,4.433333333333334,0.2777777777777778,0.0625,2.7708333333333335,0.3888888888888889,0.04375,1.9395833333333332
pooled,2026,2,logistic_balanced,0.9906109175310093,0.01606781500231591,0.0005886910003027879,fixed_0.5,0.130343991605245,0.6977207977207976,0.17811656592194086,0.5240631913906246,0.08264462809917356,0.044642857142857144,0.5555555555555556,0.09292094860245852,566,214,8,10,0.4444444444444444,0.2743589743589744,798,18,399,0.1111111111111111,0.25,11.083333333333334,0.2222222222222222,0.16666666666666666,7.388888888888889,0.2222222222222222,0.1,4.433333333333334,0.2222222222222222,0.05,2.216666666666667,0.3333333333333333,0.0375,1.6625
pooled,2026,2,logistic_balanced,0.9906109175310093,0.01606781500231591,0.0005886910003027879,inner_f1,0.130343991605245,0.6977207977207976,0.17811656592194086,0.5240631913906246,0.0,0.0,0.0,0.0,780,0,18,0,1.0,0.0,798,18,399,0.1111111111111111,0.25,11.083333333333334,0.2222222222222222,0.16666666666666666,7.388888888888889,0.2222222222222222,0.1,4.433333333333334,0.2222222222222222,0.05,2.216666666666667,0.3333333333333333,0.0375,1.6625
pooled,2026,2,xgboost,0.012310500256717205,0.05016767699999036,0.0013326650005183183,fixed_0.5,0.08263871091081092,0.7331908831908831,0.021710269520150132,0.100899585504145,0.0,0.0,0.0,0.0,780,0,18,0,1.0,0.0,798,18,399,0.0,0.0,0.0,0.2222222222222222,0.16666666666666666,7.388888888888889,0.2777777777777778,0.125,5.541666666666667,0.3333333333333333,0.075,3.325,0.4444444444444444,0.05,2.216666666666667
pooled,2026,2,xgboost,0.012310500256717205,0.05016767699999036,0.0013326650005183183,inner_f1,0.08263871091081092,0.7331908831908831,0.021710269520150132,0.100899585504145,0.07329842931937172,0.038461538461538464,0.7777777777777778,0.09809861256465098,430,350,4,14,0.2222222222222222,0.44871794871794873,798,18,399,0.0,0.0,0.0,0.2222222222222222,0.16666666666666666,7.388888888888889,0.2777777777777778,0.125,5.541666666666667,0.3333333333333333,0.075,3.325,0.4444444444444444,0.05,2.216666666666667
pooled,2026,2,xgboost_balanced,0.3255300223827362,0.050574773998960154,0.0008468900014122482,fixed_0.5,0.03935714422987181,0.6757834757834758,0.0539682751541738,0.19507298321694916,0.034482758620689655,0.025,0.05555555555555555,0.00378047569519632,741,39,17,1,0.9444444444444444,0.05,798,18,399,0.0,0.0,0.0,0.0,0.0,0.0,0.05555555555555555,0.025,1.1083333333333334,0.1111111111111111,0.025,1.1083333333333334,0.3888888888888889,0.04375,1.9395833333333332
pooled,2026,2,xgboost_balanced,0.3255300223827362,0.050574773998960154,0.0008468900014122482,inner_f1,0.03935714422987181,0.6757834757834758,0.0539682751541738,0.19507298321694916,0.037037037037037035,0.022222222222222223,0.1111111111111111,-0.0008023979385267986,692,88,16,2,0.8888888888888888,0.11282051282051282,798,18,399,0.0,0.0,0.0,0.0,0.0,0.0,0.05555555555555555,0.025,1.1083333333333334,0.1111111111111111,0.025,1.1083333333333334,0.3888888888888889,0.04375,1.9395833333333332
pooled,2026,2,extratrees,0.02914204039901882,0.9622253470006399,0.05464796100204694,fixed_0.5,0.27459778004934043,0.7362535612535612,0.019169493635253863,0.1312187206127588,0.0,0.0,0.0,0.0,780,0,18,0,1.0,0.0,798,18,242,0.2222222222222222,0.5,22.166666666666668,0.2777777777777778,0.20833333333333334,9.236111111111112,0.2777777777777778,0.125,5.541666666666667,0.3333333333333333,0.075,3.325,0.4444444444444444,0.05,2.216666666666667
pooled,2026,2,extratrees,0.02914204039901882,0.9622253470006399,0.05464796100204694,inner_f1,0.27459778004934043,0.7362535612535612,0.019169493635253863,0.1312187206127588,0.08955223880597014,0.05172413793103448,0.3333333333333333,0.08101380463223289,670,110,12,6,0.6666666666666666,0.14102564102564102,798,18,242,0.2222222222222222,0.5,22.166666666666668,0.2777777777777778,0.20833333333333334,9.236111111111112,0.2777777777777778,0.125,5.541666666666667,0.3333333333333333,0.075,3.325,0.4444444444444444,0.05,2.216666666666667
pooled,2026,2,extratrees_balanced,0.312940899669653,1.055991618999542,0.055682117003016174,fixed_0.5,0.034516264137022974,0.6767806267806268,0.06604586968888104,0.22241684735553321,0.0,0.0,0.0,-0.03396831102433787,742,38,18,0,1.0,0.04871794871794872,798,18,257,0.0,0.0,0.0,0.0,0.0,0.0,0.0,0.0,0.0,0.0,0.0,0.0,0.2777777777777778,0.03125,1.3854166666666667
pooled,2026,2,extratrees_balanced,0.312940899669653,1.055991618999542,0.055682117003016174,inner_f1,0.034516264137022974,0.6767806267806268,0.06604586968888104,0.22241684735553321,0.05434782608695652,0.030120481927710843,0.2777777777777778,0.026107878593183764,619,161,13,5,0.7222222222222222,0.2064102564102564,798,18,257,0.0,0.0,0.0,0.0,0.0,0.0,0.0,0.0,0.0,0.0,0.0,0.0,0.2777777777777778,0.03125,1.3854166666666667
pooled,2026,2,catboost,0.009318493490705572,0.1614335510021192,0.0015626690001226962,fixed_0.5,0.2523314986406624,0.6867521367521368,0.01803635781768032,0.09051348335036134,0.36363636363636365,1.0,0.2222222222222222,0.46723007850912596,780,0,14,4,0.7777777777777778,0.0,798,18,399,0.2222222222222222,0.5,22.166666666666668,0.2222222222222222,0.16666666666666666,7.388888888888889,0.2222222222222222,0.1,4.433333333333334,0.2777777777777778,0.0625,2.7708333333333335,0.3333333333333333,0.0375,1.6625
pooled,2026,2,catboost,0.009318493490705572,0.1614335510021192,0.0015626690001226962,inner_f1,0.2523314986406624,0.6867521367521368,0.01803635781768032,0.09051348335036134,0.06854838709677419,0.03556485355648536,0.9444444444444444,0.107074059542983,319,461,1,17,0.05555555555555555,0.591025641025641,798,18,399,0.2222222222222222,0.5,22.166666666666668,0.2222222222222222,0.16666666666666666,7.388888888888889,0.2222222222222222,0.1,4.433333333333334,0.2777777777777778,0.0625,2.7708333333333335,0.3333333333333333,0.0375,1.6625
pooled,2026,2,catboost_balanced,0.6019162435009234,0.16171685100198374,0.0012698499995167367,fixed_0.5,0.04470674981782653,0.6997150997150998,0.07097646176816372,0.24448343290991606,0.025,0.016129032258064516,0.05555555555555555,-0.012563447063102667,719,61,17,1,0.9444444444444444,0.0782051282051282,798,18,399,0.0,0.0,0.0,0.0,0.0,0.0,0.05555555555555555,0.025,1.1083333333333334,0.05555555555555555,0.0125,0.5541666666666667,0.5555555555555556,0.0625,2.7708333333333335
pooled,2026,2,catboost_balanced,0.6019162435009234,0.16171685100198374,0.0012698499995167367,inner_f1,0.04470674981782653,0.6997150997150998,0.07097646176816372,0.24448343290991606,0.0,0.0,0.0,-0.025578167732500757,758,22,18,0,1.0,0.028205128205128206,798,18,399,0.0,0.0,0.0,0.0,0.0,0.0,0.05555555555555555,0.025,1.1083333333333334,0.05555555555555555,0.0125,0.5541666666666667,0.5555555555555556,0.0625,2.7708333333333335
pooled,2026,2,lightgbm,0.025422023606517748,0.05037678400185541,0.0010659750005288515,fixed_0.5,0.043840889000812185,0.6972934472934473,0.022160788050644527,0.10903646843410661,0.0,0.0,0.0,0.0,780,0,18,0,1.0,0.0,798,18,399,0.0,0.0,0.0,0.0,0.0,0.0,0.0,0.0,0.0,0.2222222222222222,0.05,2.216666666666667,0.3888888888888889,0.04375,1.9395833333333332
pooled,2026,2,lightgbm,0.025422023606517748,0.05037678400185541,0.0010659750005288515,inner_f1,0.043840889000812185,0.6972934472934473,0.022160788050644527,0.10903646843410661,0.07692307692307693,0.046511627906976744,0.2222222222222222,0.05606980385851402,698,82,14,4,0.7777777777777778,0.10512820512820513,798,18,399,0.0,0.0,0.0,0.0,0.0,0.0,0.0,0.0,0.0,0.2222222222222222,0.05,2.216666666666667,0.3888888888888889,0.04375,1.9395833333333332
pooled,2026,2,lightgbm_balanced,0.27927220068737946,0.0483068479989015,0.001000600001134444,fixed_0.5,0.03714531854636635,0.6586894586894587,0.05567987793574944,0.20092270569274445,0.03225806451612903,0.022727272727272728,0.05555555555555555,0.00027800697058952273,737,43,17,1,0.9444444444444444,0.05512820512820513,798,18,399,0.0,0.0,0.0,0.0,0.0,0.0,0.05555555555555555,0.025,1.1083333333333334,0.1111111111111111,0.025,1.1083333333333334,0.3888888888888889,0.04375,1.9395833333333332
pooled,2026,2,lightgbm_balanced,0.27927220068737946,0.0483068479989015,0.001000600001134444,inner_f1,0.03714531854636635,0.6586894586894587,0.05567987793574944,0.20092270569274445,0.07692307692307693,0.044642857142857144,0.2777777777777778,0.06010249835688097,673,107,13,5,0.7222222222222222,0.1371794871794872,798,18,399,0.0,0.0,0.0,0.0,0.0,0.0,0.05555555555555555,0.025,1.1083333333333334,0.1111111111111111,0.025,1.1083333333333334,0.3888888888888889,0.04375,1.9395833333333332
