scenario,seed,model,product_group,policy,ap,roc_auc,brier,log_loss,f1,precision,recall,mcc,tn,fp,fn,tp,fnr,fpr,rows,positives,unique_scores,recall_at_1pct,precision_at_1pct,lift_at_1pct,recall_at_3pct,precision_at_3pct,lift_at_3pct,recall_at_5pct,precision_at_5pct,lift_at_5pct,recall_at_10pct,precision_at_10pct,lift_at_10pct,recall_at_20pct,precision_at_20pct,lift_at_20pct
cn7,42,catboost,all,fixed_0.5,0.4409961089559887,0.9476549413735345,0.009215943783391741,0.04392083057770812,0.5217391304347826,1.0,0.35294117647058826,0.5913707016836909,1194,0,11,6,0.6470588235294118,0.0,1211,17,606,0.35294117647058826,0.46153846153846156,32.87782805429865,0.47058823529411764,0.21621621621621623,15.402225755166933,0.5294117647058824,0.14754098360655737,10.510125361620057,0.7058823529411765,0.09836065573770492,7.006750241080038,1.0,0.06995884773662552,4.983539094650205
cn7,42,catboost,all,inner_f1,0.4409961089559887,0.9476549413735345,0.009215943783391741,0.04392083057770812,0.48,0.75,0.35294117647058826,0.5101349734661121,1192,2,11,6,0.6470588235294118,0.0016750418760469012,1211,17,606,0.35294117647058826,0.46153846153846156,32.87782805429865,0.47058823529411764,0.21621621621621623,15.402225755166933,0.5294117647058824,0.14754098360655737,10.510125361620057,0.7058823529411765,0.09836065573770492,7.006750241080038,1.0,0.06995884773662552,4.983539094650205
cn7,42,catboost_balanced,all,fixed_0.5,0.38015766241918136,0.9645038920090648,0.020736126701093174,0.06723522063598883,0.24489795918367346,0.1875,0.35294117647058826,0.2429069787596226,1168,26,11,6,0.6470588235294118,0.021775544388609715,1211,17,606,0.29411764705882354,0.38461538461538464,27.39819004524887,0.4117647058823529,0.1891891891891892,13.476947535771066,0.5294117647058824,0.14754098360655737,10.510125361620057,1.0,0.13934426229508196,9.92622950819672,1.0,0.06995884773662552,4.983539094650205
cn7,42,catboost_balanced,all,inner_f1,0.38015766241918136,0.9645038920090648,0.020736126701093174,0.06723522063598883,0.2564102564102564,0.22727272727272727,0.29411764705882354,0.24654482862858623,1177,17,12,5,0.7058823529411765,0.01423785594639866,1211,17,606,0.29411764705882354,0.38461538461538464,27.39819004524887,0.4117647058823529,0.1891891891891892,13.476947535771066,0.5294117647058824,0.14754098360655737,10.510125361620057,1.0,0.13934426229508196,9.92622950819672,1.0,0.06995884773662552,4.983539094650205
cn7,42,dummy_prior,all,fixed_0.5,0.013064997218934563,0.4602423884126515,0.013847693730523615,0.07407810421504833,0.0,0.0,0.0,0.0,1194,0,17,0,1.0,0.0,1211,17,3,0.0,0.0,0.0,0.0,0.0,0.0,0.0,0.0,0.0,0.11764705882352941,0.01639344262295082,1.1677917068466732,0.17647058823529413,0.012345679012345678,0.8794480755265068
cn7,42,dummy_prior,all,inner_f1,0.013064997218934563,0.4602423884126515,0.013847693730523615,0.07407810421504833,0.0,0.0,0.0,0.0,1194,0,17,0,1.0,0.0,1211,17,3,0.0,0.0,0.0,0.0,0.0,0.0,0.0,0.0,0.0,0.11764705882352941,0.01639344262295082,1.1677917068466732,0.17647058823529413,0.012345679012345678,0.8794480755265068
cn7,42,extratrees,all,fixed_0.5,0.44397304062135245,0.9503645679377278,0.009860802414340002,0.04170687499830613,0.5217391304347826,1.0,0.35294117647058826,0.5913707016836909,1194,0,11,6,0.6470588235294118,0.0,1211,17,126,0.35294117647058826,0.46153846153846156,32.87782805429865,0.35294117647058826,0.16216216216216217,11.551669316375198,0.5882352941176471,0.16393442622950818,11.67791706846673,0.8235294117647058,0.11475409836065574,8.174541947926711,0.9411764705882353,0.06584362139917696,4.690389736141371
cn7,42,extratrees,all,inner_f1,0.44397304062135245,0.9503645679377278,0.009860802414340002,0.04170687499830613,0.41379310344827586,0.5,0.35294117647058826,0.4132385933652887,1188,6,11,6,0.6470588235294118,0.005025125628140704,1211,17,126,0.35294117647058826,0.46153846153846156,32.87782805429865,0.35294117647058826,0.16216216216216217,11.551669316375198,0.5882352941176471,0.16393442622950818,11.67791706846673,0.8235294117647058,0.11475409836065574,8.174541947926711,0.9411764705882353,0.06584362139917696,4.690389736141371
cn7,42,extratrees_balanced,all,fixed_0.5,0.27318960718793805,0.9313479160508424,0.02572759503071076,0.1007324396635386,0.27692307692307694,0.1875,0.5294117647058824,0.2995385113178894,1155,39,8,9,0.47058823529411764,0.032663316582914576,1211,17,92,0.17647058823529413,0.23076923076923078,16.438914027149323,0.5294117647058824,0.24324324324324326,17.3275039745628,0.5882352941176471,0.16393442622950818,11.67791706846673,0.9411764705882353,0.13114754098360656,9.342333654773386,0.9411764705882353,0.06584362139917696,4.690389736141371
cn7,42,extratrees_balanced,all,inner_f1,0.27318960718793805,0.9313479160508424,0.02572759503071076,0.1007324396635386,0.2696629213483146,0.16666666666666666,0.7058823529411765,0.3261805478705669,1134,60,5,12,0.29411764705882354,0.05025125628140704,1211,17,92,0.17647058823529413,0.23076923076923078,16.438914027149323,0.5294117647058824,0.24324324324324326,17.3275039745628,0.5882352941176471,0.16393442622950818,11.67791706846673,0.9411764705882353,0.13114754098360656,9.342333654773386,0.9411764705882353,0.06584362139917696,4.690389736141371
cn7,42,lightgbm,all,fixed_0.5,0.2282740531212279,0.9569169376293231,0.012545218365708254,0.04911474242946961,0.0,0.0,0.0,0.0,1194,0,17,0,1.0,0.0,1211,17,599,0.23529411764705882,0.3076923076923077,21.918552036199095,0.35294117647058826,0.16216216216216217,11.551669316375198,0.5882352941176471,0.16393442622950818,11.67791706846673,0.8823529411764706,0.12295081967213115,8.758437801350048,1.0,0.06995884773662552,4.983539094650205
cn7,42,lightgbm,all,inner_f1,0.2282740531212279,0.9569169376293231,0.012545218365708254,0.04911474242946961,0.273972602739726,0.17857142857142858,0.5882352941176471,0.30794611351218854,1148,46,7,10,0.4117647058823529,0.038525963149078725,1211,17,599,0.23529411764705882,0.3076923076923077,21.918552036199095,0.35294117647058826,0.16216216216216217,11.551669316375198,0.5882352941176471,0.16393442622950818,11.67791706846673,0.8823529411764706,0.12295081967213115,8.758437801350048,1.0,0.06995884773662552,4.983539094650205
cn7,42,lightgbm_balanced,all,fixed_0.5,0.29818430338006163,0.9671149866981968,0.021209671064900085,0.07076575702494302,0.3508771929824561,0.25,0.5882352941176471,0.37069024988566973,1164,30,7,10,0.4117647058823529,0.02512562814070352,1211,17,606,0.11764705882352941,0.15384615384615385,10.959276018099548,0.5294117647058824,0.24324324324324326,17.3275039745628,0.7647058823529411,0.21311475409836064,15.181292189006749,0.8823529411764706,0.12295081967213115,8.758437801350048,1.0,0.06995884773662552,4.983539094650205
cn7,42,lightgbm_balanced,all,inner_f1,0.29818430338006163,0.9671149866981968,0.021209671064900085,0.07076575702494302,0.1568627450980392,0.11764705882352941,0.23529411764705882,0.1496809521332244,1164,30,13,4,0.7647058823529411,0.02512562814070352,1211,17,606,0.11764705882352941,0.15384615384615385,10.959276018099548,0.5294117647058824,0.24324324324324326,17.3275039745628,0.7647058823529411,0.21311475409836064,15.181292189006749,0.8823529411764706,0.12295081967213115,8.758437801350048,1.0,0.06995884773662552,4.983539094650205
cn7,42,logistic,all,fixed_0.5,0.4894618287402786,0.9379495516799685,0.008821191900212362,0.04149480226329268,0.5217391304347826,1.0,0.35294117647058826,0.5913707016836909,1194,0,11,6,0.6470588235294118,0.0,1211,17,608,0.4117647058823529,0.5384615384615384,38.35746606334841,0.5294117647058824,0.24324324324324326,17.3275039745628,0.5294117647058824,0.14754098360655737,10.510125361620057,0.7647058823529411,0.10655737704918032,7.5906460945033745,0.9411764705882353,0.06584362139917696,4.690389736141371
cn7,42,logistic,all,inner_f1,0.4894618287402786,0.9379495516799685,0.008821191900212362,0.04149480226329268,0.5217391304347826,1.0,0.35294117647058826,0.5913707016836909,1194,0,11,6,0.6470588235294118,0.0,1211,17,608,0.4117647058823529,0.5384615384615384,38.35746606334841,0.5294117647058824,0.24324324324324326,17.3275039745628,0.5294117647058824,0.14754098360655737,10.510125361620057,0.7647058823529411,0.10655737704918032,7.5906460945033745,0.9411764705882353,0.06584362139917696,4.690389736141371
cn7,42,logistic_balanced,all,fixed_0.5,0.5044501039003944,0.9424327519952704,0.03857257834341632,0.12765161227471641,0.24096385542168675,0.15151515151515152,0.5882352941176471,0.28055454943247604,1138,56,7,10,0.4117647058823529,0.04690117252931323,1211,17,610,0.47058823529411764,0.6153846153846154,43.83710407239819,0.5294117647058824,0.24324324324324326,17.3275039745628,0.5294117647058824,0.14754098360655737,10.510125361620057,0.7058823529411765,0.09836065573770492,7.006750241080038,0.9411764705882353,0.06584362139917696,4.690389736141371
cn7,42,logistic_balanced,all,inner_f1,0.5044501039003944,0.9424327519952704,0.03857257834341632,0.12765161227471641,0.17391304347826086,0.3333333333333333,0.11764705882352941,0.1915103333202349,1190,4,15,2,0.8823529411764706,0.0033500837520938024,1211,17,610,0.47058823529411764,0.6153846153846154,43.83710407239819,0.5294117647058824,0.24324324324324326,17.3275039745628,0.5294117647058824,0.14754098360655737,10.510125361620057,0.7058823529411765,0.09836065573770492,7.006750241080038,0.9411764705882353,0.06584362139917696,4.690389736141371
cn7,42,xgboost,all,fixed_0.5,0.10797074614939423,0.8979948763424968,0.013234515606969957,0.05947946634961794,0.0,0.0,0.0,0.0,1194,0,17,0,1.0,0.0,1211,17,482,0.11764705882352941,0.15384615384615385,10.959276018099548,0.29411764705882354,0.13513513513513514,9.626391096979333,0.4117647058823529,0.11475409836065574,8.174541947926711,0.5294117647058824,0.07377049180327869,5.2550626808100285,0.7647058823529411,0.053497942386831275,3.810941660614863
cn7,42,xgboost,all,inner_f1,0.10797074614939423,0.8979948763424968,0.013234515606969957,0.05947946634961794,0.1414141414141414,0.08536585365853659,0.4117647058823529,0.16339423168941603,1119,75,10,7,0.5882352941176471,0.06281407035175879,1211,17,482,0.11764705882352941,0.15384615384615385,10.959276018099548,0.29411764705882354,0.13513513513513514,9.626391096979333,0.4117647058823529,0.11475409836065574,8.174541947926711,0.5294117647058824,0.07377049180327869,5.2550626808100285,0.7647058823529411,0.053497942386831275,3.810941660614863
cn7,42,xgboost_balanced,all,fixed_0.5,0.2280609587029374,0.9615479357572174,0.020363659559635146,0.06680565078430567,0.2545454545454545,0.18421052631578946,0.4117647058823529,0.26034533220843226,1163,31,10,7,0.5882352941176471,0.025963149078726967,1211,17,605,0.17647058823529413,0.23076923076923078,16.438914027149323,0.35294117647058826,0.16216216216216217,11.551669316375198,0.7058823529411765,0.19672131147540983,14.013500482160076,0.8823529411764706,0.12295081967213115,8.758437801350048,1.0,0.06995884773662552,4.983539094650205
cn7,42,xgboost_balanced,all,inner_f1,0.2280609587029374,0.9615479357572174,0.020363659559635146,0.06680565078430567,0.24242424242424243,0.25,0.23529411764705882,0.23207889803493226,1182,12,13,4,0.7647058823529411,0.010050251256281407,1211,17,605,0.17647058823529413,0.23076923076923078,16.438914027149323,0.35294117647058826,0.16216216216216217,11.551669316375198,0.7058823529411765,0.19672131147540983,14.013500482160076,0.8823529411764706,0.12295081967213115,8.758437801350048,1.0,0.06995884773662552,4.983539094650205
cn7,1729,catboost,all,fixed_0.5,0.4035526678550011,0.8633609222583505,0.009339511855290496,0.05358383852702253,0.5217391304347826,1.0,0.35294117647058826,0.5913707016836909,1194,0,11,6,0.6470588235294118,0.0,1211,17,606,0.35294117647058826,0.46153846153846156,32.87782805429865,0.4117647058823529,0.1891891891891892,13.476947535771066,0.47058823529411764,0.13114754098360656,9.342333654773386,0.5294117647058824,0.07377049180327869,5.2550626808100285,0.6470588235294118,0.04526748971193416,3.224642943597192
cn7,1729,catboost,all,inner_f1,0.4035526678550011,0.8633609222583505,0.009339511855290496,0.05358383852702253,0.34782608695652173,0.6666666666666666,0.23529411764705882,0.3914405175019629,1192,2,13,4,0.7647058823529411,0.0016750418760469012,1211,17,606,0.35294117647058826,0.46153846153846156,32.87782805429865,0.4117647058823529,0.1891891891891892,13.476947535771066,0.47058823529411764,0.13114754098360656,9.342333654773386,0.5294117647058824,0.07377049180327869,5.2550626808100285,0.6470588235294118,0.04526748971193416,3.224642943597192
cn7,1729,catboost_balanced,all,fixed_0.5,0.3549350101327687,0.9452409104345255,0.020199963035355543,0.0687366095694364,0.27450980392156865,0.20588235294117646,0.4117647058823529,0.277151861439367,1167,27,10,7,0.5882352941176471,0.022613065326633167,1211,17,606,0.23529411764705882,0.3076923076923077,21.918552036199095,0.4117647058823529,0.1891891891891892,13.476947535771066,0.5294117647058824,0.14754098360655737,10.510125361620057,0.7058823529411765,0.09836065573770492,7.006750241080038,0.9411764705882353,0.06584362139917696,4.690389736141371
cn7,1729,catboost_balanced,all,inner_f1,0.3549350101327687,0.9452409104345255,0.020199963035355543,0.0687366095694364,0.2222222222222222,0.17857142857142858,0.29411764705882354,0.21515842145033626,1171,23,12,5,0.7058823529411765,0.019262981574539362,1211,17,606,0.23529411764705882,0.3076923076923077,21.918552036199095,0.4117647058823529,0.1891891891891892,13.476947535771066,0.5294117647058824,0.14754098360655737,10.510125361620057,0.7058823529411765,0.09836065573770492,7.006750241080038,0.9411764705882353,0.06584362139917696,4.690389736141371
cn7,1729,dummy_prior,all,fixed_0.5,0.011609028560523583,0.3608483594442802,0.013914137988395452,0.0768598896061595,0.0,0.0,0.0,0.0,1194,0,17,0,1.0,0.0,1211,17,3,0.0,0.0,0.0,0.0,0.0,0.0,0.0,0.0,0.0,0.058823529411764705,0.00819672131147541,0.5838958534233366,0.11764705882352941,0.00823045267489712,0.5862987170176713
cn7,1729,dummy_prior,all,inner_f1,0.011609028560523583,0.3608483594442802,0.013914137988395452,0.0768598896061595,0.0,0.0,0.0,0.0,1194,0,17,0,1.0,0.0,1211,17,3,0.0,0.0,0.0,0.0,0.0,0.0,0.0,0.0,0.0,0.058823529411764705,0.00819672131147541,0.5838958534233366,0.11764705882352941,0.00823045267489712,0.5862987170176713
cn7,1729,extratrees,all,fixed_0.5,0.4194475842393127,0.9322839688639275,0.01009092278161744,0.0480752153761938,0.5217391304347826,1.0,0.35294117647058826,0.5913707016836909,1194,0,11,6,0.6470588235294118,0.0,1211,17,105,0.35294117647058826,0.46153846153846156,32.87782805429865,0.35294117647058826,0.16216216216216217,11.551669316375198,0.5294117647058824,0.14754098360655737,10.510125361620057,0.6470588235294118,0.09016393442622951,6.422854387656702,1.0,0.06995884773662552,4.983539094650205
cn7,1729,extratrees,all,inner_f1,0.4194475842393127,0.9322839688639275,0.01009092278161744,0.0480752153761938,0.48,0.75,0.35294117647058826,0.5101349734661121,1192,2,11,6,0.6470588235294118,0.0016750418760469012,1211,17,105,0.35294117647058826,0.46153846153846156,32.87782805429865,0.35294117647058826,0.16216216216216217,11.551669316375198,0.5294117647058824,0.14754098360655737,10.510125361620057,0.6470588235294118,0.09016393442622951,6.422854387656702,1.0,0.06995884773662552,4.983539094650205
cn7,1729,extratrees_balanced,all,fixed_0.5,0.3327301604601658,0.9560794166912997,0.022554639366872815,0.07062510403833902,0.23728813559322035,0.16666666666666666,0.4117647058823529,0.24590709610841668,1159,35,10,7,0.5882352941176471,0.02931323283082077,1211,17,87,0.23529411764705882,0.3076923076923077,21.918552036199095,0.4117647058823529,0.1891891891891892,13.476947535771066,0.5294117647058824,0.14754098360655737,10.510125361620057,0.8235294117647058,0.11475409836065574,8.174541947926711,1.0,0.06995884773662552,4.983539094650205
cn7,1729,extratrees_balanced,all,inner_f1,0.3327301604601658,0.9560794166912997,0.022554639366872815,0.07062510403833902,0.18823529411764706,0.11764705882352941,0.47058823529411764,0.21480612026519857,1134,60,9,8,0.5294117647058824,0.05025125628140704,1211,17,87,0.23529411764705882,0.3076923076923077,21.918552036199095,0.4117647058823529,0.1891891891891892,13.476947535771066,0.5294117647058824,0.14754098360655737,10.510125361620057,0.8235294117647058,0.11475409836065574,8.174541947926711,1.0,0.06995884773662552,4.983539094650205
cn7,1729,lightgbm,all,fixed_0.5,0.33786458040605744,0.9263720563602325,0.012139651265495169,0.051947185149794066,0.0,0.0,0.0,0.0,1194,0,17,0,1.0,0.0,1211,17,513,0.23529411764705882,0.3076923076923077,21.918552036199095,0.35294117647058826,0.16216216216216217,11.551669316375198,0.47058823529411764,0.13114754098360656,9.342333654773386,0.8235294117647058,0.11475409836065574,8.174541947926711,0.8823529411764706,0.06172839506172839,4.397240377632534
cn7,1729,lightgbm,all,inner_f1,0.33786458040605744,0.9263720563602325,0.012139651265495169,0.051947185149794066,0.1791044776119403,0.12,0.35294117647058826,0.1869117566600215,1150,44,11,6,0.6470588235294118,0.03685092127303183,1211,17,513,0.23529411764705882,0.3076923076923077,21.918552036199095,0.35294117647058826,0.16216216216216217,11.551669316375198,0.47058823529411764,0.13114754098360656,9.342333654773386,0.8235294117647058,0.11475409836065574,8.174541947926711,0.8823529411764706,0.06172839506172839,4.397240377632534
cn7,1729,lightgbm_balanced,all,fixed_0.5,0.3084644341954939,0.9299192038624495,0.02348600493591251,0.07945139115486827,0.22641509433962265,0.16666666666666666,0.35294117647058826,0.22708371409101025,1164,30,11,6,0.6470588235294118,0.02512562814070352,1211,17,578,0.23529411764705882,0.3076923076923077,21.918552036199095,0.35294117647058826,0.16216216216216217,11.551669316375198,0.5882352941176471,0.16393442622950818,11.67791706846673,0.8235294117647058,0.11475409836065574,8.174541947926711,0.9411764705882353,0.06584362139917696,4.690389736141371
cn7,1729,lightgbm_balanced,all,inner_f1,0.3084644341954939,0.9299192038624495,0.02348600493591251,0.07945139115486827,0.1791044776119403,0.12,0.35294117647058826,0.1869117566600215,1150,44,11,6,0.6470588235294118,0.03685092127303183,1211,17,578,0.23529411764705882,0.3076923076923077,21.918552036199095,0.35294117647058826,0.16216216216216217,11.551669316375198,0.5882352941176471,0.16393442622950818,11.67791706846673,0.8235294117647058,0.11475409836065574,8.174541947926711,0.9411764705882353,0.06584362139917696,4.690389736141371
cn7,1729,logistic,all,fixed_0.5,0.44319966348188544,0.9171100601044438,0.009495491589039373,0.04654432537496482,0.48,0.75,0.35294117647058826,0.5101349734661121,1192,2,11,6,0.6470588235294118,0.0016750418760469012,1211,17,611,0.35294117647058826,0.46153846153846156,32.87782805429865,0.47058823529411764,0.21621621621621623,15.402225755166933,0.47058823529411764,0.13114754098360656,9.342333654773386,0.6470588235294118,0.09016393442622951,6.422854387656702,0.8823529411764706,0.06172839506172839,4.397240377632534
cn7,1729,logistic,all,inner_f1,0.44319966348188544,0.9171100601044438,0.009495491589039373,0.04654432537496482,0.3870967741935484,0.42857142857142855,0.35294117647058826,0.38106059013100313,1186,8,11,6,0.6470588235294118,0.006700167504187605,1211,17,611,0.35294117647058826,0.46153846153846156,32.87782805429865,0.47058823529411764,0.21621621621621623,15.402225755166933,0.47058823529411764,0.13114754098360656,9.342333654773386,0.6470588235294118,0.09016393442622951,6.422854387656702,0.8823529411764706,0.06172839506172839,4.397240377632534
cn7,1729,logistic_balanced,all,fixed_0.5,0.4699901483216232,0.9092767760370479,0.036855767287988596,0.125551243460241,0.23376623376623376,0.15,0.5294117647058824,0.2638597060850867,1143,51,8,9,0.47058823529411764,0.04271356783919598,1211,17,611,0.4117647058823529,0.5384615384615384,38.35746606334841,0.47058823529411764,0.21621621621621623,15.402225755166933,0.5294117647058824,0.14754098360655737,10.510125361620057,0.5882352941176471,0.08196721311475409,5.838958534233365,0.8823529411764706,0.06172839506172839,4.397240377632534
cn7,1729,logistic_balanced,all,inner_f1,0.4699901483216232,0.9092767760370479,0.036855767287988596,0.125551243460241,0.3783783783783784,0.35,0.4117647058823529,0.37005545738084816,1181,13,10,7,0.5882352941176471,0.010887772194304857,1211,17,611,0.4117647058823529,0.5384615384615384,38.35746606334841,0.47058823529411764,0.21621621621621623,15.402225755166933,0.5294117647058824,0.14754098360655737,10.510125361620057,0.5882352941176471,0.08196721311475409,5.838958534233365,0.8823529411764706,0.06172839506172839,4.397240377632534
cn7,1729,xgboost,all,fixed_0.5,0.08441028714239102,0.8950389200906493,0.013441538823503858,0.06063077223707244,0.0,0.0,0.0,0.0,1194,0,17,0,1.0,0.0,1211,17,429,0.058823529411764705,0.07692307692307693,5.479638009049774,0.17647058823529413,0.08108108108108109,5.775834658187599,0.23529411764705882,0.06557377049180328,4.671166827386693,0.5294117647058824,0.07377049180327869,5.2550626808100285,0.8823529411764706,0.06172839506172839,4.397240377632534
cn7,1729,xgboost,all,inner_f1,0.08441028714239102,0.8950389200906493,0.013441538823503858,0.06063077223707244,0.18487394957983194,0.10784313725490197,0.6470588235294118,0.2418123757559876,1103,91,6,11,0.35294117647058826,0.076214405360134,1211,17,429,0.058823529411764705,0.07692307692307693,5.479638009049774,0.17647058823529413,0.08108108108108109,5.775834658187599,0.23529411764705882,0.06557377049180328,4.671166827386693,0.5294117647058824,0.07377049180327869,5.2550626808100285,0.8823529411764706,0.06172839506172839,4.397240377632534
cn7,1729,xgboost_balanced,all,fixed_0.5,0.24458381680934152,0.9006059710316286,0.022413830447800702,0.07645958031148035,0.24489795918367346,0.1875,0.35294117647058826,0.2429069787596226,1168,26,11,6,0.6470588235294118,0.021775544388609715,1211,17,605,0.23529411764705882,0.3076923076923077,21.918552036199095,0.4117647058823529,0.1891891891891892,13.476947535771066,0.47058823529411764,0.13114754098360656,9.342333654773386,0.8235294117647058,0.11475409836065574,8.174541947926711,0.8823529411764706,0.06172839506172839,4.397240377632534
cn7,1729,xgboost_balanced,all,inner_f1,0.24458381680934152,0.9006059710316286,0.022413830447800702,0.07645958031148035,0.1917808219178082,0.125,0.4117647058823529,0.20768009537365287,1145,49,10,7,0.5882352941176471,0.04103852596314908,1211,17,605,0.23529411764705882,0.3076923076923077,21.918552036199095,0.4117647058823529,0.1891891891891892,13.476947535771066,0.47058823529411764,0.13114754098360656,9.342333654773386,0.8235294117647058,0.11475409836065574,8.174541947926711,0.8823529411764706,0.06172839506172839,4.397240377632534
cn7,2026,catboost,all,fixed_0.5,0.429264610565995,0.9385407429303381,0.009219750195587979,0.0437689863939384,0.5217391304347826,1.0,0.35294117647058826,0.5913707016836909,1194,0,11,6,0.6470588235294118,0.0,1211,17,606,0.35294117647058826,0.46153846153846156,32.87782805429865,0.35294117647058826,0.16216216216216217,11.551669316375198,0.5882352941176471,0.16393442622950818,11.67791706846673,0.7058823529411765,0.09836065573770492,7.006750241080038,0.9411764705882353,0.06584362139917696,4.690389736141371
cn7,2026,catboost,all,inner_f1,0.429264610565995,0.9385407429303381,0.009219750195587979,0.0437689863939384,0.48,0.75,0.35294117647058826,0.5101349734661121,1192,2,11,6,0.6470588235294118,0.0016750418760469012,1211,17,606,0.35294117647058826,0.46153846153846156,32.87782805429865,0.35294117647058826,0.16216216216216217,11.551669316375198,0.5882352941176471,0.16393442622950818,11.67791706846673,0.7058823529411765,0.09836065573770492,7.006750241080038,0.9411764705882353,0.06584362139917696,4.690389736141371
cn7,2026,catboost_balanced,all,fixed_0.5,0.41761501058290884,0.9662774657601735,0.020031666526952922,0.06644058214947063,0.32558139534883723,0.2692307692307692,0.4117647058823529,0.32130198442953356,1175,19,10,7,0.5882352941176471,0.015912897822445562,1211,17,606,0.35294117647058826,0.46153846153846156,32.87782805429865,0.4117647058823529,0.1891891891891892,13.476947535771066,0.5294117647058824,0.14754098360655737,10.510125361620057,1.0,0.13934426229508196,9.92622950819672,1.0,0.06995884773662552,4.983539094650205
cn7,2026,catboost_balanced,all,inner_f1,0.41761501058290884,0.9662774657601735,0.020031666526952922,0.06644058214947063,0.33962264150943394,0.25,0.5294117647058824,0.3510685552831714,1167,27,8,9,0.47058823529411764,0.022613065326633167,1211,17,606,0.35294117647058826,0.46153846153846156,32.87782805429865,0.4117647058823529,0.1891891891891892,13.476947535771066,0.5294117647058824,0.14754098360655737,10.510125361620057,1.0,0.13934426229508196,9.92622950819672,1.0,0.06995884773662552,4.983539094650205
cn7,2026,dummy_prior,all,fixed_0.5,0.012478075417198298,0.4400433540250271,0.01385294799197435,0.07425260427207464,0.0,0.0,0.0,0.0,1194,0,17,0,1.0,0.0,1211,17,3,0.0,0.0,0.0,0.0,0.0,0.0,0.0,0.0,0.0,0.11764705882352941,0.01639344262295082,1.1677917068466732,0.17647058823529413,0.012345679012345678,0.8794480755265068
cn7,2026,dummy_prior,all,inner_f1,0.012478075417198298,0.4400433540250271,0.01385294799197435,0.07425260427207464,0.0,0.0,0.0,0.0,1194,0,17,0,1.0,0.0,1211,17,3,0.0,0.0,0.0,0.0,0.0,0.0,0.0,0.0,0.0,0.11764705882352941,0.01639344262295082,1.1677917068466732,0.17647058823529413,0.012345679012345678,0.8794480755265068
cn7,2026,extratrees,all,fixed_0.5,0.4647709756535209,0.9660804020100502,0.009504690556850272,0.03733497079087925,0.5217391304347826,1.0,0.35294117647058826,0.5913707016836909,1194,0,11,6,0.6470588235294118,0.0,1211,17,129,0.35294117647058826,0.46153846153846156,32.87782805429865,0.47058823529411764,0.21621621621621623,15.402225755166933,0.6470588235294118,0.18032786885245902,12.845708775313405,0.9411764705882353,0.13114754098360656,9.342333654773386,1.0,0.06995884773662552,4.983539094650205
cn7,2026,extratrees,all,inner_f1,0.4647709756535209,0.9660804020100502,0.009504690556850272,0.03733497079087925,0.48,0.75,0.35294117647058826,0.5101349734661121,1192,2,11,6,0.6470588235294118,0.0016750418760469012,1211,17,129,0.35294117647058826,0.46153846153846156,32.87782805429865,0.47058823529411764,0.21621621621621623,15.402225755166933,0.6470588235294118,0.18032786885245902,12.845708775313405,0.9411764705882353,0.13114754098360656,9.342333654773386,1.0,0.06995884773662552,4.983539094650205
cn7,2026,extratrees_balanced,all,fixed_0.5,0.23612522341849246,0.9463740269977338,0.02782592995345256,0.08303502099029272,0.22950819672131148,0.1590909090909091,0.4117647058823529,0.23940593739911378,1157,37,10,7,0.5882352941176471,0.03098827470686767,1211,17,91,0.11764705882352941,0.15384615384615385,10.959276018099548,0.29411764705882354,0.13513513513513514,9.626391096979333,0.47058823529411764,0.13114754098360656,9.342333654773386,0.8823529411764706,0.12295081967213115,8.758437801350048,1.0,0.06995884773662552,4.983539094650205
cn7,2026,extratrees_balanced,all,inner_f1,0.23612522341849246,0.9463740269977338,0.02782592995345256,0.08303502099029272,0.2376237623762376,0.14285714285714285,0.7058823529411765,0.2989342380681601,1122,72,5,12,0.29411764705882354,0.06030150753768844,1211,17,91,0.11764705882352941,0.15384615384615385,10.959276018099548,0.29411764705882354,0.13513513513513514,9.626391096979333,0.47058823529411764,0.13114754098360656,9.342333654773386,0.8823529411764706,0.12295081967213115,8.758437801350048,1.0,0.06995884773662552,4.983539094650205
cn7,2026,lightgbm,all,fixed_0.5,0.37317789173682386,0.9534190560646367,0.012040519871040066,0.04750454919803159,0.0,0.0,0.0,0.0,1194,0,17,0,1.0,0.0,1211,17,596,0.23529411764705882,0.3076923076923077,21.918552036199095,0.47058823529411764,0.21621621621621623,15.402225755166933,0.6470588235294118,0.18032786885245902,12.845708775313405,0.9411764705882353,0.13114754098360656,9.342333654773386,0.9411764705882353,0.06584362139917696,4.690389736141371
cn7,2026,lightgbm,all,inner_f1,0.37317789173682386,0.9534190560646367,0.012040519871040066,0.04750454919803159,0.22807017543859648,0.13402061855670103,0.7647058823529411,0.3009394899187742,1110,84,4,13,0.23529411764705882,0.07035175879396985,1211,17,596,0.23529411764705882,0.3076923076923077,21.918552036199095,0.47058823529411764,0.21621621621621623,15.402225755166933,0.6470588235294118,0.18032786885245902,12.845708775313405,0.9411764705882353,0.13114754098360656,9.342333654773386,0.9411764705882353,0.06584362139917696,4.690389736141371
cn7,2026,lightgbm_balanced,all,fixed_0.5,0.44647301511697796,0.9585427135678393,0.024879635459911554,0.08053183558163354,0.2857142857142857,0.1956521739130435,0.5294117647058824,0.3067490648274788,1157,37,8,9,0.47058823529411764,0.03098827470686767,1211,17,601,0.35294117647058826,0.46153846153846156,32.87782805429865,0.47058823529411764,0.21621621621621623,15.402225755166933,0.7058823529411765,0.19672131147540983,14.013500482160076,0.9411764705882353,0.13114754098360656,9.342333654773386,0.9411764705882353,0.06584362139917696,4.690389736141371
cn7,2026,lightgbm_balanced,all,inner_f1,0.44647301511697796,0.9585427135678393,0.024879635459911554,0.08053183558163354,0.2857142857142857,0.17567567567567569,0.7647058823529411,0.35050626357130316,1133,61,4,13,0.23529411764705882,0.05108877721943048,1211,17,601,0.35294117647058826,0.46153846153846156,32.87782805429865,0.47058823529411764,0.21621621621621623,15.402225755166933,0.7058823529411765,0.19672131147540983,14.013500482160076,0.9411764705882353,0.13114754098360656,9.342333654773386,0.9411764705882353,0.06584362139917696,4.690389736141371
cn7,2026,logistic,all,fixed_0.5,0.4960916234705451,0.9523844713764903,0.009030861102884416,0.040134848343620244,0.5217391304347826,1.0,0.35294117647058826,0.5913707016836909,1194,0,11,6,0.6470588235294118,0.0,1211,17,609,0.4117647058823529,0.5384615384615384,38.35746606334841,0.5294117647058824,0.24324324324324326,17.3275039745628,0.6470588235294118,0.18032786885245902,12.845708775313405,0.7647058823529411,0.10655737704918032,7.5906460945033745,1.0,0.06995884773662552,4.983539094650205
cn7,2026,logistic,all,inner_f1,0.4960916234705451,0.9523844713764903,0.009030861102884416,0.040134848343620244,0.5217391304347826,1.0,0.35294117647058826,0.5913707016836909,1194,0,11,6,0.6470588235294118,0.0,1211,17,609,0.4117647058823529,0.5384615384615384,38.35746606334841,0.5294117647058824,0.24324324324324326,17.3275039745628,0.6470588235294118,0.18032786885245902,12.845708775313405,0.7647058823529411,0.10655737704918032,7.5906460945033745,1.0,0.06995884773662552,4.983539094650205
cn7,2026,logistic_balanced,all,fixed_0.5,0.45902955408498763,0.9376539560547837,0.037328342334329995,0.1284107259163122,0.27586206896551724,0.17142857142857143,0.7058823529411765,0.3313618223671215,1136,58,5,12,0.29411764705882354,0.048576214405360134,1211,17,612,0.4117647058823529,0.5384615384615384,38.35746606334841,0.47058823529411764,0.21621621621621623,15.402225755166933,0.6470588235294118,0.18032786885245902,12.845708775313405,0.8235294117647058,0.11475409836065574,8.174541947926711,0.9411764705882353,0.06584362139917696,4.690389736141371
cn7,2026,logistic_balanced,all,inner_f1,0.45902955408498763,0.9376539560547837,0.037328342334329995,0.1284107259163122,0.34782608695652173,0.6666666666666666,0.23529411764705882,0.3914405175019629,1192,2,13,4,0.7647058823529411,0.0016750418760469012,1211,17,612,0.4117647058823529,0.5384615384615384,38.35746606334841,0.47058823529411764,0.21621621621621623,15.402225755166933,0.6470588235294118,0.18032786885245902,12.845708775313405,0.8235294117647058,0.11475409836065574,8.174541947926711,0.9411764705882353,0.06584362139917696,4.690389736141371
cn7,2026,xgboost,all,fixed_0.5,0.09246466133769511,0.9159769435412355,0.013290285501977292,0.05805307576067836,0.0,0.0,0.0,0.0,1194,0,17,0,1.0,0.0,1211,17,425,0.058823529411764705,0.07692307692307693,5.479638009049774,0.23529411764705882,0.10810810810810811,7.7011128775834665,0.29411764705882354,0.08196721311475409,5.838958534233365,0.7058823529411765,0.09836065573770492,7.006750241080038,0.8823529411764706,0.06172839506172839,4.397240377632534
cn7,2026,xgboost,all,inner_f1,0.09246466133769511,0.9159769435412355,0.013290285501977292,0.05805307576067836,0.14213197969543148,0.07777777777777778,0.8235294117647058,0.22637845169574763,1028,166,3,14,0.17647058823529413,0.1390284757118928,1211,17,425,0.058823529411764705,0.07692307692307693,5.479638009049774,0.23529411764705882,0.10810810810810811,7.7011128775834665,0.29411764705882354,0.08196721311475409,5.838958534233365,0.7058823529411765,0.09836065573770492,7.006750241080038,0.8823529411764706,0.06172839506172839,4.397240377632534
cn7,2026,xgboost_balanced,all,fixed_0.5,0.4835360539133494,0.9555867573159917,0.02287478371729584,0.0732758445511183,0.26229508196721313,0.18181818181818182,0.47058823529411764,0.276916687844233,1158,36,9,8,0.5294117647058824,0.03015075376884422,1211,17,606,0.35294117647058826,0.46153846153846156,32.87782805429865,0.47058823529411764,0.21621621621621623,15.402225755166933,0.7058823529411765,0.19672131147540983,14.013500482160076,0.8823529411764706,0.12295081967213115,8.758437801350048,0.9411764705882353,0.06584362139917696,4.690389736141371
cn7,2026,xgboost_balanced,all,inner_f1,0.4835360539133494,0.9555867573159917,0.02287478371729584,0.0732758445511183,0.24778761061946902,0.14583333333333334,0.8235294117647058,0.3287121702452798,1112,82,3,14,0.17647058823529413,0.06867671691792294,1211,17,606,0.35294117647058826,0.46153846153846156,32.87782805429865,0.47058823529411764,0.21621621621621623,15.402225755166933,0.7058823529411765,0.19672131147540983,14.013500482160076,0.8823529411764706,0.12295081967213115,8.758437801350048,0.9411764705882353,0.06584362139917696,4.690389736141371
pooled,42,catboost,all,fixed_0.5,0.20225289069345792,0.7296287294160541,0.01483910991505408,0.07525334820161107,0.25,1.0,0.14285714285714285,0.37510347286714535,2351,0,36,6,0.8571428571428571,0.0,2393,42,1197,0.16666666666666666,0.2916666666666667,16.618055555555557,0.23809523809523808,0.1388888888888889,7.913359788359789,0.2619047619047619,0.09166666666666666,5.22281746031746,0.30952380952380953,0.05416666666666667,3.0862103174603175,0.42857142857142855,0.037578288100208766,2.1410677005666567
pooled,42,catboost,all,inner_f1,0.20225289069345792,0.7296287294160541,0.01483910991505408,0.07525334820161107,0.25,1.0,0.14285714285714285,0.37510347286714535,2351,0,36,6,0.8571428571428571,0.0,2393,42,1197,0.16666666666666666,0.2916666666666667,16.618055555555557,0.23809523809523808,0.1388888888888889,7.913359788359789,0.2619047619047619,0.09166666666666666,5.22281746031746,0.30952380952380953,0.05416666666666667,3.0862103174603175,0.42857142857142855,0.037578288100208766,2.1410677005666567
pooled,42,catboost,cn7,fixed_0.5,0.4403102020083621,0.9482461326239039,0.009022005079653495,0.04457195916144795,0.5217391304347826,1.0,0.35294117647058826,0.5913707016836909,1194,0,11,6,0.6470588235294118,0.0,1211,17,606,0.35294117647058826,0.46153846153846156,32.87782805429865,0.4117647058823529,0.1891891891891892,13.476947535771066,0.5294117647058824,0.14754098360655737,10.510125361620057,0.7058823529411765,0.09836065573770492,7.006750241080038,1.0,0.06995884773662552,4.983539094650205
pooled,42,catboost,cn7,inner_f1,0.4403102020083621,0.9482461326239039,0.009022005079653495,0.04457195916144795,0.5217391304347826,1.0,0.35294117647058826,0.5913707016836909,1194,0,11,6,0.6470588235294118,0.0,1211,17,606,0.35294117647058826,0.46153846153846156,32.87782805429865,0.4117647058823529,0.1891891891891892,13.476947535771066,0.5294117647058824,0.14754098360655737,10.510125361620057,0.7058823529411765,0.09836065573770492,7.006750241080038,1.0,0.06995884773662552,4.983539094650205
pooled,42,catboost,rg3,fixed_0.5,0.029310369867146115,0.409351771823682,0.020798935596670075,0.10668749551771728,0.0,0.0,0.0,0.0,1157,0,25,0,1.0,0.0,1182,25,591,0.04,0.08333333333333333,3.94,0.04,0.027777777777777776,1.3133333333333332,0.08,0.03333333333333333,1.576,0.12,0.025210084033613446,1.1919327731092437,0.2,0.02109704641350211,0.9974683544303797
pooled,42,catboost,rg3,inner_f1,0.029310369867146115,0.409351771823682,0.020798935596670075,0.10668749551771728,0.0,0.0,0.0,0.0,1157,0,25,0,1.0,0.0,1182,25,591,0.04,0.08333333333333333,3.94,0.04,0.027777777777777776,1.3133333333333332,0.08,0.03333333333333333,1.576,0.12,0.025210084033613446,1.1919327731092437,0.2,0.02109704641350211,0.9974683544303797
pooled,42,catboost_balanced,all,fixed_0.5,0.18525774280612417,0.720483684754208,0.061849464611273657,0.22214159637554928,0.13043478260869565,0.08450704225352113,0.2857142857142857,0.12806684176632602,2221,130,30,12,0.7142857142857143,0.05529561888558061,2393,42,1197,0.16666666666666666,0.2916666666666667,16.618055555555557,0.21428571428571427,0.125,7.12202380952381,0.2619047619047619,0.09166666666666666,5.22281746031746,0.30952380952380953,0.05416666666666667,3.0862103174603175,0.40476190476190477,0.03549060542797495,2.0221194949796204
pooled,42,catboost_balanced,all,inner_f1,0.18525774280612417,0.720483684754208,0.061849464611273657,0.22214159637554928,0.13636363636363635,0.13043478260869565,0.14285714285714285,0.12034967695635182,2311,40,36,6,0.8571428571428571,0.017014036580178648,2393,42,1197,0.16666666666666666,0.2916666666666667,16.618055555555557,0.21428571428571427,0.125,7.12202380952381,0.2619047619047619,0.09166666666666666,5.22281746031746,0.30952380952380953,0.05416666666666667,3.0862103174603175,0.40476190476190477,0.03549060542797495,2.0221194949796204
pooled,42,catboost_balanced,cn7,fixed_0.5,0.41744569066117276,0.9355355207409598,0.034123216276246565,0.12467585811188621,0.24096385542168675,0.15151515151515152,0.5882352941176471,0.28055454943247604,1138,56,7,10,0.4117647058823529,0.04690117252931323,1211,17,606,0.35294117647058826,0.46153846153846156,32.87782805429865,0.47058823529411764,0.21621621621621623,15.402225755166933,0.5294117647058824,0.14754098360655737,10.510125361620057,0.7647058823529411,0.10655737704918032,7.5906460945033745,0.9411764705882353,0.06584362139917696,4.690389736141371
pooled,42,catboost_balanced,cn7,inner_f1,0.41744569066117276,0.9355355207409598,0.034123216276246565,0.12467585811188621,0.3870967741935484,0.42857142857142855,0.35294117647058826,0.38106059013100313,1186,8,11,6,0.6470588235294118,0.006700167504187605,1211,17,606,0.35294117647058826,0.46153846153846156,32.87782805429865,0.47058823529411764,0.21621621621621623,15.402225755166933,0.5294117647058824,0.14754098360655737,10.510125361620057,0.7647058823529411,0.10655737704918032,7.5906460945033745,0.9411764705882353,0.06584362139917696,4.690389736141371
pooled,42,catboost_balanced,rg3,fixed_0.5,0.03947626133993527,0.4284356093344857,0.09025596777008736,0.3219986260179317,0.039603960396039604,0.02631578947368421,0.08,0.009410158469459381,1083,74,23,2,0.92,0.06395851339671564,1182,25,591,0.04,0.08333333333333333,3.94,0.04,0.027777777777777776,1.3133333333333332,0.08,0.03333333333333333,1.576,0.12,0.025210084033613446,1.1919327731092437,0.12,0.012658227848101266,0.5984810126582278
pooled,42,catboost_balanced,rg3,inner_f1,0.03947626133993527,0.4284356093344857,0.09025596777008736,0.3219986260179317,0.0,0.0,0.0,-0.024520504074409477,1125,32,25,0,1.0,0.027657735522904063,1182,25,591,0.04,0.08333333333333333,3.94,0.04,0.027777777777777776,1.3133333333333332,0.08,0.03333333333333333,1.576,0.12,0.025210084033613446,1.1919327731092437,0.12,0.012658227848101266,0.5984810126582278
pooled,42,dummy_prior,all,fixed_0.5,0.01695328354376041,0.4838467926515566,0.017244456953670075,0.08838729115040439,0.0,0.0,0.0,0.0,2351,0,42,0,1.0,0.0,2393,42,3,0.0,0.0,0.0,0.0,0.0,0.0,0.023809523809523808,0.008333333333333333,0.47480158730158734,0.11904761904761904,0.020833333333333332,1.1870039682539681,0.21428571428571427,0.018789144050104383,1.0705338502833284
pooled,42,dummy_prior,all,inner_f1,0.01695328354376041,0.4838467926515566,0.017244456953670075,0.08838729115040439,0.0,0.0,0.0,0.0,2351,0,42,0,1.0,0.0,2393,42,3,0.0,0.0,0.0,0.0,0.0,0.0,0.023809523809523808,0.008333333333333333,0.47480158730158734,0.11904761904761904,0.020833333333333332,1.1870039682539681,0.21428571428571427,0.018789144050104383,1.0705338502833284
pooled,42,dummy_prior,cn7,fixed_0.5,0.012885405619560619,0.45970046309981283,0.013855657986035613,0.07427614510954415,0.0,0.0,0.0,0.0,1194,0,17,0,1.0,0.0,1211,17,3,0.0,0.0,0.0,0.0,0.0,0.0,0.058823529411764705,0.01639344262295082,1.1677917068466732,0.11764705882352941,0.01639344262295082,1.1677917068466732,0.17647058823529413,0.012345679012345678,0.8794480755265068
pooled,42,dummy_prior,cn7,inner_f1,0.012885405619560619,0.45970046309981283,0.013855657986035613,0.07427614510954415,0.0,0.0,0.0,0.0,1194,0,17,0,1.0,0.0,1211,17,3,0.0,0.0,0.0,0.0,0.0,0.0,0.058823529411764705,0.01639344262295082,1.1677917068466732,0.11764705882352941,0.01639344262295082,1.1677917068466732,0.17647058823529413,0.012345679012345678,0.8794480755265068
pooled,42,dummy_prior,rg3,fixed_0.5,0.021564798508235783,0.500553154710458,0.020716399043183894,0.10284464974218252,0.0,0.0,0.0,0.0,1157,0,25,0,1.0,0.0,1182,25,3,0.0,0.0,0.0,0.0,0.0,0.0,0.04,0.016666666666666666,0.788,0.12,0.025210084033613446,1.1919327731092437,0.24,0.02531645569620253,1.1969620253164557
pooled,42,dummy_prior,rg3,inner_f1,0.021564798508235783,0.500553154710458,0.020716399043183894,0.10284464974218252,0.0,0.0,0.0,0.0,1157,0,25,0,1.0,0.0,1182,25,3,0.0,0.0,0.0,0.0,0.0,0.0,0.04,0.016666666666666666,0.788,0.12,0.025210084033613446,1.1919327731092437,0.24,0.02531645569620253,1.1969620253164557
pooled,42,extratrees,all,fixed_0.5,0.19359832659447063,0.7439387494683113,0.01532036546146963,0.07840266301103076,0.24,0.75,0.14285714285714285,0.3230500538950879,2349,2,36,6,0.8571428571428571,0.0008507018290089324,2393,42,908,0.14285714285714285,0.25,14.24404761904762,0.23809523809523808,0.1388888888888889,7.913359788359789,0.30952380952380953,0.10833333333333334,6.172420634920635,0.38095238095238093,0.06666666666666667,3.7984126984126987,0.4523809523809524,0.03966597077244259,2.2600159061536935
pooled,42,extratrees,all,inner_f1,0.19359832659447063,0.7439387494683113,0.01532036546146963,0.07840266301103076,0.24,0.75,0.14285714285714285,0.3230500538950879,2349,2,36,6,0.8571428571428571,0.0008507018290089324,2393,42,908,0.14285714285714285,0.25,14.24404761904762,0.23809523809523808,0.1388888888888889,7.913359788359789,0.30952380952380953,0.10833333333333334,6.172420634920635,0.38095238095238093,0.06666666666666667,3.7984126984126987,0.4523809523809524,0.03966597077244259,2.2600159061536935
pooled,42,extratrees,cn7,fixed_0.5,0.44527286082177187,0.9535175879396984,0.009668612687100174,0.04075444132917704,0.48,0.75,0.35294117647058826,0.5101349734661121,1192,2,11,6,0.6470588235294118,0.0016750418760469012,1211,17,317,0.35294117647058826,0.46153846153846156,32.87782805429865,0.47058823529411764,0.21621621621621623,15.402225755166933,0.47058823529411764,0.13114754098360656,9.342333654773386,0.8235294117647058,0.11475409836065574,8.174541947926711,1.0,0.06995884773662552,4.983539094650205
pooled,42,extratrees,cn7,inner_f1,0.44527286082177187,0.9535175879396984,0.009668612687100174,0.04075444132917704,0.48,0.75,0.35294117647058826,0.5101349734661121,1192,2,11,6,0.6470588235294118,0.0016750418760469012,1211,17,317,0.35294117647058826,0.46153846153846156,32.87782805429865,0.47058823529411764,0.21621621621621623,15.402225755166933,0.47058823529411764,0.13114754098360656,9.342333654773386,0.8235294117647058,0.11475409836065574,8.174541947926711,1.0,0.06995884773662552,4.983539094650205
pooled,42,extratrees,rg3,fixed_0.5,0.026299015774392802,0.411218668971478,0.021110782220997052,0.11697457202687243,0.0,0.0,0.0,0.0,1157,0,25,0,1.0,0.0,1182,25,591,0.0,0.0,0.0,0.08,0.05555555555555555,2.6266666666666665,0.12,0.05,2.3640000000000003,0.12,0.025210084033613446,1.1919327731092437,0.12,0.012658227848101266,0.5984810126582278
pooled,42,extratrees,rg3,inner_f1,0.026299015774392802,0.411218668971478,0.021110782220997052,0.11697457202687243,0.0,0.0,0.0,0.0,1157,0,25,0,1.0,0.0,1182,25,591,0.0,0.0,0.0,0.08,0.05555555555555555,2.6266666666666665,0.12,0.05,2.3640000000000003,0.12,0.025210084033613446,1.1919327731092437,0.12,0.012658227848101266,0.5984810126582278
pooled,42,extratrees_balanced,all,fixed_0.5,0.16442438180594243,0.7391383605760466,0.04888347349546734,0.20518362155564226,0.140625,0.10465116279069768,0.21428571428571427,0.128066394161358,2274,77,33,9,0.7857142857142857,0.0327520204168439,2393,42,786,0.14285714285714285,0.25,14.24404761904762,0.21428571428571427,0.125,7.12202380952381,0.2619047619047619,0.09166666666666666,5.22281746031746,0.30952380952380953,0.05416666666666667,3.0862103174603175,0.42857142857142855,0.037578288100208766,2.1410677005666567
pooled,42,extratrees_balanced,all,inner_f1,0.16442438180594243,0.7391383605760466,0.04888347349546734,0.20518362155564226,0.06792452830188679,0.04035874439461883,0.21428571428571427,0.05567920224614401,2137,214,33,9,0.7857142857142857,0.09102509570395577,2393,42,786,0.14285714285714285,0.25,14.24404761904762,0.21428571428571427,0.125,7.12202380952381,0.2619047619047619,0.09166666666666666,5.22281746031746,0.30952380952380953,0.05416666666666667,3.0862103174603175,0.42857142857142855,0.037578288100208766,2.1410677005666567
pooled,42,extratrees_balanced,cn7,fixed_0.5,0.40254336038034455,0.9593802345058626,0.02510566119167194,0.07854209831125473,0.27692307692307694,0.1875,0.5294117647058824,0.2995385113178894,1155,39,8,9,0.47058823529411764,0.032663316582914576,1211,17,207,0.35294117647058826,0.46153846153846156,32.87782805429865,0.47058823529411764,0.21621621621621623,15.402225755166933,0.5882352941176471,0.16393442622950818,11.67791706846673,0.8235294117647058,0.11475409836065574,8.174541947926711,1.0,0.06995884773662552,4.983539094650205
pooled,42,extratrees_balanced,cn7,inner_f1,0.40254336038034455,0.9593802345058626,0.02510566119167194,0.07854209831125473,0.26666666666666666,0.18604651162790697,0.47058823529411764,0.280530638991013,1159,35,9,8,0.5294117647058824,0.02931323283082077,1211,17,207,0.35294117647058826,0.46153846153846156,32.87782805429865,0.47058823529411764,0.21621621621621623,15.402225755166933,0.5882352941176471,0.16393442622950818,11.67791706846673,0.8235294117647058,0.11475409836065574,8.174541947926711,1.0,0.06995884773662552,4.983539094650205
pooled,42,extratrees_balanced,rg3,fixed_0.5,0.01805463714926065,0.4102506482281763,0.07324466698099714,0.3349322549303913,0.0,0.0,0.0,-0.026790579692476394,1119,38,25,0,1.0,0.032843560933448576,1182,25,583,0.0,0.0,0.0,0.0,0.0,0.0,0.04,0.016666666666666666,0.788,0.04,0.008403361344537815,0.3973109243697479,0.12,0.012658227848101266,0.5984810126582278
pooled,42,extratrees_balanced,rg3,inner_f1,0.01805463714926065,0.4102506482281763,0.07324466698099714,0.3349322549303913,0.00975609756097561,0.005555555555555556,0.04,-0.045937735681157804,978,179,24,1,0.96,0.1547104580812446,1182,25,583,0.0,0.0,0.0,0.0,0.0,0.0,0.04,0.016666666666666666,0.788,0.04,0.008403361344537815,0.3973109243697479,0.12,0.012658227848101266,0.5984810126582278
pooled,42,lightgbm,all,fixed_0.5,0.23063896288725863,0.7466731482044116,0.015865383376765522,0.0778671844862572,0.0,0.0,0.0,0.0,2351,0,42,0,1.0,0.0,2393,42,1197,0.19047619047619047,0.3333333333333333,18.99206349206349,0.2857142857142857,0.16666666666666666,9.496031746031745,0.30952380952380953,0.10833333333333334,6.172420634920635,0.3333333333333333,0.058333333333333334,3.3236111111111115,0.5,0.04384133611691023,2.4979123173277666
pooled,42,lightgbm,all,inner_f1,0.23063896288725863,0.7466731482044116,0.015865383376765522,0.0778671844862572,0.10309278350515463,0.06578947368421052,0.23809523809523808,0.09567190971137586,2209,142,32,10,0.7619047619047619,0.0603998298596342,2393,42,1197,0.19047619047619047,0.3333333333333333,18.99206349206349,0.2857142857142857,0.16666666666666666,9.496031746031745,0.30952380952380953,0.10833333333333334,6.172420634920635,0.3333333333333333,0.058333333333333334,3.3236111111111115,0.5,0.04384133611691023,2.4979123173277666
pooled,42,lightgbm,cn7,fixed_0.5,0.511485640972263,0.9660804020100502,0.010942060148136614,0.04309306476093206,0.0,0.0,0.0,0.0,1194,0,17,0,1.0,0.0,1211,17,606,0.4117647058823529,0.5384615384615384,38.35746606334841,0.5882352941176471,0.2702702702702703,19.252782193958666,0.7058823529411765,0.19672131147540983,14.013500482160076,0.8235294117647058,0.11475409836065574,8.174541947926711,1.0,0.06995884773662552,4.983539094650205
pooled,42,lightgbm,cn7,inner_f1,0.511485640972263,0.9660804020100502,0.010942060148136614,0.04309306476093206,0.2465753424657534,0.16071428571428573,0.5294117647058824,0.27452410746600997,1147,47,8,9,0.47058823529411764,0.03936348408710218,1211,17,606,0.4117647058823529,0.5384615384615384,38.35746606334841,0.5882352941176471,0.2702702702702703,19.252782193958666,0.7058823529411765,0.19672131147540983,14.013500482160076,0.8235294117647058,0.11475409836065574,8.174541947926711,1.0,0.06995884773662552,4.983539094650205
pooled,42,lightgbm,rg3,fixed_0.5,0.03756685670027509,0.43417458945548837,0.020909498799667046,0.11349447635374346,0.0,0.0,0.0,0.0,1157,0,25,0,1.0,0.0,1182,25,591,0.04,0.08333333333333333,3.94,0.04,0.027777777777777776,1.3133333333333332,0.04,0.016666666666666666,0.788,0.04,0.008403361344537815,0.3973109243697479,0.08,0.008438818565400843,0.3989873417721519
pooled,42,lightgbm,rg3,inner_f1,0.03756685670027509,0.43417458945548837,0.020909498799667046,0.11349447635374346,0.01652892561983471,0.010416666666666666,0.04,-0.022179925105318826,1062,95,24,1,0.96,0.08210890233362143,1182,25,591,0.04,0.08333333333333333,3.94,0.04,0.027777777777777776,1.3133333333333332,0.04,0.016666666666666666,0.788,0.04,0.008403361344537815,0.3973109243697479,0.08,0.008438818565400843,0.3989873417721519
pooled,42,lightgbm_balanced,all,fixed_0.5,0.12554095918618993,0.7385205890097426,0.05442998517844976,0.1962570653669207,0.13541666666666666,0.08666666666666667,0.30952380952380953,0.1361125069601725,2214,137,29,13,0.6904761904761905,0.05827307528711187,2393,42,1197,0.19047619047619047,0.3333333333333333,18.99206349206349,0.23809523809523808,0.1388888888888889,7.913359788359789,0.2619047619047619,0.09166666666666666,5.22281746031746,0.35714285714285715,0.0625,3.561011904761905,0.47619047619047616,0.04175365344467641,2.37896411174073
pooled,42,lightgbm_balanced,all,inner_f1,0.12554095918618993,0.7385205890097426,0.05442998517844976,0.1962570653669207,0.21875,0.3181818181818182,0.16666666666666666,0.2205314460503256,2336,15,35,7,0.8333333333333334,0.0063802637175669925,2393,42,1197,0.19047619047619047,0.3333333333333333,18.99206349206349,0.23809523809523808,0.1388888888888889,7.913359788359789,0.2619047619047619,0.09166666666666666,5.22281746031746,0.35714285714285715,0.0625,3.561011904761905,0.47619047619047616,0.04175365344467641,2.37896411174073
pooled,42,lightgbm_balanced,cn7,fixed_0.5,0.27875941124186604,0.9431717410582323,0.03664230434650052,0.12450081072849972,0.2268041237113402,0.1375,0.6470588235294118,0.27910304223168325,1125,69,6,11,0.35294117647058826,0.05778894472361809,1211,17,606,0.35294117647058826,0.46153846153846156,32.87782805429865,0.5294117647058824,0.24324324324324326,17.3275039745628,0.5294117647058824,0.14754098360655737,10.510125361620057,0.8235294117647058,0.11475409836065574,8.174541947926711,0.9411764705882353,0.06584362139917696,4.690389736141371
pooled,42,lightgbm_balanced,cn7,inner_f1,0.27875941124186604,0.9431717410582323,0.03664230434650052,0.12450081072849972,0.42424242424242425,0.4375,0.4117647058823529,0.4164932979826376,1185,9,10,7,0.5882352941176471,0.007537688442211055,1211,17,606,0.35294117647058826,0.46153846153846156,32.87782805429865,0.5294117647058824,0.24324324324324326,17.3275039745628,0.5294117647058824,0.14754098360655737,10.510125361620057,0.8235294117647058,0.11475409836065574,8.174541947926711,0.9411764705882353,0.06584362139917696,4.690389736141371
pooled,42,lightgbm_balanced,rg3,fixed_0.5,0.024342829981685896,0.4526361279170269,0.07265408119155509,0.2697738372511235,0.042105263157894736,0.02857142857142857,0.08,0.012939880740277195,1089,68,23,2,0.92,0.058772687986171135,1182,25,591,0.04,0.08333333333333333,3.94,0.04,0.027777777777777776,1.3133333333333332,0.04,0.016666666666666666,0.788,0.12,0.025210084033613446,1.1919327731092437,0.12,0.012658227848101266,0.5984810126582278
pooled,42,lightgbm_balanced,rg3,inner_f1,0.024342829981685896,0.4526361279170269,0.07265408119155509,0.2697738372511235,0.0,0.0,0.0,-0.010499661286390264,1151,6,25,0,1.0,0.005185825410544511,1182,25,591,0.04,0.08333333333333333,3.94,0.04,0.027777777777777776,1.3133333333333332,0.04,0.016666666666666666,0.788,0.12,0.025210084033613446,1.1919327731092437,0.12,0.012658227848101266,0.5984810126582278
pooled,42,logistic,all,fixed_0.5,0.19327565537404404,0.7298312774705799,0.015137797358582367,0.07813321041004505,0.25,1.0,0.14285714285714285,0.37510347286714535,2351,0,36,6,0.8571428571428571,0.0,2393,42,1200,0.14285714285714285,0.25,14.24404761904762,0.23809523809523808,0.1388888888888889,7.913359788359789,0.2857142857142857,0.1,5.697619047619048,0.3333333333333333,0.058333333333333334,3.3236111111111115,0.42857142857142855,0.037578288100208766,2.1410677005666567
pooled,42,logistic,all,inner_f1,0.19327565537404404,0.7298312774705799,0.015137797358582367,0.07813321041004505,0.25,1.0,0.14285714285714285,0.37510347286714535,2351,0,36,6,0.8571428571428571,0.0,2393,42,1200,0.14285714285714285,0.25,14.24404761904762,0.23809523809523808,0.1388888888888889,7.913359788359789,0.2857142857142857,0.1,5.697619047619048,0.3333333333333333,0.058333333333333334,3.3236111111111115,0.42857142857142855,0.037578288100208766,2.1410677005666567
pooled,42,logistic,cn7,fixed_0.5,0.4458141947550073,0.9122327322888956,0.009281017707335788,0.04379221408936079,0.5217391304347826,1.0,0.35294117647058826,0.5913707016836909,1194,0,11,6,0.6470588235294118,0.0,1211,17,606,0.35294117647058826,0.46153846153846156,32.87782805429865,0.47058823529411764,0.21621621621621623,15.402225755166933,0.5882352941176471,0.16393442622950818,11.67791706846673,0.7058823529411765,0.09836065573770492,7.006750241080038,0.9411764705882353,0.06584362139917696,4.690389736141371
pooled,42,logistic,cn7,inner_f1,0.4458141947550073,0.9122327322888956,0.009281017707335788,0.04379221408936079,0.5217391304347826,1.0,0.35294117647058826,0.5913707016836909,1194,0,11,6,0.6470588235294118,0.0,1211,17,606,0.35294117647058826,0.46153846153846156,32.87782805429865,0.47058823529411764,0.21621621621621623,15.402225755166933,0.5882352941176471,0.16393442622950818,11.67791706846673,0.7058823529411765,0.09836065573770492,7.006750241080038,0.9411764705882353,0.06584362139917696,4.690389736141371
pooled,42,logistic,rg3,fixed_0.5,0.026378910720359666,0.46528954191875543,0.021138271265231774,0.11331675232573762,0.0,0.0,0.0,0.0,1157,0,25,0,1.0,0.0,1182,25,594,0.0,0.0,0.0,0.12,0.08333333333333333,3.94,0.12,0.05,2.3640000000000003,0.12,0.025210084033613446,1.1919327731092437,0.2,0.02109704641350211,0.9974683544303797
pooled,42,logistic,rg3,inner_f1,0.026378910720359666,0.46528954191875543,0.021138271265231774,0.11331675232573762,0.0,0.0,0.0,0.0,1157,0,25,0,1.0,0.0,1182,25,594,0.0,0.0,0.0,0.12,0.08333333333333333,3.94,0.12,0.05,2.3640000000000003,0.12,0.025210084033613446,1.1919327731092437,0.2,0.02109704641350211,0.9974683544303797
pooled,42,logistic_balanced,all,fixed_0.5,0.1472281226495375,0.7299426789005692,0.16978760342491897,0.5140482959260735,0.06576980568011959,0.03508771929824561,0.5238095238095238,0.07957447475681938,1746,605,20,22,0.47619047619047616,0.25733730327520205,2393,42,1201,0.14285714285714285,0.25,14.24404761904762,0.19047619047619047,0.1111111111111111,6.330687830687831,0.23809523809523808,0.08333333333333333,4.748015873015873,0.2857142857142857,0.05,2.848809523809524,0.42857142857142855,0.037578288100208766,2.1410677005666567
pooled,42,logistic_balanced,all,inner_f1,0.1472281226495375,0.7299426789005692,0.16978760342491897,0.5140482959260735,0.1935483870967742,0.3,0.14285714285714285,0.197468403691875,2337,14,36,6,0.8571428571428571,0.005954912803062527,2393,42,1201,0.14285714285714285,0.25,14.24404761904762,0.19047619047619047,0.1111111111111111,6.330687830687831,0.23809523809523808,0.08333333333333333,4.748015873015873,0.2857142857142857,0.05,2.848809523809524,0.42857142857142855,0.037578288100208766,2.1410677005666567
pooled,42,logistic_balanced,cn7,fixed_0.5,0.386423431953717,0.9161247413538279,0.07516371538753833,0.24882044294401598,0.16455696202531644,0.09219858156028368,0.7647058823529411,0.24116987109859278,1066,128,4,13,0.23529411764705882,0.10720268006700168,1211,17,606,0.35294117647058826,0.46153846153846156,32.87782805429865,0.4117647058823529,0.1891891891891892,13.476947535771066,0.47058823529411764,0.13114754098360656,9.342333654773386,0.7058823529411765,0.09836065573770492,7.006750241080038,0.9411764705882353,0.06584362139917696,4.690389736141371
pooled,42,logistic_balanced,cn7,inner_f1,0.386423431953717,0.9161247413538279,0.07516371538753833,0.24882044294401598,0.41379310344827586,0.5,0.35294117647058826,0.4132385933652887,1188,6,11,6,0.6470588235294118,0.005025125628140704,1211,17,606,0.35294117647058826,0.46153846153846156,32.87782805429865,0.4117647058823529,0.1891891891891892,13.476947535771066,0.47058823529411764,0.13114754098360656,9.342333654773386,0.7058823529411765,0.09836065573770492,7.006750241080038,0.9411764705882353,0.06584362139917696,4.690389736141371
pooled,42,logistic_balanced,rg3,fixed_0.5,0.020962111314784385,0.4603111495246326,0.266733058935298,0.7857834312570985,0.03522504892367906,0.018518518518518517,0.36,-0.015285947122034597,680,477,16,9,0.64,0.41227312013828865,1182,25,595,0.0,0.0,0.0,0.04,0.027777777777777776,1.3133333333333332,0.08,0.03333333333333333,1.576,0.08,0.01680672268907563,0.7946218487394958,0.12,0.012658227848101266,0.5984810126582278
pooled,42,logistic_balanced,rg3,inner_f1,0.020962111314784385,0.4603111495246326,0.266733058935298,0.7857834312570985,0.0,0.0,0.0,-0.012134287202379811,1149,8,25,0,1.0,0.006914433880726016,1182,25,595,0.0,0.0,0.0,0.04,0.027777777777777776,1.3133333333333332,0.08,0.03333333333333333,1.576,0.08,0.01680672268907563,0.7946218487394958,0.12,0.012658227848101266,0.5984810126582278
pooled,42,xgboost,all,fixed_0.5,0.21003784368494524,0.7365052358672095,0.0163484927874053,0.07849854983174256,0.0,0.0,0.0,0.0,2351,0,42,0,1.0,0.0,2393,42,1196,0.16666666666666666,0.2916666666666667,16.618055555555557,0.2619047619047619,0.1527777777777778,8.704695767195767,0.3333333333333333,0.11666666666666667,6.647222222222223,0.35714285714285715,0.0625,3.561011904761905,0.42857142857142855,0.037578288100208766,2.1410677005666567
pooled,42,xgboost,all,inner_f1,0.21003784368494524,0.7365052358672095,0.0163484927874053,0.07849854983174256,0.1956521739130435,0.18,0.21428571428571427,0.18072037889085887,2310,41,33,9,0.7857142857142857,0.017439387494683115,2393,42,1196,0.16666666666666666,0.2916666666666667,16.618055555555557,0.2619047619047619,0.1527777777777778,8.704695767195767,0.3333333333333333,0.11666666666666667,6.647222222222223,0.35714285714285715,0.0625,3.561011904761905,0.42857142857142855,0.037578288100208766,2.1410677005666567
pooled,42,xgboost,cn7,fixed_0.5,0.4802944417785282,0.9559316188787074,0.011819160065553138,0.04811273433957178,0.0,0.0,0.0,0.0,1194,0,17,0,1.0,0.0,1211,17,606,0.4117647058823529,0.5384615384615384,38.35746606334841,0.47058823529411764,0.21621621621621623,15.402225755166933,0.6470588235294118,0.18032786885245902,12.845708775313405,0.8823529411764706,0.12295081967213115,8.758437801350048,0.9411764705882353,0.06584362139917696,4.690389736141371
pooled,42,xgboost,cn7,inner_f1,0.4802944417785282,0.9559316188787074,0.011819160065553138,0.04811273433957178,0.3050847457627119,0.21428571428571427,0.5294117647058824,0.32262833619273784,1161,33,8,9,0.47058823529411764,0.02763819095477387,1211,17,606,0.4117647058823529,0.5384615384615384,38.35746606334841,0.47058823529411764,0.21621621621621623,15.402225755166933,0.6470588235294118,0.18032786885245902,12.845708775313405,0.8823529411764706,0.12295081967213115,8.758437801350048,0.9411764705882353,0.06584362139917696,4.690389736141371
pooled,42,xgboost,rg3,fixed_0.5,0.03670119892071554,0.4101123595505618,0.02098895126977668,0.10962987179537949,0.0,0.0,0.0,0.0,1157,0,25,0,1.0,0.0,1182,25,591,0.04,0.08333333333333333,3.94,0.04,0.027777777777777776,1.3133333333333332,0.04,0.016666666666666666,0.788,0.04,0.008403361344537815,0.3973109243697479,0.08,0.008438818565400843,0.3989873417721519
pooled,42,xgboost,rg3,inner_f1,0.03670119892071554,0.4101123595505618,0.02098895126977668,0.10962987179537949,0.0,0.0,0.0,-0.012134287202379811,1149,8,25,0,1.0,0.006914433880726016,1182,25,591,0.04,0.08333333333333333,3.94,0.04,0.027777777777777776,1.3133333333333332,0.04,0.016666666666666666,0.788,0.04,0.008403361344537815,0.3973109243697479,0.08,0.008438818565400843,0.3989873417721519
pooled,42,xgboost_balanced,all,fixed_0.5,0.15537379076212834,0.7579044378278746,0.05139528717436227,0.18345561568118304,0.13978494623655913,0.09027777777777778,0.30952380952380953,0.14014301707067875,2220,131,29,13,0.6904761904761905,0.05572096980008507,2393,42,1197,0.19047619047619047,0.3333333333333333,18.99206349206349,0.19047619047619047,0.1111111111111111,6.330687830687831,0.30952380952380953,0.10833333333333334,6.172420634920635,0.3333333333333333,0.058333333333333334,3.3236111111111115,0.5,0.04384133611691023,2.4979123173277666
pooled,42,xgboost_balanced,all,inner_f1,0.15537379076212834,0.7579044378278746,0.05139528717436227,0.18345561568118304,0.15217391304347827,0.14,0.16666666666666666,0.13622134440139802,2308,43,35,7,0.8333333333333334,0.018290089323692044,2393,42,1197,0.19047619047619047,0.3333333333333333,18.99206349206349,0.19047619047619047,0.1111111111111111,6.330687830687831,0.30952380952380953,0.10833333333333334,6.172420634920635,0.3333333333333333,0.058333333333333334,3.3236111111111115,0.5,0.04384133611691023,2.4979123173277666
pooled,42,xgboost_balanced,cn7,fixed_0.5,0.37293046728708273,0.9450438466844023,0.03320287610257189,0.11146127210172464,0.24719101123595505,0.1527777777777778,0.6470588235294118,0.2964988042974337,1133,61,6,11,0.35294117647058826,0.05108877721943048,1211,17,606,0.47058823529411764,0.6153846153846154,43.83710407239819,0.47058823529411764,0.21621621621621623,15.402225755166933,0.5882352941176471,0.16393442622950818,11.67791706846673,0.8235294117647058,0.11475409836065574,8.174541947926711,0.9411764705882353,0.06584362139917696,4.690389736141371
pooled,42,xgboost_balanced,cn7,inner_f1,0.37293046728708273,0.9450438466844023,0.03320287610257189,0.11146127210172464,0.358974358974359,0.3181818181818182,0.4117647058823529,0.3516551216999532,1179,15,10,7,0.5882352941176471,0.01256281407035176,1211,17,606,0.47058823529411764,0.6153846153846154,43.83710407239819,0.47058823529411764,0.21621621621621623,15.402225755166933,0.5882352941176471,0.16393442622950818,11.67791706846673,0.8235294117647058,0.11475409836065574,8.174541947926711,0.9411764705882353,0.06584362139917696,4.690389736141371
pooled,42,xgboost_balanced,rg3,fixed_0.5,0.023663661809284135,0.5014520311149524,0.07003404335705107,0.257216317944063,0.041237113402061855,0.027777777777777776,0.08,0.011730450266130456,1087,70,23,2,0.92,0.06050129645635264,1182,25,591,0.0,0.0,0.0,0.08,0.05555555555555555,2.6266666666666665,0.08,0.03333333333333333,1.576,0.08,0.01680672268907563,0.7946218487394958,0.2,0.02109704641350211,0.9974683544303797
pooled,42,xgboost_balanced,rg3,inner_f1,0.023663661809284135,0.5014520311149524,0.07003404335705107,0.257216317944063,0.0,0.0,0.0,-0.022897044918495257,1129,28,25,0,1.0,0.024200518582541054,1182,25,591,0.0,0.0,0.0,0.08,0.05555555555555555,2.6266666666666665,0.08,0.03333333333333333,1.576,0.08,0.01680672268907563,0.7946218487394958,0.2,0.02109704641350211,0.9974683544303797
pooled,1729,catboost,all,fixed_0.5,0.18855601242815534,0.7581474954933058,0.014844859864915608,0.07489613602193496,0.25,1.0,0.14285714285714285,0.37510347286714535,2351,0,36,6,0.8571428571428571,0.0,2393,42,1197,0.14285714285714285,0.25,14.24404761904762,0.19047619047619047,0.1111111111111111,6.330687830687831,0.23809523809523808,0.08333333333333333,4.748015873015873,0.40476190476190477,0.07083333333333333,4.035813492063492,0.5,0.04384133611691023,2.4979123173277666
pooled,1729,catboost,all,inner_f1,0.18855601242815534,0.7581474954933058,0.014844859864915608,0.07489613602193496,0.25,1.0,0.14285714285714285,0.37510347286714535,2351,0,36,6,0.8571428571428571,0.0,2393,42,1197,0.14285714285714285,0.25,14.24404761904762,0.19047619047619047,0.1111111111111111,6.330687830687831,0.23809523809523808,0.08333333333333333,4.748015873015873,0.40476190476190477,0.07083333333333333,4.035813492063492,0.5,0.04384133611691023,2.4979123173277666
pooled,1729,catboost,cn7,fixed_0.5,0.427692633082985,0.9456843038723027,0.009030935343725443,0.045240740842840556,0.5217391304347826,1.0,0.35294117647058826,0.5913707016836909,1194,0,11,6,0.6470588235294118,0.0,1211,17,606,0.35294117647058826,0.46153846153846156,32.87782805429865,0.35294117647058826,0.16216216216216217,11.551669316375198,0.5294117647058824,0.14754098360655737,10.510125361620057,0.7058823529411765,0.09836065573770492,7.006750241080038,1.0,0.06995884773662552,4.983539094650205
pooled,1729,catboost,cn7,inner_f1,0.427692633082985,0.9456843038723027,0.009030935343725443,0.045240740842840556,0.5217391304347826,1.0,0.35294117647058826,0.5913707016836909,1194,0,11,6,0.6470588235294118,0.0,1211,17,606,0.35294117647058826,0.46153846153846156,32.87782805429865,0.35294117647058826,0.16216216216216217,11.551669316375198,0.5294117647058824,0.14754098360655737,10.510125361620057,0.7058823529411765,0.09836065573770492,7.006750241080038,1.0,0.06995884773662552,4.983539094650205
pooled,1729,catboost,rg3,fixed_0.5,0.02410356996668573,0.471028522039758,0.020801427204307565,0.1052791170387567,0.0,0.0,0.0,0.0,1157,0,25,0,1.0,0.0,1182,25,591,0.0,0.0,0.0,0.0,0.0,0.0,0.08,0.03333333333333333,1.576,0.2,0.04201680672268908,1.9865546218487398,0.2,0.02109704641350211,0.9974683544303797
pooled,1729,catboost,rg3,inner_f1,0.02410356996668573,0.471028522039758,0.020801427204307565,0.1052791170387567,0.0,0.0,0.0,0.0,1157,0,25,0,1.0,0.0,1182,25,591,0.0,0.0,0.0,0.0,0.0,0.0,0.08,0.03333333333333333,1.576,0.2,0.04201680672268908,1.9865546218487398,0.2,0.02109704641350211,0.9974683544303797
pooled,1729,catboost_balanced,all,fixed_0.5,0.163426292906609,0.7284235684916247,0.0652441996996913,0.23021423587275297,0.1038961038961039,0.06349206349206349,0.2857142857142857,0.10245097244462333,2174,177,30,12,0.7142857142857143,0.07528711186729052,2393,42,1197,0.14285714285714285,0.25,14.24404761904762,0.19047619047619047,0.1111111111111111,6.330687830687831,0.23809523809523808,0.08333333333333333,4.748015873015873,0.30952380952380953,0.05416666666666667,3.0862103174603175,0.5,0.04384133611691023,2.4979123173277666
pooled,1729,catboost_balanced,all,inner_f1,0.163426292906609,0.7284235684916247,0.0652441996996913,0.23021423587275297,0.1005586592178771,0.06569343065693431,0.21428571428571427,0.09034596593618499,2223,128,33,9,0.7857142857142857,0.05444491705657167,2393,42,1197,0.14285714285714285,0.25,14.24404761904762,0.19047619047619047,0.1111111111111111,6.330687830687831,0.23809523809523808,0.08333333333333333,4.748015873015873,0.30952380952380953,0.05416666666666667,3.0862103174603175,0.5,0.04384133611691023,2.4979123173277666
pooled,1729,catboost_balanced,cn7,fixed_0.5,0.3795165760174661,0.914449699477781,0.03859623825397069,0.1380513467921522,0.21568627450980393,0.12941176470588237,0.6470588235294118,0.2694417600450758,1120,74,6,11,0.35294117647058826,0.06197654941373534,1211,17,606,0.35294117647058826,0.46153846153846156,32.87782805429865,0.4117647058823529,0.1891891891891892,13.476947535771066,0.5294117647058824,0.14754098360655737,10.510125361620057,0.8235294117647058,0.11475409836065574,8.174541947926711,0.8235294117647058,0.05761316872427984,4.104091019123699
pooled,1729,catboost_balanced,cn7,inner_f1,0.3795165760174661,0.914449699477781,0.03859623825397069,0.1380513467921522,0.21621621621621623,0.14035087719298245,0.47058823529411764,0.2386160879780572,1145,49,9,8,0.5294117647058824,0.04103852596314908,1211,17,606,0.35294117647058826,0.46153846153846156,32.87782805429865,0.4117647058823529,0.1891891891891892,13.476947535771066,0.5294117647058824,0.14754098360655737,10.510125361620057,0.8235294117647058,0.11475409836065574,8.174541947926711,0.8235294117647058,0.05761316872427984,4.104091019123699
pooled,1729,catboost_balanced,rg3,fixed_0.5,0.02147079041577477,0.4797407087294728,0.09254596053790416,0.324638312587311,0.015503875968992248,0.009615384615384616,0.04,-0.02490081128677585,1054,103,24,1,0.96,0.08902333621434745,1182,25,591,0.0,0.0,0.0,0.04,0.027777777777777776,1.3133333333333332,0.04,0.016666666666666666,0.788,0.08,0.01680672268907563,0.7946218487394958,0.16,0.016877637130801686,0.7979746835443038
pooled,1729,catboost_balanced,rg3,inner_f1,0.02147079041577477,0.4797407087294728,0.09254596053790416,0.324638312587311,0.01904761904761905,0.0125,0.04,-0.01619872486916677,1078,79,24,1,0.96,0.0682800345721694,1182,25,591,0.0,0.0,0.0,0.04,0.027777777777777776,1.3133333333333332,0.04,0.016666666666666666,0.788,0.08,0.01680672268907563,0.7946218487394958,0.16,0.016877637130801686,0.7979746835443038
pooled,1729,dummy_prior,all,fixed_0.5,0.01635972918063457,0.45167203419011154,0.017258766182701158,0.08878761969670941,0.0,0.0,0.0,0.0,2351,0,42,0,1.0,0.0,2393,42,2,0.0,0.0,0.0,0.0,0.0,0.0,0.0,0.0,0.0,0.047619047619047616,0.008333333333333333,0.47480158730158734,0.14285714285714285,0.012526096033402923,0.713689233522219
pooled,1729,dummy_prior,all,inner_f1,0.01635972918063457,0.45167203419011154,0.017258766182701158,0.08878761969670941,0.0,0.0,0.0,0.0,2351,0,42,0,1.0,0.0,2393,42,2,0.0,0.0,0.0,0.0,0.0,0.0,0.0,0.0,0.0,0.047619047619047616,0.008333333333333333,0.47480158730158734,0.14285714285714285,0.012526096033402923,0.713689233522219
pooled,1729,dummy_prior,cn7,fixed_0.5,0.013070355295404925,0.45056163168785096,0.013866627474249788,0.07456674177176054,0.0,0.0,0.0,0.0,1194,0,17,0,1.0,0.0,1211,17,2,0.0,0.0,0.0,0.0,0.0,0.0,0.0,0.0,0.0,0.058823529411764705,0.00819672131147541,0.5838958534233366,0.11764705882352941,0.00823045267489712,0.5862987170176713
pooled,1729,dummy_prior,cn7,inner_f1,0.013070355295404925,0.45056163168785096,0.013866627474249788,0.07456674177176054,0.0,0.0,0.0,0.0,1194,0,17,0,1.0,0.0,1211,17,2,0.0,0.0,0.0,0.0,0.0,0.0,0.0,0.0,0.0,0.058823529411764705,0.00819672131147541,0.5838958534233366,0.11764705882352941,0.00823045267489712,0.5862987170176713
pooled,1729,dummy_prior,rg3,fixed_0.5,0.01972927241962775,0.4523249783923941,0.020734129952527384,0.1033574024100031,0.0,0.0,0.0,0.0,1157,0,25,0,1.0,0.0,1182,25,2,0.0,0.0,0.0,0.0,0.0,0.0,0.0,0.0,0.0,0.04,0.008403361344537815,0.3973109243697479,0.16,0.016877637130801686,0.7979746835443038
pooled,1729,dummy_prior,rg3,inner_f1,0.01972927241962775,0.4523249783923941,0.020734129952527384,0.1033574024100031,0.0,0.0,0.0,0.0,1157,0,25,0,1.0,0.0,1182,25,2,0.0,0.0,0.0,0.0,0.0,0.0,0.0,0.0,0.0,0.04,0.008403361344537815,0.3973109243697479,0.16,0.016877637130801686,0.7979746835443038
pooled,1729,extratrees,all,fixed_0.5,0.18356753134328613,0.7757387940288833,0.0154458169796216,0.07506006953879035,0.24,0.75,0.14285714285714285,0.3230500538950879,2349,2,36,6,0.8571428571428571,0.0008507018290089324,2393,42,946,0.14285714285714285,0.25,14.24404761904762,0.16666666666666666,0.09722222222222222,5.539351851851852,0.21428571428571427,0.075,4.273214285714285,0.3333333333333333,0.058333333333333334,3.3236111111111115,0.47619047619047616,0.04175365344467641,2.37896411174073
pooled,1729,extratrees,all,inner_f1,0.18356753134328613,0.7757387940288833,0.0154458169796216,0.07506006953879035,0.24,0.75,0.14285714285714285,0.3230500538950879,2349,2,36,6,0.8571428571428571,0.0008507018290089324,2393,42,946,0.14285714285714285,0.25,14.24404761904762,0.16666666666666666,0.09722222222222222,5.539351851851852,0.21428571428571427,0.075,4.273214285714285,0.3333333333333333,0.058333333333333334,3.3236111111111115,0.47619047619047616,0.04175365344467641,2.37896411174073
pooled,1729,extratrees,cn7,fixed_0.5,0.4352782882735703,0.9527293329392058,0.00993847567922227,0.04186443918967861,0.48,0.75,0.35294117647058826,0.5101349734661121,1192,2,11,6,0.6470588235294118,0.0016750418760469012,1211,17,355,0.35294117647058826,0.46153846153846156,32.87782805429865,0.35294117647058826,0.16216216216216217,11.551669316375198,0.5294117647058824,0.14754098360655737,10.510125361620057,0.7647058823529411,0.10655737704918032,7.5906460945033745,1.0,0.06995884773662552,4.983539094650205
pooled,1729,extratrees,cn7,inner_f1,0.4352782882735703,0.9527293329392058,0.00993847567922227,0.04186443918967861,0.48,0.75,0.35294117647058826,0.5101349734661121,1192,2,11,6,0.6470588235294118,0.0016750418760469012,1211,17,355,0.35294117647058826,0.46153846153846156,32.87782805429865,0.35294117647058826,0.16216216216216217,11.551669316375198,0.5294117647058824,0.14754098360655737,10.510125361620057,0.7647058823529411,0.10655737704918032,7.5906460945033745,1.0,0.06995884773662552,4.983539094650205
pooled,1729,extratrees,rg3,fixed_0.5,0.02115329687192228,0.4782195332757131,0.021088279174869985,0.1090701442873304,0.0,0.0,0.0,0.0,1157,0,25,0,1.0,0.0,1182,25,591,0.0,0.0,0.0,0.04,0.027777777777777776,1.3133333333333332,0.04,0.016666666666666666,0.788,0.04,0.008403361344537815,0.3973109243697479,0.16,0.016877637130801686,0.7979746835443038
pooled,1729,extratrees,rg3,inner_f1,0.02115329687192228,0.4782195332757131,0.021088279174869985,0.1090701442873304,0.0,0.0,0.0,0.0,1157,0,25,0,1.0,0.0,1182,25,591,0.0,0.0,0.0,0.04,0.027777777777777776,1.3133333333333332,0.04,0.016666666666666666,0.788,0.04,0.008403361344537815,0.3973109243697479,0.16,0.016877637130801686,0.7979746835443038
pooled,1729,extratrees_balanced,all,fixed_0.5,0.18234943403729076,0.7794656782321606,0.04808841038356416,0.17989815782462698,0.15625,0.11627906976744186,0.23809523809523808,0.14516334708900822,2275,76,32,10,0.7619047619047619,0.03232666950233943,2393,42,835,0.14285714285714285,0.25,14.24404761904762,0.23809523809523808,0.1388888888888889,7.913359788359789,0.23809523809523808,0.08333333333333333,4.748015873015873,0.35714285714285715,0.0625,3.561011904761905,0.5,0.04384133611691023,2.4979123173277666
pooled,1729,extratrees_balanced,all,inner_f1,0.18234943403729076,0.7794656782321606,0.04808841038356416,0.17989815782462698,0.11851851851851852,0.08602150537634409,0.19047619047619047,0.10485076831427752,2266,85,34,8,0.8095238095238095,0.036154827732879626,2393,42,835,0.14285714285714285,0.25,14.24404761904762,0.23809523809523808,0.1388888888888889,7.913359788359789,0.23809523809523808,0.08333333333333333,4.748015873015873,0.35714285714285715,0.0625,3.561011904761905,0.5,0.04384133611691023,2.4979123173277666
pooled,1729,extratrees_balanced,cn7,fixed_0.5,0.4295112268827215,0.9607596807567248,0.026291181687529315,0.08259489581915948,0.28169014084507044,0.18518518518518517,0.5882352941176471,0.3142805597760702,1150,44,7,10,0.4117647058823529,0.03685092127303183,1211,17,244,0.35294117647058826,0.46153846153846156,32.87782805429865,0.4117647058823529,0.1891891891891892,13.476947535771066,0.5882352941176471,0.16393442622950818,11.67791706846673,0.8823529411764706,0.12295081967213115,8.758437801350048,1.0,0.06995884773662552,4.983539094650205
pooled,1729,extratrees_balanced,cn7,inner_f1,0.4295112268827215,0.9607596807567248,0.026291181687529315,0.08259489581915948,0.2222222222222222,0.14545454545454545,0.47058823529411764,0.2436520347755211,1147,47,9,8,0.5294117647058824,0.03936348408710218,1211,17,244,0.35294117647058826,0.46153846153846156,32.87782805429865,0.4117647058823529,0.1891891891891892,13.476947535771066,0.5882352941176471,0.16393442622950818,11.67791706846673,0.8823529411764706,0.12295081967213115,8.758437801350048,1.0,0.06995884773662552,4.983539094650205
pooled,1729,extratrees_balanced,rg3,fixed_0.5,0.020224751551581557,0.4624546240276578,0.07042042726249666,0.2795887249046788,0.0,0.0,0.0,-0.024520504074409477,1125,32,25,0,1.0,0.027657735522904063,1182,25,591,0.0,0.0,0.0,0.0,0.0,0.0,0.0,0.0,0.0,0.0,0.0,0.0,0.24,0.02531645569620253,1.1969620253164557
pooled,1729,extratrees_balanced,rg3,inner_f1,0.020224751551581557,0.4624546240276578,0.07042042726249666,0.2795887249046788,0.0,0.0,0.0,-0.026790579692476394,1119,38,25,0,1.0,0.032843560933448576,1182,25,591,0.0,0.0,0.0,0.0,0.0,0.0,0.0,0.0,0.0,0.0,0.0,0.0,0.24,0.02531645569620253,1.1969620253164557
pooled,1729,lightgbm,all,fixed_0.5,0.10157312713254113,0.7569828441797817,0.016625163488294323,0.08012690930172148,0.0,0.0,0.0,0.0,2351,0,42,0,1.0,0.0,2393,42,1197,0.14285714285714285,0.25,14.24404761904762,0.16666666666666666,0.09722222222222222,5.539351851851852,0.23809523809523808,0.08333333333333333,4.748015873015873,0.42857142857142855,0.075,4.273214285714285,0.5238095238095238,0.04592901878914405,2.616860522914803
pooled,1729,lightgbm,all,inner_f1,0.10157312713254113,0.7569828441797817,0.016625163488294323,0.08012690930172148,0.08,0.25,0.047619047619047616,0.10252266009364863,2345,6,40,2,0.9523809523809523,0.002552105487026797,2393,42,1197,0.14285714285714285,0.25,14.24404761904762,0.16666666666666666,0.09722222222222222,5.539351851851852,0.23809523809523808,0.08333333333333333,4.748015873015873,0.42857142857142855,0.075,4.273214285714285,0.5238095238095238,0.04592901878914405,2.616860522914803
pooled,1729,lightgbm,cn7,fixed_0.5,0.25520766782098836,0.96046408513154,0.012211685723588663,0.04757266565643488,0.0,0.0,0.0,0.0,1194,0,17,0,1.0,0.0,1211,17,606,0.29411764705882354,0.38461538461538464,27.39819004524887,0.4117647058823529,0.1891891891891892,13.476947535771066,0.5294117647058824,0.14754098360655737,10.510125361620057,0.9411764705882353,0.13114754098360656,9.342333654773386,1.0,0.06995884773662552,4.983539094650205
pooled,1729,lightgbm,cn7,inner_f1,0.25520766782098836,0.96046408513154,0.012211685723588663,0.04757266565643488,0.16,0.25,0.11764705882352941,0.16355800131045334,1188,6,15,2,0.8823529411764706,0.005025125628140704,1211,17,606,0.29411764705882354,0.38461538461538464,27.39819004524887,0.4117647058823529,0.1891891891891892,13.476947535771066,0.5294117647058824,0.14754098360655737,10.510125361620057,0.9411764705882353,0.13114754098360656,9.342333654773386,1.0,0.06995884773662552,4.983539094650205
pooled,1729,lightgbm,rg3,fixed_0.5,0.019917202331520816,0.4434399308556612,0.02114692454841154,0.11347986112443048,0.0,0.0,0.0,0.0,1157,0,25,0,1.0,0.0,1182,25,591,0.0,0.0,0.0,0.0,0.0,0.0,0.04,0.016666666666666666,0.788,0.12,0.025210084033613446,1.1919327731092437,0.16,0.016877637130801686,0.7979746835443038
pooled,1729,lightgbm,rg3,inner_f1,0.019917202331520816,0.4434399308556612,0.02114692454841154,0.11347986112443048,0.0,0.0,0.0,0.0,1157,0,25,0,1.0,0.0,1182,25,591,0.0,0.0,0.0,0.0,0.0,0.0,0.04,0.016666666666666666,0.788,0.12,0.025210084033613446,1.1919327731092437,0.16,0.016877637130801686,0.7979746835443038
pooled,1729,lightgbm_balanced,all,fixed_0.5,0.0866642209572967,0.742186708796662,0.05054085585301878,0.1857444585690794,0.11538461538461539,0.07894736842105263,0.21428571428571427,0.10457149924320813,2246,105,33,9,0.7857142857142857,0.04466184602296895,2393,42,1197,0.09523809523809523,0.16666666666666666,9.496031746031745,0.21428571428571427,0.125,7.12202380952381,0.21428571428571427,0.075,4.273214285714285,0.3333333333333333,0.058333333333333334,3.3236111111111115,0.47619047619047616,0.04175365344467641,2.37896411174073
pooled,1729,lightgbm_balanced,all,inner_f1,0.0866642209572967,0.742186708796662,0.05054085585301878,0.1857444585690794,0.08,0.060240963855421686,0.11904761904761904,0.061623823272945764,2273,78,37,5,0.8809523809523809,0.03317737133134836,2393,42,1197,0.09523809523809523,0.16666666666666666,9.496031746031745,0.21428571428571427,0.125,7.12202380952381,0.21428571428571427,0.075,4.273214285714285,0.3333333333333333,0.058333333333333334,3.3236111111111115,0.47619047619047616,0.04175365344467641,2.37896411174073
pooled,1729,lightgbm_balanced,cn7,fixed_0.5,0.2134469494341861,0.9424820179328013,0.03148608667200255,0.11248874540656888,0.22535211267605634,0.14814814814814814,0.47058823529411764,0.24626880890244243,1148,46,9,8,0.5294117647058824,0.038525963149078725,1211,17,606,0.17647058823529413,0.23076923076923078,16.438914027149323,0.47058823529411764,0.21621621621621623,15.402225755166933,0.47058823529411764,0.13114754098360656,9.342333654773386,0.8235294117647058,0.11475409836065574,8.174541947926711,0.9411764705882353,0.06584362139917696,4.690389736141371
pooled,1729,lightgbm_balanced,cn7,inner_f1,0.2134469494341861,0.9424820179328013,0.03148608667200255,0.11248874540656888,0.17857142857142858,0.1282051282051282,0.29411764705882354,0.1770219620821198,1160,34,12,5,0.7058823529411765,0.02847571189279732,1211,17,606,0.17647058823529413,0.23076923076923078,16.438914027149323,0.47058823529411764,0.21621621621621623,15.402225755166933,0.47058823529411764,0.13114754098360656,9.342333654773386,0.8235294117647058,0.11475409836065574,8.174541947926711,0.9411764705882353,0.06584362139917696,4.690389736141371
pooled,1729,lightgbm_balanced,rg3,fixed_0.5,0.023128891010128806,0.48036300777873814,0.07006312783120039,0.2607974777228867,0.023529411764705882,0.016666666666666666,0.04,-0.007206400299035911,1098,59,24,1,0.96,0.05099394987035436,1182,25,591,0.04,0.08333333333333333,3.94,0.04,0.027777777777777776,1.3133333333333332,0.04,0.016666666666666666,0.788,0.04,0.008403361344537815,0.3973109243697479,0.12,0.012658227848101266,0.5984810126582278
pooled,1729,lightgbm_balanced,rg3,inner_f1,0.023128891010128806,0.48036300777873814,0.07006312783120039,0.2607974777228867,0.0,0.0,0.0,-0.028904038835152968,1113,44,25,0,1.0,0.03802938634399308,1182,25,591,0.04,0.08333333333333333,3.94,0.04,0.027777777777777776,1.3133333333333332,0.04,0.016666666666666666,0.788,0.04,0.008403361344537815,0.3973109243697479,0.12,0.012658227848101266,0.5984810126582278
pooled,1729,logistic,all,fixed_0.5,0.19819506230351794,0.7321605800976283,0.014991980919553963,0.0775807179561299,0.25,1.0,0.14285714285714285,0.37510347286714535,2351,0,36,6,0.8571428571428571,0.0,2393,42,1197,0.16666666666666666,0.2916666666666667,16.618055555555557,0.23809523809523808,0.1388888888888889,7.913359788359789,0.2857142857142857,0.1,5.697619047619048,0.30952380952380953,0.05416666666666667,3.0862103174603175,0.5,0.04384133611691023,2.4979123173277666
pooled,1729,logistic,all,inner_f1,0.19819506230351794,0.7321605800976283,0.014991980919553963,0.0775807179561299,0.25,1.0,0.14285714285714285,0.37510347286714535,2351,0,36,6,0.8571428571428571,0.0,2393,42,1197,0.16666666666666666,0.2916666666666667,16.618055555555557,0.23809523809523808,0.1388888888888889,7.913359788359789,0.2857142857142857,0.1,5.697619047619048,0.30952380952380953,0.05416666666666667,3.0862103174603175,0.5,0.04384133611691023,2.4979123173277666
pooled,1729,logistic,cn7,fixed_0.5,0.457294731783536,0.9111981476007488,0.009100912397930342,0.04333108115649103,0.5217391304347826,1.0,0.35294117647058826,0.5913707016836909,1194,0,11,6,0.6470588235294118,0.0,1211,17,606,0.35294117647058826,0.46153846153846156,32.87782805429865,0.47058823529411764,0.21621621621621623,15.402225755166933,0.5882352941176471,0.16393442622950818,11.67791706846673,0.7058823529411765,0.09836065573770492,7.006750241080038,0.8823529411764706,0.06172839506172839,4.397240377632534
pooled,1729,logistic,cn7,inner_f1,0.457294731783536,0.9111981476007488,0.009100912397930342,0.04333108115649103,0.5217391304347826,1.0,0.35294117647058826,0.5913707016836909,1194,0,11,6,0.6470588235294118,0.0,1211,17,606,0.35294117647058826,0.46153846153846156,32.87782805429865,0.47058823529411764,0.21621621621621623,15.402225755166933,0.5882352941176471,0.16393442622950818,11.67791706846673,0.7058823529411765,0.09836065573770492,7.006750241080038,0.8823529411764706,0.06172839506172839,4.397240377632534
pooled,1729,logistic,rg3,fixed_0.5,0.027440977429001825,0.506637856525497,0.02102758496328172,0.1126706588735264,0.0,0.0,0.0,0.0,1157,0,25,0,1.0,0.0,1182,25,591,0.04,0.08333333333333333,3.94,0.04,0.027777777777777776,1.3133333333333332,0.08,0.03333333333333333,1.576,0.08,0.01680672268907563,0.7946218487394958,0.16,0.016877637130801686,0.7979746835443038
pooled,1729,logistic,rg3,inner_f1,0.027440977429001825,0.506637856525497,0.02102758496328172,0.1126706588735264,0.0,0.0,0.0,0.0,1157,0,25,0,1.0,0.0,1182,25,591,0.04,0.08333333333333333,3.94,0.04,0.027777777777777776,1.3133333333333332,0.08,0.03333333333333333,1.576,0.08,0.01680672268907563,0.7946218487394958,0.16,0.016877637130801686,0.7979746835443038
pooled,1729,logistic_balanced,all,fixed_0.5,0.19657158147406342,0.7394118004496567,0.1667631653298063,0.4916304374699214,0.0730593607305936,0.03902439024390244,0.5714285714285714,0.09617455218170937,1760,591,18,24,0.42857142857142855,0.2513823904721395,2393,42,1200,0.16666666666666666,0.2916666666666667,16.618055555555557,0.21428571428571427,0.125,7.12202380952381,0.23809523809523808,0.08333333333333333,4.748015873015873,0.40476190476190477,0.07083333333333333,4.035813492063492,0.5714285714285714,0.05010438413361169,2.854756934088876
pooled,1729,logistic_balanced,all,inner_f1,0.19657158147406342,0.7394118004496567,0.1667631653298063,0.4916304374699214,0.125,0.18181818181818182,0.09523809523809523,0.12050015451084954,2333,18,38,4,0.9047619047619048,0.0076563164610803916,2393,42,1200,0.16666666666666666,0.2916666666666667,16.618055555555557,0.21428571428571427,0.125,7.12202380952381,0.23809523809523808,0.08333333333333333,4.748015873015873,0.40476190476190477,0.07083333333333333,4.035813492063492,0.5714285714285714,0.05010438413361169,2.854756934088876
pooled,1729,logistic_balanced,cn7,fixed_0.5,0.45879993683460907,0.9237116957335698,0.07234970449564306,0.2389364396095949,0.1780821917808219,0.10077519379844961,0.7647058823529411,0.2545682198272697,1078,116,4,13,0.23529411764705882,0.09715242881072027,1211,17,606,0.35294117647058826,0.46153846153846156,32.87782805429865,0.5294117647058824,0.24324324324324326,17.3275039745628,0.6470588235294118,0.18032786885245902,12.845708775313405,0.7647058823529411,0.10655737704918032,7.5906460945033745,0.9411764705882353,0.06584362139917696,4.690389736141371
pooled,1729,logistic_balanced,cn7,inner_f1,0.45879993683460907,0.9237116957335698,0.07234970449564306,0.2389364396095949,0.24242424242424243,0.25,0.23529411764705882,0.23207889803493226,1182,12,13,4,0.7647058823529411,0.010050251256281407,1211,17,606,0.35294117647058826,0.46153846153846156,32.87782805429865,0.5294117647058824,0.24324324324324326,17.3275039745628,0.6470588235294118,0.18032786885245902,12.845708775313405,0.7647058823529411,0.10655737704918032,7.5906460945033745,0.9411764705882353,0.06584362139917696,4.690389736141371
pooled,1729,logistic_balanced,rg3,fixed_0.5,0.03365734149989632,0.4939152981849611,0.2634930308714067,0.750524203467261,0.043052837573385516,0.02263374485596708,0.44,0.008613509886225845,682,475,14,11,0.56,0.4105445116681072,1182,25,594,0.04,0.08333333333333333,3.94,0.04,0.027777777777777776,1.3133333333333332,0.04,0.016666666666666666,0.788,0.12,0.025210084033613446,1.1919327731092437,0.28,0.029535864978902954,1.3964556962025316
pooled,1729,logistic_balanced,rg3,inner_f1,0.03365734149989632,0.4939152981849611,0.2634930308714067,0.750524203467261,0.0,0.0,0.0,-0.010499661286390264,1151,6,25,0,1.0,0.005185825410544511,1182,25,594,0.04,0.08333333333333333,3.94,0.04,0.027777777777777776,1.3133333333333332,0.04,0.016666666666666666,0.788,0.12,0.025210084033613446,1.1919327731092437,0.28,0.029535864978902954,1.3964556962025316
pooled,1729,xgboost,all,fixed_0.5,0.11783823259263836,0.7170099856190881,0.016716762770856063,0.08106980480048252,0.0,0.0,0.0,0.0,2351,0,42,0,1.0,0.0,2393,42,1197,0.11904761904761904,0.20833333333333334,11.870039682539684,0.23809523809523808,0.1388888888888889,7.913359788359789,0.2857142857142857,0.1,5.697619047619048,0.3333333333333333,0.058333333333333334,3.3236111111111115,0.5,0.04384133611691023,2.4979123173277666
pooled,1729,xgboost,all,inner_f1,0.11783823259263836,0.7170099856190881,0.016716762770856063,0.08106980480048252,0.17699115044247787,0.14084507042253522,0.23809523809523808,0.16418418572396448,2290,61,32,10,0.7619047619047619,0.025946405784772437,2393,42,1197,0.11904761904761904,0.20833333333333334,11.870039682539684,0.23809523809523808,0.1388888888888889,7.913359788359789,0.2857142857142857,0.1,5.697619047619048,0.3333333333333333,0.058333333333333334,3.3236111111111115,0.5,0.04384133611691023,2.4979123173277666
pooled,1729,xgboost,cn7,fixed_0.5,0.2664161160326589,0.9504138338752587,0.012478298626173728,0.051316596397107506,0.0,0.0,0.0,0.0,1194,0,17,0,1.0,0.0,1211,17,606,0.11764705882352941,0.15384615384615385,10.959276018099548,0.4117647058823529,0.1891891891891892,13.476947535771066,0.5882352941176471,0.16393442622950818,11.67791706846673,0.7647058823529411,0.10655737704918032,7.5906460945033745,1.0,0.06995884773662552,4.983539094650205
pooled,1729,xgboost,cn7,inner_f1,0.2664161160326589,0.9504138338752587,0.012478298626173728,0.051316596397107506,0.29411764705882354,0.19607843137254902,0.5882352941176471,0.324445312460716,1153,41,7,10,0.4117647058823529,0.03433835845896147,1211,17,606,0.11764705882352941,0.15384615384615385,10.959276018099548,0.4117647058823529,0.1891891891891892,13.476947535771066,0.5882352941176471,0.16393442622950818,11.67791706846673,0.7647058823529411,0.10655737704918032,7.5906460945033745,1.0,0.06995884773662552,4.983539094650205
pooled,1729,xgboost,rg3,fixed_0.5,0.017598004967581543,0.37892826274848745,0.021059216306566986,0.11155299885842428,0.0,0.0,0.0,0.0,1157,0,25,0,1.0,0.0,1182,25,591,0.0,0.0,0.0,0.0,0.0,0.0,0.04,0.016666666666666666,0.788,0.04,0.008403361344537815,0.3973109243697479,0.2,0.02109704641350211,0.9974683544303797
pooled,1729,xgboost,rg3,inner_f1,0.017598004967581543,0.37892826274848745,0.021059216306566986,0.11155299885842428,0.0,0.0,0.0,-0.019284805304063662,1137,20,25,0,1.0,0.01728608470181504,1182,25,591,0.0,0.0,0.0,0.0,0.0,0.0,0.04,0.016666666666666666,0.788,0.04,0.008403361344537815,0.3973109243697479,0.2,0.02109704641350211,0.9974683544303797
pooled,1729,xgboost_balanced,all,fixed_0.5,0.06786050958341441,0.7364647262563043,0.04601570029786915,0.17089840445057392,0.13333333333333333,0.09259259259259259,0.23809523809523808,0.12424000253054714,2253,98,32,10,0.7619047619047619,0.04168438962143769,2393,42,1197,0.11904761904761904,0.20833333333333334,11.870039682539684,0.11904761904761904,0.06944444444444445,3.9566798941798944,0.2619047619047619,0.09166666666666666,5.22281746031746,0.30952380952380953,0.05416666666666667,3.0862103174603175,0.5238095238095238,0.04592901878914405,2.616860522914803
pooled,1729,xgboost_balanced,all,inner_f1,0.06786050958341441,0.7364647262563043,0.04601570029786915,0.17089840445057392,0.10344827586206896,0.1875,0.07142857142857142,0.10618306685289794,2338,13,39,3,0.9285714285714286,0.00552956188855806,2393,42,1197,0.11904761904761904,0.20833333333333334,11.870039682539684,0.11904761904761904,0.06944444444444445,3.9566798941798944,0.2619047619047619,0.09166666666666666,5.22281746031746,0.30952380952380953,0.05416666666666667,3.0862103174603175,0.5238095238095238,0.04592901878914405,2.616860522914803
pooled,1729,xgboost_balanced,cn7,fixed_0.5,0.1571183176459204,0.9303625973002266,0.030084422587930707,0.10592410804448646,0.2608695652173913,0.17307692307692307,0.5294117647058824,0.28633928735357195,1151,43,8,9,0.47058823529411764,0.036013400335008376,1211,17,606,0.23529411764705882,0.3076923076923077,21.918552036199095,0.23529411764705882,0.10810810810810811,7.7011128775834665,0.5882352941176471,0.16393442622950818,11.67791706846673,0.7647058823529411,0.10655737704918032,7.5906460945033745,0.9411764705882353,0.06584362139917696,4.690389736141371
pooled,1729,xgboost_balanced,cn7,inner_f1,0.1571183176459204,0.9303625973002266,0.030084422587930707,0.10592410804448646,0.16,0.25,0.11764705882352941,0.16355800131045334,1188,6,15,2,0.8823529411764706,0.005025125628140704,1211,17,606,0.23529411764705882,0.3076923076923077,21.918552036199095,0.23529411764705882,0.10810810810810811,7.7011128775834665,0.5882352941176471,0.16393442622950818,11.67791706846673,0.7647058823529411,0.10655737704918032,7.5906460945033745,0.9411764705882353,0.06584362139917696,4.690389736141371
pooled,1729,xgboost_balanced,rg3,fixed_0.5,0.031161315342679775,0.4908038029386344,0.06233784691947275,0.237466824880161,0.024691358024691357,0.017857142857142856,0.04,-0.005104539878530961,1102,55,24,1,0.96,0.04753673292999136,1182,25,591,0.04,0.08333333333333333,3.94,0.04,0.027777777777777776,1.3133333333333332,0.04,0.016666666666666666,0.788,0.08,0.01680672268907563,0.7946218487394958,0.16,0.016877637130801686,0.7979746835443038
pooled,1729,xgboost_balanced,rg3,inner_f1,0.031161315342679775,0.4908038029386344,0.06233784691947275,0.237466824880161,0.06060606060606061,0.125,0.04,0.059579350163684874,1150,7,24,1,0.96,0.006050129645635264,1182,25,591,0.04,0.08333333333333333,3.94,0.04,0.027777777777777776,1.3133333333333332,0.04,0.016666666666666666,0.788,0.08,0.01680672268907563,0.7946218487394958,0.16,0.016877637130801686,0.7979746835443038
pooled,2026,catboost,all,fixed_0.5,0.1725185374990513,0.6016183589556623,0.015277364758840672,0.08283810510549935,0.25,1.0,0.14285714285714285,0.37510347286714535,2351,0,36,6,0.8571428571428571,0.0,2393,42,1197,0.14285714285714285,0.25,14.24404761904762,0.16666666666666666,0.09722222222222222,5.539351851851852,0.19047619047619047,0.06666666666666667,3.7984126984126987,0.2619047619047619,0.04583333333333333,2.61140873015873,0.35714285714285715,0.031315240083507306,1.7842230838055473
pooled,2026,catboost,all,inner_f1,0.1725185374990513,0.6016183589556623,0.015277364758840672,0.08283810510549935,0.07037037037037037,0.03815261044176707,0.4523809523809524,0.08042645898428973,1872,479,23,19,0.5476190476190477,0.2037430880476393,2393,42,1197,0.14285714285714285,0.25,14.24404761904762,0.16666666666666666,0.09722222222222222,5.539351851851852,0.19047619047619047,0.06666666666666667,3.7984126984126987,0.2619047619047619,0.04583333333333333,2.61140873015873,0.35714285714285715,0.031315240083507306,1.7842230838055473
pooled,2026,catboost,cn7,fixed_0.5,0.3998929446702422,0.8903586560252241,0.009760912403663391,0.05047001367557849,0.5217391304347826,1.0,0.35294117647058826,0.5913707016836909,1194,0,11,6,0.6470588235294118,0.0,1211,17,606,0.35294117647058826,0.46153846153846156,32.87782805429865,0.35294117647058826,0.16216216216216217,11.551669316375198,0.4117647058823529,0.11475409836065574,8.174541947926711,0.5882352941176471,0.08196721311475409,5.838958534233365,0.7058823529411765,0.04938271604938271,3.5177923021060273
pooled,2026,catboost,cn7,inner_f1,0.3998929446702422,0.8903586560252241,0.009760912403663391,0.05047001367557849,0.18045112781954886,0.10344827586206896,0.7058823529411765,0.24735856974942097,1090,104,5,12,0.29411764705882354,0.08710217755443886,1211,17,606,0.35294117647058826,0.46153846153846156,32.87782805429865,0.35294117647058826,0.16216216216216217,11.551669316375198,0.4117647058823529,0.11475409836065574,8.174541947926711,0.5882352941176471,0.08196721311475409,5.838958534233365,0.7058823529411765,0.04938271604938271,3.5177923021060273
pooled,2026,catboost,rg3,fixed_0.5,0.035688338934798385,0.3550043215211755,0.020929161545743962,0.11600033752650965,0.0,0.0,0.0,0.0,1157,0,25,0,1.0,0.0,1182,25,591,0.04,0.08333333333333333,3.94,0.04,0.027777777777777776,1.3133333333333332,0.04,0.016666666666666666,0.788,0.08,0.01680672268907563,0.7946218487394958,0.08,0.008438818565400843,0.3989873417721519
pooled,2026,catboost,rg3,inner_f1,0.035688338934798385,0.3550043215211755,0.020929161545743962,0.11600033752650965,0.0343980343980344,0.01832460732984293,0.28,-0.013571795767321464,782,375,18,7,0.72,0.324114088159032,1182,25,591,0.04,0.08333333333333333,3.94,0.04,0.027777777777777776,1.3133333333333332,0.04,0.016666666666666666,0.788,0.08,0.01680672268907563,0.7946218487394958,0.08,0.008438818565400843,0.3989873417721519
pooled,2026,catboost_balanced,all,fixed_0.5,0.07514553503234106,0.6167588260314761,0.0626410683226847,0.2290492380821612,0.041666666666666664,0.02666666666666667,0.09523809523809523,0.017951554789539456,2205,146,38,4,0.9047619047619048,0.062101233517652066,2393,42,1197,0.047619047619047616,0.08333333333333333,4.748015873015873,0.047619047619047616,0.027777777777777776,1.5826719576719577,0.07142857142857142,0.025,1.424404761904762,0.14285714285714285,0.025,1.424404761904762,0.40476190476190477,0.03549060542797495,2.0221194949796204
pooled,2026,catboost_balanced,all,inner_f1,0.07514553503234106,0.6167588260314761,0.0626410683226847,0.2290492380821612,0.0,0.0,0.0,-0.012874900875118523,2329,22,42,0,1.0,0.009357720119098255,2393,42,1197,0.047619047619047616,0.08333333333333333,4.748015873015873,0.047619047619047616,0.027777777777777776,1.5826719576719577,0.07142857142857142,0.025,1.424404761904762,0.14285714285714285,0.025,1.424404761904762,0.40476190476190477,0.03549060542797495,2.0221194949796204
pooled,2026,catboost_balanced,cn7,fixed_0.5,0.1841007485627606,0.8692728347620455,0.03390103112058035,0.125043838282363,0.1016949152542373,0.07142857142857142,0.17647058823529413,0.09246461593977436,1155,39,14,3,0.8235294117647058,0.032663316582914576,1211,17,606,0.11764705882352941,0.15384615384615385,10.959276018099548,0.11764705882352941,0.05405405405405406,3.8505564387917333,0.29411764705882354,0.08196721311475409,5.838958534233365,0.6470588235294118,0.09016393442622951,6.422854387656702,0.7647058823529411,0.053497942386831275,3.810941660614863
pooled,2026,catboost_balanced,cn7,inner_f1,0.1841007485627606,0.8692728347620455,0.03390103112058035,0.125043838282363,0.0,0.0,0.0,-0.006869081321290661,1190,4,17,0,1.0,0.0033500837520938024,1211,17,606,0.11764705882352941,0.15384615384615385,10.959276018099548,0.11764705882352941,0.05405405405405406,3.8505564387917333,0.29411764705882354,0.08196721311475409,5.838958534233365,0.6470588235294118,0.09016393442622951,6.422854387656702,0.7647058823529411,0.053497942386831275,3.810941660614863
pooled,2026,catboost_balanced,rg3,fixed_0.5,0.018948365426599674,0.41260155574762314,0.09208623334108436,0.33560637780936564,0.015037593984962405,0.009259259259259259,0.04,-0.02620722693147662,1050,107,24,1,0.96,0.09248055315471046,1182,25,591,0.0,0.0,0.0,0.0,0.0,0.0,0.04,0.016666666666666666,0.788,0.04,0.008403361344537815,0.3973109243697479,0.16,0.016877637130801686,0.7979746835443038
pooled,2026,catboost_balanced,rg3,inner_f1,0.018948365426599674,0.41260155574762314,0.09208623334108436,0.33560637780936564,0.0,0.0,0.0,-0.018279448438492253,1139,18,25,0,1.0,0.015557476231633534,1182,25,591,0.0,0.0,0.0,0.0,0.0,0.0,0.04,0.016666666666666666,0.788,0.04,0.008403361344537815,0.3973109243697479,0.16,0.016877637130801686,0.7979746835443038
pooled,2026,dummy_prior,all,fixed_0.5,0.015074388555685714,0.4111573595835612,0.01729168538792141,0.08968785749783488,0.0,0.0,0.0,0.0,2351,0,42,0,1.0,0.0,2393,42,3,0.0,0.0,0.0,0.023809523809523808,0.013888888888888888,0.7913359788359788,0.047619047619047616,0.016666666666666666,0.9496031746031747,0.07142857142857142,0.0125,0.712202380952381,0.11904761904761904,0.010438413361169102,0.5947410279351825
pooled,2026,dummy_prior,all,inner_f1,0.015074388555685714,0.4111573595835612,0.01729168538792141,0.08968785749783488,0.0,0.0,0.0,0.0,2351,0,42,0,1.0,0.0,2393,42,3,0.0,0.0,0.0,0.023809523809523808,0.013888888888888888,0.7913359788359788,0.047619047619047616,0.016666666666666666,0.9496031746031747,0.07142857142857142,0.0125,0.712202380952381,0.11904761904761904,0.010438413361169102,0.5947410279351825
pooled,2026,dummy_prior,cn7,fixed_0.5,0.011715655567497579,0.3419548724012218,0.013895703067678566,0.07534788408879424,0.0,0.0,0.0,0.0,1194,0,17,0,1.0,0.0,1211,17,3,0.0,0.0,0.0,0.058823529411764705,0.02702702702702703,1.9252782193958666,0.058823529411764705,0.01639344262295082,1.1677917068466732,0.058823529411764705,0.00819672131147541,0.5838958534233366,0.058823529411764705,0.00411522633744856,0.29314935850883567
pooled,2026,dummy_prior,cn7,inner_f1,0.011715655567497579,0.3419548724012218,0.013895703067678566,0.07534788408879424,0.0,0.0,0.0,0.0,1194,0,17,0,1.0,0.0,1211,17,3,0.0,0.0,0.0,0.058823529411764705,0.02702702702702703,1.9252782193958666,0.058823529411764705,0.01639344262295082,1.1677917068466732,0.058823529411764705,0.00819672131147541,0.5838958534233366,0.058823529411764705,0.00411522633744856,0.29314935850883567
pooled,2026,dummy_prior,rg3,fixed_0.5,0.02029782110769067,0.45778738115816764,0.020770987071351263,0.10437965766564215,0.0,0.0,0.0,0.0,1157,0,25,0,1.0,0.0,1182,25,3,0.0,0.0,0.0,0.0,0.0,0.0,0.04,0.016666666666666666,0.788,0.08,0.01680672268907563,0.7946218487394958,0.16,0.016877637130801686,0.7979746835443038
pooled,2026,dummy_prior,rg3,inner_f1,0.02029782110769067,0.45778738115816764,0.020770987071351263,0.10437965766564215,0.0,0.0,0.0,0.0,1157,0,25,0,1.0,0.0,1182,25,3,0.0,0.0,0.0,0.0,0.0,0.0,0.04,0.016666666666666666,0.788,0.08,0.01680672268907563,0.7946218487394958,0.16,0.016877637130801686,0.7979746835443038
pooled,2026,extratrees,all,fixed_0.5,0.14775557161329064,0.6818071337424805,0.01616822743631782,0.1017718226918751,0.08695652173913043,0.5,0.047619047619047616,0.15033666031107207,2349,2,40,2,0.9523809523809523,0.0008507018290089324,2393,42,855,0.14285714285714285,0.25,14.24404761904762,0.16666666666666666,0.09722222222222222,5.539351851851852,0.21428571428571427,0.075,4.273214285714285,0.2857142857142857,0.05,2.848809523809524,0.35714285714285715,0.031315240083507306,1.7842230838055473
pooled,2026,extratrees,all,inner_f1,0.14775557161329064,0.6818071337424805,0.01616822743631782,0.1017718226918751,0.09876543209876543,0.06666666666666667,0.19047619047619047,0.08594111791341419,2239,112,34,8,0.8095238095238095,0.047639302424500214,2393,42,855,0.14285714285714285,0.25,14.24404761904762,0.16666666666666666,0.09722222222222222,5.539351851851852,0.21428571428571427,0.075,4.273214285714285,0.2857142857142857,0.05,2.848809523809524,0.35714285714285715,0.031315240083507306,1.7842230838055473
pooled,2026,extratrees,cn7,fixed_0.5,0.3464235692940797,0.8919351660262094,0.01119325042217607,0.07470176850132597,0.19047619047619047,0.5,0.11764705882352941,0.23779143279879728,1192,2,15,2,0.8823529411764706,0.0016750418760469012,1211,17,268,0.35294117647058826,0.46153846153846156,32.87782805429865,0.35294117647058826,0.16216216216216217,11.551669316375198,0.4117647058823529,0.11475409836065574,8.174541947926711,0.7058823529411765,0.09836065573770492,7.006750241080038,0.8823529411764706,0.06172839506172839,4.397240377632534
pooled,2026,extratrees,cn7,inner_f1,0.3464235692940797,0.8919351660262094,0.01119325042217607,0.07470176850132597,0.37209302325581395,0.3076923076923077,0.47058823529411764,0.3697272119521428,1176,18,9,8,0.5294117647058824,0.01507537688442211,1211,17,268,0.35294117647058826,0.46153846153846156,32.87782805429865,0.35294117647058826,0.16216216216216217,11.551669316375198,0.4117647058823529,0.11475409836065574,8.174541947926711,0.7058823529411765,0.09836065573770492,7.006750241080038,0.8823529411764706,0.06172839506172839,4.397240377632534
pooled,2026,extratrees,rg3,fixed_0.5,0.016968315213416896,0.3543474503025065,0.02126526395419063,0.1295060321882837,0.0,0.0,0.0,0.0,1157,0,25,0,1.0,0.0,1182,25,589,0.0,0.0,0.0,0.04,0.027777777777777776,1.3133333333333332,0.04,0.016666666666666666,0.788,0.08,0.01680672268907563,0.7946218487394958,0.12,0.012658227848101266,0.5984810126582278
pooled,2026,extratrees,rg3,inner_f1,0.016968315213416896,0.3543474503025065,0.02126526395419063,0.1295060321882837,0.0,0.0,0.0,-0.043206869778011366,1063,94,25,0,1.0,0.08124459809853068,1182,25,589,0.0,0.0,0.0,0.04,0.027777777777777776,1.3133333333333332,0.04,0.016666666666666666,0.788,0.08,0.01680672268907563,0.7946218487394958,0.12,0.012658227848101266,0.5984810126582278
pooled,2026,extratrees_balanced,all,fixed_0.5,0.04202973021339462,0.6670920175811711,0.054507716319052574,0.24779459680306878,0.046875,0.03488372093023256,0.07142857142857142,0.025484676595456852,2268,83,39,3,0.9285714285714286,0.03530412590387069,2393,42,788,0.047619047619047616,0.08333333333333333,4.748015873015873,0.047619047619047616,0.027777777777777776,1.5826719576719577,0.07142857142857142,0.025,1.424404761904762,0.11904761904761904,0.020833333333333332,1.1870039682539681,0.2857142857142857,0.025052192066805846,1.427378467044438
pooled,2026,extratrees_balanced,all,inner_f1,0.04202973021339462,0.6670920175811711,0.054507716319052574,0.24779459680306878,0.058333333333333334,0.03535353535353535,0.16666666666666666,0.04071779670881154,2160,191,35,7,0.8333333333333334,0.08124202467035305,2393,42,788,0.047619047619047616,0.08333333333333333,4.748015873015873,0.047619047619047616,0.027777777777777776,1.5826719576719577,0.07142857142857142,0.025,1.424404761904762,0.11904761904761904,0.020833333333333332,1.1870039682539681,0.2857142857142857,0.025052192066805846,1.427378467044438
pooled,2026,extratrees_balanced,cn7,fixed_0.5,0.12092367868992136,0.9298206719873879,0.030566071822328133,0.0918686903027277,0.09836065573770492,0.06818181818181818,0.17647058823529413,0.08936293561863672,1153,41,14,3,0.8235294117647058,0.03433835845896147,1211,17,216,0.11764705882352941,0.15384615384615385,10.959276018099548,0.11764705882352941,0.05405405405405406,3.8505564387917333,0.17647058823529413,0.04918032786885246,3.503375120540019,0.7647058823529411,0.10655737704918032,7.5906460945033745,1.0,0.06995884773662552,4.983539094650205
pooled,2026,extratrees_balanced,cn7,inner_f1,0.12092367868992136,0.9298206719873879,0.030566071822328133,0.0918686903027277,0.14035087719298245,0.1,0.23529411764705882,0.1350441120318398,1158,36,13,4,0.7647058823529411,0.03015075376884422,1211,17,216,0.11764705882352941,0.15384615384615385,10.959276018099548,0.11764705882352941,0.05405405405405406,3.8505564387917333,0.17647058823529413,0.04918032786885246,3.503375120540019,0.7647058823529411,0.10655737704918032,7.5906460945033745,1.0,0.06995884773662552,4.983539094650205
pooled,2026,extratrees_balanced,rg3,fixed_0.5,0.01803657650526782,0.4130164217804667,0.07903676156908074,0.40754609661010177,0.0,0.0,0.0,-0.0282147069843932,1115,42,25,0,1.0,0.036300777873811585,1182,25,574,0.0,0.0,0.0,0.0,0.0,0.0,0.0,0.0,0.0,0.0,0.0,0.0,0.16,0.016877637130801686,0.7979746835443038
pooled,2026,extratrees_balanced,rg3,inner_f1,0.01803657650526782,0.4130164217804667,0.07903676156908074,0.40754609661010177,0.03278688524590164,0.0189873417721519,0.12,-0.0059056289865603425,1002,155,22,3,0.88,0.13396715643906656,1182,25,574,0.0,0.0,0.0,0.0,0.0,0.0,0.0,0.0,0.0,0.0,0.0,0.0,0.16,0.016877637130801686,0.7979746835443038
pooled,2026,lightgbm,all,fixed_0.5,0.05927148147449592,0.6488019282574791,0.017113481427769025,0.08986546173108843,0.0,0.0,0.0,0.0,2351,0,42,0,1.0,0.0,2393,42,1197,0.07142857142857142,0.125,7.12202380952381,0.09523809523809523,0.05555555555555555,3.1653439153439153,0.09523809523809523,0.03333333333333333,1.8992063492063493,0.2857142857142857,0.05,2.848809523809524,0.40476190476190477,0.03549060542797495,2.0221194949796204
pooled,2026,lightgbm,all,inner_f1,0.05927148147449592,0.6488019282574791,0.017113481427769025,0.08986546173108843,0.08383233532934131,0.056,0.16666666666666666,0.06873977591939942,2233,118,35,7,0.8333333333333334,0.05019140791152701,2393,42,1197,0.07142857142857142,0.125,7.12202380952381,0.09523809523809523,0.05555555555555555,3.1653439153439153,0.09523809523809523,0.03333333333333333,1.8992063492063493,0.2857142857142857,0.05,2.848809523809524,0.40476190476190477,0.03549060542797495,2.0221194949796204
pooled,2026,lightgbm,cn7,fixed_0.5,0.13857586447317707,0.885678391959799,0.01321557393546907,0.05964705011580055,0.0,0.0,0.0,0.0,1194,0,17,0,1.0,0.0,1211,17,606,0.11764705882352941,0.15384615384615385,10.959276018099548,0.17647058823529413,0.08108108108108109,5.775834658187599,0.23529411764705882,0.06557377049180328,4.671166827386693,0.7058823529411765,0.09836065573770492,7.006750241080038,0.8235294117647058,0.05761316872427984,4.104091019123699
pooled,2026,lightgbm,cn7,inner_f1,0.13857586447317707,0.885678391959799,0.01321557393546907,0.05964705011580055,0.18181818181818182,0.12244897959183673,0.35294117647058826,0.18922818476534917,1151,43,11,6,0.6470588235294118,0.036013400335008376,1211,17,606,0.11764705882352941,0.15384615384615385,10.959276018099548,0.17647058823529413,0.08108108108108109,5.775834658187599,0.23529411764705882,0.06557377049180328,4.671166827386693,0.7058823529411765,0.09836065573770492,7.006750241080038,0.8235294117647058,0.05761316872427984,4.104091019123699
pooled,2026,lightgbm,rg3,fixed_0.5,0.01961258708501857,0.3796197061365601,0.021107022860235393,0.12082527261612537,0.0,0.0,0.0,0.0,1157,0,25,0,1.0,0.0,1182,25,591,0.04,0.08333333333333333,3.94,0.04,0.027777777777777776,1.3133333333333332,0.04,0.016666666666666666,0.788,0.04,0.008403361344537815,0.3973109243697479,0.08,0.008438818565400843,0.3989873417721519
pooled,2026,lightgbm,rg3,inner_f1,0.01961258708501857,0.3796197061365601,0.021107022860235393,0.12082527261612537,0.019801980198019802,0.013157894736842105,0.04,-0.014561409010930679,1082,75,24,1,0.96,0.06482281763180639,1182,25,591,0.04,0.08333333333333333,3.94,0.04,0.027777777777777776,1.3133333333333332,0.04,0.016666666666666666,0.788,0.04,0.008403361344537815,0.3973109243697479,0.08,0.008438818565400843,0.3989873417721519
pooled,2026,lightgbm_balanced,all,fixed_0.5,0.05458170793371388,0.6328107593526565,0.05163588221769625,0.19044755190148735,0.056818181818181816,0.03731343283582089,0.11904761904761904,0.03665407234732581,2222,129,37,5,0.8809523809523809,0.054870267971076137,2393,42,1197,0.07142857142857142,0.125,7.12202380952381,0.07142857142857142,0.041666666666666664,2.3740079365079363,0.11904761904761904,0.041666666666666664,2.3740079365079363,0.16666666666666666,0.029166666666666667,1.6618055555555558,0.40476190476190477,0.03549060542797495,2.0221194949796204
pooled,2026,lightgbm_balanced,all,inner_f1,0.05458170793371388,0.6328107593526565,0.05163588221769625,0.19044755190148735,0.07929515418502203,0.04864864864864865,0.21428571428571427,0.06854928889254346,2175,176,33,9,0.7857142857142857,0.07486176095278604,2393,42,1197,0.07142857142857142,0.125,7.12202380952381,0.07142857142857142,0.041666666666666664,2.3740079365079363,0.11904761904761904,0.041666666666666664,2.3740079365079363,0.16666666666666666,0.029166666666666667,1.6618055555555558,0.40476190476190477,0.03549060542797495,2.0221194949796204
pooled,2026,lightgbm_balanced,cn7,fixed_0.5,0.12232627750414668,0.8492215981870135,0.032920606771236906,0.11655661674996903,0.09523809523809523,0.06521739130434782,0.17647058823529413,0.08644277788110527,1151,43,14,3,0.8235294117647058,0.036013400335008376,1211,17,606,0.17647058823529413,0.23076923076923078,16.438914027149323,0.17647058823529413,0.08108108108108109,5.775834658187599,0.17647058823529413,0.04918032786885246,3.503375120540019,0.5882352941176471,0.08196721311475409,5.838958534233365,0.7647058823529411,0.053497942386831275,3.810941660614863
pooled,2026,lightgbm_balanced,cn7,inner_f1,0.12232627750414668,0.8492215981870135,0.032920606771236906,0.11655661674996903,0.11764705882352941,0.0784313725490196,0.23529411764705882,0.11476643312783665,1147,47,13,4,0.7647058823529411,0.03936348408710218,1211,17,606,0.17647058823529413,0.23076923076923078,16.438914027149323,0.17647058823529413,0.08108108108108109,5.775834658187599,0.17647058823529413,0.04918032786885246,3.503375120540019,0.5882352941176471,0.08196721311475409,5.838958534233365,0.7647058823529411,0.053497942386831275,3.810941660614863
pooled,2026,lightgbm_balanced,rg3,fixed_0.5,0.020021049100722804,0.4314779602420052,0.07081033108881492,0.2661513780169601,0.035398230088495575,0.022727272727272728,0.08,0.0031078293740538646,1071,86,23,2,0.92,0.07433016421780467,1182,25,591,0.0,0.0,0.0,0.0,0.0,0.0,0.04,0.016666666666666666,0.788,0.08,0.01680672268907563,0.7946218487394958,0.2,0.02109704641350211,0.9974683544303797
pooled,2026,lightgbm_balanced,rg3,inner_f1,0.020021049100722804,0.4314779602420052,0.07081033108881492,0.2661513780169601,0.06289308176100629,0.03731343283582089,0.2,0.04016707812591543,1028,129,20,5,0.8,0.111495246326707,1182,25,591,0.0,0.0,0.0,0.0,0.0,0.0,0.04,0.016666666666666666,0.788,0.08,0.01680672268907563,0.7946218487394958,0.2,0.02109704641350211,0.9974683544303797
pooled,2026,logistic,all,fixed_0.5,0.17643451104805294,0.6444370176824451,0.015844480154053486,0.08776090166279851,0.24,0.75,0.14285714285714285,0.3230500538950879,2349,2,36,6,0.8571428571428571,0.0008507018290089324,2393,42,1200,0.16666666666666666,0.2916666666666667,16.618055555555557,0.19047619047619047,0.1111111111111111,6.330687830687831,0.19047619047619047,0.06666666666666667,3.7984126984126987,0.2619047619047619,0.04583333333333333,2.61140873015873,0.38095238095238093,0.033402922755741124,1.9031712893925836
pooled,2026,logistic,all,inner_f1,0.17643451104805294,0.6444370176824451,0.015844480154053486,0.08776090166279851,0.08071748878923767,0.04455445544554455,0.42857142857142855,0.09267899160514048,1965,386,24,18,0.5714285714285714,0.16418545299872395,2393,42,1200,0.16666666666666666,0.2916666666666667,16.618055555555557,0.19047619047619047,0.1111111111111111,6.330687830687831,0.19047619047619047,0.06666666666666667,3.7984126984126987,0.2619047619047619,0.04583333333333333,2.61140873015873,0.38095238095238093,0.033402922755741124,1.9031712893925836
pooled,2026,logistic,cn7,fixed_0.5,0.4194342830963587,0.8830672972706669,0.010308238561959494,0.05043364076947983,0.48,0.75,0.35294117647058826,0.5101349734661121,1192,2,11,6,0.6470588235294118,0.0016750418760469012,1211,17,607,0.35294117647058826,0.46153846153846156,32.87782805429865,0.4117647058823529,0.1891891891891892,13.476947535771066,0.4117647058823529,0.11475409836065574,8.174541947926711,0.5882352941176471,0.08196721311475409,5.838958534233365,0.8235294117647058,0.05761316872427984,4.104091019123699
pooled,2026,logistic,cn7,inner_f1,0.4194342830963587,0.8830672972706669,0.010308238561959494,0.05043364076947983,0.23157894736842105,0.14102564102564102,0.6470588235294118,0.28321181806170603,1127,67,6,11,0.35294117647058826,0.05611390284757119,1211,17,607,0.35294117647058826,0.46153846153846156,32.87782805429865,0.4117647058823529,0.1891891891891892,13.476947535771066,0.4117647058823529,0.11475409836065574,8.174541947926711,0.5882352941176471,0.08196721311475409,5.838958534233365,0.8235294117647058,0.05761316872427984,4.104091019123699
pooled,2026,logistic,rg3,fixed_0.5,0.017928125260158117,0.3783059636992222,0.02151655170060664,0.12600397521762838,0.0,0.0,0.0,0.0,1157,0,25,0,1.0,0.0,1182,25,593,0.0,0.0,0.0,0.04,0.027777777777777776,1.3133333333333332,0.04,0.016666666666666666,0.788,0.04,0.008403361344537815,0.3973109243697479,0.12,0.012658227848101266,0.5984810126582278
pooled,2026,logistic,rg3,inner_f1,0.017928125260158117,0.3783059636992222,0.02151655170060664,0.12600397521762838,0.039886039886039885,0.02147239263803681,0.28,0.001380191406346225,838,319,18,7,0.72,0.2757130509939499,1182,25,593,0.0,0.0,0.0,0.04,0.027777777777777776,1.3133333333333332,0.04,0.016666666666666666,0.788,0.04,0.008403361344537815,0.3973109243697479,0.12,0.012658227848101266,0.5984810126582278
pooled,2026,logistic_balanced,all,fixed_0.5,0.09739128829594,0.6553239756132143,0.16080947312401359,0.4876175890624878,0.05778491171749599,0.03098106712564544,0.42857142857142855,0.05791255372119869,1788,563,24,18,0.5714285714285714,0.23947256486601445,2393,42,1199,0.14285714285714285,0.25,14.24404761904762,0.14285714285714285,0.08333333333333333,4.748015873015873,0.16666666666666666,0.058333333333333334,3.3236111111111115,0.21428571428571427,0.0375,2.1366071428571427,0.35714285714285715,0.031315240083507306,1.7842230838055473
pooled,2026,logistic_balanced,all,inner_f1,0.09739128829594,0.6553239756132143,0.16080947312401359,0.4876175890624878,0.08333333333333333,0.3333333333333333,0.047619047619047616,0.12056707400961554,2347,4,40,2,0.9523809523809523,0.0017014036580178648,2393,42,1199,0.14285714285714285,0.25,14.24404761904762,0.14285714285714285,0.08333333333333333,4.748015873015873,0.16666666666666666,0.058333333333333334,3.3236111111111115,0.21428571428571427,0.0375,2.1366071428571427,0.35714285714285715,0.031315240083507306,1.7842230838055473
pooled,2026,logistic_balanced,cn7,fixed_0.5,0.2575902634585424,0.8790274903931422,0.06773020532248056,0.23683591563215378,0.15151515151515152,0.08695652173913043,0.5882352941176471,0.20077013286785272,1089,105,7,10,0.4117647058823529,0.08793969849246232,1211,17,606,0.29411764705882354,0.38461538461538464,27.39819004524887,0.35294117647058826,0.16216216216216217,11.551669316375198,0.4117647058823529,0.11475409836065574,8.174541947926711,0.6470588235294118,0.09016393442622951,6.422854387656702,0.8235294117647058,0.05761316872427984,4.104091019123699
pooled,2026,logistic_balanced,cn7,inner_f1,0.2575902634585424,0.8790274903931422,0.06773020532248056,0.23683591563215378,0.17391304347826086,0.3333333333333333,0.11764705882352941,0.1915103333202349,1190,4,15,2,0.8823529411764706,0.0033500837520938024,1211,17,606,0.29411764705882354,0.38461538461538464,27.39819004524887,0.35294117647058826,0.16216216216216217,11.551669316375198,0.4117647058823529,0.11475409836065574,8.174541947926711,0.6470588235294118,0.09016393442622951,6.422854387656702,0.8235294117647058,0.05761316872427984,4.104091019123699
pooled,2026,logistic_balanced,rg3,fixed_0.5,0.016822661170151937,0.37685393258426964,0.25617241162456905,0.7445521123485578,0.032586558044806514,0.017167381974248927,0.32,-0.022333175046849233,699,458,17,8,0.68,0.3958513396715644,1182,25,593,0.0,0.0,0.0,0.0,0.0,0.0,0.0,0.0,0.0,0.04,0.008403361344537815,0.3973109243697479,0.08,0.008438818565400843,0.3989873417721519
pooled,2026,logistic_balanced,rg3,inner_f1,0.016822661170151937,0.37685393258426964,0.25617241162456905,0.7445521123485578,0.0,0.0,0.0,0.0,1157,0,25,0,1.0,0.0,1182,25,593,0.0,0.0,0.0,0.0,0.0,0.0,0.0,0.0,0.0,0.04,0.008403361344537815,0.3973109243697479,0.08,0.008438818565400843,0.3989873417721519
pooled,2026,xgboost,all,fixed_0.5,0.04912381339289322,0.6630815661015577,0.017177895688496713,0.08613019791426696,0.0,0.0,0.0,0.0,2351,0,42,0,1.0,0.0,2393,42,1197,0.07142857142857142,0.125,7.12202380952381,0.09523809523809523,0.05555555555555555,3.1653439153439153,0.21428571428571427,0.075,4.273214285714285,0.30952380952380953,0.05416666666666667,3.0862103174603175,0.38095238095238093,0.033402922755741124,1.9031712893925836
pooled,2026,xgboost,all,inner_f1,0.04912381339289322,0.6630815661015577,0.017177895688496713,0.08613019791426696,0.07725321888412018,0.04245283018867924,0.42857142857142855,0.08799940701810334,1945,406,24,18,0.5714285714285714,0.17269247128881327,2393,42,1197,0.07142857142857142,0.125,7.12202380952381,0.09523809523809523,0.05555555555555555,3.1653439153439153,0.21428571428571427,0.075,4.273214285714285,0.30952380952380953,0.05416666666666667,3.0862103174603175,0.38095238095238093,0.033402922755741124,1.9031712893925836
pooled,2026,xgboost,cn7,fixed_0.5,0.11495119909751893,0.9023795447827372,0.013327967576465993,0.05808667309656765,0.0,0.0,0.0,0.0,1194,0,17,0,1.0,0.0,1211,17,606,0.058823529411764705,0.07692307692307693,5.479638009049774,0.17647058823529413,0.08108108108108109,5.775834658187599,0.4117647058823529,0.11475409836065574,8.174541947926711,0.8235294117647058,0.11475409836065574,8.174541947926711,0.8235294117647058,0.05761316872427984,4.104091019123699
pooled,2026,xgboost,cn7,inner_f1,0.11495119909751893,0.9023795447827372,0.013327967576465993,0.05808667309656765,0.1568627450980392,0.08823529411764706,0.7058823529411765,0.22432149749986383,1070,124,5,12,0.29411764705882354,0.10385259631490787,1211,17,606,0.058823529411764705,0.07692307692307693,5.479638009049774,0.17647058823529413,0.08108108108108109,5.775834658187599,0.4117647058823529,0.11475409836065574,8.174541947926711,0.8235294117647058,0.11475409836065574,8.174541947926711,0.8235294117647058,0.05761316872427984,4.104091019123699
pooled,2026,xgboost,rg3,fixed_0.5,0.015873031833630855,0.3597752808988764,0.021122280581617872,0.11486176183493858,0.0,0.0,0.0,0.0,1157,0,25,0,1.0,0.0,1182,25,591,0.0,0.0,0.0,0.0,0.0,0.0,0.0,0.0,0.0,0.04,0.008403361344537815,0.3973109243697479,0.08,0.008438818565400843,0.3989873417721519
pooled,2026,xgboost,rg3,inner_f1,0.015873031833630855,0.3597752808988764,0.021122280581617872,0.11486176183493858,0.038338658146964855,0.020833333333333332,0.24,-0.0012514746830756167,875,282,19,6,0.76,0.24373379429559205,1182,25,591,0.0,0.0,0.0,0.0,0.0,0.0,0.0,0.0,0.0,0.04,0.008403361344537815,0.3973109243697479,0.08,0.008438818565400843,0.3989873417721519
pooled,2026,xgboost_balanced,all,fixed_0.5,0.05740434300499597,0.6213364120637621,0.04796196518656191,0.1818593471133024,0.06172839506172839,0.041666666666666664,0.11904761904761904,0.04219669891877434,2236,115,37,5,0.8809523809523809,0.04891535516801361,2393,42,1196,0.07142857142857142,0.125,7.12202380952381,0.09523809523809523,0.05555555555555555,3.1653439153439153,0.11904761904761904,0.041666666666666664,2.3740079365079363,0.14285714285714285,0.025,1.424404761904762,0.4523809523809524,0.03966597077244259,2.2600159061536935
pooled,2026,xgboost_balanced,all,inner_f1,0.05740434300499597,0.6213364120637621,0.04796196518656191,0.1818593471133024,0.07035175879396985,0.044585987261146494,0.16666666666666666,0.0545542722734071,2201,150,35,7,0.8333333333333334,0.06380263717566993,2393,42,1196,0.07142857142857142,0.125,7.12202380952381,0.09523809523809523,0.05555555555555555,3.1653439153439153,0.11904761904761904,0.041666666666666664,2.3740079365079363,0.14285714285714285,0.025,1.424404761904762,0.4523809523809524,0.03966597077244259,2.2600159061536935
pooled,2026,xgboost_balanced,cn7,fixed_0.5,0.12598375435957693,0.8566114888166322,0.030473989802128877,0.10846931749022057,0.10526315789473684,0.075,0.17647058823529413,0.09576975572286814,1157,37,14,3,0.8235294117647058,0.03098827470686767,1211,17,606,0.17647058823529413,0.23076923076923078,16.438914027149323,0.17647058823529413,0.08108108108108109,5.775834658187599,0.17647058823529413,0.04918032786885246,3.503375120540019,0.5882352941176471,0.08196721311475409,5.838958534233365,0.7058823529411765,0.04938271604938271,3.5177923021060273
pooled,2026,xgboost_balanced,cn7,inner_f1,0.12598375435957693,0.8566114888166322,0.030473989802128877,0.10846931749022057,0.0967741935483871,0.06666666666666667,0.17647058823529413,0.08788140484689001,1152,42,14,3,0.8235294117647058,0.035175879396984924,1211,17,606,0.17647058823529413,0.23076923076923078,16.438914027149323,0.17647058823529413,0.08108108108108109,5.775834658187599,0.17647058823529413,0.04918032786885246,3.503375120540019,0.5882352941176471,0.08196721311475409,5.838958534233365,0.7058823529411765,0.04938271604938271,3.5177923021060273
pooled,2026,xgboost_balanced,rg3,fixed_0.5,0.023460989883374462,0.4225583405358686,0.06587900257281268,0.25704997813999625,0.0380952380952381,0.025,0.08,0.0072082345383578305,1079,78,23,2,0.92,0.06741573033707865,1182,25,591,0.04,0.08333333333333333,3.94,0.04,0.027777777777777776,1.3133333333333332,0.08,0.03333333333333333,1.576,0.12,0.025210084033613446,1.1919327731092437,0.24,0.02531645569620253,1.1969620253164557
pooled,2026,xgboost_balanced,rg3,inner_f1,0.023460989883374462,0.4225583405358686,0.06587900257281268,0.25704997813999625,0.058394160583941604,0.03571428571428571,0.16,0.032746843597890374,1049,108,21,4,0.84,0.09334485738980121,1182,25,591,0.04,0.08333333333333333,3.94,0.04,0.027777777777777776,1.3133333333333332,0.08,0.03333333333333333,1.576,0.12,0.025210084033613446,1.1919327731092437,0.24,0.02531645569620253,1.1969620253164557
rg3,42,catboost,all,fixed_0.5,0.01942301046525795,0.42283491789109773,0.02091966590379637,0.10892843753556175,0.0,0.0,0.0,0.0,1157,0,25,0,1.0,0.0,1182,25,591,0.0,0.0,0.0,0.0,0.0,0.0,0.0,0.0,0.0,0.04,0.008403361344537815,0.3973109243697479,0.24,0.02531645569620253,1.1969620253164557
rg3,42,catboost,all,inner_f1,0.01942301046525795,0.42283491789109773,0.02091966590379637,0.10892843753556175,0.03254067584480601,0.016795865633074936,0.52,-0.04168521867158674,396,761,12,13,0.48,0.6577355229040622,1182,25,591,0.0,0.0,0.0,0.0,0.0,0.0,0.0,0.0,0.0,0.04,0.008403361344537815,0.3973109243697479,0.24,0.02531645569620253,1.1969620253164557
rg3,42,catboost_balanced,all,fixed_0.5,0.01933913725542894,0.4551253241140883,0.06159651865099677,0.24156122872949204,0.0,0.0,0.0,-0.0282147069843932,1115,42,25,0,1.0,0.036300777873811585,1182,25,591,0.0,0.0,0.0,0.0,0.0,0.0,0.04,0.016666666666666666,0.788,0.08,0.01680672268907563,0.7946218487394958,0.08,0.008438818565400843,0.3989873417721519
rg3,42,catboost_balanced,all,inner_f1,0.01933913725542894,0.4551253241140883,0.06159651865099677,0.24156122872949204,0.019138755980861243,0.010869565217391304,0.08,-0.03068039404929927,975,182,23,2,0.92,0.15730337078651685,1182,25,591,0.0,0.0,0.0,0.0,0.0,0.0,0.04,0.016666666666666666,0.788,0.08,0.01680672268907563,0.7946218487394958,0.08,0.008438818565400843,0.3989873417721519
rg3,42,dummy_prior,all,fixed_0.5,0.019526226734348562,0.45913569576490926,0.020715770396901062,0.10279182321842775,0.0,0.0,0.0,0.0,1157,0,25,0,1.0,0.0,1182,25,3,0.0,0.0,0.0,0.04,0.027777777777777776,1.3133333333333332,0.04,0.016666666666666666,0.788,0.12,0.025210084033613446,1.1919327731092437,0.16,0.016877637130801686,0.7979746835443038
rg3,42,dummy_prior,all,inner_f1,0.019526226734348562,0.45913569576490926,0.020715770396901062,0.10279182321842775,0.0,0.0,0.0,0.0,1157,0,25,0,1.0,0.0,1182,25,3,0.0,0.0,0.0,0.04,0.027777777777777776,1.3133333333333332,0.04,0.016666666666666666,0.788,0.12,0.025210084033613446,1.1919327731092437,0.16,0.016877637130801686,0.7979746835443038
rg3,42,extratrees,all,fixed_0.5,0.02064553492982208,0.48492653414001735,0.021188127975151357,0.11127214357516267,0.0,0.0,0.0,0.0,1157,0,25,0,1.0,0.0,1182,25,591,0.0,0.0,0.0,0.0,0.0,0.0,0.0,0.0,0.0,0.08,0.01680672268907563,0.7946218487394958,0.12,0.012658227848101266,0.5984810126582278
rg3,42,extratrees,all,inner_f1,0.02064553492982208,0.48492653414001735,0.021188127975151357,0.11127214357516267,0.0340632603406326,0.018134715025906734,0.28,-0.014595923009451109,778,379,18,7,0.72,0.32757130509939497,1182,25,591,0.0,0.0,0.0,0.0,0.0,0.0,0.0,0.0,0.0,0.08,0.01680672268907563,0.7946218487394958,0.12,0.012658227848101266,0.5984810126582278
rg3,42,extratrees_balanced,all,fixed_0.5,0.01926096558167162,0.4605877268798617,0.059416252356103205,0.24494201270375815,0.0,0.0,0.0,-0.013578116138134012,1147,10,25,0,1.0,0.00864304235090752,1182,25,589,0.0,0.0,0.0,0.0,0.0,0.0,0.0,0.0,0.0,0.04,0.008403361344537815,0.3973109243697479,0.16,0.016877637130801686,0.7979746835443038
rg3,42,extratrees_balanced,all,inner_f1,0.01926096558167162,0.4605877268798617,0.059416252356103205,0.24494201270375815,0.0,0.0,0.0,-0.030242480985869694,1109,48,25,0,1.0,0.04148660328435609,1182,25,589,0.0,0.0,0.0,0.0,0.0,0.0,0.0,0.0,0.0,0.04,0.008403361344537815,0.3973109243697479,0.16,0.016877637130801686,0.7979746835443038
rg3,42,lightgbm,all,fixed_0.5,0.0189713734915766,0.42421780466724285,0.021236590314530287,0.11310506219938661,0.0,0.0,0.0,0.0,1157,0,25,0,1.0,0.0,1182,25,591,0.0,0.0,0.0,0.04,0.027777777777777776,1.3133333333333332,0.04,0.016666666666666666,0.788,0.04,0.008403361344537815,0.3973109243697479,0.12,0.012658227848101266,0.5984810126582278
rg3,42,lightgbm,all,inner_f1,0.0189713734915766,0.42421780466724285,0.021236590314530287,0.11310506219938661,0.024844720496894408,0.014705882352941176,0.08,-0.016150567051337033,1023,134,23,2,0.92,0.11581676750216076,1182,25,591,0.0,0.0,0.0,0.04,0.027777777777777776,1.3133333333333332,0.04,0.016666666666666666,0.788,0.04,0.008403361344537815,0.3973109243697479,0.12,0.012658227848101266,0.5984810126582278
rg3,42,lightgbm_balanced,all,fixed_0.5,0.02587082535238232,0.47676750216076064,0.057107565671134904,0.22769714456004997,0.029850746268656716,0.023809523809523808,0.04,0.0035469917351808595,1116,41,24,1,0.96,0.03543647363872083,1182,25,591,0.0,0.0,0.0,0.04,0.027777777777777776,1.3133333333333332,0.12,0.05,2.3640000000000003,0.2,0.04201680672268908,1.9865546218487398,0.24,0.02531645569620253,1.1969620253164557
rg3,42,lightgbm_balanced,all,inner_f1,0.02587082535238232,0.47676750216076064,0.057107565671134904,0.22769714456004997,0.0,0.0,0.0,-0.01609333016892921,1143,14,25,0,1.0,0.012100259291270527,1182,25,591,0.0,0.0,0.0,0.04,0.027777777777777776,1.3133333333333332,0.12,0.05,2.3640000000000003,0.2,0.04201680672268908,1.9865546218487398,0.24,0.02531645569620253,1.1969620253164557
rg3,42,logistic,all,fixed_0.5,0.017791323497322778,0.3872255834053587,0.022079826659040156,0.12218363748842337,0.0,0.0,0.0,0.0,1157,0,25,0,1.0,0.0,1182,25,591,0.0,0.0,0.0,0.04,0.027777777777777776,1.3133333333333332,0.04,0.016666666666666666,0.788,0.08,0.01680672268907563,0.7946218487394958,0.08,0.008438818565400843,0.3989873417721519
rg3,42,logistic,all,inner_f1,0.017791323497322778,0.3872255834053587,0.022079826659040156,0.12218363748842337,0.028314028314028315,0.014627659574468085,0.44,-0.05995126883362825,416,741,14,11,0.56,0.6404494382022472,1182,25,591,0.0,0.0,0.0,0.04,0.027777777777777776,1.3133333333333332,0.04,0.016666666666666666,0.788,0.08,0.01680672268907563,0.7946218487394958,0.08,0.008438818565400843,0.3989873417721519
rg3,42,logistic_balanced,all,fixed_0.5,0.017411703272123387,0.37630077787381155,0.2149706279246917,0.6558072226060235,0.0160857908847185,0.008620689655172414,0.12,-0.05625162632420578,812,345,22,3,0.88,0.29818496110630943,1182,25,591,0.0,0.0,0.0,0.04,0.027777777777777776,1.3133333333333332,0.04,0.016666666666666666,0.788,0.04,0.008403361344537815,0.3973109243697479,0.08,0.008438818565400843,0.3989873417721519
rg3,42,logistic_balanced,all,inner_f1,0.017411703272123387,0.37630077787381155,0.2149706279246917,0.6558072226060235,0.029906542056074768,0.01568627450980392,0.32,-0.03308393709871981,655,502,17,8,0.68,0.4338807260155575,1182,25,591,0.0,0.0,0.0,0.04,0.027777777777777776,1.3133333333333332,0.04,0.016666666666666666,0.788,0.04,0.008403361344537815,0.3973109243697479,0.08,0.008438818565400843,0.3989873417721519
rg3,42,xgboost,all,fixed_0.5,0.02130526652514695,0.33073465859982715,0.02100510234343043,0.11004014285161705,0.0,0.0,0.0,0.0,1157,0,25,0,1.0,0.0,1182,25,591,0.04,0.08333333333333333,3.94,0.04,0.027777777777777776,1.3133333333333332,0.04,0.016666666666666666,0.788,0.04,0.008403361344537815,0.3973109243697479,0.08,0.008438818565400843,0.3989873417721519
rg3,42,xgboost,all,inner_f1,0.02130526652514695,0.33073465859982715,0.02100510234343043,0.11004014285161705,0.025839793281653745,0.013812154696132596,0.2,-0.03388689311374545,800,357,20,5,0.8,0.30855661192739847,1182,25,591,0.04,0.08333333333333333,3.94,0.04,0.027777777777777776,1.3133333333333332,0.04,0.016666666666666666,0.788,0.04,0.008403361344537815,0.3973109243697479,0.08,0.008438818565400843,0.3989873417721519
rg3,42,xgboost_balanced,all,fixed_0.5,0.023442656967435964,0.4576145203111495,0.05100798465199626,0.2066059541865879,0.0,0.0,0.0,-0.02529716417958477,1123,34,25,0,1.0,0.029386343993085567,1182,25,591,0.0,0.0,0.0,0.04,0.027777777777777776,1.3133333333333332,0.12,0.05,2.3640000000000003,0.16,0.03361344537815126,1.5892436974789916,0.2,0.02109704641350211,0.9974683544303797
rg3,42,xgboost_balanced,all,inner_f1,0.023442656967435964,0.4576145203111495,0.05100798465199626,0.2066059541865879,0.04597701149425287,0.03225806451612903,0.08,0.018162802687672095,1097,60,23,2,0.92,0.05185825410544512,1182,25,591,0.0,0.0,0.0,0.04,0.027777777777777776,1.3133333333333332,0.12,0.05,2.3640000000000003,0.16,0.03361344537815126,1.5892436974789916,0.2,0.02109704641350211,0.9974683544303797
rg3,1729,catboost,all,fixed_0.5,0.01753591364181855,0.42048401037165084,0.020955953708005567,0.10939941025672989,0.0,0.0,0.0,0.0,1157,0,25,0,1.0,0.0,1182,25,591,0.0,0.0,0.0,0.0,0.0,0.0,0.0,0.0,0.0,0.0,0.0,0.0,0.08,0.008438818565400843,0.3989873417721519
rg3,1729,catboost,all,inner_f1,0.01753591364181855,0.42048401037165084,0.020955953708005567,0.10939941025672989,0.041116005873715125,0.021341463414634148,0.56,0.0014814269458405464,515,642,11,14,0.44,0.5548833189282627,1182,25,591,0.0,0.0,0.0,0.0,0.0,0.0,0.0,0.0,0.0,0.0,0.0,0.0,0.08,0.008438818565400843,0.3989873417721519
rg3,1729,catboost_balanced,all,fixed_0.5,0.019693866117318062,0.46411408815903205,0.06246363244080451,0.2402983899321651,0.0,0.0,0.0,-0.03216219308967186,1103,54,25,0,1.0,0.046672428694900604,1182,25,591,0.0,0.0,0.0,0.0,0.0,0.0,0.0,0.0,0.0,0.04,0.008403361344537815,0.3973109243697479,0.12,0.012658227848101266,0.5984810126582278
rg3,1729,catboost_balanced,all,inner_f1,0.019693866117318062,0.46411408815903205,0.06246363244080451,0.2402983899321651,0.044596912521440824,0.023297491039426525,0.52,0.014109680355183563,612,545,12,13,0.48,0.4710458081244598,1182,25,591,0.0,0.0,0.0,0.0,0.0,0.0,0.0,0.0,0.0,0.04,0.008403361344537815,0.3973109243697479,0.12,0.012658227848101266,0.5984810126582278
rg3,1729,dummy_prior,all,fixed_0.5,0.019255499153976313,0.445514261019879,0.0207318749087411,0.10320949314610053,0.0,0.0,0.0,0.0,1157,0,25,0,1.0,0.0,1182,25,2,0.0,0.0,0.0,0.0,0.0,0.0,0.04,0.016666666666666666,0.788,0.04,0.008403361344537815,0.3973109243697479,0.08,0.008438818565400843,0.3989873417721519
rg3,1729,dummy_prior,all,inner_f1,0.019255499153976313,0.445514261019879,0.0207318749087411,0.10320949314610053,0.0,0.0,0.0,0.0,1157,0,25,0,1.0,0.0,1182,25,2,0.0,0.0,0.0,0.0,0.0,0.0,0.04,0.016666666666666666,0.788,0.04,0.008403361344537815,0.3973109243697479,0.08,0.008438818565400843,0.3989873417721519
rg3,1729,extratrees,all,fixed_0.5,0.021209993174376676,0.48658599827139165,0.021215670094346578,0.13985514439164545,0.0,0.0,0.0,0.0,1157,0,25,0,1.0,0.0,1182,25,584,0.0,0.0,0.0,0.0,0.0,0.0,0.0,0.0,0.0,0.04,0.008403361344537815,0.3973109243697479,0.16,0.016877637130801686,0.7979746835443038
rg3,1729,extratrees,all,inner_f1,0.021209993174376676,0.48658599827139165,0.021215670094346578,0.13985514439164545,0.04036697247706422,0.021153846153846155,0.44,2.004299625447655e-05,648,509,14,11,0.56,0.4399308556611927,1182,25,584,0.0,0.0,0.0,0.0,0.0,0.0,0.0,0.0,0.0,0.04,0.008403361344537815,0.3973109243697479,0.16,0.016877637130801686,0.7979746835443038
rg3,1729,extratrees_balanced,all,fixed_0.5,0.023958734346260523,0.4849611063094209,0.06662136505205528,0.28819528742788,0.0,0.0,0.0,-0.024520504074409477,1125,32,25,0,1.0,0.027657735522904063,1182,25,574,0.0,0.0,0.0,0.0,0.0,0.0,0.04,0.016666666666666666,0.788,0.12,0.025210084033613446,1.1919327731092437,0.28,0.029535864978902954,1.3964556962025316
rg3,1729,extratrees_balanced,all,inner_f1,0.023958734346260523,0.4849611063094209,0.06662136505205528,0.28819528742788,0.047151277013752456,0.024793388429752067,0.48,0.021081943189398288,685,472,13,12,0.52,0.4079515989628349,1182,25,574,0.0,0.0,0.0,0.0,0.0,0.0,0.04,0.016666666666666666,0.788,0.12,0.025210084033613446,1.1919327731092437,0.28,0.029535864978902954,1.3964556962025316
rg3,1729,lightgbm,all,fixed_0.5,0.022706917796361487,0.47095937770095075,0.0210388107607396,0.11180673138523636,0.0,0.0,0.0,0.0,1157,0,25,0,1.0,0.0,1182,25,591,0.0,0.0,0.0,0.04,0.027777777777777776,1.3133333333333332,0.04,0.016666666666666666,0.788,0.08,0.01680672268907563,0.7946218487394958,0.2,0.02109704641350211,0.9974683544303797
rg3,1729,lightgbm,all,inner_f1,0.022706917796361487,0.47095937770095075,0.0210388107607396,0.11180673138523636,0.05034324942791762,0.02669902912621359,0.44,0.028206856575710024,756,401,14,11,0.56,0.3465859982713915,1182,25,591,0.0,0.0,0.0,0.04,0.027777777777777776,1.3133333333333332,0.04,0.016666666666666666,0.788,0.08,0.01680672268907563,0.7946218487394958,0.2,0.02109704641350211,0.9974683544303797
rg3,1729,lightgbm_balanced,all,fixed_0.5,0.024339010844862792,0.4881071737251513,0.05637486633126606,0.22306030505121152,0.028985507246376812,0.022727272727272728,0.04,0.0021546647131659488,1114,43,24,1,0.96,0.037165082108902334,1182,25,591,0.0,0.0,0.0,0.04,0.027777777777777776,1.3133333333333332,0.04,0.016666666666666666,0.788,0.12,0.025210084033613446,1.1919327731092437,0.28,0.029535864978902954,1.3964556962025316
rg3,1729,lightgbm_balanced,all,inner_f1,0.024339010844862792,0.4881071737251513,0.05637486633126606,0.22306030505121152,0.04835164835164835,0.02558139534883721,0.44,0.02328566012647996,738,419,14,11,0.56,0.3621434745030251,1182,25,591,0.0,0.0,0.0,0.04,0.027777777777777776,1.3133333333333332,0.04,0.016666666666666666,0.788,0.12,0.025210084033613446,1.1919327731092437,0.28,0.029535864978902954,1.3964556962025316
rg3,1729,logistic,all,fixed_0.5,0.01819190146169519,0.42981849611063094,0.021334213975410802,0.11467563178780084,0.0,0.0,0.0,0.0,1157,0,25,0,1.0,0.0,1182,25,591,0.0,0.0,0.0,0.0,0.0,0.0,0.04,0.016666666666666666,0.788,0.04,0.008403361344537815,0.3973109243697479,0.08,0.008438818565400843,0.3989873417721519
rg3,1729,logistic,all,inner_f1,0.01819190146169519,0.42981849611063094,0.021334213975410802,0.11467563178780084,0.050808314087759814,0.02696078431372549,0.44,0.02931776674643224,760,397,14,11,0.56,0.34312878133102853,1182,25,591,0.0,0.0,0.0,0.0,0.0,0.0,0.04,0.016666666666666666,0.788,0.04,0.008403361344537815,0.3973109243697479,0.08,0.008438818565400843,0.3989873417721519
rg3,1729,logistic_balanced,all,fixed_0.5,0.01832339806432117,0.4334831460674158,0.2064413182707567,0.6153649037585697,0.010899182561307902,0.005847953216374269,0.08,-0.06786104385702386,817,340,23,2,0.92,0.2938634399308557,1182,25,591,0.0,0.0,0.0,0.0,0.0,0.0,0.04,0.016666666666666666,0.788,0.04,0.008403361344537815,0.3973109243697479,0.08,0.008438818565400843,0.3989873417721519
rg3,1729,logistic_balanced,all,inner_f1,0.01832339806432117,0.4334831460674158,0.2064413182707567,0.6153649037585697,0.04540023894862605,0.023399014778325122,0.76,0.02314919428607435,364,793,6,19,0.24,0.6853932584269663,1182,25,591,0.0,0.0,0.0,0.0,0.0,0.0,0.04,0.016666666666666666,0.788,0.04,0.008403361344537815,0.3973109243697479,0.08,0.008438818565400843,0.3989873417721519
rg3,1729,xgboost,all,fixed_0.5,0.016838231511010233,0.398980121002593,0.021039995226633596,0.10939272653405702,0.0,0.0,0.0,0.0,1157,0,25,0,1.0,0.0,1182,25,591,0.0,0.0,0.0,0.0,0.0,0.0,0.0,0.0,0.0,0.0,0.0,0.0,0.04,0.004219409282700422,0.19949367088607595
rg3,1729,xgboost,all,inner_f1,0.016838231511010233,0.398980121002593,0.021039995226633596,0.10939272653405702,0.04311774461028192,0.02249134948096886,0.52,0.009115414069136652,592,565,12,13,0.48,0.48833189282627487,1182,25,591,0.0,0.0,0.0,0.0,0.0,0.0,0.0,0.0,0.0,0.0,0.0,0.0,0.04,0.004219409282700422,0.19949367088607595
rg3,1729,xgboost_balanced,all,fixed_0.5,0.02728640776720574,0.49834053586862576,0.05062082552029142,0.2017623145633139,0.031746031746031744,0.02631578947368421,0.04,0.0065425415670047615,1120,37,24,1,0.96,0.03197925669835782,1182,25,591,0.04,0.08333333333333333,3.94,0.04,0.027777777777777776,1.3133333333333332,0.04,0.016666666666666666,0.788,0.12,0.025210084033613446,1.1919327731092437,0.28,0.029535864978902954,1.3964556962025316
rg3,1729,xgboost_balanced,all,inner_f1,0.02728640776720574,0.49834053586862576,0.05062082552029142,0.2017623145633139,0.04772234273318872,0.02522935779816514,0.44,0.021671220425129575,732,425,14,11,0.56,0.36732929991356955,1182,25,591,0.04,0.08333333333333333,3.94,0.04,0.027777777777777776,1.3133333333333332,0.04,0.016666666666666666,0.788,0.12,0.025210084033613446,1.1919327731092437,0.28,0.029535864978902954,1.3964556962025316
rg3,2026,catboost,all,fixed_0.5,0.02398246910789526,0.4807087294727745,0.020941645991174727,0.107181881546402,0.0,0.0,0.0,0.0,1157,0,25,0,1.0,0.0,1182,25,591,0.04,0.08333333333333333,3.94,0.04,0.027777777777777776,1.3133333333333332,0.04,0.016666666666666666,0.788,0.04,0.008403361344537815,0.3973109243697479,0.16,0.016877637130801686,0.7979746835443038
rg3,2026,catboost,all,inner_f1,0.02398246910789526,0.4807087294727745,0.020941645991174727,0.107181881546402,0.034993270524899055,0.018105849582172703,0.52,-0.026322953289663262,452,705,12,13,0.48,0.6093344857389801,1182,25,591,0.04,0.08333333333333333,3.94,0.04,0.027777777777777776,1.3133333333333332,0.04,0.016666666666666666,0.788,0.04,0.008403361344537815,0.3973109243697479,0.16,0.016877637130801686,0.7979746835443038
rg3,2026,catboost_balanced,all,fixed_0.5,0.029505874317920892,0.5262057044079516,0.06282840572257489,0.24659582673229338,0.057971014492753624,0.045454545454545456,0.08,0.03321336826148487,1115,42,23,2,0.92,0.036300777873811585,1182,25,591,0.0,0.0,0.0,0.08,0.05555555555555555,2.6266666666666665,0.12,0.05,2.3640000000000003,0.16,0.03361344537815126,1.5892436974789916,0.28,0.029535864978902954,1.3964556962025316
rg3,2026,catboost_balanced,all,inner_f1,0.029505874317920892,0.5262057044079516,0.06282840572257489,0.24659582673229338,0.0392156862745098,0.02027027027027027,0.6,-0.007916387544554102,432,725,10,15,0.4,0.6266205704407951,1182,25,591,0.0,0.0,0.0,0.08,0.05555555555555555,2.6266666666666665,0.12,0.05,2.3640000000000003,0.16,0.03361344537815126,1.5892436974789916,0.28,0.029535864978902954,1.3964556962025316
rg3,2026,dummy_prior,all,fixed_0.5,0.020203045685279187,0.4727571305099395,0.020710402226287717,0.10265339267451346,0.0,0.0,0.0,0.0,1157,0,25,0,1.0,0.0,1182,25,2,0.0,0.0,0.0,0.0,0.0,0.0,0.0,0.0,0.0,0.08,0.01680672268907563,0.7946218487394958,0.12,0.012658227848101266,0.5984810126582278
rg3,2026,dummy_prior,all,inner_f1,0.020203045685279187,0.4727571305099395,0.020710402226287717,0.10265339267451346,0.0,0.0,0.0,0.0,1157,0,25,0,1.0,0.0,1182,25,2,0.0,0.0,0.0,0.0,0.0,0.0,0.0,0.0,0.0,0.08,0.01680672268907563,0.7946218487394958,0.12,0.012658227848101266,0.5984810126582278
rg3,2026,extratrees,all,fixed_0.5,0.02294795115155087,0.511408815903198,0.021162713627409208,0.11015665931882775,0.0,0.0,0.0,0.0,1157,0,25,0,1.0,0.0,1182,25,591,0.0,0.0,0.0,0.0,0.0,0.0,0.0,0.0,0.0,0.08,0.01680672268907563,0.7946218487394958,0.2,0.02109704641350211,0.9974683544303797
rg3,2026,extratrees,all,inner_f1,0.02294795115155087,0.511408815903198,0.021162713627409208,0.11015665931882775,0.0399002493765586,0.02127659574468085,0.32,0.0005981221693879138,789,368,17,8,0.68,0.3180639585133967,1182,25,591,0.0,0.0,0.0,0.0,0.0,0.0,0.0,0.0,0.0,0.08,0.01680672268907563,0.7946218487394958,0.2,0.02109704641350211,0.9974683544303797
rg3,2026,extratrees_balanced,all,fixed_0.5,0.02465177108182496,0.48174589455488337,0.06118617213818741,0.2504455996556963,0.04081632653061224,0.041666666666666664,0.04,0.02052704338811255,1134,23,24,1,0.96,0.019878997407087293,1182,25,584,0.0,0.0,0.0,0.04,0.027777777777777776,1.3133333333333332,0.04,0.016666666666666666,0.788,0.12,0.025210084033613446,1.1919327731092437,0.24,0.02531645569620253,1.1969620253164557
rg3,2026,extratrees_balanced,all,inner_f1,0.02465177108182496,0.48174589455488337,0.06118617213818741,0.2504455996556963,0.03715846994535519,0.019101123595505618,0.68,-0.024867128791633046,284,873,8,17,0.32,0.7545375972342264,1182,25,584,0.0,0.0,0.0,0.04,0.027777777777777776,1.3133333333333332,0.04,0.016666666666666666,0.788,0.12,0.025210084033613446,1.1919327731092437,0.24,0.02531645569620253,1.1969620253164557
rg3,2026,lightgbm,all,fixed_0.5,0.02599944375476918,0.49605877268798626,0.020907760849760388,0.10868645656207895,0.0,0.0,0.0,0.0,1157,0,25,0,1.0,0.0,1182,25,591,0.0,0.0,0.0,0.04,0.027777777777777776,1.3133333333333332,0.04,0.016666666666666666,0.788,0.12,0.025210084033613446,1.1919327731092437,0.28,0.029535864978902954,1.3964556962025316
rg3,2026,lightgbm,all,inner_f1,0.02599944375476918,0.49605877268798626,0.020907760849760388,0.10868645656207895,0.0425531914893617,0.022613065326633167,0.36,0.007241894388682899,768,389,16,9,0.64,0.3362143474503025,1182,25,591,0.0,0.0,0.0,0.04,0.027777777777777776,1.3133333333333332,0.04,0.016666666666666666,0.788,0.12,0.025210084033613446,1.1919327731092437,0.28,0.029535864978902954,1.3964556962025316
rg3,2026,lightgbm_balanced,all,fixed_0.5,0.03228101061538906,0.5282800345721694,0.060271621546310154,0.23333630804558556,0.09411764705882353,0.06666666666666667,0.16,0.07315176152606263,1101,56,21,4,0.84,0.04840103716508211,1182,25,591,0.0,0.0,0.0,0.08,0.05555555555555555,2.6266666666666665,0.16,0.06666666666666667,3.152,0.16,0.03361344537815126,1.5892436974789916,0.24,0.02531645569620253,1.1969620253164557
rg3,2026,lightgbm_balanced,all,inner_f1,0.03228101061538906,0.5282800345721694,0.060271621546310154,0.23333630804558556,0.06282722513089005,0.03614457831325301,0.24,0.042121622013433946,997,160,19,6,0.76,0.13828867761452032,1182,25,591,0.0,0.0,0.0,0.08,0.05555555555555555,2.6266666666666665,0.16,0.06666666666666667,3.152,0.16,0.03361344537815126,1.5892436974789916,0.24,0.02531645569620253,1.1969620253164557
rg3,2026,logistic,all,fixed_0.5,0.026961980262355252,0.4280898876404494,0.021064950738781604,0.11357267389641074,0.0,0.0,0.0,0.0,1157,0,25,0,1.0,0.0,1182,25,591,0.04,0.08333333333333333,3.94,0.08,0.05555555555555555,2.6266666666666665,0.08,0.03333333333333333,1.576,0.12,0.025210084033613446,1.1919327731092437,0.16,0.016877637130801686,0.7979746835443038
rg3,2026,logistic,all,inner_f1,0.026961980262355252,0.4280898876404494,0.021064950738781604,0.11357267389641074,0.03600654664484452,0.01877133105802048,0.44,-0.016396403058924668,582,575,14,11,0.56,0.4969749351771824,1182,25,591,0.04,0.08333333333333333,3.94,0.08,0.05555555555555555,2.6266666666666665,0.08,0.03333333333333333,1.576,0.12,0.025210084033613446,1.1919327731092437,0.16,0.016877637130801686,0.7979746835443038
rg3,2026,logistic_balanced,all,fixed_0.5,0.020485542449146826,0.4201382886776146,0.20964318002338336,0.6121671279220272,0.03183023872679045,0.017045454545454544,0.24,-0.018579790153456146,811,346,19,6,0.76,0.2990492653414002,1182,25,591,0.0,0.0,0.0,0.0,0.0,0.0,0.08,0.03333333333333333,1.576,0.12,0.025210084033613446,1.1919327731092437,0.2,0.02109704641350211,0.9974683544303797
rg3,2026,logistic_balanced,all,inner_f1,0.020485542449146826,0.4201382886776146,0.20964318002338336,0.6121671279220272,0.038834951456310676,0.02040816326530612,0.4,-0.004341908674899539,677,480,15,10,0.6,0.41486603284356094,1182,25,591,0.0,0.0,0.0,0.0,0.0,0.0,0.08,0.03333333333333333,1.576,0.12,0.025210084033613446,1.1919327731092437,0.2,0.02109704641350211,0.9974683544303797
rg3,2026,xgboost,all,fixed_0.5,0.01800360030402138,0.40499567847882456,0.020943240866301702,0.10764899176513036,0.0,0.0,0.0,0.0,1157,0,25,0,1.0,0.0,1182,25,591,0.0,0.0,0.0,0.0,0.0,0.0,0.0,0.0,0.0,0.04,0.008403361344537815,0.3973109243697479,0.16,0.016877637130801686,0.7979746835443038
rg3,2026,xgboost,all,inner_f1,0.01800360030402138,0.40499567847882456,0.020943240866301702,0.10764899176513036,0.03994673768308921,0.02066115702479339,0.6,-0.004292021362584287,446,711,10,15,0.4,0.6145203111495247,1182,25,591,0.0,0.0,0.0,0.0,0.0,0.0,0.0,0.0,0.0,0.04,0.008403361344537815,0.3973109243697479,0.16,0.016877637130801686,0.7979746835443038
rg3,2026,xgboost_balanced,all,fixed_0.5,0.030859221293762538,0.5177700950734657,0.05595592985150956,0.21829232294645368,0.0759493670886076,0.05555555555555555,0.12,0.05231716742586622,1106,51,22,3,0.88,0.04407951598962835,1182,25,591,0.04,0.08333333333333333,3.94,0.08,0.05555555555555555,2.6266666666666665,0.12,0.05,2.3640000000000003,0.12,0.025210084033613446,1.1919327731092437,0.24,0.02531645569620253,1.1969620253164557
rg3,2026,xgboost_balanced,all,inner_f1,0.030859221293762538,0.5177700950734657,0.05595592985150956,0.21829232294645368,0.037914691943127965,0.021505376344086023,0.16,0.001065544955922742,975,182,21,4,0.84,0.15730337078651685,1182,25,591,0.04,0.08333333333333333,3.94,0.08,0.05555555555555555,2.6266666666666665,0.12,0.05,2.3640000000000003,0.12,0.025210084033613446,1.1919327731092437,0.24,0.02531645569620253,1.1969620253164557
