scenario,seed,fold,model,selected_threshold,train_seconds_including_inner_cv,predict_seconds,policy,ap,roc_auc,brier,log_loss,f1,precision,recall,mcc,tn,fp,fn,tp,fnr,fpr,rows,positives,unique_scores,recall_at_1pct,precision_at_1pct,lift_at_1pct,recall_at_3pct,precision_at_3pct,lift_at_3pct,recall_at_5pct,precision_at_5pct,lift_at_5pct,recall_at_10pct,precision_at_10pct,lift_at_10pct,recall_at_20pct,precision_at_20pct,lift_at_20pct,variant,experiment,accuracy
cn7,42,0,dummy_prior,0.5,,,fixed_0.5,0.0123762376237623,0.5,0.0122292846606145,0.0668805073887151,0.0,0.0,0.0,0.0,399,0,5,0,1.0,0.0,404,5,1,0.0,0.0,0.0,0.0,0.0,0.0,0.0,0.0,0.0,0.0,0.0,0.0,0.2,0.0123456790123456,0.9975308641975308,with_side,existing_side_feature,0.9876237623762376
cn7,42,0,dummy_prior,0.5,,,inner_f1,0.0123762376237623,0.5,0.0122292846606145,0.0668805073887151,0.0,0.0,0.0,0.0,399,0,5,0,1.0,0.0,404,5,1,0.0,0.0,0.0,0.0,0.0,0.0,0.0,0.0,0.0,0.0,0.0,0.0,0.2,0.0123456790123456,0.9975308641975308,with_side,existing_side_feature,0.9876237623762376
cn7,42,0,logistic,0.5241597983414674,,,fixed_0.5,0.7216666666666667,0.987468671679198,0.0058677451282968,0.0238767677980828,0.75,1.0,0.6,0.7726625921427529,399,0,2,3,0.4,0.0,404,5,404,0.6,0.6,48.48,0.8,0.3076923076923077,24.861538461538466,0.8,0.1904761904761904,15.390476190476187,1.0,0.1219512195121951,9.853658536585366,1.0,0.0617283950617283,4.987654320987653,with_side,existing_side_feature,0.995049504950495
cn7,42,0,logistic,0.5241597983414674,,,inner_f1,0.7216666666666667,0.987468671679198,0.0058677451282968,0.0238767677980828,0.75,1.0,0.6,0.7726625921427529,399,0,2,3,0.4,0.0,404,5,404,0.6,0.6,48.48,0.8,0.3076923076923077,24.861538461538466,0.8,0.1904761904761904,15.390476190476187,1.0,0.1219512195121951,9.853658536585366,1.0,0.0617283950617283,4.987654320987653,with_side,existing_side_feature,0.995049504950495
cn7,42,0,logistic_balanced,0.760075210245874,,,fixed_0.5,0.75,0.993483709273183,0.0316171327729589,0.1093095803841562,0.3846153846153846,0.238095238095238,1.0,0.4780664800784793,383,16,0,5,0.0,0.0401002506265664,404,5,404,0.6,0.6,48.48,0.8,0.3076923076923077,24.861538461538466,1.0,0.238095238095238,19.23809523809524,1.0,0.1219512195121951,9.853658536585366,1.0,0.0617283950617283,4.987654320987653,with_side,existing_side_feature,0.9603960396039604
cn7,42,0,logistic_balanced,0.760075210245874,,,inner_f1,0.75,0.993483709273183,0.0316171327729589,0.1093095803841562,0.4761904761904761,0.3125,1.0,0.5512573915871319,388,11,0,5,0.0,0.0275689223057644,404,5,404,0.6,0.6,48.48,0.8,0.3076923076923077,24.861538461538466,1.0,0.238095238095238,19.23809523809524,1.0,0.1219512195121951,9.853658536585366,1.0,0.0617283950617283,4.987654320987653,with_side,existing_side_feature,0.9727722772277227
cn7,42,0,xgboost,0.0593959651887416,,,fixed_0.5,0.4833333333333333,0.949874686716792,0.0108914894224919,0.0465304488091316,0.0,0.0,0.0,0.0,399,0,5,0,1.0,0.0,404,5,284,0.4,0.4,32.32,0.6,0.2307692307692307,18.646153846153847,0.8,0.1904761904761904,15.390476190476187,0.8,0.0975609756097561,7.882926829268293,0.8,0.0493827160493827,3.990123456790123,with_side,existing_side_feature,0.9876237623762376
cn7,42,0,xgboost,0.0593959651887416,,,inner_f1,0.4833333333333333,0.949874686716792,0.0108914894224919,0.0465304488091316,0.2608695652173913,0.1666666666666666,0.6,0.3013640904890551,384,15,2,3,0.4,0.037593984962406,404,5,284,0.4,0.4,32.32,0.6,0.2307692307692307,18.646153846153847,0.8,0.1904761904761904,15.390476190476187,0.8,0.0975609756097561,7.882926829268293,0.8,0.0493827160493827,3.990123456790123,with_side,existing_side_feature,0.9579207920792079
cn7,42,0,xgboost_balanced,0.5571872591972351,,,fixed_0.5,0.78,0.9769423558897244,0.0119485546452495,0.0473617381697585,0.4705882352941176,0.3333333333333333,0.8,0.5079307270825115,391,8,1,4,0.2,0.0200501253132832,404,5,404,0.8,0.8,64.64,0.8,0.3076923076923077,24.861538461538466,0.8,0.1904761904761904,15.390476190476187,0.8,0.0975609756097561,7.882926829268293,1.0,0.0617283950617283,4.987654320987653,with_side,existing_side_feature,0.9777227722772277
cn7,42,0,xgboost_balanced,0.5571872591972351,,,inner_f1,0.78,0.9769423558897244,0.0119485546452495,0.0473617381697585,0.7272727272727273,0.6666666666666666,0.8,0.7266320869805317,397,2,1,4,0.2,0.0050125313283208,404,5,404,0.8,0.8,64.64,0.8,0.3076923076923077,24.861538461538466,0.8,0.1904761904761904,15.390476190476187,0.8,0.0975609756097561,7.882926829268293,1.0,0.0617283950617283,4.987654320987653,with_side,existing_side_feature,0.9925742574257426
cn7,42,0,extratrees,0.3811111111111111,,,fixed_0.5,0.5859649122807018,0.9859649122807016,0.0082142514032607,0.0296548793279785,0.4444444444444444,0.5,0.4,0.4410570578970503,397,2,3,2,0.6,0.0050125313283208,404,5,89,0.4,0.4,32.32,0.8,0.3076923076923077,24.861538461538466,1.0,0.238095238095238,19.23809523809524,1.0,0.1219512195121951,9.853658536585366,1.0,0.0617283950617283,4.987654320987653,with_side,existing_side_feature,0.9876237623762376
cn7,42,0,extratrees,0.3811111111111111,,,inner_f1,0.5859649122807018,0.9859649122807016,0.0082142514032607,0.0296548793279785,0.4444444444444444,0.5,0.4,0.4410570578970503,397,2,3,2,0.6,0.0050125313283208,404,5,89,0.4,0.4,32.32,0.8,0.3076923076923077,24.861538461538466,1.0,0.238095238095238,19.23809523809524,1.0,0.1219512195121951,9.853658536585366,1.0,0.0617283950617283,4.987654320987653,with_side,existing_side_feature,0.9876237623762376
cn7,42,0,extratrees_balanced,0.547058753374126,,,fixed_0.5,0.6003703703703704,0.9849624060150376,0.0187349677161936,0.0553196258594222,0.4210526315789473,0.2857142857142857,0.8,0.4684267826478821,389,10,1,4,0.2,0.025062656641604,404,5,70,0.6,0.6,48.48,0.8,0.3076923076923077,24.861538461538466,0.8,0.1904761904761904,15.390476190476187,1.0,0.1219512195121951,9.853658536585366,1.0,0.0617283950617283,4.987654320987653,with_side,existing_side_feature,0.9727722772277227
cn7,42,0,extratrees_balanced,0.547058753374126,,,inner_f1,0.6003703703703704,0.9849624060150376,0.0187349677161936,0.0553196258594222,0.5,0.3636363636363636,0.8,0.5315435288259233,392,7,1,4,0.2,0.0175438596491228,404,5,70,0.6,0.6,48.48,0.8,0.3076923076923077,24.861538461538466,0.8,0.1904761904761904,15.390476190476187,1.0,0.1219512195121951,9.853658536585366,1.0,0.0617283950617283,4.987654320987653,with_side,existing_side_feature,0.9801980198019802
cn7,42,0,catboost,0.1602454961739274,,,fixed_0.5,0.5961469534050179,0.9819548872180452,0.0069700058677913,0.0294853762138244,0.5714285714285714,1.0,0.4,0.630091204011875,399,0,3,2,0.6,0.0,404,5,404,0.4,0.4,32.32,0.8,0.3076923076923077,24.861538461538466,0.8,0.1904761904761904,15.390476190476187,1.0,0.1219512195121951,9.853658536585366,1.0,0.0617283950617283,4.987654320987653,with_side,existing_side_feature,0.9925742574257426
cn7,42,0,catboost,0.1602454961739274,,,inner_f1,0.5961469534050179,0.9819548872180452,0.0069700058677913,0.0294853762138244,0.5714285714285714,1.0,0.4,0.630091204011875,399,0,3,2,0.6,0.0,404,5,404,0.4,0.4,32.32,0.8,0.3076923076923077,24.861538461538466,0.8,0.1904761904761904,15.390476190476187,1.0,0.1219512195121951,9.853658536585366,1.0,0.0617283950617283,4.987654320987653,with_side,existing_side_feature,0.9925742574257426
cn7,42,0,catboost_balanced,0.2230821944833899,,,fixed_0.5,0.6909090909090909,0.993483709273183,0.013671578039091,0.0508815347591713,0.5882352941176471,0.4166666666666667,1.0,0.6398099132915954,392,7,0,5,0.0,0.0175438596491228,404,5,404,0.4,0.4,32.32,1.0,0.3846153846153846,31.07692307692308,1.0,0.238095238095238,19.23809523809524,1.0,0.1219512195121951,9.853658536585366,1.0,0.0617283950617283,4.987654320987653,with_side,existing_side_feature,0.9826732673267327
cn7,42,0,catboost_balanced,0.2230821944833899,,,inner_f1,0.6909090909090909,0.993483709273183,0.013671578039091,0.0508815347591713,0.3448275862068966,0.2083333333333333,1.0,0.445435403187374,380,19,0,5,0.0,0.0476190476190476,404,5,404,0.4,0.4,32.32,1.0,0.3846153846153846,31.07692307692308,1.0,0.238095238095238,19.23809523809524,1.0,0.1219512195121951,9.853658536585366,1.0,0.0617283950617283,4.987654320987653,with_side,existing_side_feature,0.9529702970297029
cn7,42,0,lightgbm,0.0481487124873974,,,fixed_0.5,0.6344827586206896,0.981453634085213,0.0091628850355889,0.0347132385526427,0.0,0.0,0.0,0.0,399,0,5,0,1.0,0.0,404,5,404,0.6,0.6,48.48,0.6,0.2307692307692307,18.646153846153847,0.8,0.1904761904761904,15.390476190476187,1.0,0.1219512195121951,9.853658536585366,1.0,0.0617283950617283,4.987654320987653,with_side,existing_side_feature,0.9876237623762376
cn7,42,0,lightgbm,0.0481487124873974,,,inner_f1,0.6344827586206896,0.981453634085213,0.0091628850355889,0.0347132385526427,0.3478260869565217,0.2222222222222222,0.8,0.4098766507008004,385,14,1,4,0.2,0.0350877192982456,404,5,404,0.6,0.6,48.48,0.6,0.2307692307692307,18.646153846153847,0.8,0.1904761904761904,15.390476190476187,1.0,0.1219512195121951,9.853658536585366,1.0,0.0617283950617283,4.987654320987653,with_side,existing_side_feature,0.9628712871287128
cn7,42,0,lightgbm_balanced,0.4725382745354562,,,fixed_0.5,0.8344827586206895,0.98796992481203,0.0137353532795056,0.051277109123595,0.4444444444444444,0.3076923076923077,0.8,0.4870575647032308,390,9,1,4,0.2,0.0225563909774436,404,5,404,0.8,0.8,64.64,0.8,0.3076923076923077,24.861538461538466,0.8,0.1904761904761904,15.390476190476187,1.0,0.1219512195121951,9.853658536585366,1.0,0.0617283950617283,4.987654320987653,with_side,existing_side_feature,0.9752475247524752
cn7,42,0,lightgbm_balanced,0.4725382745354562,,,inner_f1,0.8344827586206895,0.98796992481203,0.0137353532795056,0.051277109123595,0.4210526315789473,0.2857142857142857,0.8,0.4684267826478821,389,10,1,4,0.2,0.025062656641604,404,5,404,0.8,0.8,64.64,0.8,0.3076923076923077,24.861538461538466,0.8,0.1904761904761904,15.390476190476187,1.0,0.1219512195121951,9.853658536585366,1.0,0.0617283950617283,4.987654320987653,with_side,existing_side_feature,0.9727722772277227
cn7,42,1,dummy_prior,0.5,,,fixed_0.5,0.0173267326732673,0.5,0.0170508728019331,0.0883300961643208,0.0,0.0,0.0,0.0,397,0,7,0,1.0,0.0,404,7,1,0.0,0.0,0.0,0.0,0.0,0.0,0.0,0.0,0.0,0.1428571428571428,0.024390243902439,1.4076655052264808,0.2857142857142857,0.0246913580246913,1.425044091710758,with_side,existing_side_feature,0.9826732673267327
cn7,42,1,dummy_prior,0.5,,,inner_f1,0.0173267326732673,0.5,0.0170508728019331,0.0883300961643208,0.0,0.0,0.0,0.0,397,0,7,0,1.0,0.0,404,7,1,0.0,0.0,0.0,0.0,0.0,0.0,0.0,0.0,0.0,0.1428571428571428,0.024390243902439,1.4076655052264808,0.2857142857142857,0.0246913580246913,1.425044091710758,with_side,existing_side_feature,0.9826732673267327
cn7,42,1,logistic,0.3355393266525868,,,fixed_0.5,0.4314285714285714,0.9456639078805326,0.0126406214789136,0.0569489192439217,0.4444444444444444,1.0,0.2857142857142857,0.531187937969423,397,0,5,2,0.7142857142857143,0.0,404,7,404,0.2857142857142857,0.4,23.085714285714285,0.2857142857142857,0.1538461538461538,8.87912087912088,0.7142857142857143,0.238095238095238,13.741496598639454,0.8571428571428571,0.1463414634146341,8.445993031358883,0.8571428571428571,0.074074074074074,4.2751322751322745,with_side,existing_side_feature,0.9876237623762376
cn7,42,1,logistic,0.3355393266525868,,,inner_f1,0.4314285714285714,0.9456639078805326,0.0126406214789136,0.0569489192439217,0.4,0.6666666666666666,0.2857142857142857,0.4304251557615441,396,1,5,2,0.7142857142857143,0.0025188916876574,404,7,404,0.2857142857142857,0.4,23.085714285714285,0.2857142857142857,0.1538461538461538,8.87912087912088,0.7142857142857143,0.238095238095238,13.741496598639454,0.8571428571428571,0.1463414634146341,8.445993031358883,0.8571428571428571,0.074074074074074,4.2751322751322745,with_side,existing_side_feature,0.9851485148514851
cn7,42,1,logistic_balanced,0.4804504960376821,,,fixed_0.5,0.4509183218742042,0.9507016912558474,0.0222735680700254,0.0783711712581753,0.2222222222222222,0.1818181818181818,0.2857142857142857,0.210901896852013,388,9,5,2,0.7142857142857143,0.0226700251889168,404,7,404,0.2857142857142857,0.4,23.085714285714285,0.4285714285714285,0.2307692307692307,13.318681318681318,0.7142857142857143,0.238095238095238,13.741496598639454,0.8571428571428571,0.1463414634146341,8.445993031358883,0.8571428571428571,0.074074074074074,4.2751322751322745,with_side,existing_side_feature,0.9653465346534653
cn7,42,1,logistic_balanced,0.4804504960376821,,,inner_f1,0.4509183218742042,0.9507016912558474,0.0222735680700254,0.0783711712581753,0.2222222222222222,0.1818181818181818,0.2857142857142857,0.210901896852013,388,9,5,2,0.7142857142857143,0.0226700251889168,404,7,404,0.2857142857142857,0.4,23.085714285714285,0.4285714285714285,0.2307692307692307,13.318681318681318,0.7142857142857143,0.238095238095238,13.741496598639454,0.8571428571428571,0.1463414634146341,8.445993031358883,0.8571428571428571,0.074074074074074,4.2751322751322745,with_side,existing_side_feature,0.9653465346534653
cn7,42,1,xgboost,0.016293441876769,,,fixed_0.5,0.2388451010231525,0.8877293990644117,0.0162524191016757,0.0713727872729251,0.0,0.0,0.0,0.0,397,0,7,0,1.0,0.0,404,7,252,0.1428571428571428,0.2,11.542857142857144,0.2857142857142857,0.1538461538461538,8.87912087912088,0.4285714285714285,0.1428571428571428,8.244897959183673,0.5714285714285714,0.0975609756097561,5.630662020905923,0.5714285714285714,0.0493827160493827,2.850088183421516,with_side,existing_side_feature,0.9826732673267327
cn7,42,1,xgboost,0.016293441876769,,,inner_f1,0.2388451010231525,0.8877293990644117,0.0162524191016757,0.0713727872729251,0.1030927835051546,0.0555555555555555,0.7142857142857143,0.1568499729401895,312,85,2,5,0.2857142857142857,0.2141057934508816,404,7,252,0.1428571428571428,0.2,11.542857142857144,0.2857142857142857,0.1538461538461538,8.87912087912088,0.4285714285714285,0.1428571428571428,8.244897959183673,0.5714285714285714,0.0975609756097561,5.630662020905923,0.5714285714285714,0.0493827160493827,2.850088183421516,with_side,existing_side_feature,0.7846534653465347
cn7,42,1,xgboost_balanced,0.9233301877975464,,,fixed_0.5,0.3196283391405342,0.9701331414177762,0.0166665121829501,0.0585760086351847,0.4615384615384615,0.5,0.4285714285714285,0.4541762573042175,394,3,4,3,0.5714285714285714,0.0075566750629722,404,7,402,0.2857142857142857,0.4,23.085714285714285,0.5714285714285714,0.3076923076923077,17.75824175824176,0.7142857142857143,0.238095238095238,13.741496598639454,1.0,0.1707317073170731,9.853658536585366,1.0,0.0864197530864197,4.987654320987653,with_side,existing_side_feature,0.9826732673267327
cn7,42,1,xgboost_balanced,0.9233301877975464,,,inner_f1,0.3196283391405342,0.9701331414177762,0.0166665121829501,0.0585760086351847,0.0,0.0,0.0,0.0,397,0,7,0,1.0,0.0,404,7,402,0.2857142857142857,0.4,23.085714285714285,0.5714285714285714,0.3076923076923077,17.75824175824176,0.7142857142857143,0.238095238095238,13.741496598639454,1.0,0.1707317073170731,9.853658536585366,1.0,0.0864197530864197,4.987654320987653,with_side,existing_side_feature,0.9826732673267327
cn7,42,1,extratrees,0.4422222222222223,,,fixed_0.5,0.4503101573223524,0.965815041381792,0.0124788741945803,0.0482807209936515,0.4444444444444444,1.0,0.2857142857142857,0.531187937969423,397,0,5,2,0.7142857142857143,0.0,404,7,77,0.2857142857142857,0.4,23.085714285714285,0.4285714285714285,0.2307692307692307,13.318681318681318,0.5714285714285714,0.1904761904761904,10.993197278911564,1.0,0.1707317073170731,9.853658536585366,1.0,0.0864197530864197,4.987654320987653,with_side,existing_side_feature,0.9876237623762376
cn7,42,1,extratrees,0.4422222222222223,,,inner_f1,0.4503101573223524,0.965815041381792,0.0124788741945803,0.0482807209936515,0.4444444444444444,1.0,0.2857142857142857,0.531187937969423,397,0,5,2,0.7142857142857143,0.0,404,7,77,0.2857142857142857,0.4,23.085714285714285,0.4285714285714285,0.2307692307692307,13.318681318681318,0.5714285714285714,0.1904761904761904,10.993197278911564,1.0,0.1707317073170731,9.853658536585366,1.0,0.0864197530864197,4.987654320987653,with_side,existing_side_feature,0.9876237623762376
cn7,42,1,extratrees_balanced,0.0714128594212125,,,fixed_0.5,0.2131662806947772,0.8911478949262324,0.0243314490802223,0.1529023659660828,0.3,0.2307692307692307,0.4285714285714285,0.2982643066445019,387,10,4,3,0.5714285714285714,0.0251889168765743,404,7,49,0.1428571428571428,0.2,11.542857142857144,0.4285714285714285,0.2307692307692307,13.318681318681318,0.5714285714285714,0.1904761904761904,10.993197278911564,0.8571428571428571,0.1463414634146341,8.445993031358883,0.8571428571428571,0.074074074074074,4.2751322751322745,with_side,existing_side_feature,0.9653465346534653
cn7,42,1,extratrees_balanced,0.0714128594212125,,,inner_f1,0.2131662806947772,0.8911478949262324,0.0243314490802223,0.1529023659660828,0.2553191489361702,0.15,0.8571428571428571,0.3370542597075524,363,34,1,6,0.1428571428571428,0.0856423173803526,404,7,49,0.1428571428571428,0.2,11.542857142857144,0.4285714285714285,0.2307692307692307,13.318681318681318,0.5714285714285714,0.1904761904761904,10.993197278911564,0.8571428571428571,0.1463414634146341,8.445993031358883,0.8571428571428571,0.074074074074074,4.2751322751322745,with_side,existing_side_feature,0.9133663366336634
cn7,42,1,catboost,0.4220965270049508,,,fixed_0.5,0.474351541315827,0.974091399784095,0.0135348366172125,0.0568331265815769,0.4444444444444444,1.0,0.2857142857142857,0.531187937969423,397,0,5,2,0.7142857142857143,0.0,404,7,404,0.2857142857142857,0.4,23.085714285714285,0.4285714285714285,0.2307692307692307,13.318681318681318,0.7142857142857143,0.238095238095238,13.741496598639454,1.0,0.1707317073170731,9.853658536585366,1.0,0.0864197530864197,4.987654320987653,with_side,existing_side_feature,0.9876237623762376
cn7,42,1,catboost,0.4220965270049508,,,inner_f1,0.474351541315827,0.974091399784095,0.0135348366172125,0.0568331265815769,0.4444444444444444,1.0,0.2857142857142857,0.531187937969423,397,0,5,2,0.7142857142857143,0.0,404,7,404,0.2857142857142857,0.4,23.085714285714285,0.4285714285714285,0.2307692307692307,13.318681318681318,0.7142857142857143,0.238095238095238,13.741496598639454,1.0,0.1707317073170731,9.853658536585366,1.0,0.0864197530864197,4.987654320987653,with_side,existing_side_feature,0.9876237623762376
cn7,42,1,catboost_balanced,0.7918313162388438,,,fixed_0.5,0.5239598538470719,0.9856063332133862,0.0127796839637867,0.0471688412990668,0.3636363636363636,0.5,0.2857142857142857,0.3699051160639013,395,2,5,2,0.7142857142857143,0.0050377833753148,404,7,404,0.2857142857142857,0.4,23.085714285714285,0.7142857142857143,0.3846153846153846,22.1978021978022,1.0,0.3333333333333333,19.238095238095237,1.0,0.1707317073170731,9.853658536585366,1.0,0.0864197530864197,4.987654320987653,with_side,existing_side_feature,0.9826732673267327
cn7,42,1,catboost_balanced,0.7918313162388438,,,inner_f1,0.5239598538470719,0.9856063332133862,0.0127796839637867,0.0471688412990668,0.0,0.0,0.0,0.0,397,0,7,0,1.0,0.0,404,7,404,0.2857142857142857,0.4,23.085714285714285,0.7142857142857143,0.3846153846153846,22.1978021978022,1.0,0.3333333333333333,19.238095238095237,1.0,0.1707317073170731,9.853658536585366,1.0,0.0864197530864197,4.987654320987653,with_side,existing_side_feature,0.9826732673267327
cn7,42,1,lightgbm,0.1200611913653041,,,fixed_0.5,0.2600998208141065,0.9650953580424612,0.0151751276421994,0.0555235247192586,0.0,0.0,0.0,0.0,397,0,7,0,1.0,0.0,404,7,394,0.1428571428571428,0.2,11.542857142857144,0.4285714285714285,0.2307692307692307,13.318681318681318,0.5714285714285714,0.1904761904761904,10.993197278911564,1.0,0.1707317073170731,9.853658536585366,1.0,0.0864197530864197,4.987654320987653,with_side,existing_side_feature,0.9826732673267327
cn7,42,1,lightgbm,0.1200611913653041,,,inner_f1,0.2600998208141065,0.9650953580424612,0.0151751276421994,0.0555235247192586,0.4,0.375,0.4285714285714285,0.3896018175301876,392,5,4,3,0.5714285714285714,0.0125944584382871,404,7,394,0.1428571428571428,0.2,11.542857142857144,0.4285714285714285,0.2307692307692307,13.318681318681318,0.5714285714285714,0.1904761904761904,10.993197278911564,1.0,0.1707317073170731,9.853658536585366,1.0,0.0864197530864197,4.987654320987653,with_side,existing_side_feature,0.9777227722772277
cn7,42,1,lightgbm_balanced,0.6361558539709234,,,fixed_0.5,0.4189952904238618,0.9820079165167328,0.017100944425432,0.0609124622300727,0.5714285714285714,0.4285714285714285,0.8571428571428571,0.5971303091275972,389,8,1,6,0.1428571428571428,0.0201511335012594,404,7,402,0.2857142857142857,0.4,23.085714285714285,0.8571428571428571,0.4615384615384615,26.637362637362635,0.8571428571428571,0.2857142857142857,16.489795918367346,1.0,0.1707317073170731,9.853658536585366,1.0,0.0864197530864197,4.987654320987653,with_side,existing_side_feature,0.9777227722772277
cn7,42,1,lightgbm_balanced,0.6361558539709234,,,inner_f1,0.4189952904238618,0.9820079165167328,0.017100944425432,0.0609124622300727,0.1818181818181818,0.25,0.1428571428571428,0.1783132354359319,394,3,6,1,0.8571428571428571,0.0075566750629722,404,7,402,0.2857142857142857,0.4,23.085714285714285,0.8571428571428571,0.4615384615384615,26.637362637362635,0.8571428571428571,0.2857142857142857,16.489795918367346,1.0,0.1707317073170731,9.853658536585366,1.0,0.0864197530864197,4.987654320987653,with_side,existing_side_feature,0.9777227722772277
cn7,42,2,dummy_prior,0.5,,,fixed_0.5,0.0124069478908188,0.5,0.0122589912972576,0.0670062043895707,0.0,0.0,0.0,0.0,398,0,5,0,1.0,0.0,403,5,1,0.0,0.0,0.0,0.0,0.0,0.0,0.0,0.0,0.0,0.0,0.0,0.0,0.0,0.0,0.0,with_side,existing_side_feature,0.9875930521091811
cn7,42,2,dummy_prior,0.5,,,inner_f1,0.0124069478908188,0.5,0.0122589912972576,0.0670062043895707,0.0,0.0,0.0,0.0,398,0,5,0,1.0,0.0,403,5,1,0.0,0.0,0.0,0.0,0.0,0.0,0.0,0.0,0.0,0.0,0.0,0.0,0.0,0.0,0.0,with_side,existing_side_feature,0.9875930521091811
cn7,42,2,logistic,0.7589361952103026,,,fixed_0.5,0.4866133866133866,0.9643216080402012,0.0082805792950503,0.0361692841254973,0.5714285714285714,1.0,0.4,0.6300852968422277,398,0,3,2,0.6,0.0,403,5,403,0.4,0.4,32.24,0.4,0.1538461538461538,12.4,0.4,0.0952380952380952,7.676190476190476,1.0,0.1219512195121951,9.829268292682926,1.0,0.0617283950617283,4.975308641975308,with_side,existing_side_feature,0.9925558312655087
cn7,42,2,logistic,0.7589361952103026,,,inner_f1,0.4866133866133866,0.9643216080402012,0.0082805792950503,0.0361692841254973,0.5714285714285714,1.0,0.4,0.6300852968422277,398,0,3,2,0.6,0.0,403,5,403,0.4,0.4,32.24,0.4,0.1538461538461538,12.4,0.4,0.0952380952380952,7.676190476190476,1.0,0.1219512195121951,9.829268292682926,1.0,0.0617283950617283,4.975308641975308,with_side,existing_side_feature,0.9925558312655087
cn7,42,2,logistic_balanced,0.9632708053665926,,,fixed_0.5,0.491962091962092,0.9658291457286432,0.0330630272584515,0.1047330709894643,0.1818181818181818,0.1176470588235294,0.4,0.1995219191353597,383,15,3,2,0.6,0.0376884422110552,403,5,403,0.4,0.4,32.24,0.4,0.1538461538461538,12.4,0.6,0.1428571428571428,11.514285714285712,1.0,0.1219512195121951,9.829268292682926,1.0,0.0617283950617283,4.975308641975308,with_side,existing_side_feature,0.9553349875930521
cn7,42,2,logistic_balanced,0.9632708053665926,,,inner_f1,0.491962091962092,0.9658291457286432,0.0330630272584515,0.1047330709894643,0.5,0.6666666666666666,0.4,0.511869582034062,397,1,3,2,0.6,0.0025125628140703,403,5,403,0.4,0.4,32.24,0.4,0.1538461538461538,12.4,0.6,0.1428571428571428,11.514285714285712,1.0,0.1219512195121951,9.829268292682926,1.0,0.0617283950617283,4.975308641975308,with_side,existing_side_feature,0.9900744416873449
cn7,42,2,xgboost,0.0945843458175659,,,fixed_0.5,0.0550058356676003,0.8663316582914573,0.0123333408338868,0.0597161590236257,0.0,0.0,0.0,0.0,398,0,5,0,1.0,0.0,403,5,305,0.0,0.0,0.0,0.0,0.0,0.0,0.2,0.0476190476190476,3.838095238095238,0.2,0.024390243902439,1.9658536585365851,0.8,0.0493827160493827,3.9802469135802463,with_side,existing_side_feature,0.9875930521091811
cn7,42,2,xgboost,0.0945843458175659,,,inner_f1,0.0550058356676003,0.8663316582914573,0.0123333408338868,0.0597161590236257,0.0952380952380952,0.0625,0.2,0.0920153982853589,383,15,4,1,0.8,0.0376884422110552,403,5,305,0.0,0.0,0.0,0.0,0.0,0.0,0.2,0.0476190476190476,3.838095238095238,0.2,0.024390243902439,1.9658536585365851,0.8,0.0493827160493827,3.9802469135802463,with_side,existing_side_feature,0.9528535980148883
cn7,42,2,xgboost_balanced,0.5887489318847656,,,fixed_0.5,0.1579012345679012,0.9407035175879398,0.0221140733117066,0.0763103308293722,0.2352941176470588,0.1666666666666666,0.4,0.2441368223428509,388,10,3,2,0.6,0.0251256281407035,403,5,403,0.0,0.0,0.0,0.4,0.1538461538461538,12.4,0.8,0.1904761904761904,15.352380952380951,0.8,0.0975609756097561,7.863414634146341,1.0,0.0617283950617283,4.975308641975308,with_side,existing_side_feature,0.967741935483871
cn7,42,2,xgboost_balanced,0.5887489318847656,,,inner_f1,0.1579012345679012,0.9407035175879398,0.0221140733117066,0.0763103308293722,0.1428571428571428,0.1111111111111111,0.2,0.1347681053392225,390,8,4,1,0.8,0.0201005025125628,403,5,403,0.0,0.0,0.0,0.4,0.1538461538461538,12.4,0.8,0.1904761904761904,15.352380952380951,0.8,0.0975609756097561,7.863414634146341,1.0,0.0617283950617283,4.975308641975308,with_side,existing_side_feature,0.9702233250620348
cn7,42,2,extratrees,0.1396666666666667,,,fixed_0.5,0.4627755072252226,0.8610552763819096,0.0103169249064277,0.1187547324323611,0.5714285714285714,1.0,0.4,0.6300852968422277,398,0,3,2,0.6,0.0,403,5,46,0.4,0.4,32.24,0.4,0.1538461538461538,12.4,0.6,0.1428571428571428,11.514285714285712,0.8,0.0975609756097561,7.863414634146341,0.8,0.0493827160493827,3.9802469135802463,with_side,existing_side_feature,0.9925558312655087
cn7,42,2,extratrees,0.1396666666666667,,,inner_f1,0.4627755072252226,0.8610552763819096,0.0103169249064277,0.1187547324323611,0.2608695652173913,0.1666666666666666,0.6,0.3013262251502898,383,15,2,3,0.4,0.0376884422110552,403,5,46,0.4,0.4,32.24,0.4,0.1538461538461538,12.4,0.6,0.1428571428571428,11.514285714285712,0.8,0.0975609756097561,7.863414634146341,0.8,0.0493827160493827,3.9802469135802463,with_side,existing_side_feature,0.9578163771712159
cn7,42,2,extratrees_balanced,0.7183517054068252,,,fixed_0.5,0.2030421865715983,0.9608040201005024,0.0216239129483686,0.0699357332983992,0.4444444444444444,0.3076923076923077,0.8,0.4870345778966845,389,9,1,4,0.2,0.0226130653266331,403,5,65,0.0,0.0,0.0,0.8,0.3076923076923077,24.8,0.8,0.1904761904761904,15.352380952380951,0.8,0.0975609756097561,7.863414634146341,1.0,0.0617283950617283,4.975308641975308,with_side,existing_side_feature,0.9751861042183623
cn7,42,2,extratrees_balanced,0.7183517054068252,,,inner_f1,0.2030421865715983,0.9608040201005024,0.0216239129483686,0.0699357332983992,0.0,0.0,0.0,-0.0125628140703517,393,5,5,0,1.0,0.0125628140703517,403,5,65,0.0,0.0,0.0,0.8,0.3076923076923077,24.8,0.8,0.1904761904761904,15.352380952380951,0.8,0.0975609756097561,7.863414634146341,1.0,0.0617283950617283,4.975308641975308,with_side,existing_side_feature,0.9751861042183623
cn7,42,2,catboost,0.0757992241755167,,,fixed_0.5,0.5459259259259259,0.9311557788944724,0.0075403447869698,0.0382390848011352,0.5714285714285714,1.0,0.4,0.6300852968422277,398,0,3,2,0.6,0.0,403,5,403,0.6,0.6,48.35999999999999,0.6,0.2307692307692307,18.6,0.6,0.1428571428571428,11.514285714285712,0.6,0.073170731707317,5.897560975609755,0.8,0.0493827160493827,3.9802469135802463,with_side,existing_side_feature,0.9925558312655087
cn7,42,2,catboost,0.0757992241755167,,,inner_f1,0.5459259259259259,0.9311557788944724,0.0075403447869698,0.0382390848011352,0.3529411764705882,0.25,0.6,0.3760230681929434,389,9,2,3,0.4,0.0226130653266331,403,5,403,0.6,0.6,48.35999999999999,0.6,0.2307692307692307,18.6,0.6,0.1428571428571428,11.514285714285712,0.6,0.073170731707317,5.897560975609755,0.8,0.0493827160493827,3.9802469135802463,with_side,existing_side_feature,0.9727047146401985
cn7,42,2,catboost_balanced,0.2285335783703334,,,fixed_0.5,0.523030303030303,0.9597989949748744,0.0196201460854211,0.0675904585068252,0.2666666666666666,0.2,0.4,0.2703329490340776,390,8,3,2,0.6,0.0201005025125628,403,5,403,0.4,0.4,32.24,0.6,0.2307692307692307,18.6,0.8,0.1904761904761904,15.352380952380951,0.8,0.0975609756097561,7.863414634146341,1.0,0.0617283950617283,4.975308641975308,with_side,existing_side_feature,0.9727047146401985
cn7,42,2,catboost_balanced,0.2285335783703334,,,inner_f1,0.523030303030303,0.9597989949748744,0.0196201460854211,0.0675904585068252,0.3076923076923077,0.1904761904761904,0.8,0.3771771592795822,381,17,1,4,0.2,0.0427135678391959,403,5,403,0.4,0.4,32.24,0.6,0.2307692307692307,18.6,0.8,0.1904761904761904,15.352380952380951,0.8,0.0975609756097561,7.863414634146341,1.0,0.0617283950617283,4.975308641975308,with_side,existing_side_feature,0.9553349875930521
cn7,42,2,lightgbm,0.0276693466084221,,,fixed_0.5,0.1209685663174035,0.929145728643216,0.0126404665989226,0.052048805108555,0.0,0.0,0.0,0.0,398,0,5,0,1.0,0.0,403,5,399,0.0,0.0,0.0,0.2,0.0769230769230769,6.2,0.6,0.1428571428571428,11.514285714285712,0.8,0.0975609756097561,7.863414634146341,0.8,0.0493827160493827,3.9802469135802463,with_side,existing_side_feature,0.9875930521091811
cn7,42,2,lightgbm,0.0276693466084221,,,inner_f1,0.1209685663174035,0.929145728643216,0.0126404665989226,0.052048805108555,0.2105263157894736,0.1212121212121212,0.8,0.2935514033754271,369,29,1,4,0.2,0.0728643216080402,403,5,399,0.0,0.0,0.0,0.2,0.0769230769230769,6.2,0.6,0.1428571428571428,11.514285714285712,0.8,0.0975609756097561,7.863414634146341,0.8,0.0493827160493827,3.9802469135802463,with_side,existing_side_feature,0.9255583126550868
cn7,42,2,lightgbm_balanced,0.7608547115989,,,fixed_0.5,0.1869866049443514,0.9497487437185932,0.0253630555562811,0.0864897568032368,0.4444444444444444,0.3076923076923077,0.8,0.4870345778966845,389,9,1,4,0.2,0.0226130653266331,403,5,401,0.0,0.0,0.0,0.8,0.3076923076923077,24.8,0.8,0.1904761904761904,15.352380952380951,0.8,0.0975609756097561,7.863414634146341,1.0,0.0617283950617283,4.975308641975308,with_side,existing_side_feature,0.9751861042183623
cn7,42,2,lightgbm_balanced,0.7608547115989,,,inner_f1,0.1869866049443514,0.9497487437185932,0.0253630555562811,0.0864897568032368,0.0,0.0,0.0,-0.0137791947374427,392,6,5,0,1.0,0.0150753768844221,403,5,401,0.0,0.0,0.0,0.8,0.3076923076923077,24.8,0.8,0.1904761904761904,15.352380952380951,0.8,0.0975609756097561,7.863414634146341,1.0,0.0617283950617283,4.975308641975308,with_side,existing_side_feature,0.9727047146401985
cn7,1729,0,dummy_prior,0.5,,,fixed_0.5,0.0074257425742574,0.5,0.0074690561467805,0.0474764309817809,0.0,0.0,0.0,0.0,401,0,3,0,1.0,0.0,404,3,1,0.0,0.0,0.0,0.0,0.0,0.0,0.0,0.0,0.0,0.0,0.0,0.0,0.3333333333333333,0.0123456790123456,1.662551440329218,with_side,existing_side_feature,0.9925742574257426
cn7,1729,0,dummy_prior,0.5,,,inner_f1,0.0074257425742574,0.5,0.0074690561467805,0.0474764309817809,0.0,0.0,0.0,0.0,401,0,3,0,1.0,0.0,404,3,1,0.0,0.0,0.0,0.0,0.0,0.0,0.0,0.0,0.0,0.0,0.0,0.0,0.3333333333333333,0.0123456790123456,1.662551440329218,with_side,existing_side_feature,0.9925742574257426
cn7,1729,0,logistic,0.0959586264487283,,,fixed_0.5,0.7222222222222222,0.9875311720698254,0.0048689967290186,0.0196589289872756,0.6666666666666666,0.6666666666666666,0.6666666666666666,0.6641729010806318,400,1,1,2,0.3333333333333333,0.0024937655860349,404,3,404,0.6666666666666666,0.4,53.866666666666674,0.6666666666666666,0.1538461538461538,20.71794871794872,1.0,0.1428571428571428,19.23809523809524,1.0,0.073170731707317,9.853658536585366,1.0,0.037037037037037,4.987654320987654,with_side,existing_side_feature,0.995049504950495
cn7,1729,0,logistic,0.0959586264487283,,,inner_f1,0.7222222222222222,0.9875311720698254,0.0048689967290186,0.0196589289872756,0.3076923076923077,0.2,0.6666666666666666,0.357354020339194,393,8,1,2,0.3333333333333333,0.0199501246882793,404,3,404,0.6666666666666666,0.4,53.866666666666674,0.6666666666666666,0.1538461538461538,20.71794871794872,1.0,0.1428571428571428,19.23809523809524,1.0,0.073170731707317,9.853658536585366,1.0,0.037037037037037,4.987654320987654,with_side,existing_side_feature,0.9777227722772277
cn7,1729,0,logistic_balanced,0.7961942728619567,,,fixed_0.5,0.6555555555555554,0.9933499584372402,0.0263159961163831,0.0964786811183924,0.3157894736842105,0.1875,1.0,0.425935965121566,388,13,0,3,0.0,0.0324189526184538,404,3,404,0.6666666666666666,0.4,53.866666666666674,1.0,0.2307692307692307,31.07692307692308,1.0,0.1428571428571428,19.23809523809524,1.0,0.073170731707317,9.853658536585366,1.0,0.037037037037037,4.987654320987654,with_side,existing_side_feature,0.9678217821782178
cn7,1729,0,logistic_balanced,0.7961942728619567,,,inner_f1,0.6555555555555554,0.9933499584372402,0.0263159961163831,0.0964786811183924,0.4,0.25,1.0,0.494357186082514,392,9,0,3,0.0,0.0224438902743142,404,3,404,0.6666666666666666,0.4,53.866666666666674,1.0,0.2307692307692307,31.07692307692308,1.0,0.1428571428571428,19.23809523809524,1.0,0.073170731707317,9.853658536585366,1.0,0.037037037037037,4.987654320987654,with_side,existing_side_feature,0.9777227722772277
cn7,1729,0,xgboost,0.0563508830964565,,,fixed_0.5,0.2575757575757575,0.9858686616791356,0.0067066166404082,0.0320721459984583,0.0,0.0,0.0,0.0,401,0,3,0,1.0,0.0,404,3,354,0.3333333333333333,0.2,26.933333333333337,1.0,0.2307692307692307,31.07692307692308,1.0,0.1428571428571428,19.23809523809524,1.0,0.073170731707317,9.853658536585366,1.0,0.037037037037037,4.987654320987654,with_side,existing_side_feature,0.9925742574257426
cn7,1729,0,xgboost,0.0563508830964565,,,inner_f1,0.2575757575757575,0.9858686616791356,0.0067066166404082,0.0320721459984583,0.2608695652173913,0.15,1.0,0.3789998651129192,384,17,0,3,0.0,0.0423940149625935,404,3,354,0.3333333333333333,0.2,26.933333333333337,1.0,0.2307692307692307,31.07692307692308,1.0,0.1428571428571428,19.23809523809524,1.0,0.073170731707317,9.853658536585366,1.0,0.037037037037037,4.987654320987654,with_side,existing_side_feature,0.9579207920792079
cn7,1729,0,xgboost_balanced,0.3825386464595794,,,fixed_0.5,0.8055555555555556,0.99833748960931,0.0088179395339241,0.0391979229179415,0.6666666666666666,0.5,1.0,0.7044567776811772,398,3,0,3,0.0,0.0074812967581047,404,3,403,1.0,0.6,80.8,1.0,0.2307692307692307,31.07692307692308,1.0,0.1428571428571428,19.23809523809524,1.0,0.073170731707317,9.853658536585366,1.0,0.037037037037037,4.987654320987654,with_side,existing_side_feature,0.9925742574257426
cn7,1729,0,xgboost_balanced,0.3825386464595794,,,inner_f1,0.8055555555555556,0.99833748960931,0.0088179395339241,0.0391979229179415,0.4285714285714285,0.2727272727272727,1.0,0.5169974174311409,393,8,0,3,0.0,0.0199501246882793,404,3,403,1.0,0.6,80.8,1.0,0.2307692307692307,31.07692307692308,1.0,0.1428571428571428,19.23809523809524,1.0,0.073170731707317,9.853658536585366,1.0,0.037037037037037,4.987654320987654,with_side,existing_side_feature,0.9801980198019802
cn7,1729,0,extratrees,0.41,,,fixed_0.5,0.7380952380952381,0.9908561928512052,0.0049464005702288,0.0195312539726133,0.5714285714285714,0.5,0.6666666666666666,0.5737467820463675,399,2,1,2,0.3333333333333333,0.0049875311720698,404,3,67,0.6666666666666666,0.4,53.866666666666674,0.6666666666666666,0.1538461538461538,20.71794871794872,1.0,0.1428571428571428,19.23809523809524,1.0,0.073170731707317,9.853658536585366,1.0,0.037037037037037,4.987654320987654,with_side,existing_side_feature,0.9925742574257426
cn7,1729,0,extratrees,0.41,,,inner_f1,0.7380952380952381,0.9908561928512052,0.0049464005702288,0.0195312539726133,0.5714285714285714,0.5,0.6666666666666666,0.5737467820463675,399,2,1,2,0.3333333333333333,0.0049875311720698,404,3,67,0.6666666666666666,0.4,53.866666666666674,0.6666666666666666,0.1538461538461538,20.71794871794872,1.0,0.1428571428571428,19.23809523809524,1.0,0.073170731707317,9.853658536585366,1.0,0.037037037037037,4.987654320987654,with_side,existing_side_feature,0.9925742574257426
cn7,1729,0,extratrees_balanced,0.0327818609894672,,,fixed_0.5,0.6666666666666667,0.9958437240232751,0.0147667598368921,0.0468385557998786,0.4615384615384615,0.3,1.0,0.5429208895127602,394,7,0,3,0.0,0.0174563591022443,404,3,59,0.6666666666666666,0.4,53.866666666666674,1.0,0.2307692307692307,31.07692307692308,1.0,0.1428571428571428,19.23809523809524,1.0,0.073170731707317,9.853658536585366,1.0,0.037037037037037,4.987654320987654,with_side,existing_side_feature,0.9826732673267327
cn7,1729,0,extratrees_balanced,0.0327818609894672,,,inner_f1,0.6666666666666667,0.9958437240232751,0.0147667598368921,0.0468385557998786,0.1463414634146341,0.0789473684210526,1.0,0.268433791379508,366,35,0,3,0.0,0.0872817955112219,404,3,59,0.6666666666666666,0.4,53.866666666666674,1.0,0.2307692307692307,31.07692307692308,1.0,0.1428571428571428,19.23809523809524,1.0,0.073170731707317,9.853658536585366,1.0,0.037037037037037,4.987654320987654,with_side,existing_side_feature,0.9133663366336634
cn7,1729,0,catboost,0.3842862846687829,,,fixed_0.5,0.8095238095238095,0.99667497921862,0.002560220834436,0.013654496413185,0.8,1.0,0.6666666666666666,0.8154804055732814,401,0,1,2,0.3333333333333333,0.0,404,3,404,0.6666666666666666,0.4,53.866666666666674,1.0,0.2307692307692307,31.07692307692308,1.0,0.1428571428571428,19.23809523809524,1.0,0.073170731707317,9.853658536585366,1.0,0.037037037037037,4.987654320987654,with_side,existing_side_feature,0.9975247524752475
cn7,1729,0,catboost,0.3842862846687829,,,inner_f1,0.8095238095238095,0.99667497921862,0.002560220834436,0.013654496413185,0.8,1.0,0.6666666666666666,0.8154804055732814,401,0,1,2,0.3333333333333333,0.0,404,3,404,0.6666666666666666,0.4,53.866666666666674,1.0,0.2307692307692307,31.07692307692308,1.0,0.1428571428571428,19.23809523809524,1.0,0.073170731707317,9.853658536585366,1.0,0.037037037037037,4.987654320987654,with_side,existing_side_feature,0.9975247524752475
cn7,1729,0,catboost_balanced,0.3302095302061109,,,fixed_0.5,0.7666666666666666,0.9941812136325852,0.012914525516428,0.0473965665345741,0.4,0.25,1.0,0.494357186082514,392,9,0,3,0.0,0.0224438902743142,404,3,404,0.6666666666666666,0.4,53.866666666666674,1.0,0.2307692307692307,31.07692307692308,1.0,0.1428571428571428,19.23809523809524,1.0,0.073170731707317,9.853658536585366,1.0,0.037037037037037,4.987654320987654,with_side,existing_side_feature,0.9777227722772277
cn7,1729,0,catboost_balanced,0.3302095302061109,,,inner_f1,0.7666666666666666,0.9941812136325852,0.012914525516428,0.0473965665345741,0.3333333333333333,0.2,1.0,0.4404712959927312,389,12,0,3,0.0,0.0299251870324189,404,3,404,0.6666666666666666,0.4,53.866666666666674,1.0,0.2307692307692307,31.07692307692308,1.0,0.1428571428571428,19.23809523809524,1.0,0.073170731707317,9.853658536585366,1.0,0.037037037037037,4.987654320987654,with_side,existing_side_feature,0.9702970297029703
cn7,1729,0,lightgbm,0.0581679013218966,,,fixed_0.5,0.625,0.9941812136325852,0.0050956276024727,0.0200483421680878,0.0,0.0,0.0,0.0,401,0,3,0,1.0,0.0,404,3,404,0.6666666666666666,0.4,53.866666666666674,1.0,0.2307692307692307,31.07692307692308,1.0,0.1428571428571428,19.23809523809524,1.0,0.073170731707317,9.853658536585366,1.0,0.037037037037037,4.987654320987654,with_side,existing_side_feature,0.9925742574257426
cn7,1729,0,lightgbm,0.0581679013218966,,,inner_f1,0.625,0.9941812136325852,0.0050956276024727,0.0200483421680878,0.3333333333333333,0.2,1.0,0.4404712959927312,389,12,0,3,0.0,0.0299251870324189,404,3,404,0.6666666666666666,0.4,53.866666666666674,1.0,0.2307692307692307,31.07692307692308,1.0,0.1428571428571428,19.23809523809524,1.0,0.073170731707317,9.853658536585366,1.0,0.037037037037037,4.987654320987654,with_side,existing_side_feature,0.9702970297029703
cn7,1729,0,lightgbm_balanced,0.41175194893418,,,fixed_0.5,0.8095238095238095,0.99667497921862,0.0119151590182967,0.0483002884470403,0.5,0.3333333333333333,1.0,0.5730146613842123,395,6,0,3,0.0,0.0149625935162094,404,3,402,0.6666666666666666,0.4,53.866666666666674,1.0,0.2307692307692307,31.07692307692308,1.0,0.1428571428571428,19.23809523809524,1.0,0.073170731707317,9.853658536585366,1.0,0.037037037037037,4.987654320987654,with_side,existing_side_feature,0.9851485148514851
cn7,1729,0,lightgbm_balanced,0.41175194893418,,,inner_f1,0.8095238095238095,0.99667497921862,0.0119151590182967,0.0483002884470403,0.4,0.25,1.0,0.494357186082514,392,9,0,3,0.0,0.0224438902743142,404,3,402,0.6666666666666666,0.4,53.866666666666674,1.0,0.2307692307692307,31.07692307692308,1.0,0.1428571428571428,19.23809523809524,1.0,0.073170731707317,9.853658536585366,1.0,0.037037037037037,4.987654320987654,with_side,existing_side_feature,0.9777227722772277
cn7,1729,1,dummy_prior,0.5,,,fixed_0.5,0.0247524752475247,0.5,0.0243983043154441,0.1260065341320366,0.0,0.0,0.0,0.0,394,0,10,0,1.0,0.0,404,10,1,0.0,0.0,0.0,0.0,0.0,0.0,0.0,0.0,0.0,0.1,0.024390243902439,0.9853658536585366,0.2,0.0246913580246913,0.9975308641975308,with_side,existing_side_feature,0.9752475247524752
cn7,1729,1,dummy_prior,0.5,,,inner_f1,0.0247524752475247,0.5,0.0243983043154441,0.1260065341320366,0.0,0.0,0.0,0.0,394,0,10,0,1.0,0.0,404,10,1,0.0,0.0,0.0,0.0,0.0,0.0,0.0,0.0,0.0,0.1,0.024390243902439,0.9853658536585366,0.2,0.0246913580246913,0.9975308641975308,with_side,existing_side_feature,0.9752475247524752
cn7,1729,1,logistic,0.2616606083669285,,,fixed_0.5,0.3989345749690577,0.9251269035532994,0.0189061291611034,0.0917769472600056,0.3333333333333333,1.0,0.2,0.4427413471740723,394,0,8,2,0.8,0.0,404,10,404,0.3,0.6,24.24,0.3,0.2307692307692307,9.323076923076924,0.4,0.1904761904761904,7.6952380952380945,0.8,0.1951219512195122,7.882926829268293,0.9,0.1111111111111111,4.488888888888888,with_side,existing_side_feature,0.9801980198019802
cn7,1729,1,logistic,0.2616606083669285,,,inner_f1,0.3989345749690577,0.9251269035532994,0.0189061291611034,0.0917769472600056,0.3333333333333333,1.0,0.2,0.4427413471740723,394,0,8,2,0.8,0.0,404,10,404,0.3,0.6,24.24,0.3,0.2307692307692307,9.323076923076924,0.4,0.1904761904761904,7.6952380952380945,0.8,0.1951219512195122,7.882926829268293,0.9,0.1111111111111111,4.488888888888888,with_side,existing_side_feature,0.9801980198019802
cn7,1729,1,logistic_balanced,0.9999654133393382,,,fixed_0.5,0.4226052712030299,0.915989847715736,0.0300437642083926,0.1114319254576798,0.2857142857142857,0.2727272727272727,0.3,0.2670182011599399,386,8,7,3,0.7,0.0203045685279187,404,10,404,0.3,0.6,24.24,0.4,0.3076923076923077,12.430769230769233,0.4,0.1904761904761904,7.6952380952380945,0.7,0.1707317073170731,6.897560975609756,0.8,0.0987654320987654,3.990123456790123,with_side,existing_side_feature,0.9628712871287128
cn7,1729,1,logistic_balanced,0.9999654133393382,,,inner_f1,0.4226052712030299,0.915989847715736,0.0300437642083926,0.1114319254576798,0.3333333333333333,1.0,0.2,0.4427413471740723,394,0,8,2,0.8,0.0,404,10,404,0.3,0.6,24.24,0.4,0.3076923076923077,12.430769230769233,0.4,0.1904761904761904,7.6952380952380945,0.7,0.1707317073170731,6.897560975609756,0.8,0.0987654320987654,3.990123456790123,with_side,existing_side_feature,0.9801980198019802
cn7,1729,1,xgboost,0.0200860109180212,,,fixed_0.5,0.1539818616233678,0.91497461928934,0.0236617531442582,0.1026290815293277,0.0,0.0,0.0,0.0,394,0,10,0,1.0,0.0,404,10,62,0.1,0.2,8.08,0.2,0.1538461538461538,6.215384615384616,0.3,0.1428571428571428,5.7714285714285705,0.6,0.1463414634146341,5.9121951219512185,0.9,0.1111111111111111,4.488888888888888,with_side,existing_side_feature,0.9752475247524752
cn7,1729,1,xgboost,0.0200860109180212,,,inner_f1,0.1539818616233678,0.91497461928934,0.0236617531442582,0.1026290815293277,0.2692307692307692,0.1666666666666666,0.7,0.3111210825012367,359,35,3,7,0.3,0.0888324873096446,404,10,62,0.1,0.2,8.08,0.2,0.1538461538461538,6.215384615384616,0.3,0.1428571428571428,5.7714285714285705,0.6,0.1463414634146341,5.9121951219512185,0.9,0.1111111111111111,4.488888888888888,with_side,existing_side_feature,0.905940594059406
cn7,1729,1,xgboost_balanced,0.6547686457633972,,,fixed_0.5,0.1606068596457778,0.8501269035532995,0.0317741517575638,0.1102187270543471,0.1904761904761904,0.1818181818181818,0.2,0.1691276809524846,385,9,8,2,0.8,0.0228426395939086,404,10,267,0.0,0.0,0.0,0.2,0.1538461538461538,6.215384615384616,0.3,0.1428571428571428,5.7714285714285705,0.7,0.1707317073170731,6.897560975609756,0.9,0.1111111111111111,4.488888888888888,with_side,existing_side_feature,0.9579207920792079
cn7,1729,1,xgboost_balanced,0.6547686457633972,,,inner_f1,0.1606068596457778,0.8501269035532995,0.0317741517575638,0.1102187270543471,0.0,0.0,0.0,-0.0195607714263123,388,6,10,0,1.0,0.015228426395939,404,10,267,0.0,0.0,0.0,0.2,0.1538461538461538,6.215384615384616,0.3,0.1428571428571428,5.7714285714285705,0.7,0.1707317073170731,6.897560975609756,0.9,0.1111111111111111,4.488888888888888,with_side,existing_side_feature,0.9603960396039604
cn7,1729,1,extratrees,0.4511111111111112,,,fixed_0.5,0.2957278522830642,0.8190355329949239,0.020402385099621,0.2560443281408981,0.3333333333333333,1.0,0.2,0.4427413471740723,394,0,8,2,0.8,0.0,404,10,43,0.2,0.4,16.16,0.3,0.2307692307692307,9.323076923076924,0.3,0.1428571428571428,5.7714285714285705,0.5,0.1219512195121951,4.926829268292683,0.8,0.0987654320987654,3.990123456790123,with_side,existing_side_feature,0.9801980198019802
cn7,1729,1,extratrees,0.4511111111111112,,,inner_f1,0.2957278522830642,0.8190355329949239,0.020402385099621,0.2560443281408981,0.3333333333333333,1.0,0.2,0.4427413471740723,394,0,8,2,0.8,0.0,404,10,43,0.2,0.4,16.16,0.3,0.2307692307692307,9.323076923076924,0.3,0.1428571428571428,5.7714285714285705,0.5,0.1219512195121951,4.926829268292683,0.8,0.0987654320987654,3.990123456790123,with_side,existing_side_feature,0.9801980198019802
cn7,1729,1,extratrees_balanced,0.4429959385702265,,,fixed_0.5,0.3562474312060042,0.8941624365482235,0.0233943565701893,0.1640634194626175,0.2666666666666666,0.4,0.2,0.27036448654906,391,3,8,2,0.8,0.0076142131979695,404,10,59,0.2,0.4,16.16,0.3,0.2307692307692307,9.323076923076924,0.4,0.1904761904761904,7.6952380952380945,0.7,0.1707317073170731,6.897560975609756,0.9,0.1111111111111111,4.488888888888888,with_side,existing_side_feature,0.9727722772277227
cn7,1729,1,extratrees_balanced,0.4429959385702265,,,inner_f1,0.3562474312060042,0.8941624365482235,0.0233943565701893,0.1640634194626175,0.3,0.3,0.3,0.282233502538071,387,7,7,3,0.7,0.0177664974619289,404,10,59,0.2,0.4,16.16,0.3,0.2307692307692307,9.323076923076924,0.4,0.1904761904761904,7.6952380952380945,0.7,0.1707317073170731,6.897560975609756,0.9,0.1111111111111111,4.488888888888888,with_side,existing_side_feature,0.9653465346534653
cn7,1729,1,catboost,0.7486307982887394,,,fixed_0.5,0.3050622217530072,0.8901015228426397,0.0207114053743344,0.115650519163054,0.3333333333333333,1.0,0.2,0.4427413471740723,394,0,8,2,0.8,0.0,404,10,404,0.2,0.4,16.16,0.3,0.2307692307692307,9.323076923076924,0.3,0.1428571428571428,5.7714285714285705,0.5,0.1219512195121951,4.926829268292683,0.7,0.0864197530864197,3.491358024691358,with_side,existing_side_feature,0.9801980198019802
cn7,1729,1,catboost,0.7486307982887394,,,inner_f1,0.3050622217530072,0.8901015228426397,0.0207114053743344,0.115650519163054,0.0,0.0,0.0,0.0,394,0,10,0,1.0,0.0,404,10,404,0.2,0.4,16.16,0.3,0.2307692307692307,9.323076923076924,0.3,0.1428571428571428,5.7714285714285705,0.5,0.1219512195121951,4.926829268292683,0.7,0.0864197530864197,3.491358024691358,with_side,existing_side_feature,0.9752475247524752
cn7,1729,1,catboost_balanced,0.4970160580813185,,,fixed_0.5,0.4237742915850125,0.951522842639594,0.0187238649195331,0.0683998914436255,0.3333333333333333,1.0,0.2,0.4427413471740723,394,0,8,2,0.8,0.0,404,10,404,0.3,0.6,24.24,0.4,0.3076923076923077,12.430769230769233,0.4,0.1904761904761904,7.6952380952380945,0.8,0.1951219512195122,7.882926829268293,1.0,0.1234567901234567,4.987654320987653,with_side,existing_side_feature,0.9801980198019802
cn7,1729,1,catboost_balanced,0.4970160580813185,,,inner_f1,0.4237742915850125,0.951522842639594,0.0187238649195331,0.0683998914436255,0.3333333333333333,1.0,0.2,0.4427413471740723,394,0,8,2,0.8,0.0,404,10,404,0.3,0.6,24.24,0.4,0.3076923076923077,12.430769230769233,0.4,0.1904761904761904,7.6952380952380945,0.8,0.1951219512195122,7.882926829268293,1.0,0.1234567901234567,4.987654320987653,with_side,existing_side_feature,0.9801980198019802
cn7,1729,1,lightgbm,0.2580125615017989,,,fixed_0.5,0.1939495006782892,0.923984771573604,0.0236812225279277,0.102336827610891,0.0,0.0,0.0,0.0,394,0,10,0,1.0,0.0,404,10,167,0.1,0.2,8.08,0.2,0.1538461538461538,6.215384615384616,0.5,0.238095238095238,9.61904761904762,0.8,0.1951219512195122,7.882926829268293,0.9,0.1111111111111111,4.488888888888888,with_side,existing_side_feature,0.9752475247524752
cn7,1729,1,lightgbm,0.2580125615017989,,,inner_f1,0.1939495006782892,0.923984771573604,0.0236812225279277,0.102336827610891,0.0,0.0,0.0,-0.0112370900297987,392,2,10,0,1.0,0.0050761421319796,404,10,167,0.1,0.2,8.08,0.2,0.1538461538461538,6.215384615384616,0.5,0.238095238095238,9.61904761904762,0.8,0.1951219512195122,7.882926829268293,0.9,0.1111111111111111,4.488888888888888,with_side,existing_side_feature,0.9702970297029703
cn7,1729,1,lightgbm_balanced,0.6712076463812908,,,fixed_0.5,0.2206451792862491,0.9284263959390864,0.028262677013152,0.0959135439094844,0.0,0.0,0.0,-0.0195607714263123,388,6,10,0,1.0,0.015228426395939,404,10,180,0.0,0.0,0.0,0.4,0.3076923076923077,12.430769230769233,0.5,0.238095238095238,9.61904761904762,0.8,0.1951219512195122,7.882926829268293,0.9,0.1111111111111111,4.488888888888888,with_side,existing_side_feature,0.9603960396039604
cn7,1729,1,lightgbm_balanced,0.6712076463812908,,,inner_f1,0.2206451792862491,0.9284263959390864,0.028262677013152,0.0959135439094844,0.0,0.0,0.0,-0.0195607714263123,388,6,10,0,1.0,0.015228426395939,404,10,180,0.0,0.0,0.0,0.4,0.3076923076923077,12.430769230769233,0.5,0.238095238095238,9.61904761904762,0.8,0.1951219512195122,7.882926829268293,0.9,0.1111111111111111,4.488888888888888,with_side,existing_side_feature,0.9603960396039604
cn7,1729,2,dummy_prior,0.5,,,fixed_0.5,0.009925558312655,0.5,0.0098650309608141,0.0570476635411336,0.0,0.0,0.0,0.0,399,0,4,0,1.0,0.0,403,4,1,0.0,0.0,0.0,0.0,0.0,0.0,0.0,0.0,0.0,0.0,0.0,0.0,0.0,0.0,0.0,with_side,existing_side_feature,0.9900744416873449
cn7,1729,2,dummy_prior,0.5,,,inner_f1,0.009925558312655,0.5,0.0098650309608141,0.0570476635411336,0.0,0.0,0.0,0.0,399,0,4,0,1.0,0.0,403,4,1,0.0,0.0,0.0,0.0,0.0,0.0,0.0,0.0,0.0,0.0,0.0,0.0,0.0,0.0,0.0,with_side,existing_side_feature,0.9900744416873449
cn7,1729,2,logistic,0.8648454110093111,,,fixed_0.5,0.5669642857142857,0.9718045112781954,0.005859339896453,0.0266727325403106,0.6666666666666666,1.0,0.5,0.7053412184283328,399,0,2,2,0.5,0.0,403,4,403,0.5,0.4,40.3,0.5,0.1538461538461538,15.5,0.5,0.0952380952380952,9.595238095238097,1.0,0.0975609756097561,9.829268292682928,1.0,0.0493827160493827,4.9753086419753085,with_side,existing_side_feature,0.9950372208436724
cn7,1729,2,logistic,0.8648454110093111,,,inner_f1,0.5669642857142857,0.9718045112781954,0.005859339896453,0.0266727325403106,0.6666666666666666,1.0,0.5,0.7053412184283328,399,0,2,2,0.5,0.0,403,4,403,0.5,0.4,40.3,0.5,0.1538461538461538,15.5,0.5,0.0952380952380952,9.595238095238097,1.0,0.0975609756097561,9.829268292682928,1.0,0.0493827160493827,4.9753086419753085,with_side,existing_side_feature,0.9950372208436724
cn7,1729,2,logistic_balanced,0.9957447039208298,,,fixed_0.5,0.558277027027027,0.9661654135338348,0.0322429049688689,0.1037782729342482,0.1818181818181818,0.1111111111111111,0.5,0.2207054202901891,383,16,2,2,0.5,0.0401002506265664,403,4,403,0.5,0.4,40.3,0.5,0.1538461538461538,15.5,0.5,0.0952380952380952,9.595238095238097,1.0,0.0975609756097561,9.829268292682928,1.0,0.0493827160493827,4.9753086419753085,with_side,existing_side_feature,0.9553349875930521
cn7,1729,2,logistic_balanced,0.9957447039208298,,,inner_f1,0.558277027027027,0.9661654135338348,0.0322429049688689,0.1037782729342482,0.4,1.0,0.25,0.4981308345788373,399,0,3,1,0.75,0.0,403,4,403,0.5,0.4,40.3,0.5,0.1538461538461538,15.5,0.5,0.0952380952380952,9.595238095238097,1.0,0.0975609756097561,9.829268292682928,1.0,0.0493827160493827,4.9753086419753085,with_side,existing_side_feature,0.9925558312655087
cn7,1729,2,xgboost,0.0484165586531162,,,fixed_0.5,0.0595614256825075,0.8916040100250626,0.0100789579495586,0.0481552656115905,0.0,0.0,0.0,0.0,399,0,4,0,1.0,0.0,403,4,305,0.0,0.0,0.0,0.0,0.0,0.0,0.25,0.0476190476190476,4.797619047619048,0.5,0.048780487804878,4.914634146341464,0.75,0.037037037037037,3.7314814814814814,with_side,existing_side_feature,0.9900744416873449
cn7,1729,2,xgboost,0.0484165586531162,,,inner_f1,0.0595614256825075,0.8916040100250626,0.0100789579495586,0.0481552656115905,0.0975609756097561,0.054054054054054,0.5,0.1415363675119865,364,35,2,2,0.5,0.087719298245614,403,4,305,0.0,0.0,0.0,0.0,0.0,0.0,0.25,0.0476190476190476,4.797619047619048,0.5,0.048780487804878,4.914634146341464,0.75,0.037037037037037,3.7314814814814814,with_side,existing_side_feature,0.9081885856079405
cn7,1729,2,xgboost_balanced,0.2467235922813415,,,fixed_0.5,0.3117003367003367,0.9611528822055138,0.0196869398209715,0.0686550979967703,0.375,0.25,0.75,0.4242645786149794,390,9,1,3,0.25,0.0225563909774436,403,4,403,0.5,0.4,40.3,0.75,0.2307692307692307,23.25,0.75,0.1428571428571428,14.392857142857142,0.75,0.073170731707317,7.371951219512194,1.0,0.0493827160493827,4.9753086419753085,with_side,existing_side_feature,0.9751861042183623
cn7,1729,2,xgboost_balanced,0.2467235922813415,,,inner_f1,0.3117003367003367,0.9611528822055138,0.0196869398209715,0.0686550979967703,0.2307692307692307,0.1363636363636363,0.75,0.3064893166476864,380,19,1,3,0.25,0.0476190476190476,403,4,403,0.5,0.4,40.3,0.75,0.2307692307692307,23.25,0.75,0.1428571428571428,14.392857142857142,0.75,0.073170731707317,7.371951219512194,1.0,0.0493827160493827,4.9753086419753085,with_side,existing_side_feature,0.9503722084367245
cn7,1729,2,extratrees,0.0771904761904762,,,fixed_0.5,0.5493563895781638,0.8452380952380952,0.0070314651399383,0.1080628678526183,0.6666666666666666,1.0,0.5,0.7053412184283328,399,0,2,2,0.5,0.0,403,4,41,0.5,0.4,40.3,0.5,0.1538461538461538,15.5,0.75,0.1428571428571428,14.392857142857142,0.75,0.073170731707317,7.371951219512194,0.75,0.037037037037037,3.7314814814814814,with_side,existing_side_feature,0.9950372208436724
cn7,1729,2,extratrees,0.0771904761904762,,,inner_f1,0.5493563895781638,0.8452380952380952,0.0070314651399383,0.1080628678526183,0.24,0.1428571428571428,0.75,0.31440884133393,381,18,1,3,0.25,0.0451127819548872,403,4,41,0.5,0.4,40.3,0.5,0.1538461538461538,15.5,0.75,0.1428571428571428,14.392857142857142,0.75,0.073170731707317,7.371951219512194,0.75,0.037037037037037,3.7314814814814814,with_side,existing_side_feature,0.9528535980148883
cn7,1729,2,extratrees_balanced,0.5680798929453772,,,fixed_0.5,0.2491666666666666,0.962719298245614,0.020945944217503,0.0689180330217112,0.3333333333333333,0.2142857142857142,0.75,0.3910875991461791,388,11,1,3,0.25,0.0275689223057644,403,4,58,0.25,0.2,20.15,0.75,0.2307692307692307,23.25,0.75,0.1428571428571428,14.392857142857142,0.75,0.073170731707317,7.371951219512194,1.0,0.0493827160493827,4.9753086419753085,with_side,existing_side_feature,0.9702233250620348
cn7,1729,2,extratrees_balanced,0.5680798929453772,,,inner_f1,0.2491666666666666,0.962719298245614,0.020945944217503,0.0689180330217112,0.375,0.25,0.75,0.4242645786149794,390,9,1,3,0.25,0.0225563909774436,403,4,58,0.25,0.2,20.15,0.75,0.2307692307692307,23.25,0.75,0.1428571428571428,14.392857142857142,0.75,0.073170731707317,7.371951219512194,1.0,0.0493827160493827,4.9753086419753085,with_side,existing_side_feature,0.9751861042183623
cn7,1729,2,catboost,0.3797197025118596,,,fixed_0.5,0.5989313471502591,0.8784461152882206,0.0051929797863245,0.0294448790292534,0.6666666666666666,1.0,0.5,0.7053412184283328,399,0,2,2,0.5,0.0,403,4,403,0.5,0.4,40.3,0.75,0.2307692307692307,23.25,0.75,0.1428571428571428,14.392857142857142,0.75,0.073170731707317,7.371951219512194,0.75,0.037037037037037,3.7314814814814814,with_side,existing_side_feature,0.9950372208436724
cn7,1729,2,catboost,0.3797197025118596,,,inner_f1,0.5989313471502591,0.8784461152882206,0.0051929797863245,0.0294448790292534,0.6666666666666666,1.0,0.5,0.7053412184283328,399,0,2,2,0.5,0.0,403,4,403,0.5,0.4,40.3,0.75,0.2307692307692307,23.25,0.75,0.1428571428571428,14.392857142857142,0.75,0.073170731707317,7.371951219512194,0.75,0.037037037037037,3.7314814814814814,with_side,existing_side_feature,0.9950372208436724
cn7,1729,2,catboost_balanced,0.4644022021235433,,,fixed_0.5,0.5059523809523809,0.9536340852130326,0.0185994193091808,0.0654039915024589,0.3529411764705882,0.2307692307692307,0.75,0.4067363020210857,389,10,1,3,0.25,0.025062656641604,403,4,403,0.5,0.4,40.3,0.75,0.2307692307692307,23.25,0.75,0.1428571428571428,14.392857142857142,0.75,0.073170731707317,7.371951219512194,1.0,0.0493827160493827,4.9753086419753085,with_side,existing_side_feature,0.9727047146401985
cn7,1729,2,catboost_balanced,0.4644022021235433,,,inner_f1,0.5059523809523809,0.9536340852130326,0.0185994193091808,0.0654039915024589,0.3529411764705882,0.2307692307692307,0.75,0.4067363020210857,389,10,1,3,0.25,0.025062656641604,403,4,403,0.5,0.4,40.3,0.75,0.2307692307692307,23.25,0.75,0.1428571428571428,14.392857142857142,0.75,0.073170731707317,7.371951219512194,1.0,0.0493827160493827,4.9753086419753085,with_side,existing_side_feature,0.9727047146401985
cn7,1729,2,lightgbm,0.0992387338215651,,,fixed_0.5,0.3961805555555555,0.9536340852130326,0.0082583701881905,0.034638035475809,0.0,0.0,0.0,0.0,399,0,4,0,1.0,0.0,403,4,399,0.25,0.2,20.15,0.75,0.2307692307692307,23.25,0.75,0.1428571428571428,14.392857142857142,0.75,0.073170731707317,7.371951219512194,1.0,0.0493827160493827,4.9753086419753085,with_side,existing_side_feature,0.9900744416873449
cn7,1729,2,lightgbm,0.0992387338215651,,,inner_f1,0.3961805555555555,0.9536340852130326,0.0082583701881905,0.034638035475809,0.3529411764705882,0.2307692307692307,0.75,0.4067363020210857,389,10,1,3,0.25,0.025062656641604,403,4,399,0.25,0.2,20.15,0.75,0.2307692307692307,23.25,0.75,0.1428571428571428,14.392857142857142,0.75,0.073170731707317,7.371951219512194,1.0,0.0493827160493827,4.9753086419753085,with_side,existing_side_feature,0.9727047146401985
cn7,1729,2,lightgbm_balanced,0.6112466189918768,,,fixed_0.5,0.4617003367003367,0.962406015037594,0.0240742984428471,0.0808226316142295,0.3333333333333333,0.2142857142857142,0.75,0.3910875991461791,388,11,1,3,0.25,0.0275689223057644,403,4,401,0.5,0.4,40.3,0.75,0.2307692307692307,23.25,0.75,0.1428571428571428,14.392857142857142,0.75,0.073170731707317,7.371951219512194,1.0,0.0493827160493827,4.9753086419753085,with_side,existing_side_feature,0.9702233250620348
cn7,1729,2,lightgbm_balanced,0.6112466189918768,,,inner_f1,0.4617003367003367,0.962406015037594,0.0240742984428471,0.0808226316142295,0.375,0.25,0.75,0.4242645786149794,390,9,1,3,0.25,0.0225563909774436,403,4,401,0.5,0.4,40.3,0.75,0.2307692307692307,23.25,0.75,0.1428571428571428,14.392857142857142,0.75,0.073170731707317,7.371951219512194,1.0,0.0493827160493827,4.9753086419753085,with_side,existing_side_feature,0.9751861042183623
cn7,2026,0,dummy_prior,0.5,,,fixed_0.5,0.0099009900990099,0.5,0.0098415004502619,0.0569544060701952,0.0,0.0,0.0,0.0,400,0,4,0,1.0,0.0,404,4,1,0.0,0.0,0.0,0.0,0.0,0.0,0.0,0.0,0.0,0.0,0.0,0.0,0.25,0.0123456790123456,1.2469135802469136,with_side,existing_side_feature,0.9900990099009901
cn7,2026,0,dummy_prior,0.5,,,inner_f1,0.0099009900990099,0.5,0.0098415004502619,0.0569544060701952,0.0,0.0,0.0,0.0,400,0,4,0,1.0,0.0,404,4,1,0.0,0.0,0.0,0.0,0.0,0.0,0.0,0.0,0.0,0.0,0.0,0.0,0.25,0.0123456790123456,1.2469135802469136,with_side,existing_side_feature,0.9900990099009901
cn7,2026,0,logistic,0.3121549263607828,,,fixed_0.5,0.5944940476190477,0.98125,0.0065466763449786,0.0253681853925324,0.5714285714285714,0.6666666666666666,0.5,0.5737467820463675,399,1,2,2,0.5,0.0025,404,4,404,0.5,0.4,40.4,0.5,0.1538461538461538,15.538461538461538,1.0,0.1904761904761904,19.23809523809524,1.0,0.0975609756097561,9.853658536585366,1.0,0.0493827160493827,4.987654320987654,with_side,existing_side_feature,0.9925742574257426
cn7,2026,0,logistic,0.3121549263607828,,,inner_f1,0.5944940476190477,0.98125,0.0065466763449786,0.0253681853925324,0.5,0.5,0.5,0.495,398,2,2,2,0.5,0.005,404,4,404,0.5,0.4,40.4,0.5,0.1538461538461538,15.538461538461538,1.0,0.1904761904761904,19.23809523809524,1.0,0.0975609756097561,9.853658536585366,1.0,0.0493827160493827,4.987654320987654,with_side,existing_side_feature,0.9900990099009901
cn7,2026,0,logistic_balanced,0.9738546132664,,,fixed_0.5,0.5416666666666666,0.985,0.0283198207631832,0.1003182152606737,0.2857142857142857,0.1764705882352941,0.75,0.352603070560364,386,14,1,3,0.25,0.035,404,4,404,0.5,0.4,40.4,0.75,0.2307692307692307,23.30769230769231,1.0,0.1904761904761904,19.23809523809524,1.0,0.0975609756097561,9.853658536585366,1.0,0.0493827160493827,4.987654320987654,with_side,existing_side_feature,0.9628712871287128
cn7,2026,0,logistic_balanced,0.9738546132664,,,inner_f1,0.5416666666666666,0.985,0.0283198207631832,0.1003182152606737,0.5,0.5,0.5,0.495,398,2,2,2,0.5,0.005,404,4,404,0.5,0.4,40.4,0.75,0.2307692307692307,23.30769230769231,1.0,0.1904761904761904,19.23809523809524,1.0,0.0975609756097561,9.853658536585366,1.0,0.0493827160493827,4.987654320987654,with_side,existing_side_feature,0.9900990099009901
cn7,2026,0,xgboost,0.0218120981007814,,,fixed_0.5,0.1259628851540616,0.9225,0.0092947990317857,0.0434050716816096,0.0,0.0,0.0,0.0,400,0,4,0,1.0,0.0,404,4,342,0.0,0.0,0.0,0.25,0.0769230769230769,7.769230769230769,0.75,0.1428571428571428,14.428571428571429,0.75,0.073170731707317,7.390243902439024,0.75,0.037037037037037,3.740740740740741,with_side,existing_side_feature,0.9900990099009901
cn7,2026,0,xgboost,0.0218120981007814,,,inner_f1,0.1259628851540616,0.9225,0.0092947990317857,0.0434050716816096,0.0769230769230769,0.0405405405405405,0.75,0.1465421815540186,329,71,1,3,0.25,0.1775,404,4,342,0.0,0.0,0.0,0.25,0.0769230769230769,7.769230769230769,0.75,0.1428571428571428,14.428571428571429,0.75,0.073170731707317,7.390243902439024,0.75,0.037037037037037,3.740740740740741,with_side,existing_side_feature,0.8217821782178217
cn7,2026,0,xgboost_balanced,0.1597779691219329,,,fixed_0.5,0.3181818181818182,0.96125,0.014411739122436,0.056052697685427,0.4,0.3333333333333333,0.5,0.4010872994443284,396,4,2,2,0.5,0.01,404,4,404,0.5,0.4,40.4,0.75,0.2307692307692307,23.30769230769231,0.75,0.1428571428571428,14.428571428571429,0.75,0.073170731707317,7.390243902439024,1.0,0.0493827160493827,4.987654320987654,with_side,existing_side_feature,0.9851485148514851
cn7,2026,0,xgboost_balanced,0.1597779691219329,,,inner_f1,0.3181818181818182,0.96125,0.014411739122436,0.056052697685427,0.2222222222222222,0.1304347826086956,0.75,0.2991104770563539,380,20,1,3,0.25,0.05,404,4,404,0.5,0.4,40.4,0.75,0.2307692307692307,23.30769230769231,0.75,0.1428571428571428,14.428571428571429,0.75,0.073170731707317,7.390243902439024,1.0,0.0493827160493827,4.987654320987654,with_side,existing_side_feature,0.948019801980198
cn7,2026,0,extratrees,0.1814444444444444,,,fixed_0.5,0.5706570657065706,0.8484375000000001,0.0066924997302595,0.1055860627015452,0.5,0.5,0.5,0.495,398,2,2,2,0.5,0.005,404,4,51,0.5,0.4,40.4,0.75,0.2307692307692307,23.30769230769231,0.75,0.1428571428571428,14.428571428571429,0.75,0.073170731707317,7.390243902439024,0.75,0.037037037037037,3.740740740740741,with_side,existing_side_feature,0.9900990099009901
cn7,2026,0,extratrees,0.1814444444444444,,,inner_f1,0.5706570657065706,0.8484375000000001,0.0066924997302595,0.1055860627015452,0.3333333333333333,0.25,0.5,0.3446744914415702,394,6,2,2,0.5,0.015,404,4,51,0.5,0.4,40.4,0.75,0.2307692307692307,23.30769230769231,0.75,0.1428571428571428,14.428571428571429,0.75,0.073170731707317,7.390243902439024,0.75,0.037037037037037,3.740740740740741,with_side,existing_side_feature,0.9801980198019802
cn7,2026,0,extratrees_balanced,0.3739734383689608,,,fixed_0.5,0.3395833333333333,0.9775,0.0138110894660884,0.0474442641901943,0.4615384615384615,0.3333333333333333,0.75,0.493091513318095,394,6,1,3,0.25,0.015,404,4,72,0.5,0.4,40.4,0.75,0.2307692307692307,23.30769230769231,0.75,0.1428571428571428,14.428571428571429,1.0,0.0975609756097561,9.853658536585366,1.0,0.0493827160493827,4.987654320987654,with_side,existing_side_feature,0.9826732673267327
cn7,2026,0,extratrees_balanced,0.3739734383689608,,,inner_f1,0.3395833333333333,0.9775,0.0138110894660884,0.0474442641901943,0.4,0.2727272727272727,0.75,0.44410967421301,392,8,1,3,0.25,0.02,404,4,72,0.5,0.4,40.4,0.75,0.2307692307692307,23.30769230769231,0.75,0.1428571428571428,14.428571428571429,1.0,0.0975609756097561,9.853658536585366,1.0,0.0493827160493827,4.987654320987654,with_side,existing_side_feature,0.9777227722772277
cn7,2026,0,catboost,0.0360443152601075,,,fixed_0.5,0.5674751243781094,0.8712500000000001,0.0050407439589061,0.0298493468375646,0.6666666666666666,1.0,0.5,0.7053456158585982,400,0,2,2,0.5,0.0,404,4,404,0.5,0.4,40.4,0.75,0.2307692307692307,23.30769230769231,0.75,0.1428571428571428,14.428571428571429,0.75,0.073170731707317,7.390243902439024,0.75,0.037037037037037,3.740740740740741,with_side,existing_side_feature,0.995049504950495
cn7,2026,0,catboost,0.0360443152601075,,,inner_f1,0.5674751243781094,0.8712500000000001,0.0050407439589061,0.0298493468375646,0.2307692307692307,0.1363636363636363,0.75,0.3065231627623799,381,19,1,3,0.25,0.0475,404,4,404,0.5,0.4,40.4,0.75,0.2307692307692307,23.30769230769231,0.75,0.1428571428571428,14.428571428571429,0.75,0.073170731707317,7.390243902439024,0.75,0.037037037037037,3.740740740740741,with_side,existing_side_feature,0.9504950495049505
cn7,2026,0,catboost_balanced,0.3650391099556295,,,fixed_0.5,0.6201298701298701,0.951875,0.0149714086958583,0.0564653868530299,0.4615384615384615,0.3333333333333333,0.75,0.493091513318095,394,6,1,3,0.25,0.015,404,4,404,0.5,0.4,40.4,0.75,0.2307692307692307,23.30769230769231,0.75,0.1428571428571428,14.428571428571429,0.75,0.073170731707317,7.390243902439024,1.0,0.0493827160493827,4.987654320987654,with_side,existing_side_feature,0.9826732673267327
cn7,2026,0,catboost_balanced,0.3650391099556295,,,inner_f1,0.6201298701298701,0.951875,0.0149714086958583,0.0564653868530299,0.375,0.25,0.75,0.4242866161606576,391,9,1,3,0.25,0.0225,404,4,404,0.5,0.4,40.4,0.75,0.2307692307692307,23.30769230769231,0.75,0.1428571428571428,14.428571428571429,0.75,0.073170731707317,7.390243902439024,1.0,0.0493827160493827,4.987654320987654,with_side,existing_side_feature,0.9752475247524752
cn7,2026,0,lightgbm,0.0335358206791372,,,fixed_0.5,0.3238224637681159,0.9675,0.0081443145473063,0.0329219130778157,0.0,0.0,0.0,0.0,400,0,4,0,1.0,0.0,404,4,401,0.25,0.2,20.2,0.75,0.2307692307692307,23.30769230769231,0.75,0.1428571428571428,14.428571428571429,0.75,0.073170731707317,7.390243902439024,1.0,0.0493827160493827,4.987654320987654,with_side,existing_side_feature,0.9900990099009901
cn7,2026,0,lightgbm,0.0335358206791372,,,inner_f1,0.3238224637681159,0.9675,0.0081443145473063,0.0329219130778157,0.25,0.15,0.75,0.3229280911957541,383,17,1,3,0.25,0.0425,404,4,401,0.25,0.2,20.2,0.75,0.2307692307692307,23.30769230769231,0.75,0.1428571428571428,14.428571428571429,0.75,0.073170731707317,7.390243902439024,1.0,0.0493827160493827,4.987654320987654,with_side,existing_side_feature,0.9554455445544554
cn7,2026,0,lightgbm_balanced,0.2923604110542611,,,fixed_0.5,0.6298701298701299,0.9725,0.0142983895957451,0.0554466206138894,0.5,0.375,0.75,0.5241184277075424,395,5,1,3,0.25,0.0125,404,4,404,0.5,0.4,40.4,0.75,0.2307692307692307,23.30769230769231,0.75,0.1428571428571428,14.428571428571429,0.75,0.073170731707317,7.390243902439024,1.0,0.0493827160493827,4.987654320987654,with_side,existing_side_feature,0.9851485148514851
cn7,2026,0,lightgbm_balanced,0.2923604110542611,,,inner_f1,0.6298701298701299,0.9725,0.0142983895957451,0.0554466206138894,0.3333333333333333,0.2142857142857142,0.75,0.3911123425166539,389,11,1,3,0.25,0.0275,404,4,404,0.5,0.4,40.4,0.75,0.2307692307692307,23.30769230769231,0.75,0.1428571428571428,14.428571428571429,0.75,0.073170731707317,7.390243902439024,1.0,0.0493827160493827,4.987654320987654,with_side,existing_side_feature,0.9702970297029703
cn7,2026,1,dummy_prior,0.5,,,fixed_0.5,0.0148514851485148,0.5,0.0146324087778383,0.0773141445005066,0.0,0.0,0.0,0.0,398,0,6,0,1.0,0.0,404,6,1,0.0,0.0,0.0,0.0,0.0,0.0,0.0,0.0,0.0,0.1666666666666666,0.024390243902439,1.6422764227642277,0.3333333333333333,0.0246913580246913,1.662551440329218,with_side,existing_side_feature,0.9851485148514851
cn7,2026,1,dummy_prior,0.5,,,inner_f1,0.0148514851485148,0.5,0.0146324087778383,0.0773141445005066,0.0,0.0,0.0,0.0,398,0,6,0,1.0,0.0,404,6,1,0.0,0.0,0.0,0.0,0.0,0.0,0.0,0.0,0.0,0.1666666666666666,0.024390243902439,1.6422764227642277,0.3333333333333333,0.0246913580246913,1.662551440329218,with_side,existing_side_feature,0.9851485148514851
cn7,2026,1,logistic,0.8889447465071421,,,fixed_0.5,0.5417171717171717,0.960217755443886,0.0092658345092277,0.0397445879098307,0.5,1.0,0.3333333333333333,0.5744706987722934,398,0,4,2,0.6666666666666666,0.0,404,6,404,0.5,0.6,40.4,0.5,0.2307692307692307,15.53846153846154,0.6666666666666666,0.1904761904761904,12.825396825396826,0.6666666666666666,0.0975609756097561,6.569105691056911,1.0,0.074074074074074,4.987654320987654,with_side,existing_side_feature,0.9900990099009901
cn7,2026,1,logistic,0.8889447465071421,,,inner_f1,0.5417171717171717,0.960217755443886,0.0092658345092277,0.0397445879098307,0.5,1.0,0.3333333333333333,0.5744706987722934,398,0,4,2,0.6666666666666666,0.0,404,6,404,0.5,0.6,40.4,0.5,0.2307692307692307,15.53846153846154,0.6666666666666666,0.1904761904761904,12.825396825396826,0.6666666666666666,0.0975609756097561,6.569105691056911,1.0,0.074074074074074,4.987654320987654,with_side,existing_side_feature,0.9900990099009901
cn7,2026,1,logistic_balanced,0.9942240785564144,,,fixed_0.5,0.5444255800792303,0.9644053601340036,0.0303026585215425,0.1009819276414111,0.3333333333333333,0.2222222222222222,0.6666666666666666,0.3702152253337167,384,14,2,4,0.3333333333333333,0.0351758793969849,404,6,404,0.5,0.6,40.4,0.6666666666666666,0.3076923076923077,20.71794871794872,0.6666666666666666,0.1904761904761904,12.825396825396826,0.8333333333333334,0.1219512195121951,8.211382113821138,1.0,0.074074074074074,4.987654320987654,with_side,existing_side_feature,0.9603960396039604
cn7,2026,1,logistic_balanced,0.9942240785564144,,,inner_f1,0.5444255800792303,0.9644053601340036,0.0303026585215425,0.1009819276414111,0.5,1.0,0.3333333333333333,0.5744706987722934,398,0,4,2,0.6666666666666666,0.0,404,6,404,0.5,0.6,40.4,0.6666666666666666,0.3076923076923077,20.71794871794872,0.6666666666666666,0.1904761904761904,12.825396825396826,0.8333333333333334,0.1219512195121951,8.211382113821138,1.0,0.074074074074074,4.987654320987654,with_side,existing_side_feature,0.9900990099009901
cn7,2026,1,xgboost,0.0180936679244041,,,fixed_0.5,0.089630488324198,0.8919597989949749,0.0145976218509509,0.0677206261876115,0.0,0.0,0.0,0.0,398,0,6,0,1.0,0.0,404,6,168,0.1666666666666666,0.2,13.466666666666669,0.1666666666666666,0.0769230769230769,5.17948717948718,0.1666666666666666,0.0476190476190476,3.2063492063492065,0.3333333333333333,0.048780487804878,3.2845528455284554,1.0,0.074074074074074,4.987654320987654,with_side,existing_side_feature,0.9851485148514851
cn7,2026,1,xgboost,0.0180936679244041,,,inner_f1,0.089630488324198,0.8919597989949749,0.0145976218509509,0.0677206261876115,0.1194029850746268,0.0655737704918032,0.6666666666666666,0.1768401498533191,341,57,2,4,0.3333333333333333,0.14321608040201,404,6,168,0.1666666666666666,0.2,13.466666666666669,0.1666666666666666,0.0769230769230769,5.17948717948718,0.1666666666666666,0.0476190476190476,3.2063492063492065,0.3333333333333333,0.048780487804878,3.2845528455284554,1.0,0.074074074074074,4.987654320987654,with_side,existing_side_feature,0.8539603960396039
cn7,2026,1,xgboost_balanced,0.1901447027921676,,,fixed_0.5,0.3413967063700723,0.9401172529313232,0.0350945982793136,0.1055840961914908,0.1935483870967742,0.12,0.5,0.2232635089973766,376,22,3,3,0.5,0.0552763819095477,404,6,404,0.3333333333333333,0.4,26.933333333333337,0.5,0.2307692307692307,15.53846153846154,0.5,0.1428571428571428,9.61904761904762,0.8333333333333334,0.1219512195121951,8.211382113821138,0.8333333333333334,0.0617283950617283,4.156378600823046,with_side,existing_side_feature,0.9381188118811881
cn7,2026,1,xgboost_balanced,0.1901447027921676,,,inner_f1,0.3413967063700723,0.9401172529313232,0.0350945982793136,0.1055840961914908,0.1666666666666666,0.1,0.5,0.1993728915587067,371,27,3,3,0.5,0.0678391959798995,404,6,404,0.3333333333333333,0.4,26.933333333333337,0.5,0.2307692307692307,15.53846153846154,0.5,0.1428571428571428,9.61904761904762,0.8333333333333334,0.1219512195121951,8.211382113821138,0.8333333333333334,0.0617283950617283,4.156378600823046,with_side,existing_side_feature,0.9257425742574258
cn7,2026,1,extratrees,0.1633333333333333,,,fixed_0.5,0.4683982683982683,0.9690117252931324,0.0110593285168457,0.040606823194929,0.5,1.0,0.3333333333333333,0.5744706987722934,398,0,4,2,0.6666666666666666,0.0,404,6,84,0.3333333333333333,0.4,26.933333333333337,0.3333333333333333,0.1538461538461538,10.35897435897436,0.6666666666666666,0.1904761904761904,12.825396825396826,1.0,0.1463414634146341,9.853658536585366,1.0,0.074074074074074,4.987654320987654,with_side,existing_side_feature,0.9900990099009901
cn7,2026,1,extratrees,0.1633333333333333,,,inner_f1,0.4683982683982683,0.9690117252931324,0.0110593285168457,0.040606823194929,0.2105263157894736,0.1538461538461538,0.3333333333333333,0.2095297255041167,387,11,4,2,0.6666666666666666,0.0276381909547738,404,6,84,0.3333333333333333,0.4,26.933333333333337,0.3333333333333333,0.1538461538461538,10.35897435897436,0.6666666666666666,0.1904761904761904,12.825396825396826,1.0,0.1463414634146341,9.853658536585366,1.0,0.074074074074074,4.987654320987654,with_side,existing_side_feature,0.9628712871287128
cn7,2026,1,extratrees_balanced,0.1244528209888439,,,fixed_0.5,0.1574020153288445,0.9438860971524288,0.0299604354941923,0.0895796247189029,0.25,0.1666666666666666,0.5,0.2710328970612886,383,15,3,3,0.5,0.0376884422110552,404,6,68,0.0,0.0,0.0,0.3333333333333333,0.1538461538461538,10.35897435897436,0.5,0.1428571428571428,9.61904761904762,0.8333333333333334,0.1219512195121951,8.211382113821138,1.0,0.074074074074074,4.987654320987654,with_side,existing_side_feature,0.9554455445544554
cn7,2026,1,extratrees_balanced,0.1244528209888439,,,inner_f1,0.1574020153288445,0.9438860971524288,0.0299604354941923,0.0895796247189029,0.1739130434782608,0.1,0.6666666666666666,0.2333568668793548,362,36,2,4,0.3333333333333333,0.0904522613065326,404,6,68,0.0,0.0,0.0,0.3333333333333333,0.1538461538461538,10.35897435897436,0.5,0.1428571428571428,9.61904761904762,0.8333333333333334,0.1219512195121951,8.211382113821138,1.0,0.074074074074074,4.987654320987654,with_side,existing_side_feature,0.905940594059406
cn7,2026,1,catboost,0.1670126068478954,,,fixed_0.5,0.4545177045177044,0.9484924623115578,0.0105478171653819,0.0456243876014546,0.2857142857142857,1.0,0.1666666666666666,0.4057078283915617,398,0,5,1,0.8333333333333334,0.0,404,6,404,0.3333333333333333,0.4,26.933333333333337,0.5,0.2307692307692307,15.53846153846154,0.6666666666666666,0.1904761904761904,12.825396825396826,0.6666666666666666,0.0975609756097561,6.569105691056911,1.0,0.074074074074074,4.987654320987654,with_side,existing_side_feature,0.9876237623762376
cn7,2026,1,catboost,0.1670126068478954,,,inner_f1,0.4545177045177044,0.9484924623115578,0.0105478171653819,0.0456243876014546,0.2857142857142857,0.25,0.3333333333333333,0.27631460743039,392,6,4,2,0.6666666666666666,0.0150753768844221,404,6,404,0.3333333333333333,0.4,26.933333333333337,0.5,0.2307692307692307,15.53846153846154,0.6666666666666666,0.1904761904761904,12.825396825396826,0.6666666666666666,0.0975609756097561,6.569105691056911,1.0,0.074074074074074,4.987654320987654,with_side,existing_side_feature,0.9752475247524752
cn7,2026,1,catboost_balanced,0.6031646821477011,,,fixed_0.5,0.2591824479079381,0.9644053601340034,0.0237534402739396,0.0744660190907853,0.2857142857142857,0.2,0.5,0.3005766677712339,386,12,3,3,0.5,0.0301507537688442,404,6,404,0.1666666666666666,0.2,13.466666666666669,0.5,0.2307692307692307,15.53846153846154,0.6666666666666666,0.1904761904761904,12.825396825396826,1.0,0.1463414634146341,9.853658536585366,1.0,0.074074074074074,4.987654320987654,with_side,existing_side_feature,0.9628712871287128
cn7,2026,1,catboost_balanced,0.6031646821477011,,,inner_f1,0.2591824479079381,0.9644053601340034,0.0237534402739396,0.0744660190907853,0.2352941176470588,0.1818181818181818,0.3333333333333333,0.2309373225054164,389,9,4,2,0.6666666666666666,0.0226130653266331,404,6,404,0.1666666666666666,0.2,13.466666666666669,0.5,0.2307692307692307,15.53846153846154,0.6666666666666666,0.1904761904761904,12.825396825396826,1.0,0.1463414634146341,9.853658536585366,1.0,0.074074074074074,4.987654320987654,with_side,existing_side_feature,0.9678217821782178
cn7,2026,1,lightgbm,0.0381945466464824,,,fixed_0.5,0.1382741945944193,0.9246231155778896,0.0140971533421192,0.0583166509835351,0.0,0.0,0.0,0.0,398,0,6,0,1.0,0.0,404,6,382,0.1666666666666666,0.2,13.466666666666669,0.3333333333333333,0.1538461538461538,10.35897435897436,0.3333333333333333,0.0952380952380952,6.412698412698413,0.6666666666666666,0.0975609756097561,6.569105691056911,0.8333333333333334,0.0617283950617283,4.156378600823046,with_side,existing_side_feature,0.9851485148514851
cn7,2026,1,lightgbm,0.0381945466464824,,,inner_f1,0.1382741945944193,0.9246231155778896,0.0140971533421192,0.0583166509835351,0.2,0.1176470588235294,0.6666666666666666,0.2576185995000584,368,30,2,4,0.3333333333333333,0.0753768844221105,404,6,382,0.1666666666666666,0.2,13.466666666666669,0.3333333333333333,0.1538461538461538,10.35897435897436,0.3333333333333333,0.0952380952380952,6.412698412698413,0.6666666666666666,0.0975609756097561,6.569105691056911,0.8333333333333334,0.0617283950617283,4.156378600823046,with_side,existing_side_feature,0.9207920792079208
cn7,2026,1,lightgbm_balanced,0.3332078584030732,,,fixed_0.5,0.2448608826264215,0.9338358458961474,0.0404599861268463,0.1205650447772924,0.1875,0.1153846153846153,0.5,0.217978762685904,375,23,3,3,0.5,0.057788944723618,404,6,394,0.3333333333333333,0.4,26.933333333333337,0.5,0.2307692307692307,15.53846153846154,0.5,0.1428571428571428,9.61904761904762,0.8333333333333334,0.1219512195121951,8.211382113821138,0.8333333333333334,0.0617283950617283,4.156378600823046,with_side,existing_side_feature,0.9356435643564357
cn7,2026,1,lightgbm_balanced,0.3332078584030732,,,inner_f1,0.2448608826264215,0.9338358458961474,0.0404599861268463,0.1205650447772924,0.2162162162162162,0.1290322580645161,0.6666666666666666,0.2721345064068116,371,27,2,4,0.3333333333333333,0.0678391959798995,404,6,394,0.3333333333333333,0.4,26.933333333333337,0.5,0.2307692307692307,15.53846153846154,0.5,0.1428571428571428,9.61904761904762,0.8333333333333334,0.1219512195121951,8.211382113821138,0.8333333333333334,0.0617283950617283,4.156378600823046,with_side,existing_side_feature,0.9282178217821783
cn7,2026,2,dummy_prior,0.5,,,fixed_0.5,0.0173697270471464,0.5,0.0170929545660754,0.0885245889402453,0.0,0.0,0.0,0.0,396,0,7,0,1.0,0.0,403,7,1,0.0,0.0,0.0,0.0,0.0,0.0,0.0,0.0,0.0,0.0,0.0,0.0,0.0,0.0,0.0,with_side,existing_side_feature,0.9826302729528535
cn7,2026,2,dummy_prior,0.5,,,inner_f1,0.0173697270471464,0.5,0.0170929545660754,0.0885245889402453,0.0,0.0,0.0,0.0,396,0,7,0,1.0,0.0,403,7,1,0.0,0.0,0.0,0.0,0.0,0.0,0.0,0.0,0.0,0.0,0.0,0.0,0.0,0.0,0.0,with_side,existing_side_feature,0.9826302729528535
cn7,2026,2,logistic,0.8576885136553111,,,fixed_0.5,0.5016180235535075,0.9675324675324676,0.0118403260508931,0.048389202492667,0.4444444444444444,1.0,0.2857142857142857,0.531179596227605,396,0,5,2,0.7142857142857143,0.0,403,7,403,0.2857142857142857,0.4,23.02857142857143,0.5714285714285714,0.3076923076923077,17.714285714285715,0.7142857142857143,0.238095238095238,13.707482993197278,0.8571428571428571,0.1463414634146341,8.425087108013937,1.0,0.0864197530864197,4.9753086419753085,with_side,existing_side_feature,0.9875930521091811
cn7,2026,2,logistic,0.8576885136553111,,,inner_f1,0.5016180235535075,0.9675324675324676,0.0118403260508931,0.048389202492667,0.4444444444444444,1.0,0.2857142857142857,0.531179596227605,396,0,5,2,0.7142857142857143,0.0,403,7,403,0.2857142857142857,0.4,23.02857142857143,0.5714285714285714,0.3076923076923077,17.714285714285715,0.7142857142857143,0.238095238095238,13.707482993197278,0.8571428571428571,0.1463414634146341,8.425087108013937,1.0,0.0864197530864197,4.9753086419753085,with_side,existing_side_feature,0.9875930521091811
cn7,2026,2,logistic_balanced,0.9946573404312564,,,fixed_0.5,0.5291401409048468,0.9473304473304474,0.0219877735082903,0.0815163026681132,0.4761904761904761,0.3571428571428571,0.7142857142857143,0.4933858401959127,387,9,2,5,0.2857142857142857,0.0227272727272727,403,7,403,0.4285714285714285,0.6,34.54285714285714,0.7142857142857143,0.3846153846153846,22.142857142857142,0.7142857142857143,0.238095238095238,13.707482993197278,0.7142857142857143,0.1219512195121951,7.020905923344947,0.8571428571428571,0.074074074074074,4.264550264550264,with_side,existing_side_feature,0.9727047146401985
cn7,2026,2,logistic_balanced,0.9946573404312564,,,inner_f1,0.5291401409048468,0.9473304473304474,0.0219877735082903,0.0815163026681132,0.4444444444444444,1.0,0.2857142857142857,0.531179596227605,396,0,5,2,0.7142857142857143,0.0,403,7,403,0.4285714285714285,0.6,34.54285714285714,0.7142857142857143,0.3846153846153846,22.142857142857142,0.7142857142857143,0.238095238095238,13.707482993197278,0.7142857142857143,0.1219512195121951,7.020905923344947,0.8571428571428571,0.074074074074074,4.264550264550264,with_side,existing_side_feature,0.9875930521091811
cn7,2026,2,xgboost,0.0327406413853168,,,fixed_0.5,0.3128373144129446,0.9783549783549784,0.0158707250799858,0.063465771499649,0.0,0.0,0.0,0.0,396,0,7,0,1.0,0.0,403,7,169,0.1428571428571428,0.2,11.514285714285714,0.4285714285714285,0.2307692307692307,13.285714285714286,1.0,0.3333333333333333,19.19047619047619,1.0,0.1707317073170731,9.829268292682928,1.0,0.0864197530864197,4.9753086419753085,with_side,existing_side_feature,0.9826302729528535
cn7,2026,2,xgboost,0.0327406413853168,,,inner_f1,0.3128373144129446,0.9783549783549784,0.0158707250799858,0.063465771499649,0.3043478260869565,0.1794871794871795,1.0,0.4061811972299616,364,32,0,7,0.0,0.0808080808080808,403,7,169,0.1428571428571428,0.2,11.514285714285714,0.4285714285714285,0.2307692307692307,13.285714285714286,1.0,0.3333333333333333,19.19047619047619,1.0,0.1707317073170731,9.829268292682928,1.0,0.0864197530864197,4.9753086419753085,with_side,existing_side_feature,0.9205955334987593
cn7,2026,2,xgboost_balanced,0.122023232281208,,,fixed_0.5,0.6155753968253967,0.9808802308802308,0.0126533387869663,0.0472071125759409,0.4285714285714285,0.4285714285714285,0.4285714285714285,0.4184704184704185,392,4,4,3,0.5714285714285714,0.0101010101010101,403,7,403,0.4285714285714285,0.6,34.54285714285714,0.5714285714285714,0.3076923076923077,17.714285714285715,0.8571428571428571,0.2857142857142857,16.448979591836732,1.0,0.1707317073170731,9.829268292682928,1.0,0.0864197530864197,4.9753086419753085,with_side,existing_side_feature,0.9801488833746899
cn7,2026,2,xgboost_balanced,0.122023232281208,,,inner_f1,0.6155753968253967,0.9808802308802308,0.0126533387869663,0.0472071125759409,0.3428571428571428,0.2142857142857142,0.8571428571428571,0.411863012839739,374,22,1,6,0.1428571428571428,0.0555555555555555,403,7,403,0.4285714285714285,0.6,34.54285714285714,0.5714285714285714,0.3076923076923077,17.714285714285715,0.8571428571428571,0.2857142857142857,16.448979591836732,1.0,0.1707317073170731,9.829268292682928,1.0,0.0864197530864197,4.9753086419753085,with_side,existing_side_feature,0.9429280397022333
cn7,2026,2,extratrees,0.3722222222222227,,,fixed_0.5,0.6337535014005602,0.9862914862914862,0.0108174406656006,0.0384526088213567,0.4444444444444444,1.0,0.2857142857142857,0.531179596227605,396,0,5,2,0.7142857142857143,0.0,403,7,76,0.4285714285714285,0.6,34.54285714285714,0.5714285714285714,0.3076923076923077,17.714285714285715,1.0,0.3333333333333333,19.19047619047619,1.0,0.1707317073170731,9.829268292682928,1.0,0.0864197530864197,4.9753086419753085,with_side,existing_side_feature,0.9875930521091811
cn7,2026,2,extratrees,0.3722222222222227,,,inner_f1,0.6337535014005602,0.9862914862914862,0.0108174406656006,0.0384526088213567,0.4444444444444444,1.0,0.2857142857142857,0.531179596227605,396,0,5,2,0.7142857142857143,0.0,403,7,76,0.4285714285714285,0.6,34.54285714285714,0.5714285714285714,0.3076923076923077,17.714285714285715,1.0,0.3333333333333333,19.19047619047619,1.0,0.1707317073170731,9.829268292682928,1.0,0.0864197530864197,4.9753086419753085,with_side,existing_side_feature,0.9875930521091811
cn7,2026,2,extratrees_balanced,0.0196085587229498,,,fixed_0.5,0.1676392235215764,0.9478715728715728,0.0287320920702154,0.087793722367619,0.0909090909090909,0.0666666666666666,0.1428571428571428,0.0741921845395341,382,14,6,1,0.8571428571428571,0.0353535353535353,403,7,36,0.0,0.0,0.0,0.1428571428571428,0.0769230769230769,4.428571428571429,0.5714285714285714,0.1904761904761904,10.965986394557822,0.8571428571428571,0.1463414634146341,8.425087108013937,1.0,0.0864197530864197,4.9753086419753085,with_side,existing_side_feature,0.9503722084367245
cn7,2026,2,extratrees_balanced,0.0196085587229498,,,inner_f1,0.1676392235215764,0.9478715728715728,0.0287320920702154,0.087793722367619,0.3125,0.2,0.7142857142857143,0.3595053069872575,376,20,2,5,0.2857142857142857,0.0505050505050505,403,7,36,0.0,0.0,0.0,0.1428571428571428,0.0769230769230769,4.428571428571429,0.5714285714285714,0.1904761904761904,10.965986394557822,0.8571428571428571,0.1463414634146341,8.425087108013937,1.0,0.0864197530864197,4.9753086419753085,with_side,existing_side_feature,0.9454094292803971
cn7,2026,2,catboost,0.2460004800747035,,,fixed_0.5,0.5347779032561641,0.9783549783549784,0.0118176665941426,0.0494479892921283,0.4444444444444444,1.0,0.2857142857142857,0.531179596227605,396,0,5,2,0.7142857142857143,0.0,403,7,403,0.4285714285714285,0.6,34.54285714285714,0.5714285714285714,0.3076923076923077,17.714285714285715,0.5714285714285714,0.1904761904761904,10.965986394557822,1.0,0.1707317073170731,9.829268292682928,1.0,0.0864197530864197,4.9753086419753085,with_side,existing_side_feature,0.9875930521091811
cn7,2026,2,catboost,0.2460004800747035,,,inner_f1,0.5347779032561641,0.9783549783549784,0.0118176665941426,0.0494479892921283,0.4444444444444444,1.0,0.2857142857142857,0.531179596227605,396,0,5,2,0.7142857142857143,0.0,403,7,403,0.4285714285714285,0.6,34.54285714285714,0.5714285714285714,0.3076923076923077,17.714285714285715,0.5714285714285714,0.1904761904761904,10.965986394557822,1.0,0.1707317073170731,9.829268292682928,1.0,0.0864197530864197,4.9753086419753085,with_side,existing_side_feature,0.9875930521091811
cn7,2026,2,catboost_balanced,0.2917357913699322,,,fixed_0.5,0.6732993197278911,0.988095238095238,0.0109570520018492,0.0436959230943283,0.5454545454545454,0.75,0.4285714285714285,0.5614832966572973,395,1,4,3,0.5714285714285714,0.0025252525252525,403,7,403,0.4285714285714285,0.6,34.54285714285714,0.7142857142857143,0.3846153846153846,22.142857142857142,1.0,0.3333333333333333,19.19047619047619,1.0,0.1707317073170731,9.829268292682928,1.0,0.0864197530864197,4.9753086419753085,with_side,existing_side_feature,0.9875930521091811
cn7,2026,2,catboost_balanced,0.2917357913699322,,,inner_f1,0.6732993197278911,0.988095238095238,0.0109570520018492,0.0436959230943283,0.5217391304347826,0.375,0.8571428571428571,0.5566051446384315,386,10,1,6,0.1428571428571428,0.0252525252525252,403,7,403,0.4285714285714285,0.6,34.54285714285714,0.7142857142857143,0.3846153846153846,22.142857142857142,1.0,0.3333333333333333,19.19047619047619,1.0,0.1707317073170731,9.829268292682928,1.0,0.0864197530864197,4.9753086419753085,with_side,existing_side_feature,0.9727047146401985
cn7,2026,2,lightgbm,0.0214242013773891,,,fixed_0.5,0.6505044181206099,0.9823232323232324,0.0135552947320019,0.0473161203723512,0.0,0.0,0.0,0.0,396,0,7,0,1.0,0.0,403,7,397,0.4285714285714285,0.6,34.54285714285714,0.7142857142857143,0.3846153846153846,22.142857142857142,0.7142857142857143,0.238095238095238,13.707482993197278,1.0,0.1707317073170731,9.829268292682928,1.0,0.0864197530864197,4.9753086419753085,with_side,existing_side_feature,0.9826302729528535
cn7,2026,2,lightgbm,0.0214242013773891,,,inner_f1,0.6505044181206099,0.9823232323232324,0.0135552947320019,0.0473161203723512,0.3255813953488372,0.1944444444444444,1.0,0.4245053898811643,367,29,0,7,0.0,0.0732323232323232,403,7,397,0.4285714285714285,0.6,34.54285714285714,0.7142857142857143,0.3846153846153846,22.142857142857142,0.7142857142857143,0.238095238095238,13.707482993197278,1.0,0.1707317073170731,9.829268292682928,1.0,0.0864197530864197,4.9753086419753085,with_side,existing_side_feature,0.9280397022332506
cn7,2026,2,lightgbm_balanced,0.4654279616368195,,,fixed_0.5,0.6624949124949124,0.9862914862914864,0.0146778148675795,0.0547657010500616,0.5,0.4444444444444444,0.5714285714285714,0.4940665357774969,391,5,3,4,0.4285714285714285,0.0126262626262626,403,7,397,0.4285714285714285,0.6,34.54285714285714,0.8571428571428571,0.4615384615384615,26.571428571428573,0.8571428571428571,0.2857142857142857,16.448979591836732,1.0,0.1707317073170731,9.829268292682928,1.0,0.0864197530864197,4.9753086419753085,with_side,existing_side_feature,0.9801488833746899
cn7,2026,2,lightgbm_balanced,0.4654279616368195,,,inner_f1,0.6624949124949124,0.9862914862914864,0.0146778148675795,0.0547657010500616,0.4705882352941176,0.4,0.5714285714285714,0.4671877917585706,390,6,3,4,0.4285714285714285,0.0151515151515151,403,7,397,0.4285714285714285,0.6,34.54285714285714,0.8571428571428571,0.4615384615384615,26.571428571428573,0.8571428571428571,0.2857142857142857,16.448979591836732,1.0,0.1707317073170731,9.829268292682928,1.0,0.0864197530864197,4.9753086419753085,with_side,existing_side_feature,0.9776674937965261
rg3,42,0,dummy_prior,0.5,,,fixed_0.5,0.0177664974619289,0.5,0.0174766162488082,0.089838872722487,0.0,0.0,0.0,0.0,387,0,7,0,1.0,0.0,394,7,1,0.0,0.0,0.0,0.0,0.0,0.0,0.1428571428571428,0.05,2.814285714285714,0.1428571428571428,0.025,1.407142857142857,0.2857142857142857,0.0253164556962025,1.4249547920433996,with_side,existing_side_feature,0.9822335025380711
rg3,42,0,dummy_prior,0.5,,,inner_f1,0.0177664974619289,0.5,0.0174766162488082,0.089838872722487,0.0,0.0,0.0,0.0,387,0,7,0,1.0,0.0,394,7,1,0.0,0.0,0.0,0.0,0.0,0.0,0.1428571428571428,0.05,2.814285714285714,0.1428571428571428,0.025,1.407142857142857,0.2857142857142857,0.0253164556962025,1.4249547920433996,with_side,existing_side_feature,0.9822335025380711
rg3,42,0,logistic,0.0153072095873762,,,fixed_0.5,0.0370303033444928,0.709486895533407,0.018945391956057,0.0895983340220594,0.0,0.0,0.0,0.0,387,0,7,0,1.0,0.0,394,7,394,0.0,0.0,0.0,0.0,0.0,0.0,0.1428571428571428,0.05,2.814285714285714,0.1428571428571428,0.025,1.407142857142857,0.1428571428571428,0.0126582278481012,0.7124773960216998,with_side,existing_side_feature,0.9822335025380711
rg3,42,0,logistic,0.0153072095873762,,,inner_f1,0.0370303033444928,0.709486895533407,0.018945391956057,0.0895983340220594,0.0571428571428571,0.0297619047619047,0.7142857142857143,0.0782901525818102,224,163,2,5,0.2857142857142857,0.421188630490956,394,7,394,0.0,0.0,0.0,0.0,0.0,0.0,0.1428571428571428,0.05,2.814285714285714,0.1428571428571428,0.025,1.407142857142857,0.1428571428571428,0.0126582278481012,0.7124773960216998,with_side,existing_side_feature,0.5812182741116751
rg3,42,0,logistic_balanced,0.2322254609908175,,,fixed_0.5,0.0362613569573053,0.7268364710225175,0.1721979158063478,0.5296828203248283,0.037037037037037,0.0198019801980198,0.2857142857142857,0.0090466131462406,288,99,5,2,0.7142857142857143,0.2558139534883721,394,7,394,0.0,0.0,0.0,0.0,0.0,0.0,0.0,0.0,0.0,0.1428571428571428,0.025,1.407142857142857,0.2857142857142857,0.0253164556962025,1.4249547920433996,with_side,existing_side_feature,0.7360406091370558
rg3,42,0,logistic_balanced,0.2322254609908175,,,inner_f1,0.0362613569573053,0.7268364710225175,0.1721979158063478,0.5296828203248283,0.059880239520958,0.03125,0.7142857142857143,0.0844007883440994,232,155,2,5,0.2857142857142857,0.4005167958656331,394,7,394,0.0,0.0,0.0,0.0,0.0,0.0,0.0,0.0,0.0,0.1428571428571428,0.025,1.407142857142857,0.2857142857142857,0.0253164556962025,1.4249547920433996,with_side,existing_side_feature,0.6015228426395939
rg3,42,0,xgboost,0.0930625349283218,,,fixed_0.5,0.0276884504723278,0.6415651531930602,0.0177264635466429,0.089904548621691,0.0,0.0,0.0,0.0,387,0,7,0,1.0,0.0,394,7,394,0.0,0.0,0.0,0.0,0.0,0.0,0.0,0.0,0.0,0.0,0.0,0.0,0.2857142857142857,0.0253164556962025,1.4249547920433996,with_side,existing_side_feature,0.9822335025380711
rg3,42,0,xgboost,0.0930625349283218,,,inner_f1,0.0276884504723278,0.6415651531930602,0.0177264635466429,0.089904548621691,0.0,0.0,0.0,-0.0117805559479875,384,3,7,0,1.0,0.0077519379844961,394,7,394,0.0,0.0,0.0,0.0,0.0,0.0,0.0,0.0,0.0,0.0,0.0,0.0,0.2857142857142857,0.0253164556962025,1.4249547920433996,with_side,existing_side_feature,0.9746192893401016
rg3,42,0,xgboost_balanced,0.7931922674179077,,,fixed_0.5,0.0449889805278275,0.7356958287190846,0.0565968755615708,0.1900854857921071,0.0769230769230769,0.0526315789473684,0.1428571428571428,0.0594078137716064,369,18,6,1,0.8571428571428571,0.0465116279069767,394,7,394,0.0,0.0,0.0,0.1428571428571428,0.0833333333333333,4.69047619047619,0.1428571428571428,0.05,2.814285714285714,0.1428571428571428,0.025,1.407142857142857,0.1428571428571428,0.0126582278481012,0.7124773960216998,with_side,existing_side_feature,0.9390862944162437
rg3,42,0,xgboost_balanced,0.7931922674179077,,,inner_f1,0.0449889805278275,0.7356958287190846,0.0565968755615708,0.1900854857921071,0.0,0.0,0.0,-0.0096065069617372,385,2,7,0,1.0,0.0051679586563307,394,7,394,0.0,0.0,0.0,0.1428571428571428,0.0833333333333333,4.69047619047619,0.1428571428571428,0.05,2.814285714285714,0.1428571428571428,0.025,1.407142857142857,0.1428571428571428,0.0126582278481012,0.7124773960216998,with_side,existing_side_feature,0.9771573604060914
rg3,42,0,extratrees,0.0039220911102787,,,fixed_0.5,0.0371798976785223,0.7504614248800294,0.0180159186696962,0.0815340956089349,0.0,0.0,0.0,0.0,387,0,7,0,1.0,0.0,394,7,198,0.0,0.0,0.0,0.0,0.0,0.0,0.0,0.0,0.0,0.1428571428571428,0.025,1.407142857142857,0.2857142857142857,0.0253164556962025,1.4249547920433996,with_side,existing_side_feature,0.9822335025380711
rg3,42,0,extratrees,0.0039220911102787,,,inner_f1,0.0371798976785223,0.7504614248800294,0.0180159186696962,0.0815340956089349,0.0686274509803921,0.0355329949238578,1.0,0.1344910974643215,197,190,0,7,0.0,0.4909560723514212,394,7,198,0.0,0.0,0.0,0.0,0.0,0.0,0.0,0.0,0.0,0.1428571428571428,0.025,1.407142857142857,0.2857142857142857,0.0253164556962025,1.4249547920433996,with_side,existing_side_feature,0.5177664974619289
rg3,42,0,extratrees_balanced,0.4423436176992231,,,fixed_0.5,0.0645324311231341,0.7615356220007382,0.0643667627957057,0.2078097551608034,0.0666666666666666,0.0434782608695652,0.1428571428571428,0.0484619121166068,365,22,6,1,0.8571428571428571,0.0568475452196382,394,7,198,0.0,0.0,0.0,0.1428571428571428,0.0833333333333333,4.69047619047619,0.1428571428571428,0.05,2.814285714285714,0.2857142857142857,0.05,2.814285714285714,0.2857142857142857,0.0253164556962025,1.4249547920433996,with_side,existing_side_feature,0.9289340101522843
rg3,42,0,extratrees_balanced,0.4423436176992231,,,inner_f1,0.0645324311231341,0.7615356220007382,0.0643667627957057,0.2078097551608034,0.0888888888888888,0.0526315789473684,0.2857142857142857,0.0862281767349725,351,36,5,2,0.7142857142857143,0.0930232558139534,394,7,198,0.0,0.0,0.0,0.1428571428571428,0.0833333333333333,4.69047619047619,0.1428571428571428,0.05,2.814285714285714,0.2857142857142857,0.05,2.814285714285714,0.2857142857142857,0.0253164556962025,1.4249547920433996,with_side,existing_side_feature,0.8959390862944162
rg3,42,0,catboost,0.0166084687820832,,,fixed_0.5,0.0314966908437733,0.7035806570690293,0.0176170467695918,0.0819728263843889,0.0,0.0,0.0,0.0,387,0,7,0,1.0,0.0,394,7,394,0.0,0.0,0.0,0.0,0.0,0.0,0.0,0.0,0.0,0.0,0.0,0.0,0.1428571428571428,0.0126582278481012,0.7124773960216998,with_side,existing_side_feature,0.9822335025380711
rg3,42,0,catboost,0.0166084687820832,,,inner_f1,0.0314966908437733,0.7035806570690293,0.0176170467695918,0.0819728263843889,0.0696517412935323,0.0360824742268041,1.0,0.1365550200550106,200,187,0,7,0.0,0.483204134366925,394,7,394,0.0,0.0,0.0,0.0,0.0,0.0,0.0,0.0,0.0,0.0,0.0,0.0,0.1428571428571428,0.0126582278481012,0.7124773960216998,with_side,existing_side_feature,0.5253807106598984
rg3,42,0,catboost_balanced,0.4918602529037432,,,fixed_0.5,0.0447431425444548,0.7674418604651163,0.0588796252367841,0.1952891243026128,0.064516129032258,0.0416666666666666,0.1428571428571428,0.0460784067116044,364,23,6,1,0.8571428571428571,0.0594315245478036,394,7,394,0.0,0.0,0.0,0.0,0.0,0.0,0.1428571428571428,0.05,2.814285714285714,0.1428571428571428,0.025,1.407142857142857,0.4285714285714285,0.0379746835443038,2.1374321880650995,with_side,existing_side_feature,0.9263959390862944
rg3,42,0,catboost_balanced,0.4918602529037432,,,inner_f1,0.0447431425444548,0.7674418604651163,0.0588796252367841,0.1952891243026128,0.0606060606060606,0.0384615384615384,0.1428571428571428,0.041640964009206,362,25,6,1,0.8571428571428571,0.0645994832041343,394,7,394,0.0,0.0,0.0,0.0,0.0,0.0,0.1428571428571428,0.05,2.814285714285714,0.1428571428571428,0.025,1.407142857142857,0.4285714285714285,0.0379746835443038,2.1374321880650995,with_side,existing_side_feature,0.9213197969543148
rg3,42,0,lightgbm,0.1095277039430036,,,fixed_0.5,0.036465750658586,0.7353266888150609,0.0180561885943653,0.0868820910063733,0.0,0.0,0.0,0.0,387,0,7,0,1.0,0.0,394,7,394,0.0,0.0,0.0,0.0,0.0,0.0,0.0,0.0,0.0,0.0,0.0,0.0,0.2857142857142857,0.0253164556962025,1.4249547920433996,with_side,existing_side_feature,0.9822335025380711
rg3,42,0,lightgbm,0.1095277039430036,,,inner_f1,0.036465750658586,0.7353266888150609,0.0180561885943653,0.0868820910063733,0.0,0.0,0.0,-0.0205629030288166,378,9,7,0,1.0,0.0232558139534883,394,7,394,0.0,0.0,0.0,0.0,0.0,0.0,0.0,0.0,0.0,0.0,0.0,0.0,0.2857142857142857,0.0253164556962025,1.4249547920433996,with_side,existing_side_feature,0.9593908629441624
rg3,42,0,lightgbm_balanced,0.5849914896779741,,,fixed_0.5,0.0433184788892864,0.7604282022886674,0.066663031958926,0.2171129596835597,0.0,0.0,0.0,-0.0386103263999515,357,30,7,0,1.0,0.0775193798449612,394,7,394,0.0,0.0,0.0,0.0,0.0,0.0,0.0,0.0,0.0,0.2857142857142857,0.05,2.814285714285714,0.4285714285714285,0.0379746835443038,2.1374321880650995,with_side,existing_side_feature,0.9060913705583756
rg3,42,0,lightgbm_balanced,0.5849914896779741,,,inner_f1,0.0433184788892864,0.7604282022886674,0.066663031958926,0.2171129596835597,0.0,0.0,0.0,-0.0319116139128208,366,21,7,0,1.0,0.0542635658914728,394,7,394,0.0,0.0,0.0,0.0,0.0,0.0,0.0,0.0,0.0,0.2857142857142857,0.05,2.814285714285714,0.4285714285714285,0.0379746835443038,2.1374321880650995,with_side,existing_side_feature,0.9289340101522843
rg3,42,1,dummy_prior,0.5,,,fixed_0.5,0.0253807106598984,0.5,0.024776791465897,0.1192756110035843,0.0,0.0,0.0,0.0,384,0,10,0,1.0,0.0,394,10,1,0.0,0.0,0.0,0.0,0.0,0.0,0.0,0.0,0.0,0.0,0.0,0.0,0.2,0.0253164556962025,0.9974683544303796,with_side,existing_side_feature,0.9746192893401016
rg3,42,1,dummy_prior,0.5,,,inner_f1,0.0253807106598984,0.5,0.024776791465897,0.1192756110035843,0.0,0.0,0.0,0.0,384,0,10,0,1.0,0.0,394,10,1,0.0,0.0,0.0,0.0,0.0,0.0,0.0,0.0,0.0,0.0,0.0,0.0,0.2,0.0253164556962025,0.9974683544303796,with_side,existing_side_feature,0.9746192893401016
rg3,42,1,logistic,0.0258762916021072,,,fixed_0.5,0.0370836911546803,0.6552083333333334,0.0277886022596805,0.1341651401575802,0.0,0.0,0.0,-0.0081402569287975,383,1,10,0,1.0,0.0026041666666666,394,10,394,0.0,0.0,0.0,0.0,0.0,0.0,0.0,0.0,0.0,0.0,0.0,0.0,0.0,0.0,0.0,with_side,existing_side_feature,0.9720812182741116
rg3,42,1,logistic,0.0258762916021072,,,inner_f1,0.0370836911546803,0.6552083333333334,0.0277886022596805,0.1341651401575802,0.0198019801980198,0.0109890109890109,0.1,-0.0501466677059903,294,90,9,1,0.9,0.234375,394,10,394,0.0,0.0,0.0,0.0,0.0,0.0,0.0,0.0,0.0,0.0,0.0,0.0,0.0,0.0,0.0,with_side,existing_side_feature,0.748730964467005
rg3,42,1,logistic_balanced,0.6737085668124209,,,fixed_0.5,0.0381379975558533,0.6640625,0.1616649386684765,0.5155080261658733,0.0,0.0,0.0,-0.0852723545990988,298,86,10,0,1.0,0.2239583333333333,394,10,394,0.0,0.0,0.0,0.0,0.0,0.0,0.0,0.0,0.0,0.0,0.0,0.0,0.0,0.0,0.0,with_side,existing_side_feature,0.7563451776649747
rg3,42,1,logistic_balanced,0.6737085668124209,,,inner_f1,0.0381379975558533,0.6640625,0.1616649386684765,0.5155080261658733,0.0,0.0,0.0,-0.0663677149712452,327,57,10,0,1.0,0.1484375,394,10,394,0.0,0.0,0.0,0.0,0.0,0.0,0.0,0.0,0.0,0.0,0.0,0.0,0.0,0.0,0.0,with_side,existing_side_feature,0.8299492385786802
rg3,42,1,xgboost,0.0179282147437334,,,fixed_0.5,0.032091116345347,0.59765625,0.0249761955695377,0.1205394005525964,0.0,0.0,0.0,0.0,384,0,10,0,1.0,0.0,394,10,393,0.0,0.0,0.0,0.0,0.0,0.0,0.0,0.0,0.0,0.0,0.0,0.0,0.0,0.0,0.0,with_side,existing_side_feature,0.9746192893401016
rg3,42,1,xgboost,0.0179282147437334,,,inner_f1,0.032091116345347,0.59765625,0.0249761955695377,0.1205394005525964,0.0568181818181818,0.0301204819277108,0.5,0.0257142945389171,223,161,5,5,0.5,0.4192708333333333,394,10,393,0.0,0.0,0.0,0.0,0.0,0.0,0.0,0.0,0.0,0.0,0.0,0.0,0.0,0.0,0.0,with_side,existing_side_feature,0.5786802030456852
rg3,42,1,xgboost_balanced,0.4928120970726013,,,fixed_0.5,0.0749073253149868,0.7244791666666667,0.0504689136242138,0.1811971385862686,0.1666666666666666,0.1428571428571428,0.2,0.1433684458944697,372,12,8,2,0.8,0.03125,394,10,394,0.0,0.0,0.0,0.2,0.1666666666666666,6.566666666666666,0.2,0.1,3.94,0.2,0.05,1.97,0.3,0.0379746835443038,1.4962025316455696,with_side,existing_side_feature,0.949238578680203
rg3,42,1,xgboost_balanced,0.4928120970726013,,,inner_f1,0.0749073253149868,0.7244791666666667,0.0504689136242138,0.1811971385862686,0.16,0.1333333333333333,0.2,0.1365494112692225,371,13,8,2,0.8,0.0338541666666666,394,10,394,0.0,0.0,0.0,0.2,0.1666666666666666,6.566666666666666,0.2,0.1,3.94,0.2,0.05,1.97,0.3,0.0379746835443038,1.4962025316455696,with_side,existing_side_feature,0.9467005076142132
rg3,42,1,extratrees,0.0959999999999999,,,fixed_0.5,0.0438198258501301,0.7041666666666666,0.0253415265152566,0.115963398359816,0.0,0.0,0.0,0.0,384,0,10,0,1.0,0.0,394,10,198,0.0,0.0,0.0,0.0,0.0,0.0,0.0,0.0,0.0,0.1,0.025,0.985,0.3,0.0379746835443038,1.4962025316455696,with_side,existing_side_feature,0.9746192893401016
rg3,42,1,extratrees,0.0959999999999999,,,inner_f1,0.0438198258501301,0.7041666666666666,0.0253415265152566,0.115963398359816,0.0,0.0,0.0,-0.02980873705643,371,13,10,0,1.0,0.0338541666666666,394,10,198,0.0,0.0,0.0,0.0,0.0,0.0,0.0,0.0,0.0,0.1,0.025,0.985,0.3,0.0379746835443038,1.4962025316455696,with_side,existing_side_feature,0.9416243654822335
rg3,42,1,extratrees_balanced,0.7067201300008881,,,fixed_0.5,0.0488953512167096,0.7208333333333332,0.0812020178219458,0.2493898613005645,0.0983606557377049,0.0588235294117647,0.3,0.0819920061690787,336,48,7,3,0.7,0.125,394,10,198,0.0,0.0,0.0,0.0,0.0,0.0,0.0,0.0,0.0,0.2,0.05,1.97,0.3,0.0379746835443038,1.4962025316455696,with_side,existing_side_feature,0.8604060913705583
rg3,42,1,extratrees_balanced,0.7067201300008881,,,inner_f1,0.0488953512167096,0.7208333333333332,0.0812020178219458,0.2493898613005645,0.0,0.0,0.0,-0.0182955129097458,379,5,10,0,1.0,0.0130208333333333,394,10,198,0.0,0.0,0.0,0.0,0.0,0.0,0.0,0.0,0.0,0.2,0.05,1.97,0.3,0.0379746835443038,1.4962025316455696,with_side,existing_side_feature,0.9619289340101523
rg3,42,1,catboost,0.054895088345396,,,fixed_0.5,0.0476829115910391,0.7182291666666667,0.0248198764485718,0.1139081901983289,0.0,0.0,0.0,0.0,384,0,10,0,1.0,0.0,394,10,394,0.0,0.0,0.0,0.0,0.0,0.0,0.0,0.0,0.0,0.2,0.05,1.97,0.2,0.0253164556962025,0.9974683544303796,with_side,existing_side_feature,0.9746192893401016
rg3,42,1,catboost,0.054895088345396,,,inner_f1,0.0476829115910391,0.7182291666666667,0.0248198764485718,0.1139081901983289,0.0,0.0,0.0,-0.039244089571657,362,22,10,0,1.0,0.0572916666666666,394,10,394,0.0,0.0,0.0,0.0,0.0,0.0,0.0,0.0,0.0,0.2,0.05,1.97,0.2,0.0253164556962025,0.9974683544303796,with_side,existing_side_feature,0.9187817258883249
rg3,42,1,catboost_balanced,0.5334073915875757,,,fixed_0.5,0.0537908690249827,0.72890625,0.0655951842883871,0.2159152108116059,0.1052631578947368,0.0714285714285714,0.2,0.0809801434462715,358,26,8,2,0.8,0.0677083333333333,394,10,394,0.0,0.0,0.0,0.0,0.0,0.0,0.0,0.0,0.0,0.2,0.05,1.97,0.3,0.0379746835443038,1.4962025316455696,with_side,existing_side_feature,0.9137055837563451
rg3,42,1,catboost_balanced,0.5334073915875757,,,inner_f1,0.0537908690249827,0.72890625,0.0655951842883871,0.2159152108116059,0.0606060606060606,0.0434782608695652,0.1,0.0286501805410194,362,22,9,1,0.9,0.0572916666666666,394,10,394,0.0,0.0,0.0,0.0,0.0,0.0,0.0,0.0,0.0,0.2,0.05,1.97,0.3,0.0379746835443038,1.4962025316455696,with_side,existing_side_feature,0.9213197969543148
rg3,42,1,lightgbm,0.070045304290788,,,fixed_0.5,0.0516738882141835,0.71640625,0.0251462052414213,0.1165934859062349,0.0,0.0,0.0,0.0,384,0,10,0,1.0,0.0,394,10,394,0.0,0.0,0.0,0.0,0.0,0.0,0.1,0.05,1.97,0.2,0.05,1.97,0.3,0.0379746835443038,1.4962025316455696,with_side,existing_side_feature,0.9746192893401016
rg3,42,1,lightgbm,0.070045304290788,,,inner_f1,0.0516738882141835,0.71640625,0.0251462052414213,0.1165934859062349,0.0,0.0,0.0,-0.027348363483114,373,11,10,0,1.0,0.0286458333333333,394,10,394,0.0,0.0,0.0,0.0,0.0,0.0,0.1,0.05,1.97,0.2,0.05,1.97,0.3,0.0379746835443038,1.4962025316455696,with_side,existing_side_feature,0.9467005076142132
rg3,42,1,lightgbm_balanced,0.5987674754015082,,,fixed_0.5,0.0728038512560411,0.7182291666666666,0.0601380001907006,0.208746379135023,0.1379310344827586,0.1052631578947368,0.2,0.1143255073788299,367,17,8,2,0.8,0.0442708333333333,394,10,394,0.0,0.0,0.0,0.2,0.1666666666666666,6.566666666666666,0.2,0.1,3.94,0.2,0.05,1.97,0.2,0.0253164556962025,0.9974683544303796,with_side,existing_side_feature,0.9365482233502538
rg3,42,1,lightgbm_balanced,0.5987674754015082,,,inner_f1,0.0728038512560411,0.7182291666666666,0.0601380001907006,0.208746379135023,0.1818181818181818,0.1666666666666666,0.2,0.1592166734306208,374,10,8,2,0.8,0.0260416666666666,394,10,394,0.0,0.0,0.0,0.2,0.1666666666666666,6.566666666666666,0.2,0.1,3.94,0.2,0.05,1.97,0.2,0.0253164556962025,0.9974683544303796,with_side,existing_side_feature,0.9543147208121827
rg3,42,2,dummy_prior,0.5,,,fixed_0.5,0.0203045685279187,0.5,0.0198939034759978,0.0992609859292118,0.0,0.0,0.0,0.0,386,0,8,0,1.0,0.0,394,8,1,0.0,0.0,0.0,0.0,0.0,0.0,0.0,0.0,0.0,0.0,0.0,0.0,0.0,0.0,0.0,with_side,existing_side_feature,0.9796954314720813
rg3,42,2,dummy_prior,0.5,,,inner_f1,0.0203045685279187,0.5,0.0198939034759978,0.0992609859292118,0.0,0.0,0.0,0.0,386,0,8,0,1.0,0.0,394,8,1,0.0,0.0,0.0,0.0,0.0,0.0,0.0,0.0,0.0,0.0,0.0,0.0,0.0,0.0,0.0,with_side,existing_side_feature,0.9796954314720813
rg3,42,2,logistic,0.0275644156551778,,,fixed_0.5,0.0661886420937983,0.6965673575129534,0.0205019308393318,0.1022792151945634,0.0,0.0,0.0,0.0,386,0,8,0,1.0,0.0,394,8,394,0.125,0.25,12.312500000000002,0.125,0.0833333333333333,4.104166666666667,0.125,0.05,2.4625000000000004,0.125,0.025,1.2312500000000002,0.375,0.0379746835443038,1.8702531645569624,with_side,existing_side_feature,0.9796954314720813
rg3,42,2,logistic,0.0275644156551778,,,inner_f1,0.0661886420937983,0.6965673575129534,0.0205019308393318,0.1022792151945634,0.0576923076923076,0.03125,0.375,0.0440471635297379,293,93,5,3,0.625,0.2409326424870466,394,8,394,0.125,0.25,12.312500000000002,0.125,0.0833333333333333,4.104166666666667,0.125,0.05,2.4625000000000004,0.125,0.025,1.2312500000000002,0.375,0.0379746835443038,1.8702531645569624,with_side,existing_side_feature,0.751269035532995
rg3,42,2,logistic_balanced,0.5102440147195547,,,fixed_0.5,0.1584553765544621,0.7101683937823833,0.1525313043557338,0.4513921014737874,0.0412371134020618,0.0224719101123595,0.25,0.0083009925378481,299,87,6,2,0.75,0.2253886010362694,394,8,394,0.125,0.25,12.312500000000002,0.125,0.0833333333333333,4.104166666666667,0.125,0.05,2.4625000000000004,0.125,0.025,1.2312500000000002,0.25,0.0253164556962025,1.2468354430379749,with_side,existing_side_feature,0.7639593908629442
rg3,42,2,logistic_balanced,0.5102440147195547,,,inner_f1,0.1584553765544621,0.7101683937823833,0.1525313043557338,0.4513921014737874,0.0425531914893617,0.0232558139534883,0.25,0.0110569862696922,302,84,6,2,0.75,0.2176165803108808,394,8,394,0.125,0.25,12.312500000000002,0.125,0.0833333333333333,4.104166666666667,0.125,0.05,2.4625000000000004,0.125,0.025,1.2312500000000002,0.25,0.0253164556962025,1.2468354430379749,with_side,existing_side_feature,0.7715736040609137
rg3,42,2,xgboost,0.0181563273072242,,,fixed_0.5,0.152346239081405,0.6389248704663212,0.0197160478709442,0.0966499220330558,0.0,0.0,0.0,0.0,386,0,8,0,1.0,0.0,394,8,392,0.125,0.25,12.312500000000002,0.125,0.0833333333333333,4.104166666666667,0.125,0.05,2.4625000000000004,0.125,0.025,1.2312500000000002,0.25,0.0253164556962025,1.2468354430379749,with_side,existing_side_feature,0.9796954314720813
rg3,42,2,xgboost,0.0181563273072242,,,inner_f1,0.152346239081405,0.6389248704663212,0.0197160478709442,0.0966499220330558,0.053475935828877,0.0279329608938547,0.625,0.0493512189949892,212,174,3,5,0.375,0.4507772020725388,394,8,392,0.125,0.25,12.312500000000002,0.125,0.0833333333333333,4.104166666666667,0.125,0.05,2.4625000000000004,0.125,0.025,1.2312500000000002,0.25,0.0253164556962025,1.2468354430379749,with_side,existing_side_feature,0.550761421319797
rg3,42,2,xgboost_balanced,0.1351190209388733,,,fixed_0.5,0.0391594992443888,0.6615932642487047,0.0436144651964126,0.1689494213762745,0.0869565217391304,0.0666666666666666,0.125,0.0653953219903682,372,14,7,1,0.875,0.0362694300518134,394,8,394,0.0,0.0,0.0,0.0,0.0,0.0,0.125,0.05,2.4625000000000004,0.125,0.025,1.2312500000000002,0.375,0.0379746835443038,1.8702531645569624,with_side,existing_side_feature,0.9467005076142132
rg3,42,2,xgboost_balanced,0.1351190209388733,,,inner_f1,0.0391594992443888,0.6615932642487047,0.0436144651964126,0.1689494213762745,0.0594059405940594,0.032258064516129,0.375,0.047109743822322,296,90,5,3,0.625,0.233160621761658,394,8,394,0.0,0.0,0.0,0.0,0.0,0.0,0.125,0.05,2.4625000000000004,0.125,0.025,1.2312500000000002,0.375,0.0379746835443038,1.8702531645569624,with_side,existing_side_feature,0.7588832487309645
rg3,42,2,extratrees,0.0242242942242942,,,fixed_0.5,0.0554003263439928,0.7441709844559585,0.0199582712534423,0.0937024706554502,0.0,0.0,0.0,0.0,386,0,8,0,1.0,0.0,394,8,199,0.0,0.0,0.0,0.125,0.0833333333333333,4.104166666666667,0.125,0.05,2.4625000000000004,0.25,0.05,2.4625000000000004,0.375,0.0379746835443038,1.8702531645569624,with_side,existing_side_feature,0.9796954314720813
rg3,42,2,extratrees,0.0242242942242942,,,inner_f1,0.0554003263439928,0.7441709844559585,0.0199582712534423,0.0937024706554502,0.0680272108843537,0.0359712230215827,0.625,0.0820108195058223,252,134,3,5,0.375,0.3471502590673575,394,8,199,0.0,0.0,0.0,0.125,0.0833333333333333,4.104166666666667,0.125,0.05,2.4625000000000004,0.25,0.05,2.4625000000000004,0.375,0.0379746835443038,1.8702531645569624,with_side,existing_side_feature,0.6522842639593909
rg3,42,2,extratrees_balanced,0.802158426808214,,,fixed_0.5,0.0374037752779747,0.72279792746114,0.0747239848551088,0.228397426577207,0.0,0.0,0.0,-0.0497284192927034,344,42,8,0,1.0,0.1088082901554404,394,8,198,0.0,0.0,0.0,0.0,0.0,0.0,0.0,0.0,0.0,0.0,0.0,0.0,0.25,0.0253164556962025,1.2468354430379749,with_side,existing_side_feature,0.8730964467005076
rg3,42,2,extratrees_balanced,0.802158426808214,,,inner_f1,0.0374037752779747,0.72279792746114,0.0747239848551088,0.228397426577207,0.0,0.0,0.0,0.0,386,0,8,0,1.0,0.0,394,8,198,0.0,0.0,0.0,0.0,0.0,0.0,0.0,0.0,0.0,0.0,0.0,0.0,0.25,0.0253164556962025,1.2468354430379749,with_side,existing_side_feature,0.9796954314720813
rg3,42,2,catboost,0.0385823308451929,,,fixed_0.5,0.0773924575029792,0.723121761658031,0.0196450533188709,0.089176860524955,0.0,0.0,0.0,0.0,386,0,8,0,1.0,0.0,394,8,394,0.125,0.25,12.312500000000002,0.125,0.0833333333333333,4.104166666666667,0.125,0.05,2.4625000000000004,0.125,0.025,1.2312500000000002,0.375,0.0379746835443038,1.8702531645569624,with_side,existing_side_feature,0.9796954314720813
rg3,42,2,catboost,0.0385823308451929,,,inner_f1,0.0773924575029792,0.723121761658031,0.0196450533188709,0.089176860524955,0.0634920634920634,0.0363636363636363,0.25,0.0458626773596386,333,53,6,2,0.75,0.1373056994818652,394,8,394,0.125,0.25,12.312500000000002,0.125,0.0833333333333333,4.104166666666667,0.125,0.05,2.4625000000000004,0.125,0.025,1.2312500000000002,0.375,0.0379746835443038,1.8702531645569624,with_side,existing_side_feature,0.850253807106599
rg3,42,2,catboost_balanced,0.417151423432862,,,fixed_0.5,0.0499653871256928,0.7237694300518135,0.0490657146369364,0.1787729031195462,0.08,0.0588235294117647,0.125,0.0579943819300174,370,16,7,1,0.875,0.0414507772020725,394,8,394,0.0,0.0,0.0,0.0,0.0,0.0,0.125,0.05,2.4625000000000004,0.25,0.05,2.4625000000000004,0.375,0.0379746835443038,1.8702531645569624,with_side,existing_side_feature,0.9416243654822335
rg3,42,2,catboost_balanced,0.417151423432862,,,inner_f1,0.0499653871256928,0.7237694300518135,0.0490657146369364,0.1787729031195462,0.0625,0.0416666666666666,0.125,0.0385750271787462,363,23,7,1,0.875,0.0595854922279792,394,8,394,0.0,0.0,0.0,0.0,0.0,0.0,0.125,0.05,2.4625000000000004,0.25,0.05,2.4625000000000004,0.375,0.0379746835443038,1.8702531645569624,with_side,existing_side_feature,0.9238578680203046
rg3,42,2,lightgbm,0.0474522964133983,,,fixed_0.5,0.0497771901683567,0.6625647668393784,0.01998734970223,0.0983066837981669,0.0,0.0,0.0,0.0,386,0,8,0,1.0,0.0,394,8,394,0.0,0.0,0.0,0.125,0.0833333333333333,4.104166666666667,0.125,0.05,2.4625000000000004,0.125,0.025,1.2312500000000002,0.25,0.0253164556962025,1.2468354430379749,with_side,existing_side_feature,0.9796954314720813
rg3,42,2,lightgbm,0.0474522964133983,,,inner_f1,0.0497771901683567,0.6625647668393784,0.01998734970223,0.0983066837981669,0.054054054054054,0.0344827586206896,0.125,0.0283355037224629,358,28,7,1,0.875,0.0725388601036269,394,8,394,0.0,0.0,0.0,0.125,0.0833333333333333,4.104166666666667,0.125,0.05,2.4625000000000004,0.125,0.025,1.2312500000000002,0.25,0.0253164556962025,1.2468354430379749,with_side,existing_side_feature,0.9111675126903553
rg3,42,2,lightgbm_balanced,0.1888019931003803,,,fixed_0.5,0.0948277421107394,0.679080310880829,0.0488483555677893,0.1834923144929219,0.0833333333333333,0.0625,0.125,0.0615512815232009,371,15,7,1,0.875,0.038860103626943,394,8,394,0.125,0.25,12.312500000000002,0.125,0.0833333333333333,4.104166666666667,0.125,0.05,2.4625000000000004,0.25,0.05,2.4625000000000004,0.375,0.0379746835443038,1.8702531645569624,with_side,existing_side_feature,0.9441624365482234
rg3,42,2,lightgbm_balanced,0.1888019931003803,,,inner_f1,0.0948277421107394,0.679080310880829,0.0488483555677893,0.1834923144929219,0.0638297872340425,0.0348837209302325,0.375,0.0546215121722798,303,83,5,3,0.625,0.2150259067357512,394,8,394,0.125,0.25,12.312500000000002,0.125,0.0833333333333333,4.104166666666667,0.125,0.05,2.4625000000000004,0.25,0.05,2.4625000000000004,0.375,0.0379746835443038,1.8702531645569624,with_side,existing_side_feature,0.7766497461928934
rg3,1729,0,dummy_prior,0.5,,,fixed_0.5,0.0279187817258883,0.5,0.0272423922286067,0.1299507339933275,0.0,0.0,0.0,0.0,383,0,11,0,1.0,0.0,394,11,1,0.0,0.0,0.0,0.0,0.0,0.0,0.0,0.0,0.0,0.0,0.0,0.0,0.2727272727272727,0.0379746835443038,1.3601841196777906,with_side,existing_side_feature,0.9720812182741116
rg3,1729,0,dummy_prior,0.5,,,inner_f1,0.0279187817258883,0.5,0.0272423922286067,0.1299507339933275,0.0,0.0,0.0,0.0,383,0,11,0,1.0,0.0,394,11,1,0.0,0.0,0.0,0.0,0.0,0.0,0.0,0.0,0.0,0.0,0.0,0.0,0.2727272727272727,0.0379746835443038,1.3601841196777906,with_side,existing_side_feature,0.9720812182741116
rg3,1729,0,logistic,0.0033317828722651,,,fixed_0.5,0.0563733416228813,0.7581295988606693,0.0272902045137273,0.1202399593336162,0.0,0.0,0.0,0.0,383,0,11,0,1.0,0.0,394,11,394,0.0,0.0,0.0,0.0,0.0,0.0,0.0,0.0,0.0,0.0909090909090909,0.025,0.8954545454545455,0.2727272727272727,0.0379746835443038,1.3601841196777906,with_side,existing_side_feature,0.9720812182741116
rg3,1729,0,logistic,0.0033317828722651,,,inner_f1,0.0563733416228813,0.7581295988606693,0.0272902045137273,0.1202399593336162,0.1004566210045662,0.0528846153846153,1.0,0.1602587534139471,186,197,0,11,0.0,0.5143603133159269,394,11,394,0.0,0.0,0.0,0.0,0.0,0.0,0.0,0.0,0.0,0.0909090909090909,0.025,0.8954545454545455,0.2727272727272727,0.0379746835443038,1.3601841196777906,with_side,existing_side_feature,0.5
rg3,1729,0,logistic_balanced,0.020906385222125,,,fixed_0.5,0.054690129174057,0.7491098979349633,0.1411677345709753,0.4264354380436936,0.0842105263157894,0.0476190476190476,0.3636363636363636,0.0622488562547298,303,80,7,4,0.6363636363636364,0.2088772845953002,394,11,394,0.0,0.0,0.0,0.0,0.0,0.0,0.0,0.0,0.0,0.0,0.0,0.0,0.3636363636363636,0.050632911392405,1.813578826237054,with_side,existing_side_feature,0.7791878172588832
rg3,1729,0,logistic_balanced,0.020906385222125,,,inner_f1,0.054690129174057,0.7491098979349633,0.1411677345709753,0.4264354380436936,0.1047619047619047,0.0552763819095477,1.0,0.1677597317715959,195,188,0,11,0.0,0.4908616187989556,394,11,394,0.0,0.0,0.0,0.0,0.0,0.0,0.0,0.0,0.0,0.0,0.0,0.0,0.3636363636363636,0.050632911392405,1.813578826237054,with_side,existing_side_feature,0.5228426395939086
rg3,1729,0,xgboost,0.0104273334145545,,,fixed_0.5,0.061645358939388,0.7659624970329932,0.0269332700987531,0.121091959574688,0.0,0.0,0.0,0.0,383,0,11,0,1.0,0.0,394,11,394,0.0,0.0,0.0,0.0,0.0,0.0,0.0,0.0,0.0,0.1818181818181818,0.05,1.790909090909091,0.4545454545454545,0.0632911392405063,2.266973532796318,with_side,existing_side_feature,0.9720812182741116
rg3,1729,0,xgboost,0.0104273334145545,,,inner_f1,0.061645358939388,0.7659624970329932,0.0269332700987531,0.121091959574688,0.0709677419354838,0.0367892976588628,1.0,0.0955263456284046,95,288,0,11,0.0,0.7519582245430809,394,11,394,0.0,0.0,0.0,0.0,0.0,0.0,0.0,0.0,0.0,0.1818181818181818,0.05,1.790909090909091,0.4545454545454545,0.0632911392405063,2.266973532796318,with_side,existing_side_feature,0.26903553299492383
rg3,1729,0,xgboost_balanced,0.0058090109378099,,,fixed_0.5,0.2328436546472265,0.8471398053643485,0.037144675570316,0.1411131800322652,0.2727272727272727,0.2727272727272727,0.2727272727272727,0.2518395442677427,375,8,8,3,0.7272727272727273,0.02088772845953,394,11,394,0.0909090909090909,0.25,8.954545454545455,0.2727272727272727,0.25,8.954545454545455,0.2727272727272727,0.15,5.372727272727272,0.6363636363636364,0.175,6.268181818181818,0.6363636363636364,0.0886075949367088,3.1737629459148446,with_side,existing_side_feature,0.9593908629441624
rg3,1729,0,xgboost_balanced,0.0058090109378099,,,inner_f1,0.2328436546472265,0.8471398053643485,0.037144675570316,0.1411131800322652,0.0632183908045977,0.0326409495548961,1.0,0.0696978582749692,57,326,0,11,0.0,0.8511749347258486,394,11,394,0.0909090909090909,0.25,8.954545454545455,0.2727272727272727,0.25,8.954545454545455,0.2727272727272727,0.15,5.372727272727272,0.6363636363636364,0.175,6.268181818181818,0.6363636363636364,0.0886075949367088,3.1737629459148446,with_side,existing_side_feature,0.17258883248730963
rg3,1729,0,extratrees,0.0001234567901234,,,fixed_0.5,0.1030716712872997,0.794683123664847,0.0264399225112935,0.1119739165749931,0.0,0.0,0.0,0.0,383,0,11,0,1.0,0.0,394,11,198,0.0,0.0,0.0,0.1818181818181818,0.1666666666666666,5.969696969696969,0.3636363636363636,0.2,7.163636363636364,0.3636363636363636,0.1,3.581818181818182,0.5454545454545454,0.0759493670886076,2.7203682393555813,with_side,existing_side_feature,0.9720812182741116
rg3,1729,0,extratrees,0.0001234567901234,,,inner_f1,0.1030716712872997,0.794683123664847,0.0264399225112935,0.1119739165749931,0.1057692307692307,0.0558375634517766,1.0,0.1694716101058044,197,186,0,11,0.0,0.4856396866840731,394,11,198,0.0,0.0,0.0,0.1818181818181818,0.1666666666666666,5.969696969696969,0.3636363636363636,0.2,7.163636363636364,0.3636363636363636,0.1,3.581818181818182,0.5454545454545454,0.0759493670886076,2.7203682393555813,with_side,existing_side_feature,0.5279187817258884
rg3,1729,0,extratrees_balanced,0.0111851869788765,,,fixed_0.5,0.1298448002293484,0.7840018988844053,0.079838592642413,0.2445048022604059,0.1694915254237288,0.1041666666666666,0.4545454545454545,0.1723895209198618,340,43,6,5,0.5454545454545454,0.1122715404699739,394,11,197,0.0909090909090909,0.25,8.954545454545455,0.1818181818181818,0.1666666666666666,5.969696969696969,0.2727272727272727,0.15,5.372727272727272,0.4545454545454545,0.125,4.477272727272728,0.5454545454545454,0.0759493670886076,2.7203682393555813,with_side,existing_side_feature,0.8756345177664975
rg3,1729,0,extratrees_balanced,0.0111851869788765,,,inner_f1,0.1298448002293484,0.7840018988844053,0.079838592642413,0.2445048022604059,0.1073170731707317,0.056701030927835,1.0,0.1720723494199483,200,183,0,11,0.0,0.4778067885117493,394,11,197,0.0909090909090909,0.25,8.954545454545455,0.1818181818181818,0.1666666666666666,5.969696969696969,0.2727272727272727,0.15,5.372727272727272,0.4545454545454545,0.125,4.477272727272728,0.5454545454545454,0.0759493670886076,2.7203682393555813,with_side,existing_side_feature,0.5355329949238579
rg3,1729,0,catboost,0.0034387371733387,,,fixed_0.5,0.0792032735618404,0.7961072869689059,0.0268016505664047,0.1147620989600554,0.0,0.0,0.0,0.0,383,0,11,0,1.0,0.0,394,11,394,0.0,0.0,0.0,0.0,0.0,0.0,0.1818181818181818,0.1,3.581818181818182,0.1818181818181818,0.05,1.790909090909091,0.7272727272727273,0.1012658227848101,3.627157652474108,with_side,existing_side_feature,0.9720812182741116
rg3,1729,0,catboost,0.0034387371733387,,,inner_f1,0.0792032735618404,0.7961072869689059,0.0268016505664047,0.1147620989600554,0.102803738317757,0.0541871921182266,1.0,0.1643862999140407,191,192,0,11,0.0,0.5013054830287206,394,11,394,0.0,0.0,0.0,0.0,0.0,0.0,0.1818181818181818,0.1,3.581818181818182,0.1818181818181818,0.05,1.790909090909091,0.7272727272727273,0.1012658227848101,3.627157652474108,with_side,existing_side_feature,0.5126903553299492
rg3,1729,0,catboost_balanced,0.018241654150511,,,fixed_0.5,0.1001251035601193,0.789223830999288,0.0448578001971984,0.1621506204577375,0.1739130434782608,0.1666666666666666,0.1818181818181818,0.1492745619242518,373,10,9,2,0.8181818181818182,0.0261096605744125,394,11,394,0.0,0.0,0.0,0.1818181818181818,0.1666666666666666,5.969696969696969,0.2727272727272727,0.15,5.372727272727272,0.3636363636363636,0.1,3.581818181818182,0.5454545454545454,0.0759493670886076,2.7203682393555813,with_side,existing_side_feature,0.9517766497461929
rg3,1729,0,catboost_balanced,0.018241654150511,,,inner_f1,0.1001251035601193,0.789223830999288,0.0448578001971984,0.1621506204577375,0.0995475113122171,0.0523809523809523,1.0,0.1586339797302357,184,199,0,11,0.0,0.5195822454308094,394,11,394,0.0,0.0,0.0,0.1818181818181818,0.1666666666666666,5.969696969696969,0.2727272727272727,0.15,5.372727272727272,0.3636363636363636,0.1,3.581818181818182,0.5454545454545454,0.0759493670886076,2.7203682393555813,with_side,existing_side_feature,0.4949238578680203
rg3,1729,0,lightgbm,0.0056485057415966,,,fixed_0.5,0.1408787907709148,0.8395442677427012,0.0263976342392484,0.111961819582691,0.0,0.0,0.0,0.0,383,0,11,0,1.0,0.0,394,11,394,0.0909090909090909,0.25,8.954545454545455,0.2727272727272727,0.25,8.954545454545455,0.2727272727272727,0.15,5.372727272727272,0.4545454545454545,0.125,4.477272727272728,0.6363636363636364,0.0886075949367088,3.1737629459148446,with_side,existing_side_feature,0.9720812182741116
rg3,1729,0,lightgbm,0.0056485057415966,,,inner_f1,0.1408787907709148,0.8395442677427012,0.0263976342392484,0.111961819582691,0.0956521739130434,0.0502283105022831,1.0,0.1514934732017,175,208,0,11,0.0,0.5430809399477807,394,11,394,0.0909090909090909,0.25,8.954545454545455,0.2727272727272727,0.25,8.954545454545455,0.2727272727272727,0.15,5.372727272727272,0.4545454545454545,0.125,4.477272727272728,0.6363636363636364,0.0886075949367088,3.1737629459148446,with_side,existing_side_feature,0.4720812182741117
rg3,1729,0,lightgbm_balanced,0.01912762223475,,,fixed_0.5,0.1425467128788572,0.8165202943270828,0.0462204846574369,0.1688818304083194,0.2307692307692307,0.2,0.2727272727272727,0.207806912017516,371,12,8,3,0.7272727272727273,0.031331592689295,394,11,394,0.0909090909090909,0.25,8.954545454545455,0.1818181818181818,0.1666666666666666,5.969696969696969,0.2727272727272727,0.15,5.372727272727272,0.2727272727272727,0.075,2.686363636363636,0.5454545454545454,0.0759493670886076,2.7203682393555813,with_side,existing_side_feature,0.949238578680203
rg3,1729,0,lightgbm_balanced,0.01912762223475,,,inner_f1,0.1425467128788572,0.8165202943270828,0.0462204846574369,0.1688818304083194,0.0873015873015873,0.0456431535269709,1.0,0.1350312070073643,153,230,0,11,0.0,0.6005221932114883,394,11,394,0.0909090909090909,0.25,8.954545454545455,0.1818181818181818,0.1666666666666666,5.969696969696969,0.2727272727272727,0.15,5.372727272727272,0.2727272727272727,0.075,2.686363636363636,0.5454545454545454,0.0759493670886076,2.7203682393555813,with_side,existing_side_feature,0.41624365482233505
rg3,1729,1,dummy_prior,0.5,,,fixed_0.5,0.0177664974619289,0.5,0.0174766162488082,0.089838872722487,0.0,0.0,0.0,0.0,387,0,7,0,1.0,0.0,394,7,1,0.0,0.0,0.0,0.0,0.0,0.0,0.0,0.0,0.0,0.0,0.0,0.0,0.1428571428571428,0.0126582278481012,0.7124773960216998,with_side,existing_side_feature,0.9822335025380711
rg3,1729,1,dummy_prior,0.5,,,inner_f1,0.0177664974619289,0.5,0.0174766162488082,0.089838872722487,0.0,0.0,0.0,0.0,387,0,7,0,1.0,0.0,394,7,1,0.0,0.0,0.0,0.0,0.0,0.0,0.0,0.0,0.0,0.0,0.0,0.0,0.1428571428571428,0.0126582278481012,0.7124773960216998,with_side,existing_side_feature,0.9822335025380711
rg3,1729,1,logistic,0.0458663552333256,,,fixed_0.5,0.0438344913847101,0.7349575489110374,0.0180667330124955,0.0861546960550913,0.0,0.0,0.0,0.0,387,0,7,0,1.0,0.0,394,7,394,0.0,0.0,0.0,0.1428571428571428,0.0833333333333333,4.69047619047619,0.1428571428571428,0.05,2.814285714285714,0.1428571428571428,0.025,1.407142857142857,0.2857142857142857,0.0253164556962025,1.4249547920433996,with_side,existing_side_feature,0.9822335025380711
rg3,1729,1,logistic,0.0458663552333256,,,inner_f1,0.0438344913847101,0.7349575489110374,0.0180667330124955,0.0861546960550913,0.05,0.0273972602739726,0.2857142857142857,0.0347665279009775,316,71,5,2,0.7142857142857143,0.1834625322997416,394,7,394,0.0,0.0,0.0,0.1428571428571428,0.0833333333333333,4.69047619047619,0.1428571428571428,0.05,2.814285714285714,0.1428571428571428,0.025,1.407142857142857,0.2857142857142857,0.0253164556962025,1.4249547920433996,with_side,existing_side_feature,0.8071065989847716
rg3,1729,1,logistic_balanced,0.7947835517567151,,,fixed_0.5,0.0503589874178827,0.7504614248800294,0.1684396110675214,0.5054781027031041,0.0566037735849056,0.0303030303030303,0.4285714285714285,0.0549763308364185,291,96,4,3,0.5714285714285714,0.2480620155038759,394,7,394,0.0,0.0,0.0,0.1428571428571428,0.0833333333333333,4.69047619047619,0.1428571428571428,0.05,2.814285714285714,0.2857142857142857,0.05,2.814285714285714,0.4285714285714285,0.0379746835443038,2.1374321880650995,with_side,existing_side_feature,0.7461928934010152
rg3,1729,1,logistic_balanced,0.7947835517567151,,,inner_f1,0.0503589874178827,0.7504614248800294,0.1684396110675214,0.5054781027031041,0.0816326530612244,0.0476190476190476,0.2857142857142857,0.0780596265957553,347,40,5,2,0.7142857142857143,0.1033591731266149,394,7,394,0.0,0.0,0.0,0.1428571428571428,0.0833333333333333,4.69047619047619,0.1428571428571428,0.05,2.814285714285714,0.2857142857142857,0.05,2.814285714285714,0.4285714285714285,0.0379746835443038,2.1374321880650995,with_side,existing_side_feature,0.8857868020304569
rg3,1729,1,xgboost,0.0222150217741727,,,fixed_0.5,0.0234026120315921,0.5618309339239571,0.0180694444029896,0.0944000957691213,0.0,0.0,0.0,0.0,387,0,7,0,1.0,0.0,394,7,392,0.0,0.0,0.0,0.0,0.0,0.0,0.0,0.0,0.0,0.0,0.0,0.0,0.2857142857142857,0.0253164556962025,1.4249547920433996,with_side,existing_side_feature,0.9822335025380711
rg3,1729,1,xgboost,0.0222150217741727,,,inner_f1,0.0234026120315921,0.5618309339239571,0.0180694444029896,0.0944000957691213,0.0465116279069767,0.0245901639344262,0.4285714285714285,0.0345943339785701,268,119,4,3,0.5714285714285714,0.3074935400516795,394,7,392,0.0,0.0,0.0,0.0,0.0,0.0,0.0,0.0,0.0,0.0,0.0,0.0,0.2857142857142857,0.0253164556962025,1.4249547920433996,with_side,existing_side_feature,0.6878172588832487
rg3,1729,1,xgboost_balanced,0.8109561204910278,,,fixed_0.5,0.0380910787039857,0.6821705426356589,0.0514511787816217,0.1823595646989365,0.0,0.0,0.0,-0.0311008840574157,367,20,7,0,1.0,0.0516795865633074,394,7,394,0.0,0.0,0.0,0.0,0.0,0.0,0.0,0.0,0.0,0.2857142857142857,0.05,2.814285714285714,0.4285714285714285,0.0379746835443038,2.1374321880650995,with_side,existing_side_feature,0.9314720812182741
rg3,1729,1,xgboost_balanced,0.8109561204910278,,,inner_f1,0.0380910787039857,0.6821705426356589,0.0514511787816217,0.1823595646989365,0.0,0.0,0.0,-0.0117805559479875,384,3,7,0,1.0,0.0077519379844961,394,7,394,0.0,0.0,0.0,0.0,0.0,0.0,0.0,0.0,0.0,0.2857142857142857,0.05,2.814285714285714,0.4285714285714285,0.0379746835443038,2.1374321880650995,with_side,existing_side_feature,0.9746192893401016
rg3,1729,1,extratrees,0.1102802930443256,,,fixed_0.5,0.0264049214254576,0.6282761166482097,0.0191766244474536,0.1801844689172012,0.0,0.0,0.0,0.0,387,0,7,0,1.0,0.0,394,7,193,0.0,0.0,0.0,0.0,0.0,0.0,0.0,0.0,0.0,0.0,0.0,0.0,0.2857142857142857,0.0253164556962025,1.4249547920433996,with_side,existing_side_feature,0.9822335025380711
rg3,1729,1,extratrees,0.1102802930443256,,,inner_f1,0.0264049214254576,0.6282761166482097,0.0191766244474536,0.1801844689172012,0.0,0.0,0.0,-0.0379093295929264,358,29,7,0,1.0,0.0749354005167958,394,7,193,0.0,0.0,0.0,0.0,0.0,0.0,0.0,0.0,0.0,0.0,0.0,0.0,0.2857142857142857,0.0253164556962025,1.4249547920433996,with_side,existing_side_feature,0.9086294416243654
rg3,1729,1,extratrees_balanced,0.6205789763120048,,,fixed_0.5,0.0301245675302902,0.6819859726836471,0.0808250530265162,0.252048633543899,0.0392156862745098,0.0227272727272727,0.1428571428571428,0.0133147675318006,344,43,6,1,0.8571428571428571,0.1111111111111111,394,7,188,0.0,0.0,0.0,0.0,0.0,0.0,0.0,0.0,0.0,0.1428571428571428,0.025,1.407142857142857,0.2857142857142857,0.0253164556962025,1.4249547920433996,with_side,existing_side_feature,0.8756345177664975
rg3,1729,1,extratrees_balanced,0.6205789763120048,,,inner_f1,0.0301245675302902,0.6819859726836471,0.0808250530265162,0.252048633543899,0.0,0.0,0.0,-0.0319116139128208,366,21,7,0,1.0,0.0542635658914728,394,7,188,0.0,0.0,0.0,0.0,0.0,0.0,0.0,0.0,0.0,0.1428571428571428,0.025,1.407142857142857,0.2857142857142857,0.0253164556962025,1.4249547920433996,with_side,existing_side_feature,0.9289340101522843
rg3,1729,1,catboost,0.0252273503356275,,,fixed_0.5,0.0286920989581901,0.6747877445551864,0.0179682769118315,0.0886617302032689,0.0,0.0,0.0,0.0,387,0,7,0,1.0,0.0,394,7,394,0.0,0.0,0.0,0.0,0.0,0.0,0.0,0.0,0.0,0.0,0.0,0.0,0.1428571428571428,0.0126582278481012,0.7124773960216998,with_side,existing_side_feature,0.9822335025380711
rg3,1729,1,catboost,0.0252273503356275,,,inner_f1,0.0286920989581901,0.6747877445551864,0.0179682769118315,0.0886617302032689,0.0314960629921259,0.0166666666666666,0.2857142857142857,-0.005509763233616,269,118,5,2,0.7142857142857143,0.3049095607235142,394,7,394,0.0,0.0,0.0,0.0,0.0,0.0,0.0,0.0,0.0,0.0,0.0,0.0,0.1428571428571428,0.0126582278481012,0.7124773960216998,with_side,existing_side_feature,0.6878172588832487
rg3,1729,1,catboost_balanced,0.20643993208024,,,fixed_0.5,0.0292399987568809,0.6770025839793282,0.0674701820933441,0.2154576794288202,0.0,0.0,0.0,-0.0406627649887077,354,33,7,0,1.0,0.0852713178294573,394,7,394,0.0,0.0,0.0,0.0,0.0,0.0,0.0,0.0,0.0,0.0,0.0,0.0,0.2857142857142857,0.0253164556962025,1.4249547920433996,with_side,existing_side_feature,0.8984771573604061
rg3,1729,1,catboost_balanced,0.20643993208024,,,inner_f1,0.0292399987568809,0.6770025839793282,0.0674701820933441,0.2154576794288202,0.0408163265306122,0.0219780219780219,0.2857142857142857,0.0174715097282126,298,89,5,2,0.7142857142857143,0.2299741602067183,394,7,394,0.0,0.0,0.0,0.0,0.0,0.0,0.0,0.0,0.0,0.0,0.0,0.0,0.2857142857142857,0.0253164556962025,1.4249547920433996,with_side,existing_side_feature,0.7614213197969543
rg3,1729,1,lightgbm,0.0862513100770148,,,fixed_0.5,0.0322364270979743,0.6670358065706902,0.0182837305450265,0.0931827596006501,0.0,0.0,0.0,0.0,387,0,7,0,1.0,0.0,394,7,394,0.0,0.0,0.0,0.0,0.0,0.0,0.0,0.0,0.0,0.1428571428571428,0.025,1.407142857142857,0.4285714285714285,0.0379746835443038,2.1374321880650995,with_side,existing_side_feature,0.9822335025380711
rg3,1729,1,lightgbm,0.0862513100770148,,,inner_f1,0.0322364270979743,0.6670358065706902,0.0182837305450265,0.0931827596006501,0.0,0.0,0.0,-0.0302729472476002,368,19,7,0,1.0,0.0490956072351421,394,7,394,0.0,0.0,0.0,0.0,0.0,0.0,0.0,0.0,0.0,0.1428571428571428,0.025,1.407142857142857,0.4285714285714285,0.0379746835443038,2.1374321880650995,with_side,existing_side_feature,0.934010152284264
rg3,1729,1,lightgbm_balanced,0.6913243401993708,,,fixed_0.5,0.03815416321884,0.6360280546327057,0.0654462121758328,0.221969085330682,0.1081081081081081,0.0666666666666666,0.2857142857142857,0.106270326948438,359,28,5,2,0.7142857142857143,0.0723514211886304,394,7,394,0.0,0.0,0.0,0.0,0.0,0.0,0.1428571428571428,0.05,2.814285714285714,0.2857142857142857,0.05,2.814285714285714,0.2857142857142857,0.0253164556962025,1.4249547920433996,with_side,existing_side_feature,0.916243654822335
rg3,1729,1,lightgbm_balanced,0.6913243401993708,,,inner_f1,0.03815416321884,0.6360280546327057,0.0654462121758328,0.221969085330682,0.0,0.0,0.0,-0.0205629030288166,378,9,7,0,1.0,0.0232558139534883,394,7,394,0.0,0.0,0.0,0.0,0.0,0.0,0.1428571428571428,0.05,2.814285714285714,0.2857142857142857,0.05,2.814285714285714,0.2857142857142857,0.0253164556962025,1.4249547920433996,with_side,existing_side_feature,0.9593908629441624
rg3,1729,2,dummy_prior,0.5,,,fixed_0.5,0.0177664974619289,0.5,0.0174766162488082,0.089838872722487,0.0,0.0,0.0,0.0,387,0,7,0,1.0,0.0,394,7,1,0.0,0.0,0.0,0.0,0.0,0.0,0.1428571428571428,0.05,2.814285714285714,0.1428571428571428,0.025,1.407142857142857,0.1428571428571428,0.0126582278481012,0.7124773960216998,with_side,existing_side_feature,0.9822335025380711
rg3,1729,2,dummy_prior,0.5,,,inner_f1,0.0177664974619289,0.5,0.0174766162488082,0.089838872722487,0.0,0.0,0.0,0.0,387,0,7,0,1.0,0.0,394,7,1,0.0,0.0,0.0,0.0,0.0,0.0,0.1428571428571428,0.05,2.814285714285714,0.1428571428571428,0.025,1.407142857142857,0.1428571428571428,0.0126582278481012,0.7124773960216998,with_side,existing_side_feature,0.9822335025380711
rg3,1729,2,logistic,0.148950929609873,,,fixed_0.5,0.0276600554099373,0.6511627906976745,0.018818803106901,0.0971723411467567,0.0,0.0,0.0,0.0,387,0,7,0,1.0,0.0,394,7,394,0.0,0.0,0.0,0.0,0.0,0.0,0.0,0.0,0.0,0.0,0.0,0.0,0.2857142857142857,0.0253164556962025,1.4249547920433996,with_side,existing_side_feature,0.9822335025380711
rg3,1729,2,logistic,0.148950929609873,,,inner_f1,0.0276600554099373,0.6511627906976745,0.018818803106901,0.0971723411467567,0.0,0.0,0.0,-0.0152476789489769,382,5,7,0,1.0,0.0129198966408268,394,7,394,0.0,0.0,0.0,0.0,0.0,0.0,0.0,0.0,0.0,0.0,0.0,0.0,0.2857142857142857,0.0253164556962025,1.4249547920433996,with_side,existing_side_feature,0.9695431472081218
rg3,1729,2,logistic_balanced,0.7900540434737927,,,fixed_0.5,0.0287376273488464,0.6722037652270211,0.1624472946982419,0.4600586913836215,0.037037037037037,0.0198019801980198,0.2857142857142857,0.0090466131462406,288,99,5,2,0.7142857142857143,0.2558139534883721,394,7,394,0.0,0.0,0.0,0.0,0.0,0.0,0.0,0.0,0.0,0.0,0.0,0.0,0.1428571428571428,0.0126582278481012,0.7124773960216998,with_side,existing_side_feature,0.7360406091370558
rg3,1729,2,logistic_balanced,0.7900540434737927,,,inner_f1,0.0287376273488464,0.6722037652270211,0.1624472946982419,0.4600586913836215,0.0,0.0,0.0,-0.0386103263999515,357,30,7,0,1.0,0.0775193798449612,394,7,394,0.0,0.0,0.0,0.0,0.0,0.0,0.0,0.0,0.0,0.0,0.0,0.0,0.1428571428571428,0.0126582278481012,0.7124773960216998,with_side,existing_side_feature,0.9060913705583756
rg3,1729,2,xgboost,0.0598516203463077,,,fixed_0.5,0.0217556882713139,0.5322997416020672,0.0177767818266386,0.0928390607504357,0.0,0.0,0.0,0.0,387,0,7,0,1.0,0.0,394,7,394,0.0,0.0,0.0,0.0,0.0,0.0,0.0,0.0,0.0,0.0,0.0,0.0,0.1428571428571428,0.0126582278481012,0.7124773960216998,with_side,existing_side_feature,0.9822335025380711
rg3,1729,2,xgboost,0.0598516203463077,,,inner_f1,0.0217556882713139,0.5322997416020672,0.0177767818266386,0.0928390607504357,0.0,0.0,0.0,-0.0248429248610353,374,13,7,0,1.0,0.0335917312661498,394,7,394,0.0,0.0,0.0,0.0,0.0,0.0,0.0,0.0,0.0,0.0,0.0,0.0,0.1428571428571428,0.0126582278481012,0.7124773960216998,with_side,existing_side_feature,0.949238578680203
rg3,1729,2,xgboost_balanced,0.4802800714969635,,,fixed_0.5,0.0282278628465521,0.6674049464747139,0.0512809174776892,0.1796164864275354,0.0,0.0,0.0,-0.0302729472476002,368,19,7,0,1.0,0.0490956072351421,394,7,394,0.0,0.0,0.0,0.0,0.0,0.0,0.0,0.0,0.0,0.0,0.0,0.0,0.2857142857142857,0.0253164556962025,1.4249547920433996,with_side,existing_side_feature,0.934010152284264
rg3,1729,2,xgboost_balanced,0.4802800714969635,,,inner_f1,0.0282278628465521,0.6674049464747139,0.0512809174776892,0.1796164864275354,0.0,0.0,0.0,-0.0302729472476002,368,19,7,0,1.0,0.0490956072351421,394,7,394,0.0,0.0,0.0,0.0,0.0,0.0,0.0,0.0,0.0,0.0,0.0,0.0,0.2857142857142857,0.0253164556962025,1.4249547920433996,with_side,existing_side_feature,0.934010152284264
rg3,1729,2,extratrees,0.000591150761467,,,fixed_0.5,0.0364764212843162,0.728313030638612,0.0177806908248129,0.0826756130162887,0.0,0.0,0.0,0.0,387,0,7,0,1.0,0.0,394,7,198,0.0,0.0,0.0,0.0,0.0,0.0,0.0,0.0,0.0,0.1428571428571428,0.025,1.407142857142857,0.2857142857142857,0.0253164556962025,1.4249547920433996,with_side,existing_side_feature,0.9822335025380711
rg3,1729,2,extratrees,0.000591150761467,,,inner_f1,0.0364764212843162,0.728313030638612,0.0177806908248129,0.0826756130162887,0.0686274509803921,0.0355329949238578,1.0,0.1344910974643215,197,190,0,7,0.0,0.4909560723514212,394,7,198,0.0,0.0,0.0,0.0,0.0,0.0,0.0,0.0,0.0,0.1428571428571428,0.025,1.407142857142857,0.2857142857142857,0.0253164556962025,1.4249547920433996,with_side,existing_side_feature,0.5177664974619289
rg3,1729,2,extratrees_balanced,0.580535845095669,,,fixed_0.5,0.0347291308368964,0.7083794758213362,0.0823521287565346,0.2528543695965045,0.0377358490566037,0.0217391304347826,0.1428571428571428,0.0109335062136805,342,45,6,1,0.8571428571428571,0.1162790697674418,394,7,198,0.0,0.0,0.0,0.0,0.0,0.0,0.0,0.0,0.0,0.1428571428571428,0.025,1.407142857142857,0.4285714285714285,0.0379746835443038,2.1374321880650995,with_side,existing_side_feature,0.8705583756345178
rg3,1729,2,extratrees_balanced,0.580535845095669,,,inner_f1,0.0347291308368964,0.7083794758213362,0.0823521287565346,0.2528543695965045,0.0,0.0,0.0,-0.0350066343858837,362,25,7,0,1.0,0.0645994832041343,394,7,198,0.0,0.0,0.0,0.0,0.0,0.0,0.0,0.0,0.0,0.1428571428571428,0.025,1.407142857142857,0.4285714285714285,0.0379746835443038,2.1374321880650995,with_side,existing_side_feature,0.9187817258883249
rg3,1729,2,catboost,0.0124271154141162,,,fixed_0.5,0.0317970620999303,0.6843853820598007,0.0174727466388791,0.082471153333129,0.0,0.0,0.0,0.0,387,0,7,0,1.0,0.0,394,7,394,0.0,0.0,0.0,0.0,0.0,0.0,0.0,0.0,0.0,0.1428571428571428,0.025,1.407142857142857,0.2857142857142857,0.0253164556962025,1.4249547920433996,with_side,existing_side_feature,0.9822335025380711
rg3,1729,2,catboost,0.0124271154141162,,,inner_f1,0.0317970620999303,0.6843853820598007,0.0174727466388791,0.082471153333129,0.0696517412935323,0.0360824742268041,1.0,0.1365550200550106,200,187,0,7,0.0,0.483204134366925,394,7,394,0.0,0.0,0.0,0.0,0.0,0.0,0.0,0.0,0.0,0.1428571428571428,0.025,1.407142857142857,0.2857142857142857,0.0253164556962025,1.4249547920433996,with_side,existing_side_feature,0.5253807106598984
rg3,1729,2,catboost_balanced,0.4132026655627837,,,fixed_0.5,0.0352105653700768,0.699889258028793,0.0652833846301322,0.2146984884190636,0.0588235294117647,0.037037037037037,0.1428571428571428,0.0395671203842323,361,26,6,1,0.8571428571428571,0.0671834625322997,394,7,394,0.0,0.0,0.0,0.0,0.0,0.0,0.0,0.0,0.0,0.1428571428571428,0.025,1.407142857142857,0.2857142857142857,0.0253164556962025,1.4249547920433996,with_side,existing_side_feature,0.9187817258883249
rg3,1729,2,catboost_balanced,0.4132026655627837,,,inner_f1,0.0352105653700768,0.699889258028793,0.0652833846301322,0.2146984884190636,0.0392156862745098,0.0227272727272727,0.1428571428571428,0.0133147675318006,344,43,6,1,0.8571428571428571,0.1111111111111111,394,7,394,0.0,0.0,0.0,0.0,0.0,0.0,0.0,0.0,0.0,0.1428571428571428,0.025,1.407142857142857,0.2857142857142857,0.0253164556962025,1.4249547920433996,with_side,existing_side_feature,0.8756345177664975
rg3,1729,2,lightgbm,0.0651002569514801,,,fixed_0.5,0.0254225551450958,0.6275378368401624,0.0180899189163447,0.0949241775236764,0.0,0.0,0.0,0.0,387,0,7,0,1.0,0.0,394,7,394,0.0,0.0,0.0,0.0,0.0,0.0,0.0,0.0,0.0,0.0,0.0,0.0,0.1428571428571428,0.0126582278481012,0.7124773960216998,with_side,existing_side_feature,0.9822335025380711
rg3,1729,2,lightgbm,0.0651002569514801,,,inner_f1,0.0254225551450958,0.6275378368401624,0.0180899189163447,0.0949241775236764,0.0,0.0,0.0,-0.0311008840574157,367,20,7,0,1.0,0.0516795865633074,394,7,394,0.0,0.0,0.0,0.0,0.0,0.0,0.0,0.0,0.0,0.0,0.0,0.0,0.1428571428571428,0.0126582278481012,0.7124773960216998,with_side,existing_side_feature,0.9314720812182741
rg3,1729,2,lightgbm_balanced,0.6296271764785952,,,fixed_0.5,0.027549824523897,0.6522702104097454,0.0570808873509029,0.1982416272509597,0.0,0.0,0.0,-0.0334865572994579,364,23,7,0,1.0,0.0594315245478036,394,7,394,0.0,0.0,0.0,0.0,0.0,0.0,0.0,0.0,0.0,0.0,0.0,0.0,0.2857142857142857,0.0253164556962025,1.4249547920433996,with_side,existing_side_feature,0.9238578680203046
rg3,1729,2,lightgbm_balanced,0.6296271764785952,,,inner_f1,0.027549824523897,0.6522702104097454,0.0570808873509029,0.1982416272509597,0.0,0.0,0.0,-0.0205629030288166,378,9,7,0,1.0,0.0232558139534883,394,7,394,0.0,0.0,0.0,0.0,0.0,0.0,0.0,0.0,0.0,0.0,0.0,0.0,0.2857142857142857,0.0253164556962025,1.4249547920433996,with_side,existing_side_feature,0.9593908629441624
rg3,2026,0,dummy_prior,0.5,,,fixed_0.5,0.0177664974619289,0.5,0.0174766162488082,0.089838872722487,0.0,0.0,0.0,0.0,387,0,7,0,1.0,0.0,394,7,1,0.0,0.0,0.0,0.0,0.0,0.0,0.0,0.0,0.0,0.0,0.0,0.0,0.0,0.0,0.0,with_side,existing_side_feature,0.9822335025380711
rg3,2026,0,dummy_prior,0.5,,,inner_f1,0.0177664974619289,0.5,0.0174766162488082,0.089838872722487,0.0,0.0,0.0,0.0,387,0,7,0,1.0,0.0,394,7,1,0.0,0.0,0.0,0.0,0.0,0.0,0.0,0.0,0.0,0.0,0.0,0.0,0.0,0.0,0.0,with_side,existing_side_feature,0.9822335025380711
rg3,2026,0,logistic,0.0059802519940259,,,fixed_0.5,0.0453529011010442,0.7545219638242894,0.0177563123676126,0.0817300407762599,0.0,0.0,0.0,0.0,387,0,7,0,1.0,0.0,394,7,394,0.0,0.0,0.0,0.0,0.0,0.0,0.1428571428571428,0.05,2.814285714285714,0.2857142857142857,0.05,2.814285714285714,0.2857142857142857,0.0253164556962025,1.4249547920433996,with_side,existing_side_feature,0.9822335025380711
rg3,2026,0,logistic,0.0059802519940259,,,inner_f1,0.0453529011010442,0.7545219638242894,0.0177563123676126,0.0817300407762599,0.0669856459330143,0.0346534653465346,1.0,0.1311198570625754,192,195,0,7,0.0,0.5038759689922481,394,7,394,0.0,0.0,0.0,0.0,0.0,0.0,0.1428571428571428,0.05,2.814285714285714,0.2857142857142857,0.05,2.814285714285714,0.2857142857142857,0.0253164556962025,1.4249547920433996,with_side,existing_side_feature,0.5050761421319797
rg3,2026,0,logistic_balanced,0.0208551192590543,,,fixed_0.5,0.0416624470184664,0.7482465854558877,0.1866431772113147,0.5241286139039747,0.048780487804878,0.0258620689655172,0.4285714285714285,0.0395863836211081,274,113,4,3,0.5714285714285714,0.2919896640826873,394,7,394,0.0,0.0,0.0,0.0,0.0,0.0,0.0,0.0,0.0,0.1428571428571428,0.025,1.407142857142857,0.4285714285714285,0.0379746835443038,2.1374321880650995,with_side,existing_side_feature,0.7030456852791879
rg3,2026,0,logistic_balanced,0.0208551192590543,,,inner_f1,0.0416624470184664,0.7482465854558877,0.1866431772113147,0.5241286139039747,0.0625,0.032258064516129,1.0,0.1214647620592306,177,210,0,7,0.0,0.5426356589147286,394,7,394,0.0,0.0,0.0,0.0,0.0,0.0,0.0,0.0,0.0,0.1428571428571428,0.025,1.407142857142857,0.4285714285714285,0.0379746835443038,2.1374321880650995,with_side,existing_side_feature,0.467005076142132
rg3,2026,0,xgboost,0.0169960614293813,,,fixed_0.5,0.0295601652426662,0.6648209671465485,0.0176586915258002,0.0887809970776221,0.0,0.0,0.0,0.0,387,0,7,0,1.0,0.0,394,7,394,0.0,0.0,0.0,0.0,0.0,0.0,0.0,0.0,0.0,0.1428571428571428,0.025,1.407142857142857,0.1428571428571428,0.0126582278481012,0.7124773960216998,with_side,existing_side_feature,0.9822335025380711
rg3,2026,0,xgboost,0.0169960614293813,,,inner_f1,0.0295601652426662,0.6648209671465485,0.0176586915258002,0.0887809970776221,0.0654205607476635,0.0338164251207729,1.0,0.1278289342358256,187,200,0,7,0.0,0.5167958656330749,394,7,394,0.0,0.0,0.0,0.0,0.0,0.0,0.0,0.0,0.0,0.1428571428571428,0.025,1.407142857142857,0.1428571428571428,0.0126582278481012,0.7124773960216998,with_side,existing_side_feature,0.49238578680203043
rg3,2026,0,xgboost_balanced,0.551194429397583,,,fixed_0.5,0.0656028458486996,0.7873754152823919,0.0713051365140704,0.2238749676255716,0.0869565217391304,0.0512820512820512,0.2857142857142857,0.0840923030006649,350,37,5,2,0.7142857142857143,0.0956072351421188,394,7,394,0.0,0.0,0.0,0.1428571428571428,0.0833333333333333,4.69047619047619,0.2857142857142857,0.1,5.628571428571428,0.2857142857142857,0.05,2.814285714285714,0.4285714285714285,0.0379746835443038,2.1374321880650995,with_side,existing_side_feature,0.8934010152284264
rg3,2026,0,xgboost_balanced,0.551194429397583,,,inner_f1,0.0656028458486996,0.7873754152823919,0.0713051365140704,0.2238749676255716,0.0975609756097561,0.0588235294117647,0.2857142857142857,0.0955140978571894,355,32,5,2,0.7142857142857143,0.082687338501292,394,7,394,0.0,0.0,0.0,0.1428571428571428,0.0833333333333333,4.69047619047619,0.2857142857142857,0.1,5.628571428571428,0.2857142857142857,0.05,2.814285714285714,0.4285714285714285,0.0379746835443038,2.1374321880650995,with_side,existing_side_feature,0.9060913705583756
rg3,2026,0,extratrees,0.0001179941002949,,,fixed_0.5,0.0407042758729626,0.7486157253599114,0.0179773513201342,0.0826844415965839,0.0,0.0,0.0,0.0,387,0,7,0,1.0,0.0,394,7,198,0.0,0.0,0.0,0.0,0.0,0.0,0.0,0.0,0.0,0.1428571428571428,0.025,1.407142857142857,0.4285714285714285,0.0379746835443038,2.1374321880650995,with_side,existing_side_feature,0.9822335025380711
rg3,2026,0,extratrees,0.0001179941002949,,,inner_f1,0.0407042758729626,0.7486157253599114,0.0179773513201342,0.0826844415965839,0.0686274509803921,0.0355329949238578,1.0,0.1344910974643215,197,190,0,7,0.0,0.4909560723514212,394,7,198,0.0,0.0,0.0,0.0,0.0,0.0,0.0,0.0,0.0,0.1428571428571428,0.025,1.407142857142857,0.4285714285714285,0.0379746835443038,2.1374321880650995,with_side,existing_side_feature,0.5177664974619289
rg3,2026,0,extratrees_balanced,0.0122987800078709,,,fixed_0.5,0.0541466425870432,0.765596160944998,0.0969945399520718,0.2808256709671947,0.0833333333333333,0.0461538461538461,0.4285714285714285,0.0955158139753246,325,62,4,3,0.5714285714285714,0.1602067183462532,394,7,198,0.0,0.0,0.0,0.1428571428571428,0.0833333333333333,4.69047619047619,0.1428571428571428,0.05,2.814285714285714,0.2857142857142857,0.05,2.814285714285714,0.4285714285714285,0.0379746835443038,2.1374321880650995,with_side,existing_side_feature,0.8324873096446701
rg3,2026,0,extratrees_balanced,0.0122987800078709,,,inner_f1,0.0541466425870432,0.765596160944998,0.0969945399520718,0.2808256709671947,0.0689655172413793,0.0357142857142857,1.0,0.1351755349505576,198,189,0,7,0.0,0.4883720930232558,394,7,198,0.0,0.0,0.0,0.1428571428571428,0.0833333333333333,4.69047619047619,0.1428571428571428,0.05,2.814285714285714,0.2857142857142857,0.05,2.814285714285714,0.4285714285714285,0.0379746835443038,2.1374321880650995,with_side,existing_side_feature,0.5203045685279187
rg3,2026,0,catboost,0.0112524790656541,,,fixed_0.5,0.0388032380276543,0.7600590623846437,0.0177394166464978,0.0810745378686071,0.0,0.0,0.0,0.0,387,0,7,0,1.0,0.0,394,7,394,0.0,0.0,0.0,0.0,0.0,0.0,0.0,0.0,0.0,0.0,0.0,0.0,0.2857142857142857,0.0253164556962025,1.4249547920433996,with_side,existing_side_feature,0.9822335025380711
rg3,2026,0,catboost,0.0112524790656541,,,inner_f1,0.0388032380276543,0.7600590623846437,0.0177394166464978,0.0810745378686071,0.0686274509803921,0.0355329949238578,1.0,0.1344910974643215,197,190,0,7,0.0,0.4909560723514212,394,7,394,0.0,0.0,0.0,0.0,0.0,0.0,0.0,0.0,0.0,0.0,0.0,0.0,0.2857142857142857,0.0253164556962025,1.4249547920433996,with_side,existing_side_feature,0.5177664974619289
rg3,2026,0,catboost_balanced,0.0519831075406337,,,fixed_0.5,0.0694128888919093,0.760797342192691,0.0679750273634348,0.2173431860442319,0.1025641025641025,0.0625,0.2857142857142857,0.1006804915066414,357,30,5,2,0.7142857142857143,0.0775193798449612,394,7,394,0.0,0.0,0.0,0.1428571428571428,0.0833333333333333,4.69047619047619,0.1428571428571428,0.05,2.814285714285714,0.2857142857142857,0.05,2.814285714285714,0.2857142857142857,0.0253164556962025,1.4249547920433996,with_side,existing_side_feature,0.9111675126903553
rg3,2026,0,catboost_balanced,0.0519831075406337,,,inner_f1,0.0694128888919093,0.760797342192691,0.0679750273634348,0.2173431860442319,0.0729166666666666,0.0378378378378378,1.0,0.1429488995279374,209,178,0,7,0.0,0.4599483204134367,394,7,394,0.0,0.0,0.0,0.1428571428571428,0.0833333333333333,4.69047619047619,0.1428571428571428,0.05,2.814285714285714,0.2857142857142857,0.05,2.814285714285714,0.2857142857142857,0.0253164556962025,1.4249547920433996,with_side,existing_side_feature,0.5482233502538071
rg3,2026,0,lightgbm,0.0394892397608753,,,fixed_0.5,0.0490482576061846,0.7958656330749354,0.0175338689291488,0.0805592907743212,0.0,0.0,0.0,0.0,387,0,7,0,1.0,0.0,394,7,394,0.0,0.0,0.0,0.0,0.0,0.0,0.0,0.0,0.0,0.2857142857142857,0.05,2.814285714285714,0.5714285714285714,0.050632911392405,2.849909584086799,with_side,existing_side_feature,0.9822335025380711
rg3,2026,0,lightgbm,0.0394892397608753,,,inner_f1,0.0490482576061846,0.7958656330749354,0.0175338689291488,0.0805592907743212,0.0941176470588235,0.0512820512820512,0.5714285714285714,0.1260497183278616,313,74,3,4,0.4285714285714285,0.1912144702842377,394,7,394,0.0,0.0,0.0,0.0,0.0,0.0,0.0,0.0,0.0,0.2857142857142857,0.05,2.814285714285714,0.5714285714285714,0.050632911392405,2.849909584086799,with_side,existing_side_feature,0.8045685279187818
rg3,2026,0,lightgbm_balanced,0.1167340142637269,,,fixed_0.5,0.053909614665515,0.7914359542266519,0.0763435668401146,0.2417444512099117,0.0833333333333333,0.048780487804878,0.2857142857142857,0.0800117818700343,348,39,5,2,0.7142857142857143,0.1007751937984496,394,7,394,0.0,0.0,0.0,0.0,0.0,0.0,0.1428571428571428,0.05,2.814285714285714,0.2857142857142857,0.05,2.814285714285714,0.4285714285714285,0.0379746835443038,2.1374321880650995,with_side,existing_side_feature,0.8883248730964467
rg3,2026,0,lightgbm_balanced,0.1167340142637269,,,inner_f1,0.053909614665515,0.7914359542266519,0.0763435668401146,0.2417444512099117,0.0864197530864197,0.0451612903225806,1.0,0.1670039098638435,239,148,0,7,0.0,0.3824289405684754,394,7,394,0.0,0.0,0.0,0.0,0.0,0.0,0.1428571428571428,0.05,2.814285714285714,0.2857142857142857,0.05,2.814285714285714,0.4285714285714285,0.0379746835443038,2.1374321880650995,with_side,existing_side_feature,0.6243654822335025
rg3,2026,1,dummy_prior,0.5,,,fixed_0.5,0.0228426395939086,0.5,0.0223272952150274,0.1090606526505266,0.0,0.0,0.0,0.0,385,0,9,0,1.0,0.0,394,9,1,0.0,0.0,0.0,0.0,0.0,0.0,0.1111111111111111,0.05,2.188888888888889,0.1111111111111111,0.025,1.0944444444444446,0.1111111111111111,0.0126582278481012,0.5541490857946554,with_side,existing_side_feature,0.9771573604060914
rg3,2026,1,dummy_prior,0.5,,,inner_f1,0.0228426395939086,0.5,0.0223272952150274,0.1090606526505266,0.0,0.0,0.0,0.0,385,0,9,0,1.0,0.0,394,9,1,0.0,0.0,0.0,0.0,0.0,0.0,0.1111111111111111,0.05,2.188888888888889,0.1111111111111111,0.025,1.0944444444444446,0.1111111111111111,0.0126582278481012,0.5541490857946554,with_side,existing_side_feature,0.9771573604060914
rg3,2026,1,logistic,0.0336862646477713,,,fixed_0.5,0.0676045502785931,0.7316017316017316,0.0222872907473548,0.1027179676521759,0.0,0.0,0.0,0.0,385,0,9,0,1.0,0.0,394,9,394,0.1111111111111111,0.25,10.944444444444445,0.1111111111111111,0.0833333333333333,3.648148148148148,0.1111111111111111,0.05,2.188888888888889,0.1111111111111111,0.025,1.0944444444444446,0.3333333333333333,0.0379746835443038,1.6624472573839664,with_side,existing_side_feature,0.9771573604060914
rg3,2026,1,logistic,0.0336862646477713,,,inner_f1,0.0676045502785931,0.7316017316017316,0.0222872907473548,0.1027179676521759,0.0714285714285714,0.04,0.3333333333333333,0.0556839925424885,313,72,6,3,0.6666666666666666,0.187012987012987,394,9,394,0.1111111111111111,0.25,10.944444444444445,0.1111111111111111,0.0833333333333333,3.648148148148148,0.1111111111111111,0.05,2.188888888888889,0.1111111111111111,0.025,1.0944444444444446,0.3333333333333333,0.0379746835443038,1.6624472573839664,with_side,existing_side_feature,0.8020304568527918
rg3,2026,1,logistic_balanced,0.8447220548421278,,,fixed_0.5,0.0538909549796381,0.7217893217893219,0.1499082262438238,0.4365360357063706,0.0618556701030927,0.034090909090909,0.3333333333333333,0.0403748515226524,300,85,6,3,0.6666666666666666,0.2207792207792207,394,9,394,0.0,0.0,0.0,0.1111111111111111,0.0833333333333333,3.648148148148148,0.1111111111111111,0.05,2.188888888888889,0.2222222222222222,0.05,2.188888888888889,0.3333333333333333,0.0379746835443038,1.6624472573839664,with_side,existing_side_feature,0.7690355329949239
rg3,2026,1,logistic_balanced,0.8447220548421278,,,inner_f1,0.0538909549796381,0.7217893217893219,0.1499082262438238,0.4365360357063706,0.1176470588235294,0.08,0.2222222222222222,0.0995803361469404,362,23,7,2,0.7777777777777778,0.0597402597402597,394,9,394,0.0,0.0,0.0,0.1111111111111111,0.0833333333333333,3.648148148148148,0.1111111111111111,0.05,2.188888888888889,0.2222222222222222,0.05,2.188888888888889,0.3333333333333333,0.0379746835443038,1.6624472573839664,with_side,existing_side_feature,0.9238578680203046
rg3,2026,1,xgboost,0.0177520476281642,,,fixed_0.5,0.0478742467425696,0.6857142857142857,0.022213687281282,0.1050289012300606,0.0,0.0,0.0,0.0,385,0,9,0,1.0,0.0,394,9,394,0.0,0.0,0.0,0.0,0.0,0.0,0.1111111111111111,0.05,2.188888888888889,0.3333333333333333,0.075,3.283333333333333,0.3333333333333333,0.0379746835443038,1.6624472573839664,with_side,existing_side_feature,0.9771573604060914
rg3,2026,1,xgboost,0.0177520476281642,,,inner_f1,0.0478742467425696,0.6857142857142857,0.022213687281282,0.1050289012300606,0.0677966101694915,0.0357142857142857,0.6666666666666666,0.0742812348541446,223,162,3,6,0.3333333333333333,0.4207792207792207,394,9,394,0.0,0.0,0.0,0.0,0.0,0.0,0.1111111111111111,0.05,2.188888888888889,0.3333333333333333,0.075,3.283333333333333,0.3333333333333333,0.0379746835443038,1.6624472573839664,with_side,existing_side_feature,0.5812182741116751
rg3,2026,1,xgboost_balanced,0.0924772471189498,,,fixed_0.5,0.0942684819605362,0.8049062049062048,0.0464708226973762,0.1643272901104229,0.1428571428571428,0.1052631578947368,0.2222222222222222,0.1241769847686733,368,17,7,2,0.7777777777777778,0.0441558441558441,394,9,394,0.0,0.0,0.0,0.2222222222222222,0.1666666666666666,7.296296296296296,0.2222222222222222,0.1,4.377777777777778,0.4444444444444444,0.1,4.377777777777778,0.6666666666666666,0.0759493670886076,3.3248945147679327,with_side,existing_side_feature,0.9390862944162437
rg3,2026,1,xgboost_balanced,0.0924772471189498,,,inner_f1,0.0942684819605362,0.8049062049062048,0.0464708226973762,0.1643272901104229,0.0991735537190082,0.0535714285714285,0.6666666666666666,0.1296207424077147,279,106,3,6,0.3333333333333333,0.2753246753246753,394,9,394,0.0,0.0,0.0,0.2222222222222222,0.1666666666666666,7.296296296296296,0.2222222222222222,0.1,4.377777777777778,0.4444444444444444,0.1,4.377777777777778,0.6666666666666666,0.0759493670886076,3.3248945147679327,with_side,existing_side_feature,0.7233502538071066
rg3,2026,1,extratrees,0.0407968936678614,,,fixed_0.5,0.0604793592311032,0.7803751803751804,0.0222485115068738,0.1020681232015693,0.0,0.0,0.0,0.0,385,0,9,0,1.0,0.0,394,9,198,0.0,0.0,0.0,0.0,0.0,0.0,0.1111111111111111,0.05,2.188888888888889,0.2222222222222222,0.05,2.188888888888889,0.5555555555555556,0.0632911392405063,2.7707454289732776,with_side,existing_side_feature,0.9771573604060914
rg3,2026,1,extratrees,0.0407968936678614,,,inner_f1,0.0604793592311032,0.7803751803751804,0.0222485115068738,0.1020681232015693,0.1098901098901098,0.0609756097560975,0.5555555555555556,0.1308503429256624,308,77,4,5,0.4444444444444444,0.2,394,9,198,0.0,0.0,0.0,0.0,0.0,0.0,0.1111111111111111,0.05,2.188888888888889,0.2222222222222222,0.05,2.188888888888889,0.5555555555555556,0.0632911392405063,2.7707454289732776,with_side,existing_side_feature,0.7944162436548223
rg3,2026,1,extratrees_balanced,0.1126922557927439,,,fixed_0.5,0.0722246404632655,0.7826839826839828,0.0615558353733245,0.1986213209852511,0.1111111111111111,0.074074074074074,0.2222222222222222,0.0930100694365999,360,25,7,2,0.7777777777777778,0.0649350649350649,394,9,198,0.0,0.0,0.0,0.1111111111111111,0.0833333333333333,3.648148148148148,0.2222222222222222,0.1,4.377777777777778,0.2222222222222222,0.05,2.188888888888889,0.5555555555555556,0.0632911392405063,2.7707454289732776,with_side,existing_side_feature,0.9187817258883249
rg3,2026,1,extratrees_balanced,0.1126922557927439,,,inner_f1,0.0722246404632655,0.7826839826839828,0.0615558353733245,0.1986213209852511,0.1012658227848101,0.0536912751677852,0.8888888888888888,0.1610240162007204,244,141,1,8,0.1111111111111111,0.3662337662337662,394,9,198,0.0,0.0,0.0,0.1111111111111111,0.0833333333333333,3.648148148148148,0.2222222222222222,0.1,4.377777777777778,0.2222222222222222,0.05,2.188888888888889,0.5555555555555556,0.0632911392405063,2.7707454289732776,with_side,existing_side_feature,0.6395939086294417
rg3,2026,1,catboost,0.0212563381123181,,,fixed_0.5,0.0932596517359029,0.7515151515151515,0.0220251651587556,0.0960301621400227,0.0,0.0,0.0,0.0,385,0,9,0,1.0,0.0,394,9,394,0.1111111111111111,0.25,10.944444444444445,0.2222222222222222,0.1666666666666666,7.296296296296296,0.2222222222222222,0.1,4.377777777777778,0.2222222222222222,0.05,2.188888888888889,0.4444444444444444,0.050632911392405,2.216596343178621,with_side,existing_side_feature,0.9771573604060914
rg3,2026,1,catboost,0.0212563381123181,,,inner_f1,0.0932596517359029,0.7515151515151515,0.0220251651587556,0.0960301621400227,0.0718562874251497,0.0379746835443038,0.6666666666666666,0.0828733201585255,233,152,3,6,0.3333333333333333,0.3948051948051948,394,9,394,0.1111111111111111,0.25,10.944444444444445,0.2222222222222222,0.1666666666666666,7.296296296296296,0.2222222222222222,0.1,4.377777777777778,0.2222222222222222,0.05,2.188888888888889,0.4444444444444444,0.050632911392405,2.216596343178621,with_side,existing_side_feature,0.6065989847715736
rg3,2026,1,catboost_balanced,0.0340591292660869,,,fixed_0.5,0.0686437418428164,0.814141414141414,0.0501567334642066,0.172524342005045,0.074074074074074,0.0555555555555555,0.1111111111111111,0.0479077958696283,368,17,8,1,0.8888888888888888,0.0441558441558441,394,9,394,0.0,0.0,0.0,0.0,0.0,0.0,0.1111111111111111,0.05,2.188888888888889,0.2222222222222222,0.05,2.188888888888889,0.6666666666666666,0.0759493670886076,3.3248945147679327,with_side,existing_side_feature,0.9365482233502538
rg3,2026,1,catboost_balanced,0.0340591292660869,,,inner_f1,0.0686437418428164,0.814141414141414,0.0501567334642066,0.172524342005045,0.0796019900497512,0.0416666666666666,0.8888888888888888,0.1228378116070743,201,184,1,8,0.1111111111111111,0.4779220779220779,394,9,394,0.0,0.0,0.0,0.0,0.0,0.0,0.1111111111111111,0.05,2.188888888888889,0.2222222222222222,0.05,2.188888888888889,0.6666666666666666,0.0759493670886076,3.3248945147679327,with_side,existing_side_feature,0.5304568527918782
rg3,2026,1,lightgbm,0.0154573877644066,,,fixed_0.5,0.069611981161479,0.7659451659451659,0.0220771648026884,0.1006390612511452,0.0,0.0,0.0,0.0,385,0,9,0,1.0,0.0,394,9,394,0.0,0.0,0.0,0.0,0.0,0.0,0.2222222222222222,0.1,4.377777777777778,0.3333333333333333,0.075,3.283333333333333,0.4444444444444444,0.050632911392405,2.216596343178621,with_side,existing_side_feature,0.9771573604060914
rg3,2026,1,lightgbm,0.0154573877644066,,,inner_f1,0.069611981161479,0.7659451659451659,0.0220771648026884,0.1006390612511452,0.0839160839160839,0.044776119402985,0.6666666666666666,0.1053944803162424,257,128,3,6,0.3333333333333333,0.3324675324675324,394,9,394,0.0,0.0,0.0,0.0,0.0,0.0,0.2222222222222222,0.1,4.377777777777778,0.3333333333333333,0.075,3.283333333333333,0.4444444444444444,0.050632911392405,2.216596343178621,with_side,existing_side_feature,0.6675126903553299
rg3,2026,1,lightgbm_balanced,0.1113751801411527,,,fixed_0.5,0.0838266631947491,0.7806637806637806,0.058167413914844,0.1983702575163817,0.1111111111111111,0.074074074074074,0.2222222222222222,0.0930100694365999,360,25,7,2,0.7777777777777778,0.0649350649350649,394,9,394,0.0,0.0,0.0,0.2222222222222222,0.1666666666666666,7.296296296296296,0.2222222222222222,0.1,4.377777777777778,0.3333333333333333,0.075,3.283333333333333,0.5555555555555556,0.0632911392405063,2.7707454289732776,with_side,existing_side_feature,0.9187817258883249
rg3,2026,1,lightgbm_balanced,0.1113751801411527,,,inner_f1,0.0838266631947491,0.7806637806637806,0.058167413914844,0.1983702575163817,0.0875912408759124,0.046875,0.6666666666666666,0.111584840560472,263,122,3,6,0.3333333333333333,0.3168831168831169,394,9,394,0.0,0.0,0.0,0.2222222222222222,0.1666666666666666,7.296296296296296,0.2222222222222222,0.1,4.377777777777778,0.3333333333333333,0.075,3.283333333333333,0.5555555555555556,0.0632911392405063,2.7707454289732776,with_side,existing_side_feature,0.682741116751269
rg3,2026,2,dummy_prior,0.5,,,fixed_0.5,0.0228426395939086,0.5,0.0223272952150274,0.1090606526505266,0.0,0.0,0.0,0.0,385,0,9,0,1.0,0.0,394,9,1,0.0,0.0,0.0,0.0,0.0,0.0,0.0,0.0,0.0,0.0,0.0,0.0,0.2222222222222222,0.0253164556962025,1.1082981715893108,with_side,existing_side_feature,0.9771573604060914
rg3,2026,2,dummy_prior,0.5,,,inner_f1,0.0228426395939086,0.5,0.0223272952150274,0.1090606526505266,0.0,0.0,0.0,0.0,385,0,9,0,1.0,0.0,394,9,1,0.0,0.0,0.0,0.0,0.0,0.0,0.0,0.0,0.0,0.0,0.0,0.0,0.2222222222222222,0.0253164556962025,1.1082981715893108,with_side,existing_side_feature,0.9771573604060914
rg3,2026,2,logistic,0.0613064805551658,,,fixed_0.5,0.0878723907549968,0.6692640692640692,0.0227108558369925,0.11533254334066,0.0,0.0,0.0,0.0,385,0,9,0,1.0,0.0,394,9,394,0.1111111111111111,0.25,10.944444444444445,0.1111111111111111,0.0833333333333333,3.648148148148148,0.1111111111111111,0.05,2.188888888888889,0.1111111111111111,0.025,1.0944444444444446,0.3333333333333333,0.0379746835443038,1.6624472573839664,with_side,existing_side_feature,0.9771573604060914
rg3,2026,2,logistic,0.0613064805551658,,,inner_f1,0.0878723907549968,0.6692640692640692,0.0227108558369925,0.11533254334066,0.048780487804878,0.03125,0.1111111111111111,0.0167311183537379,354,31,8,1,0.8888888888888888,0.0805194805194805,394,9,394,0.1111111111111111,0.25,10.944444444444445,0.1111111111111111,0.0833333333333333,3.648148148148148,0.1111111111111111,0.05,2.188888888888889,0.1111111111111111,0.025,1.0944444444444446,0.3333333333333333,0.0379746835443038,1.6624472573839664,with_side,existing_side_feature,0.9010152284263959
rg3,2026,2,logistic_balanced,0.8662881932415415,,,fixed_0.5,0.0444697647382524,0.6894660894660896,0.1400004254324516,0.4203071541493225,0.0465116279069767,0.0259740259740259,0.2222222222222222,0.0103299208081853,310,75,7,2,0.7777777777777778,0.1948051948051948,394,9,394,0.0,0.0,0.0,0.1111111111111111,0.0833333333333333,3.648148148148148,0.1111111111111111,0.05,2.188888888888889,0.1111111111111111,0.025,1.0944444444444446,0.2222222222222222,0.0253164556962025,1.1082981715893108,with_side,existing_side_feature,0.7918781725888325
rg3,2026,2,logistic_balanced,0.8662881932415415,,,inner_f1,0.0444697647382524,0.6894660894660896,0.1400004254324516,0.4203071541493225,0.0689655172413793,0.05,0.1111111111111111,0.0420350293455039,366,19,8,1,0.8888888888888888,0.0493506493506493,394,9,394,0.0,0.0,0.0,0.1111111111111111,0.0833333333333333,3.648148148148148,0.1111111111111111,0.05,2.188888888888889,0.1111111111111111,0.025,1.0944444444444446,0.2222222222222222,0.0253164556962025,1.1082981715893108,with_side,existing_side_feature,0.9314720812182741
rg3,2026,2,xgboost,0.028847225010395,,,fixed_0.5,0.0425132250642027,0.6733044733044733,0.0222440967313876,0.1055427862314281,0.0,0.0,0.0,0.0,385,0,9,0,1.0,0.0,394,9,394,0.0,0.0,0.0,0.0,0.0,0.0,0.0,0.0,0.0,0.2222222222222222,0.05,2.188888888888889,0.3333333333333333,0.0379746835443038,1.6624472573839664,with_side,existing_side_feature,0.9771573604060914
rg3,2026,2,xgboost,0.028847225010395,,,inner_f1,0.0425132250642027,0.6733044733044733,0.0222440967313876,0.1055427862314281,0.0769230769230769,0.0434782608695652,0.3333333333333333,0.0636421753643689,319,66,6,3,0.6666666666666666,0.1714285714285714,394,9,394,0.0,0.0,0.0,0.0,0.0,0.0,0.0,0.0,0.0,0.2222222222222222,0.05,2.188888888888889,0.3333333333333333,0.0379746835443038,1.6624472573839664,with_side,existing_side_feature,0.817258883248731
rg3,2026,2,xgboost_balanced,0.2482716888189315,,,fixed_0.5,0.059496383995487,0.6793650793650793,0.0417193279562372,0.1632221550030273,0.1,0.0909090909090909,0.1111111111111111,0.0772101981365347,375,10,8,1,0.8888888888888888,0.0259740259740259,394,9,394,0.0,0.0,0.0,0.1111111111111111,0.0833333333333333,3.648148148148148,0.2222222222222222,0.1,4.377777777777778,0.2222222222222222,0.05,2.188888888888889,0.3333333333333333,0.0379746835443038,1.6624472573839664,with_side,existing_side_feature,0.9543147208121827
rg3,2026,2,xgboost_balanced,0.2482716888189315,,,inner_f1,0.059496383995487,0.6793650793650793,0.0417193279562372,0.1632221550030273,0.0689655172413793,0.0408163265306122,0.2222222222222222,0.045338825730363,338,47,7,2,0.7777777777777778,0.122077922077922,394,9,394,0.0,0.0,0.0,0.1111111111111111,0.0833333333333333,3.648148148148148,0.2222222222222222,0.1,4.377777777777778,0.2222222222222222,0.05,2.188888888888889,0.3333333333333333,0.0379746835443038,1.6624472573839664,with_side,existing_side_feature,0.8629441624365483
rg3,2026,2,extratrees,0.0390545287801403,,,fixed_0.5,0.0596733137424839,0.7500721500721501,0.0223675109261474,0.1006479706520767,0.0,0.0,0.0,0.0,385,0,9,0,1.0,0.0,394,9,198,0.0,0.0,0.0,0.0,0.0,0.0,0.1111111111111111,0.05,2.188888888888889,0.3333333333333333,0.075,3.283333333333333,0.4444444444444444,0.050632911392405,2.216596343178621,with_side,existing_side_feature,0.9771573604060914
rg3,2026,2,extratrees,0.0390545287801403,,,inner_f1,0.0596733137424839,0.7500721500721501,0.0223675109261474,0.1006479706520767,0.0909090909090909,0.050632911392405,0.4444444444444444,0.0931527467925612,310,75,5,4,0.5555555555555556,0.1948051948051948,394,9,198,0.0,0.0,0.0,0.0,0.0,0.0,0.1111111111111111,0.05,2.188888888888889,0.3333333333333333,0.075,3.283333333333333,0.4444444444444444,0.050632911392405,2.216596343178621,with_side,existing_side_feature,0.7969543147208121
rg3,2026,2,extratrees_balanced,0.7027042995065801,,,fixed_0.5,0.0823954533401211,0.7454545454545455,0.0678424815313154,0.218972544663022,0.0952380952380952,0.0606060606060606,0.2222222222222222,0.0764221588226044,354,31,7,2,0.7777777777777778,0.0805194805194805,394,9,196,0.1111111111111111,0.25,10.944444444444445,0.1111111111111111,0.0833333333333333,3.648148148148148,0.1111111111111111,0.05,2.188888888888889,0.2222222222222222,0.05,2.188888888888889,0.3333333333333333,0.0379746835443038,1.6624472573839664,with_side,existing_side_feature,0.9035532994923858
rg3,2026,2,extratrees_balanced,0.7027042995065801,,,inner_f1,0.0823954533401211,0.7454545454545455,0.0678424815313154,0.218972544663022,0.1428571428571428,0.2,0.1111111111111111,0.1344355117268748,381,4,8,1,0.8888888888888888,0.0103896103896103,394,9,196,0.1111111111111111,0.25,10.944444444444445,0.1111111111111111,0.0833333333333333,3.648148148148148,0.1111111111111111,0.05,2.188888888888889,0.2222222222222222,0.05,2.188888888888889,0.3333333333333333,0.0379746835443038,1.6624472573839664,with_side,existing_side_feature,0.9695431472081218
rg3,2026,2,catboost,0.0208986019722814,,,fixed_0.5,0.0594324167548007,0.7884559884559885,0.0221782449584609,0.0972243722804741,0.0,0.0,0.0,0.0,385,0,9,0,1.0,0.0,394,9,394,0.0,0.0,0.0,0.0,0.0,0.0,0.0,0.0,0.0,0.3333333333333333,0.075,3.283333333333333,0.5555555555555556,0.0632911392405063,2.7707454289732776,with_side,existing_side_feature,0.9771573604060914
rg3,2026,2,catboost,0.0208986019722814,,,inner_f1,0.0594324167548007,0.7884559884559885,0.0221782449584609,0.0972243722804741,0.0853658536585365,0.0451612903225806,0.7777777777777778,0.1203038252953339,237,148,2,7,0.2222222222222222,0.3844155844155844,394,9,394,0.0,0.0,0.0,0.0,0.0,0.0,0.0,0.0,0.0,0.3333333333333333,0.075,3.283333333333333,0.5555555555555556,0.0632911392405063,2.7707454289732776,with_side,existing_side_feature,0.6192893401015228
rg3,2026,2,catboost_balanced,0.1085038177892968,,,fixed_0.5,0.0638449758853667,0.7584415584415585,0.0483399825103661,0.1777355700333677,0.0909090909090909,0.0769230769230769,0.1111111111111111,0.0668642512324436,373,12,8,1,0.8888888888888888,0.0311688311688311,394,9,394,0.0,0.0,0.0,0.1111111111111111,0.0833333333333333,3.648148148148148,0.2222222222222222,0.1,4.377777777777778,0.2222222222222222,0.05,2.188888888888889,0.4444444444444444,0.050632911392405,2.216596343178621,with_side,existing_side_feature,0.949238578680203
rg3,2026,2,catboost_balanced,0.1085038177892968,,,inner_f1,0.0638449758853667,0.7584415584415585,0.0483399825103661,0.1777355700333677,0.0945945945945946,0.0503597122302158,0.7777777777777778,0.1359828510618684,253,132,2,7,0.2222222222222222,0.3428571428571428,394,9,394,0.0,0.0,0.0,0.1111111111111111,0.0833333333333333,3.648148148148148,0.2222222222222222,0.1,4.377777777777778,0.2222222222222222,0.05,2.188888888888889,0.4444444444444444,0.050632911392405,2.216596343178621,with_side,existing_side_feature,0.6598984771573604
rg3,2026,2,lightgbm,0.0527623527666764,,,fixed_0.5,0.0542394901147975,0.6877344877344876,0.0224018970424726,0.1082689338831619,0.0,0.0,0.0,0.0,385,0,9,0,1.0,0.0,394,9,394,0.0,0.0,0.0,0.1111111111111111,0.0833333333333333,3.648148148148148,0.2222222222222222,0.1,4.377777777777778,0.2222222222222222,0.05,2.188888888888889,0.2222222222222222,0.0253164556962025,1.1082981715893108,with_side,existing_side_feature,0.9771573604060914
rg3,2026,2,lightgbm,0.0527623527666764,,,inner_f1,0.0542394901147975,0.6877344877344876,0.0224018970424726,0.1082689338831619,0.1212121212121212,0.0833333333333333,0.2222222222222222,0.103118818037692,363,22,7,2,0.7777777777777778,0.0571428571428571,394,9,394,0.0,0.0,0.0,0.1111111111111111,0.0833333333333333,3.648148148148148,0.2222222222222222,0.1,4.377777777777778,0.2222222222222222,0.05,2.188888888888889,0.2222222222222222,0.0253164556962025,1.1082981715893108,with_side,existing_side_feature,0.9263959390862944
rg3,2026,2,lightgbm_balanced,0.2369016613558961,,,fixed_0.5,0.0692382279147433,0.6865800865800866,0.0506110925062502,0.188337187429925,0.1538461538461538,0.1176470588235294,0.2222222222222222,0.1347494403199488,370,15,7,2,0.7777777777777778,0.0389610389610389,394,9,394,0.0,0.0,0.0,0.2222222222222222,0.1666666666666666,7.296296296296296,0.2222222222222222,0.1,4.377777777777778,0.2222222222222222,0.05,2.188888888888889,0.4444444444444444,0.050632911392405,2.216596343178621,with_side,existing_side_feature,0.9441624365482234
rg3,2026,2,lightgbm_balanced,0.2369016613558961,,,inner_f1,0.0692382279147433,0.6865800865800866,0.0506110925062502,0.188337187429925,0.1025641025641025,0.0579710144927536,0.4444444444444444,0.108339175531145,320,65,5,4,0.5555555555555556,0.1688311688311688,394,9,394,0.0,0.0,0.0,0.2222222222222222,0.1666666666666666,7.296296296296296,0.2222222222222222,0.1,4.377777777777778,0.2222222222222222,0.05,2.188888888888889,0.4444444444444444,0.050632911392405,2.216596343178621,with_side,existing_side_feature,0.8223350253807107
pooled,42,0,dummy_prior,0.5,,,fixed_0.5,0.0175658720200752,0.5,0.017257312644794,0.0884083897346482,0.0,0.0,0.0,0.0,783,0,14,0,1.0,0.0,797,14,1,0.0,0.0,0.0,0.0,0.0,0.0,0.0714285714285714,0.025,1.4232142857142858,0.0714285714285714,0.0125,0.7116071428571429,0.2142857142857142,0.01875,1.0674107142857143,with_side,existing_side_feature,0.9824341279799247
pooled,42,0,dummy_prior,0.5,,,inner_f1,0.0175658720200752,0.5,0.017257312644794,0.0884083897346482,0.0,0.0,0.0,0.0,783,0,14,0,1.0,0.0,797,14,1,0.0,0.0,0.0,0.0,0.0,0.0,0.0714285714285714,0.025,1.4232142857142858,0.0714285714285714,0.0125,0.7116071428571429,0.2142857142857142,0.01875,1.0674107142857143,with_side,existing_side_feature,0.9824341279799247
pooled,42,0,logistic,0.651539398085071,,,fixed_0.5,0.2488693270016573,0.8627075351213281,0.0145173042487395,0.0660820979080183,0.25,1.0,0.1428571428571428,0.375101064548392,783,0,12,2,0.8571428571428571,0.0,797,14,797,0.1428571428571428,0.25,14.232142857142858,0.2857142857142857,0.1666666666666666,9.488095238095235,0.3571428571428571,0.125,7.116071428571429,0.4285714285714285,0.075,4.269642857142857,0.7857142857142857,0.06875,3.9138392857142863,with_side,existing_side_feature,0.9849435382685069
pooled,42,0,logistic,0.651539398085071,,,inner_f1,0.2488693270016573,0.8627075351213281,0.0145173042487395,0.0660820979080183,0.25,1.0,0.1428571428571428,0.375101064548392,783,0,12,2,0.8571428571428571,0.0,797,14,797,0.1428571428571428,0.25,14.232142857142858,0.2857142857142857,0.1666666666666666,9.488095238095235,0.3571428571428571,0.125,7.116071428571429,0.4285714285714285,0.075,4.269642857142857,0.7857142857142857,0.06875,3.9138392857142863,with_side,existing_side_feature,0.9849435382685069
pooled,42,0,logistic_balanced,0.9768560170834354,,,fixed_0.5,0.1761309681966093,0.8459222769567597,0.1314359413022848,0.3877019014516888,0.1123595505617977,0.0609756097560975,0.7142857142857143,0.1681979326706875,629,154,4,10,0.2857142857142857,0.1966794380587484,797,14,797,0.1428571428571428,0.25,14.232142857142858,0.1428571428571428,0.0833333333333333,4.744047619047619,0.2142857142857142,0.075,4.269642857142857,0.3571428571428571,0.0625,3.5580357142857144,0.7142857142857143,0.0625,3.5580357142857144,with_side,existing_side_feature,0.8017565872020075
pooled,42,0,logistic_balanced,0.9768560170834354,,,inner_f1,0.1761309681966093,0.8459222769567597,0.1314359413022848,0.3877019014516888,0.125,0.5,0.0714285714285714,0.1841971383382588,782,1,13,1,0.9285714285714286,0.0012771392081736,797,14,797,0.1428571428571428,0.25,14.232142857142858,0.1428571428571428,0.0833333333333333,4.744047619047619,0.2142857142857142,0.075,4.269642857142857,0.3571428571428571,0.0625,3.5580357142857144,0.7142857142857143,0.0625,3.5580357142857144,with_side,existing_side_feature,0.9824341279799247
pooled,42,0,xgboost,0.0642106011509895,,,fixed_0.5,0.1991231905220765,0.8451924831235176,0.0163101319765496,0.0734882998770185,0.0,0.0,0.0,0.0,783,0,14,0,1.0,0.0,797,14,797,0.1428571428571428,0.25,14.232142857142858,0.2142857142857142,0.125,7.116071428571429,0.3571428571428571,0.125,7.116071428571429,0.3571428571428571,0.0625,3.5580357142857144,0.7142857142857143,0.0625,3.5580357142857144,with_side,existing_side_feature,0.9824341279799247
pooled,42,0,xgboost,0.0642106011509895,,,inner_f1,0.1991231905220765,0.8451924831235176,0.0163101319765496,0.0734882998770185,0.1951219512195122,0.1481481481481481,0.2857142857142857,0.1861376284655473,760,23,10,4,0.7142857142857143,0.0293742017879948,797,14,797,0.1428571428571428,0.25,14.232142857142858,0.2142857142857142,0.125,7.116071428571429,0.3571428571428571,0.125,7.116071428571429,0.3571428571428571,0.0625,3.5580357142857144,0.7142857142857143,0.0625,3.5580357142857144,with_side,existing_side_feature,0.958594730238394
pooled,42,0,xgboost_balanced,0.4611701667308807,,,fixed_0.5,0.1162045352465588,0.823207443897099,0.0449033927360713,0.1554871570512582,0.1071428571428571,0.0714285714285714,0.2142857142857142,0.0967058411616903,744,39,11,3,0.7857142857142857,0.0498084291187739,797,14,797,0.1428571428571428,0.25,14.232142857142858,0.2142857142857142,0.125,7.116071428571429,0.2142857142857142,0.075,4.269642857142857,0.3571428571428571,0.0625,3.5580357142857144,0.5714285714285714,0.05,2.8464285714285715,with_side,existing_side_feature,0.9372647427854455
pooled,42,0,xgboost_balanced,0.4611701667308807,,,inner_f1,0.1162045352465588,0.823207443897099,0.0449033927360713,0.1554871570512582,0.0923076923076923,0.0588235294117647,0.2142857142857142,0.082117111018923,735,48,11,3,0.7857142857142857,0.0613026819923371,797,14,797,0.1428571428571428,0.25,14.232142857142858,0.2142857142857142,0.125,7.116071428571429,0.2142857142857142,0.075,4.269642857142857,0.3571428571428571,0.0625,3.5580357142857144,0.5714285714285714,0.05,2.8464285714285715,with_side,existing_side_feature,0.9259723964868256
pooled,42,0,extratrees,0.3777166227492315,,,fixed_0.5,0.1964148138184464,0.8455573800401386,0.0158947641174561,0.0702674031265536,0.2222222222222222,0.5,0.1428571428571428,0.2608223762475765,781,2,12,2,0.8571428571428571,0.0025542784163473,797,14,313,0.1428571428571428,0.25,14.232142857142858,0.1428571428571428,0.0833333333333333,4.744047619047619,0.2142857142857142,0.075,4.269642857142857,0.2857142857142857,0.05,2.8464285714285715,0.5714285714285714,0.05,2.8464285714285715,with_side,existing_side_feature,0.9824341279799247
pooled,42,0,extratrees,0.3777166227492315,,,inner_f1,0.1964148138184464,0.8455573800401386,0.0158947641174561,0.0702674031265536,0.2222222222222222,0.5,0.1428571428571428,0.2608223762475765,781,2,12,2,0.8571428571428571,0.0025542784163473,797,14,313,0.1428571428571428,0.25,14.232142857142858,0.1428571428571428,0.0833333333333333,4.744047619047619,0.2142857142857142,0.075,4.269642857142857,0.2857142857142857,0.05,2.8464285714285715,0.5714285714285714,0.05,2.8464285714285715,with_side,existing_side_feature,0.9824341279799247
pooled,42,0,extratrees_balanced,0.4364012037772638,,,fixed_0.5,0.1743379934492073,0.861247947454844,0.0609095128699689,0.1791865987237984,0.1123595505617977,0.0666666666666666,0.3571428571428571,0.1204658574630675,713,70,9,5,0.6428571428571429,0.0893997445721583,797,14,324,0.1428571428571428,0.25,14.232142857142858,0.1428571428571428,0.0833333333333333,4.744047619047619,0.1428571428571428,0.05,2.8464285714285715,0.3571428571428571,0.0625,3.5580357142857144,0.5714285714285714,0.05,2.8464285714285715,with_side,existing_side_feature,0.9008782936010038
pooled,42,0,extratrees_balanced,0.4364012037772638,,,inner_f1,0.1743379934492073,0.861247947454844,0.0609095128699689,0.1791865987237984,0.1061946902654867,0.0606060606060606,0.4285714285714285,0.123389292514791,690,93,8,6,0.5714285714285714,0.1187739463601532,797,14,324,0.1428571428571428,0.25,14.232142857142858,0.1428571428571428,0.0833333333333333,4.744047619047619,0.1428571428571428,0.05,2.8464285714285715,0.3571428571428571,0.0625,3.5580357142857144,0.5714285714285714,0.05,2.8464285714285715,with_side,existing_side_feature,0.8732747804265998
pooled,42,0,catboost,0.3543138768152672,,,fixed_0.5,0.2148944498399449,0.8362525086663019,0.0146770024237401,0.0682530875827215,0.25,1.0,0.1428571428571428,0.375101064548392,783,0,12,2,0.8571428571428571,0.0,797,14,797,0.2142857142857142,0.375,21.34821428571429,0.2142857142857142,0.125,7.116071428571429,0.2857142857142857,0.1,5.692857142857143,0.3571428571428571,0.0625,3.5580357142857144,0.5,0.04375,2.490625,with_side,existing_side_feature,0.9849435382685069
pooled,42,0,catboost,0.3543138768152672,,,inner_f1,0.2148944498399449,0.8362525086663019,0.0146770024237401,0.0682530875827215,0.25,1.0,0.1428571428571428,0.375101064548392,783,0,12,2,0.8571428571428571,0.0,797,14,797,0.2142857142857142,0.375,21.34821428571429,0.2142857142857142,0.125,7.116071428571429,0.2857142857142857,0.1,5.692857142857143,0.3571428571428571,0.0625,3.5580357142857144,0.5,0.04375,2.490625,with_side,existing_side_feature,0.9849435382685069
pooled,42,0,catboost_balanced,0.7877744197595129,,,fixed_0.5,0.1898645330956849,0.8264002919175333,0.0626823182792328,0.2066412174132165,0.0705882352941176,0.0422535211267605,0.2142857142857142,0.0587697742577202,715,68,11,3,0.7857142857142857,0.0868454661558109,797,14,797,0.1428571428571428,0.25,14.232142857142858,0.1428571428571428,0.0833333333333333,4.744047619047619,0.1428571428571428,0.05,2.8464285714285715,0.2142857142857142,0.0375,2.1348214285714286,0.6428571428571429,0.05625,3.202232142857143,with_side,existing_side_feature,0.9008782936010038
pooled,42,0,catboost_balanced,0.7877744197595129,,,inner_f1,0.1898645330956849,0.8264002919175333,0.0626823182792328,0.2066412174132165,0.2,0.3333333333333333,0.1428571428571428,0.2093476940276984,779,4,12,2,0.8571428571428571,0.0051085568326947,797,14,797,0.1428571428571428,0.25,14.232142857142858,0.1428571428571428,0.0833333333333333,4.744047619047619,0.1428571428571428,0.05,2.8464285714285715,0.2142857142857142,0.0375,2.1348214285714286,0.6428571428571429,0.05625,3.202232142857143,with_side,existing_side_feature,0.9799247176913425
pooled,42,0,lightgbm,0.0470945538721295,,,fixed_0.5,0.2054504985493446,0.8437328954570333,0.0160164505149732,0.0733502581707621,0.0,0.0,0.0,0.0,783,0,14,0,1.0,0.0,797,14,797,0.1428571428571428,0.25,14.232142857142858,0.2142857142857142,0.125,7.116071428571429,0.2142857142857142,0.075,4.269642857142857,0.3571428571428571,0.0625,3.5580357142857144,0.5714285714285714,0.05,2.8464285714285715,with_side,existing_side_feature,0.9824341279799247
pooled,42,0,lightgbm,0.0470945538721295,,,inner_f1,0.2054504985493446,0.8437328954570333,0.0160164505149732,0.0733502581707621,0.1,0.0606060606060606,0.2857142857142857,0.0984466330212009,721,62,10,4,0.7142857142857143,0.0791826309067688,797,14,797,0.1428571428571428,0.25,14.232142857142858,0.2142857142857142,0.125,7.116071428571429,0.2142857142857142,0.075,4.269642857142857,0.3571428571428571,0.0625,3.5580357142857144,0.5714285714285714,0.05,2.8464285714285715,with_side,existing_side_feature,0.9096612296110415
pooled,42,0,lightgbm_balanced,0.4200813818237176,,,fixed_0.5,0.0952538429048773,0.8320561941251596,0.0514955336489235,0.1737989973146658,0.0909090909090909,0.0576923076923076,0.2142857142857142,0.0806988864780643,734,49,11,3,0.7857142857142857,0.0625798212005108,797,14,797,0.1428571428571428,0.25,14.232142857142858,0.2142857142857142,0.125,7.116071428571429,0.2142857142857142,0.075,4.269642857142857,0.2857142857142857,0.05,2.8464285714285715,0.5714285714285714,0.05,2.8464285714285715,with_side,existing_side_feature,0.9247176913425345
pooled,42,0,lightgbm_balanced,0.4200813818237176,,,inner_f1,0.0952538429048773,0.8320561941251596,0.0514955336489235,0.1737989973146658,0.072289156626506,0.0434782608695652,0.2142857142857142,0.0607267068577941,717,66,11,3,0.7857142857142857,0.0842911877394636,797,14,797,0.1428571428571428,0.25,14.232142857142858,0.2142857142857142,0.125,7.116071428571429,0.2142857142857142,0.075,4.269642857142857,0.2857142857142857,0.05,2.8464285714285715,0.5714285714285714,0.05,2.8464285714285715,with_side,existing_side_feature,0.903387703889586
pooled,42,1,dummy_prior,0.5,,,fixed_0.5,0.0162907268170426,0.5,0.016028915263365,0.0833325880483163,0.0,0.0,0.0,0.0,785,0,13,0,1.0,0.0,798,13,1,0.0,0.0,0.0,0.0,0.0,0.0,0.0,0.0,0.0,0.0,0.0,0.0,0.1538461538461538,0.0125,0.7673076923076924,with_side,existing_side_feature,0.9837092731829574
pooled,42,1,dummy_prior,0.5,,,inner_f1,0.0162907268170426,0.5,0.016028915263365,0.0833325880483163,0.0,0.0,0.0,0.0,785,0,13,0,1.0,0.0,798,13,1,0.0,0.0,0.0,0.0,0.0,0.0,0.0,0.0,0.0,0.0,0.0,0.0,0.1538461538461538,0.0125,0.7673076923076924,with_side,existing_side_feature,0.9837092731829574
pooled,42,1,logistic,0.7902122896258179,,,fixed_0.5,0.2185780660565039,0.8384125428711415,0.0149093534669669,0.0699365945440101,0.25,0.6666666666666666,0.1538461538461538,0.3156006698810328,784,1,11,2,0.8461538461538461,0.0012738853503184,798,13,798,0.1538461538461538,0.25,15.346153846153848,0.3076923076923077,0.1666666666666666,10.23076923076923,0.3076923076923077,0.1,6.138461538461539,0.4615384615384615,0.075,4.603846153846154,0.6153846153846154,0.05,3.069230769230769,with_side,existing_side_feature,0.9849624060150376
pooled,42,1,logistic,0.7902122896258179,,,inner_f1,0.2185780660565039,0.8384125428711415,0.0149093534669669,0.0699365945440101,0.2666666666666666,1.0,0.1538461538461538,0.389512694475193,785,0,11,2,0.8461538461538461,0.0,798,13,798,0.1538461538461538,0.25,15.346153846153848,0.3076923076923077,0.1666666666666666,10.23076923076923,0.3076923076923077,0.1,6.138461538461539,0.4615384615384615,0.075,4.603846153846154,0.6153846153846154,0.05,3.069230769230769,with_side,existing_side_feature,0.9862155388471178
pooled,42,1,logistic_balanced,0.9365890281688992,,,fixed_0.5,0.154618716416294,0.8371386575208231,0.1389187475548228,0.4245561967605682,0.0978260869565217,0.0526315789473684,0.6923076923076923,0.149918689823571,623,162,4,9,0.3076923076923077,0.2063694267515923,798,13,798,0.1538461538461538,0.25,15.346153846153848,0.1538461538461538,0.0833333333333333,5.115384615384615,0.1538461538461538,0.05,3.069230769230769,0.3846153846153846,0.0625,3.8365384615384617,0.6923076923076923,0.05625,3.452884615384616,with_side,existing_side_feature,0.7919799498746867
pooled,42,1,logistic_balanced,0.9365890281688992,,,inner_f1,0.154618716416294,0.8371386575208231,0.1389187475548228,0.4245561967605682,0.125,0.1052631578947368,0.1538461538461538,0.1097639976496342,768,17,11,2,0.8461538461538461,0.021656050955414,798,13,798,0.1538461538461538,0.25,15.346153846153848,0.1538461538461538,0.0833333333333333,5.115384615384615,0.1538461538461538,0.05,3.069230769230769,0.3846153846153846,0.0625,3.8365384615384617,0.6923076923076923,0.05625,3.452884615384616,with_side,existing_side_feature,0.9649122807017544
pooled,42,1,xgboost,0.0787249952554702,,,fixed_0.5,0.085981167677044,0.8421362077413033,0.01562442462175,0.0714053010396598,0.0,0.0,0.0,0.0,785,0,13,0,1.0,0.0,798,13,798,0.0769230769230769,0.125,7.673076923076923,0.1538461538461538,0.0833333333333333,5.115384615384615,0.1538461538461538,0.05,3.069230769230769,0.3846153846153846,0.0625,3.8365384615384617,0.6923076923076923,0.05625,3.452884615384616,with_side,existing_side_feature,0.9837092731829574
pooled,42,1,xgboost,0.0787249952554702,,,inner_f1,0.085981167677044,0.8421362077413033,0.01562442462175,0.0714053010396598,0.1290322580645161,0.1111111111111111,0.1538461538461538,0.1137855332510722,769,16,11,2,0.8461538461538461,0.0203821656050955,798,13,798,0.0769230769230769,0.125,7.673076923076923,0.1538461538461538,0.0833333333333333,5.115384615384615,0.1538461538461538,0.05,3.069230769230769,0.3846153846153846,0.0625,3.8365384615384617,0.6923076923076923,0.05625,3.452884615384616,with_side,existing_side_feature,0.9661654135338346
pooled,42,1,xgboost_balanced,0.729546070098877,,,fixed_0.5,0.1088015121373057,0.8829985301322881,0.0492137837153685,0.1644150727071196,0.1639344262295081,0.1041666666666666,0.3846153846153846,0.1756128765511887,742,43,8,5,0.6153846153846154,0.0547770700636942,798,13,798,0.0769230769230769,0.125,7.673076923076923,0.2307692307692307,0.125,7.673076923076923,0.3076923076923077,0.1,6.138461538461539,0.3846153846153846,0.0625,3.8365384615384617,0.7692307692307693,0.0625,3.8365384615384617,with_side,existing_side_feature,0.9360902255639098
pooled,42,1,xgboost_balanced,0.729546070098877,,,inner_f1,0.1088015121373057,0.8829985301322881,0.0492137837153685,0.1644150727071196,0.1818181818181818,0.15,0.2307692307692307,0.1693491862907666,768,17,10,3,0.7692307692307693,0.021656050955414,798,13,798,0.0769230769230769,0.125,7.673076923076923,0.2307692307692307,0.125,7.673076923076923,0.3076923076923077,0.1,6.138461538461539,0.3846153846153846,0.0625,3.8365384615384617,0.7692307692307693,0.0625,3.8365384615384617,with_side,existing_side_feature,0.9661654135338346
pooled,42,1,extratrees,0.0953057253744276,,,fixed_0.5,0.2202562851388252,0.8439980401763841,0.0143922399684058,0.1018758174070558,0.2666666666666666,1.0,0.1538461538461538,0.389512694475193,785,0,11,2,0.8461538461538461,0.0,798,13,357,0.1538461538461538,0.25,15.346153846153848,0.2307692307692307,0.125,7.673076923076923,0.3076923076923077,0.1,6.138461538461539,0.4615384615384615,0.075,4.603846153846154,0.7692307692307693,0.0625,3.8365384615384617,with_side,existing_side_feature,0.9862155388471178
pooled,42,1,extratrees,0.0953057253744276,,,inner_f1,0.2202562851388252,0.8439980401763841,0.0143922399684058,0.1018758174070558,0.1904761904761904,0.1379310344827586,0.3076923076923077,0.1865991778001616,760,25,9,4,0.6923076923076923,0.0318471337579617,798,13,357,0.1538461538461538,0.25,15.346153846153848,0.2307692307692307,0.125,7.673076923076923,0.3076923076923077,0.1,6.138461538461539,0.4615384615384615,0.075,4.603846153846154,0.7692307692307693,0.0625,3.8365384615384617,with_side,existing_side_feature,0.9573934837092731
pooled,42,1,extratrees_balanced,0.6654338382351738,,,fixed_0.5,0.180163685142963,0.8509554140127389,0.0439796480582558,0.1809016639528624,0.196078431372549,0.131578947368421,0.3846153846153846,0.203641517652727,752,33,8,5,0.6153846153846154,0.0420382165605095,798,13,309,0.1538461538461538,0.25,15.346153846153848,0.3076923076923077,0.1666666666666666,10.23076923076923,0.3846153846153846,0.125,7.673076923076923,0.5384615384615384,0.0875,5.371153846153846,0.6923076923076923,0.05625,3.452884615384616,with_side,existing_side_feature,0.9486215538847118
pooled,42,1,extratrees_balanced,0.6654338382351738,,,inner_f1,0.180163685142963,0.8509554140127389,0.0439796480582558,0.1809016639528624,0.2222222222222222,0.2142857142857142,0.2307692307692307,0.2090049485630253,774,11,10,3,0.7692307692307693,0.0140127388535031,798,13,309,0.1538461538461538,0.25,15.346153846153848,0.3076923076923077,0.1666666666666666,10.23076923076923,0.3846153846153846,0.125,7.673076923076923,0.5384615384615384,0.0875,5.371153846153846,0.6923076923076923,0.05625,3.452884615384616,with_side,existing_side_feature,0.9736842105263158
pooled,42,1,catboost,0.2705482595998036,,,fixed_0.5,0.2162841053941726,0.8417442430181283,0.0139612655459403,0.0658132838437131,0.1428571428571428,1.0,0.0769230769230769,0.275254223508225,785,0,12,1,0.9230769230769232,0.0,798,13,798,0.1538461538461538,0.25,15.346153846153848,0.2307692307692307,0.125,7.673076923076923,0.2307692307692307,0.075,4.603846153846154,0.4615384615384615,0.075,4.603846153846154,0.6923076923076923,0.05625,3.452884615384616,with_side,existing_side_feature,0.9849624060150376
pooled,42,1,catboost,0.2705482595998036,,,inner_f1,0.2162841053941726,0.8417442430181283,0.0139612655459403,0.0658132838437131,0.2666666666666666,1.0,0.1538461538461538,0.389512694475193,785,0,11,2,0.8461538461538461,0.0,798,13,798,0.1538461538461538,0.25,15.346153846153848,0.2307692307692307,0.125,7.673076923076923,0.2307692307692307,0.075,4.603846153846154,0.4615384615384615,0.075,4.603846153846154,0.6923076923076923,0.05625,3.452884615384616,with_side,existing_side_feature,0.9862155388471178
pooled,42,1,catboost_balanced,0.6931071800123496,,,fixed_0.5,0.1723245300873752,0.8625183733463988,0.0558191379063924,0.1835031568702566,0.1470588235294117,0.0909090909090909,0.3846153846153846,0.1603721856869892,735,50,8,5,0.6153846153846154,0.0636942675159235,798,13,798,0.0769230769230769,0.125,7.673076923076923,0.2307692307692307,0.125,7.673076923076923,0.3846153846153846,0.125,7.673076923076923,0.4615384615384615,0.075,4.603846153846154,0.6923076923076923,0.05625,3.452884615384616,with_side,existing_side_feature,0.9273182957393483
pooled,42,1,catboost_balanced,0.6931071800123496,,,inner_f1,0.1723245300873752,0.8625183733463988,0.0558191379063924,0.1835031568702566,0.2,0.1764705882352941,0.2307692307692307,0.1866823435183361,771,14,10,3,0.7692307692307693,0.0178343949044585,798,13,798,0.0769230769230769,0.125,7.673076923076923,0.2307692307692307,0.125,7.673076923076923,0.3846153846153846,0.125,7.673076923076923,0.4615384615384615,0.075,4.603846153846154,0.6923076923076923,0.05625,3.452884615384616,with_side,existing_side_feature,0.9699248120300752
pooled,42,1,lightgbm,0.0864779392076116,,,fixed_0.5,0.1750686341500585,0.8759431651151397,0.0149826638452359,0.0666044988514187,0.0,0.0,0.0,0.0,785,0,13,0,1.0,0.0,798,13,798,0.1538461538461538,0.25,15.346153846153848,0.2307692307692307,0.125,7.673076923076923,0.3846153846153846,0.125,7.673076923076923,0.3846153846153846,0.0625,3.8365384615384617,0.7692307692307693,0.0625,3.8365384615384617,with_side,existing_side_feature,0.9837092731829574
pooled,42,1,lightgbm,0.0864779392076116,,,inner_f1,0.1750686341500585,0.8759431651151397,0.0149826638452359,0.0666044988514187,0.1428571428571428,0.1034482758620689,0.2307692307692307,0.1337017909850536,759,26,10,3,0.7692307692307693,0.0331210191082802,798,13,798,0.1538461538461538,0.25,15.346153846153848,0.2307692307692307,0.125,7.673076923076923,0.3846153846153846,0.125,7.673076923076923,0.3846153846153846,0.0625,3.8365384615384617,0.7692307692307693,0.0625,3.8365384615384617,with_side,existing_side_feature,0.9548872180451128
pooled,42,1,lightgbm_balanced,0.6329737316202926,,,fixed_0.5,0.2077052614555425,0.8853503184713376,0.0512175616680392,0.1689229910227055,0.1492537313432835,0.0925925925925925,0.3846153846153846,0.1623835219634944,736,49,8,5,0.6153846153846154,0.062420382165605,798,13,798,0.1538461538461538,0.25,15.346153846153848,0.2307692307692307,0.125,7.673076923076923,0.3076923076923077,0.1,6.138461538461539,0.5384615384615384,0.0875,5.371153846153846,0.6923076923076923,0.05625,3.452884615384616,with_side,existing_side_feature,0.9285714285714286
pooled,42,1,lightgbm_balanced,0.6329737316202926,,,inner_f1,0.2077052614555425,0.8853503184713376,0.0512175616680392,0.1689229910227055,0.1818181818181818,0.1290322580645161,0.3076923076923077,0.1790455291087459,758,27,9,4,0.6923076923076923,0.0343949044585987,798,13,798,0.1538461538461538,0.25,15.346153846153848,0.2307692307692307,0.125,7.673076923076923,0.3076923076923077,0.1,6.138461538461539,0.5384615384615384,0.0875,5.371153846153846,0.6923076923076923,0.05625,3.452884615384616,with_side,existing_side_feature,0.9548872180451128
pooled,42,2,dummy_prior,0.5,,,fixed_0.5,0.018796992481203,0.5,0.0184471590627397,0.0934209221075772,0.0,0.0,0.0,0.0,783,0,15,0,1.0,0.0,798,15,1,0.0,0.0,0.0,0.0,0.0,0.0,0.0666666666666666,0.025,1.33,0.0666666666666666,0.0125,0.665,0.0666666666666666,0.00625,0.3325,with_side,existing_side_feature,0.981203007518797
pooled,42,2,dummy_prior,0.5,,,inner_f1,0.018796992481203,0.5,0.0184471590627397,0.0934209221075772,0.0,0.0,0.0,0.0,783,0,15,0,1.0,0.0,798,15,1,0.0,0.0,0.0,0.0,0.0,0.0,0.0666666666666666,0.025,1.33,0.0666666666666666,0.0125,0.665,0.0666666666666666,0.00625,0.3325,with_side,existing_side_feature,0.981203007518797
pooled,42,2,logistic,0.0855532535967379,,,fixed_0.5,0.2313663491423528,0.8431673052362707,0.0159427473970737,0.0746456245636425,0.2352941176470588,1.0,0.1333333333333333,0.362154357828913,783,0,13,2,0.8666666666666667,0.0,798,15,798,0.1333333333333333,0.25,13.3,0.2666666666666666,0.1666666666666666,8.866666666666667,0.3333333333333333,0.125,6.65,0.3333333333333333,0.0625,3.325,0.6,0.05625,2.9925,with_side,existing_side_feature,0.9837092731829574
pooled,42,2,logistic,0.0855532535967379,,,inner_f1,0.2313663491423528,0.8431673052362707,0.0159427473970737,0.0746456245636425,0.2222222222222222,0.1666666666666666,0.3333333333333333,0.2151966538534341,758,25,10,5,0.6666666666666666,0.0319284802043422,798,15,798,0.1333333333333333,0.25,13.3,0.2666666666666666,0.1666666666666666,8.866666666666667,0.3333333333333333,0.125,6.65,0.3333333333333333,0.0625,3.325,0.6,0.05625,2.9925,with_side,existing_side_feature,0.956140350877193
pooled,42,2,logistic_balanced,0.964609729584165,,,fixed_0.5,0.231343716508933,0.8586632609621117,0.1258998476995481,0.4052397980967491,0.1183431952662721,0.0649350649350649,0.6666666666666666,0.1661319850161721,639,144,5,10,0.3333333333333333,0.1839080459770115,798,15,798,0.1333333333333333,0.25,13.3,0.2666666666666666,0.1666666666666666,8.866666666666667,0.4,0.15,7.98,0.5333333333333333,0.1,5.32,0.6666666666666666,0.0625,3.325,with_side,existing_side_feature,0.8132832080200502
pooled,42,2,logistic_balanced,0.964609729584165,,,inner_f1,0.231343716508933,0.8586632609621117,0.1258998476995481,0.4052397980967491,0.2285714285714285,0.2,0.2666666666666666,0.2139276801855594,767,16,11,4,0.7333333333333333,0.020434227330779,798,15,798,0.1333333333333333,0.25,13.3,0.2666666666666666,0.1666666666666666,8.866666666666667,0.4,0.15,7.98,0.5333333333333333,0.1,5.32,0.6666666666666666,0.0625,3.325,with_side,existing_side_feature,0.9661654135338346
pooled,42,2,xgboost,0.0360491722822189,,,fixed_0.5,0.2313043052619845,0.8135376756066411,0.0170025628700496,0.0772755596629059,0.0,0.0,0.0,0.0,783,0,15,0,1.0,0.0,798,15,798,0.2,0.375,19.950000000000003,0.4,0.25,13.3,0.4,0.15,7.98,0.4666666666666667,0.0875,4.655,0.5333333333333333,0.05,2.66,with_side,existing_side_feature,0.981203007518797
pooled,42,2,xgboost,0.0360491722822189,,,inner_f1,0.2313043052619845,0.8135376756066411,0.0170025628700496,0.0772755596629059,0.1391304347826087,0.08,0.5333333333333333,0.1705773775914751,691,92,7,8,0.4666666666666667,0.1174968071519795,798,15,798,0.2,0.375,19.950000000000003,0.4,0.25,13.3,0.4,0.15,7.98,0.4666666666666667,0.0875,4.655,0.5333333333333333,0.05,2.66,with_side,existing_side_feature,0.8759398496240601
pooled,42,2,xgboost_balanced,0.4340969324111938,,,fixed_0.5,0.2092676562550034,0.8309919114516815,0.0436142290688509,0.1511105758438342,0.1875,0.1224489795918367,0.4,0.1952140826792759,740,43,9,6,0.6,0.0549169859514687,798,15,798,0.2666666666666666,0.5,26.6,0.3333333333333333,0.2083333333333333,11.083333333333334,0.4,0.15,7.98,0.4666666666666667,0.0875,4.655,0.6666666666666666,0.0625,3.325,with_side,existing_side_feature,0.9348370927318296
pooled,42,2,xgboost_balanced,0.4340969324111938,,,inner_f1,0.2092676562550034,0.8309919114516815,0.0436142290688509,0.1511105758438342,0.1739130434782608,0.1111111111111111,0.4,0.1831280709183756,735,48,9,6,0.6,0.0613026819923371,798,15,798,0.2666666666666666,0.5,26.6,0.3333333333333333,0.2083333333333333,11.083333333333334,0.4,0.15,7.98,0.4666666666666667,0.0875,4.655,0.6666666666666666,0.0625,3.325,with_side,existing_side_feature,0.9285714285714286
pooled,42,2,extratrees,0.3294444444444445,,,fixed_0.5,0.2185322101153242,0.8499787143465305,0.0160525654060631,0.0748904564122448,0.2352941176470588,1.0,0.1333333333333333,0.362154357828913,783,0,13,2,0.8666666666666667,0.0,798,15,369,0.1333333333333333,0.25,13.3,0.2666666666666666,0.1666666666666666,8.866666666666667,0.3333333333333333,0.125,6.65,0.4,0.075,3.99,0.6666666666666666,0.0625,3.325,with_side,existing_side_feature,0.9837092731829574
pooled,42,2,extratrees,0.3294444444444445,,,inner_f1,0.2185322101153242,0.8499787143465305,0.0160525654060631,0.0748904564122448,0.2352941176470588,1.0,0.1333333333333333,0.362154357828913,783,0,13,2,0.8666666666666667,0.0,798,15,369,0.1333333333333333,0.25,13.3,0.2666666666666666,0.1666666666666666,8.866666666666667,0.3333333333333333,0.125,6.65,0.4,0.075,3.99,0.6666666666666666,0.0625,3.325,with_side,existing_side_feature,0.9837092731829574
pooled,42,2,extratrees_balanced,0.4910874167630995,,,fixed_0.5,0.1796840797463841,0.8720306513409961,0.0430855078132837,0.1408106150276325,0.1851851851851851,0.1282051282051282,0.3333333333333333,0.1826154064467864,749,34,10,5,0.6666666666666666,0.0434227330779054,798,15,325,0.0666666666666666,0.125,6.65,0.2666666666666666,0.1666666666666666,8.866666666666667,0.3333333333333333,0.125,6.65,0.6,0.1125,5.985,0.6666666666666666,0.0625,3.325,with_side,existing_side_feature,0.9448621553884712
pooled,42,2,extratrees_balanced,0.4910874167630995,,,inner_f1,0.1796840797463841,0.8720306513409961,0.0430855078132837,0.1408106150276325,0.1724137931034483,0.1162790697674418,0.3333333333333333,0.1713017926975565,745,38,10,5,0.6666666666666666,0.0485312899106002,798,15,325,0.0666666666666666,0.125,6.65,0.2666666666666666,0.1666666666666666,8.866666666666667,0.3333333333333333,0.125,6.65,0.6,0.1125,5.985,0.6666666666666666,0.0625,3.325,with_side,existing_side_feature,0.9398496240601504
pooled,42,2,catboost,0.2598958766724922,,,fixed_0.5,0.2471286407317166,0.8680289484887186,0.0158166478550899,0.0710256901460776,0.2352941176470588,1.0,0.1333333333333333,0.362154357828913,783,0,13,2,0.8666666666666667,0.0,798,15,798,0.2,0.375,19.950000000000003,0.2666666666666666,0.1666666666666666,8.866666666666667,0.2666666666666666,0.1,5.32,0.4666666666666667,0.0875,4.655,0.6,0.05625,2.9925,with_side,existing_side_feature,0.9837092731829574
pooled,42,2,catboost,0.2598958766724922,,,inner_f1,0.2471286407317166,0.8680289484887186,0.0158166478550899,0.0710256901460776,0.2,0.4,0.1333333333333333,0.2228851364689675,780,3,13,2,0.8666666666666667,0.003831417624521,798,15,798,0.2,0.375,19.950000000000003,0.2666666666666666,0.1666666666666666,8.866666666666667,0.2666666666666666,0.1,5.32,0.4666666666666667,0.0875,4.655,0.6,0.05625,2.9925,with_side,existing_side_feature,0.9799498746867168
pooled,42,2,catboost_balanced,0.4579686131478445,,,fixed_0.5,0.3218857494670919,0.8634312473392933,0.0496958224239047,0.1699110578532834,0.1666666666666666,0.1052631578947368,0.4,0.1765838185535368,732,51,9,6,0.6,0.0651340996168582,798,15,798,0.3333333333333333,0.625,33.25,0.4,0.25,13.3,0.4,0.15,7.98,0.4666666666666667,0.0875,4.655,0.6666666666666666,0.0625,3.325,with_side,existing_side_feature,0.924812030075188
pooled,42,2,catboost_balanced,0.4579686131478445,,,inner_f1,0.3218857494670919,0.8634312473392933,0.0496958224239047,0.1699110578532834,0.1772151898734177,0.109375,0.4666666666666667,0.1969432502104067,726,57,8,7,0.5333333333333333,0.0727969348659003,798,15,798,0.3333333333333333,0.625,33.25,0.4,0.25,13.3,0.4,0.15,7.98,0.4666666666666667,0.0875,4.655,0.6666666666666666,0.0625,3.325,with_side,existing_side_feature,0.918546365914787
pooled,42,2,lightgbm,0.047367311781628,,,fixed_0.5,0.2723423671279276,0.80970625798212,0.016582027834677,0.0771696952674443,0.0,0.0,0.0,0.0,783,0,15,0,1.0,0.0,798,15,798,0.2,0.375,19.950000000000003,0.4,0.25,13.3,0.4666666666666667,0.175,9.31,0.4666666666666667,0.0875,4.655,0.6,0.05625,2.9925,with_side,existing_side_feature,0.981203007518797
pooled,42,2,lightgbm,0.047367311781628,,,inner_f1,0.2723423671279276,0.80970625798212,0.016582027834677,0.0771696952674443,0.1866666666666666,0.1166666666666666,0.4666666666666667,0.2054811405184705,730,53,8,7,0.5333333333333333,0.0676883780332056,798,15,798,0.2,0.375,19.950000000000003,0.4,0.25,13.3,0.4666666666666667,0.175,9.31,0.4666666666666667,0.0875,4.655,0.6,0.05625,2.9925,with_side,existing_side_feature,0.9235588972431078
pooled,42,2,lightgbm_balanced,0.2709160503581623,,,fixed_0.5,0.2585364800820069,0.8322690506598553,0.0505642170881523,0.1710755865230521,0.1764705882352941,0.1132075471698113,0.4,0.1854200647772624,736,47,9,6,0.6,0.0600255427841634,798,15,798,0.2,0.375,19.950000000000003,0.3333333333333333,0.2083333333333333,11.083333333333334,0.4,0.15,7.98,0.4666666666666667,0.0875,4.655,0.6666666666666666,0.0625,3.325,with_side,existing_side_feature,0.9298245614035088
pooled,42,2,lightgbm_balanced,0.2709160503581623,,,inner_f1,0.2585364800820069,0.8322690506598553,0.0505642170881523,0.1710755865230521,0.1333333333333333,0.0761904761904762,0.5333333333333333,0.1645004156647433,686,97,7,8,0.4666666666666667,0.123882503192848,798,15,798,0.2,0.375,19.950000000000003,0.3333333333333333,0.2083333333333333,11.083333333333334,0.4,0.15,7.98,0.4666666666666667,0.0875,4.655,0.6666666666666666,0.0625,3.325,with_side,existing_side_feature,0.8696741854636592
pooled,1729,0,dummy_prior,0.5,,,fixed_0.5,0.0125470514429109,0.5,0.0124459190605041,0.0690526777113424,0.0,0.0,0.0,0.0,787,0,10,0,1.0,0.0,797,10,1,0.0,0.0,0.0,0.0,0.0,0.0,0.0,0.0,0.0,0.0,0.0,0.0,0.1,0.00625,0.498125,with_side,existing_side_feature,0.9874529485570891
pooled,1729,0,dummy_prior,0.5,,,inner_f1,0.0125470514429109,0.5,0.0124459190605041,0.0690526777113424,0.0,0.0,0.0,0.0,787,0,10,0,1.0,0.0,797,10,1,0.0,0.0,0.0,0.0,0.0,0.0,0.0,0.0,0.0,0.0,0.0,0.0,0.1,0.00625,0.498125,with_side,existing_side_feature,0.9874529485570891
pooled,1729,0,logistic,0.1292160553220814,,,fixed_0.5,0.2681669877965075,0.7925031766200763,0.0104771530475948,0.0568450365945638,0.3333333333333333,1.0,0.2,0.4449577748322281,787,0,8,2,0.8,0.0,797,10,797,0.3,0.375,29.8875,0.3,0.125,9.9625,0.3,0.075,5.9775,0.3,0.0375,2.98875,0.6,0.0375,2.98875,with_side,existing_side_feature,0.9899623588456713
pooled,1729,0,logistic,0.1292160553220814,,,inner_f1,0.2681669877965075,0.7925031766200763,0.0104771530475948,0.0568450365945638,0.25,0.2142857142857142,0.3,0.2423501148954306,776,11,7,3,0.7,0.013977128335451,797,10,797,0.3,0.375,29.8875,0.3,0.125,9.9625,0.3,0.075,5.9775,0.3,0.0375,2.98875,0.6,0.0375,2.98875,with_side,existing_side_feature,0.9774153074027604
pooled,1729,0,logistic_balanced,0.9777601137874044,,,fixed_0.5,0.1971055035095895,0.8376111817026684,0.1174106579479128,0.3557878764957715,0.0769230769230769,0.0410958904109589,0.6,0.1214633737224583,647,140,4,6,0.4,0.1778907242693773,797,10,797,0.2,0.25,19.925,0.2,0.0833333333333333,6.641666666666666,0.2,0.05,3.985,0.6,0.075,5.9775,0.6,0.0375,2.98875,with_side,existing_side_feature,0.8193224592220828
pooled,1729,0,logistic_balanced,0.9777601137874044,,,inner_f1,0.1971055035095895,0.8376111817026684,0.1174106579479128,0.3557878764957715,0.1538461538461538,0.3333333333333333,0.1,0.1771483531104594,785,2,9,1,0.9,0.0025412960609911,797,10,797,0.2,0.25,19.925,0.2,0.0833333333333333,6.641666666666666,0.2,0.05,3.985,0.6,0.075,5.9775,0.6,0.0375,2.98875,with_side,existing_side_feature,0.986198243412798
pooled,1729,0,xgboost,0.0803797990083694,,,fixed_0.5,0.146982081737249,0.7844980940279542,0.0121112717657488,0.0611841006264169,0.0,0.0,0.0,0.0,787,0,10,0,1.0,0.0,797,10,797,0.1,0.125,9.9625,0.1,0.0416666666666666,3.320833333333333,0.4,0.1,7.970000000000001,0.5,0.0625,4.98125,0.5,0.03125,2.490625,with_side,existing_side_feature,0.9874529485570891
pooled,1729,0,xgboost,0.0803797990083694,,,inner_f1,0.146982081737249,0.7844980940279542,0.0121112717657488,0.0611841006264169,0.0512820512820512,0.0344827586206896,0.1,0.0382949039156282,759,28,9,1,0.9,0.0355781448538754,797,10,797,0.1,0.125,9.9625,0.1,0.0416666666666666,3.320833333333333,0.4,0.1,7.970000000000001,0.5,0.0625,4.98125,0.5,0.03125,2.490625,with_side,existing_side_feature,0.9535759096612296
pooled,1729,0,xgboost_balanced,0.3543665707111358,,,fixed_0.5,0.0639743001302693,0.7623888182973316,0.0354375544504948,0.1318951500631137,0.1363636363636363,0.088235294117647,0.3,0.1435411980467616,756,31,7,3,0.7,0.0393900889453621,797,10,797,0.0,0.0,0.0,0.2,0.0833333333333333,6.641666666666666,0.3,0.075,5.9775,0.5,0.0625,4.98125,0.5,0.03125,2.490625,with_side,existing_side_feature,0.9523212045169385
pooled,1729,0,xgboost_balanced,0.3543665707111358,,,inner_f1,0.0639743001302693,0.7623888182973316,0.0354375544504948,0.1318951500631137,0.123076923076923,0.0727272727272727,0.4,0.1471987519051718,736,51,6,4,0.6,0.0648030495552731,797,10,797,0.0,0.0,0.0,0.2,0.0833333333333333,6.641666666666666,0.3,0.075,5.9775,0.5,0.0625,4.98125,0.5,0.03125,2.490625,with_side,existing_side_feature,0.9284818067754078
pooled,1729,0,extratrees,0.1912265293443519,,,fixed_0.5,0.2498123139931395,0.8585768742058449,0.0113543121780746,0.0530594215440739,0.2857142857142857,0.5,0.2,0.3110262605949915,785,2,8,2,0.8,0.0025412960609911,797,10,369,0.2,0.25,19.925,0.3,0.125,9.9625,0.3,0.075,5.9775,0.5,0.0625,4.98125,0.5,0.03125,2.490625,with_side,existing_side_feature,0.9874529485570891
pooled,1729,0,extratrees,0.1912265293443519,,,inner_f1,0.2498123139931395,0.8585768742058449,0.0113543121780746,0.0530594215440739,0.2222222222222222,0.25,0.2,0.2148102565960827,781,6,8,2,0.8,0.0076238881829733,797,10,369,0.2,0.25,19.925,0.3,0.125,9.9625,0.3,0.075,5.9775,0.5,0.0625,4.98125,0.5,0.03125,2.490625,with_side,existing_side_feature,0.9824341279799247
pooled,1729,0,extratrees_balanced,0.2458518967623919,,,fixed_0.5,0.2319447874359987,0.8811944091486658,0.0399083925693725,0.1336470696256214,0.1395348837209302,0.0909090909090909,0.3,0.1463143682176038,757,30,7,3,0.7,0.0381194409148665,797,10,340,0.2,0.25,19.925,0.3,0.125,9.9625,0.3,0.075,5.9775,0.6,0.075,5.9775,0.6,0.0375,2.98875,with_side,existing_side_feature,0.9535759096612296
pooled,1729,0,extratrees_balanced,0.2458518967623919,,,inner_f1,0.2319447874359987,0.8811944091486658,0.0399083925693725,0.1336470696256214,0.0851063829787234,0.0458015267175572,0.6,0.1325011317879815,662,125,4,6,0.4,0.1588310038119441,797,10,340,0.2,0.25,19.925,0.3,0.125,9.9625,0.3,0.075,5.9775,0.6,0.075,5.9775,0.6,0.0375,2.98875,with_side,existing_side_feature,0.8381430363864492
pooled,1729,0,catboost,0.146323003670881,,,fixed_0.5,0.2458394137768636,0.8298602287166454,0.0100873057861278,0.0516980669453872,0.3333333333333333,1.0,0.2,0.4449577748322281,787,0,8,2,0.8,0.0,797,10,797,0.2,0.25,19.925,0.3,0.125,9.9625,0.4,0.1,7.970000000000001,0.4,0.05,3.985,0.6,0.0375,2.98875,with_side,existing_side_feature,0.9899623588456713
pooled,1729,0,catboost,0.146323003670881,,,inner_f1,0.2458394137768636,0.8298602287166454,0.0100873057861278,0.0516980669453872,0.2857142857142857,0.5,0.2,0.3110262605949915,785,2,8,2,0.8,0.0025412960609911,797,10,797,0.2,0.25,19.925,0.3,0.125,9.9625,0.4,0.1,7.970000000000001,0.4,0.05,3.985,0.6,0.0375,2.98875,with_side,existing_side_feature,0.9874529485570891
pooled,1729,0,catboost_balanced,0.4461629341150588,,,fixed_0.5,0.2467475207384354,0.8137229987293519,0.0500819231723453,0.1723217533955681,0.1290322580645161,0.0769230769230769,0.4,0.1527983452000899,739,48,6,4,0.6,0.0609911054637865,797,10,797,0.2,0.25,19.925,0.2,0.0833333333333333,6.641666666666666,0.4,0.1,7.970000000000001,0.4,0.05,3.985,0.6,0.0375,2.98875,with_side,existing_side_feature,0.9322459222082811
pooled,1729,0,catboost_balanced,0.4461629341150588,,,inner_f1,0.2467475207384354,0.8137229987293519,0.0500819231723453,0.1723217533955681,0.1111111111111111,0.064516129032258,0.4,0.1356026381848197,729,58,6,4,0.6,0.073697585768742,797,10,797,0.2,0.25,19.925,0.2,0.0833333333333333,6.641666666666666,0.4,0.1,7.970000000000001,0.4,0.05,3.985,0.6,0.0375,2.98875,with_side,existing_side_feature,0.9196988707653702
pooled,1729,0,lightgbm,0.075349006509232,,,fixed_0.5,0.103857157598301,0.7714104193138501,0.0121338698032004,0.0611263505276613,0.0,0.0,0.0,0.0,787,0,10,0,1.0,0.0,797,10,797,0.1,0.125,9.9625,0.2,0.0833333333333333,6.641666666666666,0.3,0.075,5.9775,0.4,0.05,3.985,0.5,0.03125,2.490625,with_side,existing_side_feature,0.9874529485570891
pooled,1729,0,lightgbm,0.075349006509232,,,inner_f1,0.103857157598301,0.7714104193138501,0.0121338698032004,0.0611263505276613,0.0975609756097561,0.064516129032258,0.2,0.0939252643009466,758,29,8,2,0.8,0.036848792884371,797,10,797,0.1,0.125,9.9625,0.2,0.0833333333333333,6.641666666666666,0.3,0.075,5.9775,0.4,0.05,3.985,0.5,0.03125,2.490625,with_side,existing_side_feature,0.9535759096612296
pooled,1729,0,lightgbm_balanced,0.3707043135800109,,,fixed_0.5,0.0642130766211312,0.7756035578144855,0.042145079468392,0.1508904075205377,0.1454545454545454,0.0888888888888888,0.4,0.1677764111984415,746,41,6,4,0.6,0.0520965692503176,797,10,797,0.1,0.125,9.9625,0.2,0.0833333333333333,6.641666666666666,0.3,0.075,5.9775,0.4,0.05,3.985,0.5,0.03125,2.490625,with_side,existing_side_feature,0.9410288582183187
pooled,1729,0,lightgbm_balanced,0.3707043135800109,,,inner_f1,0.0642130766211312,0.7756035578144855,0.042145079468392,0.1508904075205377,0.1081081081081081,0.0625,0.4,0.1326081093470631,727,60,6,4,0.6,0.0762388818297331,797,10,797,0.1,0.125,9.9625,0.2,0.0833333333333333,6.641666666666666,0.3,0.075,5.9775,0.4,0.05,3.985,0.5,0.03125,2.490625,with_side,existing_side_feature,0.917189460476788
pooled,1729,1,dummy_prior,0.5,,,fixed_0.5,0.0200501253132832,0.5,0.0196621741754273,0.0986427254375223,0.0,0.0,0.0,0.0,782,0,16,0,1.0,0.0,798,16,1,0.0,0.0,0.0,0.0,0.0,0.0,0.0625,0.025,1.2468750000000002,0.125,0.025,1.2468750000000002,0.3125,0.03125,1.55859375,with_side,existing_side_feature,0.9799498746867168
pooled,1729,1,dummy_prior,0.5,,,inner_f1,0.0200501253132832,0.5,0.0196621741754273,0.0986427254375223,0.0,0.0,0.0,0.0,782,0,16,0,1.0,0.0,798,16,1,0.0,0.0,0.0,0.0,0.0,0.0,0.0625,0.025,1.2468750000000002,0.125,0.025,1.2468750000000002,0.3125,0.03125,1.55859375,with_side,existing_side_feature,0.9799498746867168
pooled,1729,1,logistic,0.5934794899916624,,,fixed_0.5,0.2441952416010857,0.8449488491048593,0.0171212556364975,0.0787849790143181,0.2105263157894736,0.6666666666666666,0.125,0.2833762160356769,781,1,14,2,0.875,0.0012787723785166,798,16,798,0.1875,0.375,18.703125,0.3125,0.2083333333333333,10.390625000000002,0.3125,0.125,6.234375,0.4375,0.0875,4.3640625,0.6875,0.06875,3.4289062500000003,with_side,existing_side_feature,0.981203007518797
pooled,1729,1,logistic,0.5934794899916624,,,inner_f1,0.2441952416010857,0.8449488491048593,0.0171212556364975,0.0787849790143181,0.2222222222222222,1.0,0.125,0.3504304603451139,782,0,14,2,0.875,0.0,798,16,798,0.1875,0.375,18.703125,0.3125,0.2083333333333333,10.390625000000002,0.3125,0.125,6.234375,0.4375,0.0875,4.3640625,0.6875,0.06875,3.4289062500000003,with_side,existing_side_feature,0.9824561403508771
pooled,1729,1,logistic_balanced,0.9918232063784774,,,fixed_0.5,0.1811882931129646,0.8385549872122762,0.1207955297200263,0.3672464866833574,0.1153846153846153,0.0642857142857142,0.5625,0.1455668246571599,651,131,7,9,0.4375,0.1675191815856777,798,16,798,0.1875,0.375,18.703125,0.1875,0.125,6.234375,0.3125,0.125,6.234375,0.375,0.075,3.740625,0.6875,0.06875,3.4289062500000003,with_side,existing_side_feature,0.8270676691729323
pooled,1729,1,logistic_balanced,0.9918232063784774,,,inner_f1,0.1811882931129646,0.8385549872122762,0.1207955297200263,0.3672464866833574,0.1111111111111111,0.5,0.0625,0.1716302638263153,781,1,15,1,0.9375,0.0012787723785166,798,16,798,0.1875,0.375,18.703125,0.1875,0.125,6.234375,0.3125,0.125,6.234375,0.375,0.075,3.740625,0.6875,0.06875,3.4289062500000003,with_side,existing_side_feature,0.9799498746867168
pooled,1729,1,xgboost,0.0438805818557739,,,fixed_0.5,0.1350303338536315,0.8276054987212276,0.0188313871105799,0.0839991172487905,0.0,0.0,0.0,0.0,782,0,16,0,1.0,0.0,798,16,798,0.125,0.25,12.46875,0.25,0.1666666666666666,8.3125,0.25,0.1,4.987500000000001,0.4375,0.0875,4.3640625,0.5,0.05,2.4937500000000004,with_side,existing_side_feature,0.9799498746867168
pooled,1729,1,xgboost,0.0438805818557739,,,inner_f1,0.1350303338536315,0.8276054987212276,0.0188313871105799,0.0839991172487905,0.1515151515151515,0.1,0.3125,0.1474658688929089,737,45,11,5,0.6875,0.057544757033248,798,16,798,0.125,0.25,12.46875,0.25,0.1666666666666666,8.3125,0.25,0.1,4.987500000000001,0.4375,0.0875,4.3640625,0.5,0.05,2.4937500000000004,with_side,existing_side_feature,0.9298245614035088
pooled,1729,1,xgboost_balanced,0.7964914441108704,,,fixed_0.5,0.1339889647088482,0.8667679028132992,0.0425931688908807,0.1460778061931552,0.1818181818181818,0.1282051282051282,0.3125,0.1749031182417423,748,34,11,5,0.6875,0.0434782608695652,798,16,798,0.125,0.25,12.46875,0.25,0.1666666666666666,8.3125,0.3125,0.125,6.234375,0.5,0.1,4.987500000000001,0.75,0.075,3.740625,with_side,existing_side_feature,0.943609022556391
pooled,1729,1,xgboost_balanced,0.7964914441108704,,,inner_f1,0.1339889647088482,0.8667679028132992,0.0425931688908807,0.1460778061931552,0.1052631578947368,0.3333333333333333,0.0625,0.137294678311859,780,2,15,1,0.9375,0.0025575447570332,798,16,798,0.125,0.25,12.46875,0.25,0.1666666666666666,8.3125,0.3125,0.125,6.234375,0.5,0.1,4.987500000000001,0.75,0.075,3.740625,with_side,existing_side_feature,0.9786967418546366
pooled,1729,1,extratrees,0.4060000000000002,,,fixed_0.5,0.2065372780009066,0.8415521099744244,0.0174861176519405,0.1132331166912083,0.2222222222222222,1.0,0.125,0.3504304603451139,782,0,14,2,0.875,0.0,798,16,311,0.125,0.25,12.46875,0.1875,0.125,6.234375,0.3125,0.125,6.234375,0.375,0.075,3.740625,0.75,0.075,3.740625,with_side,existing_side_feature,0.9824561403508771
pooled,1729,1,extratrees,0.4060000000000002,,,inner_f1,0.2065372780009066,0.8415521099744244,0.0174861176519405,0.1132331166912083,0.2222222222222222,1.0,0.125,0.3504304603451139,782,0,14,2,0.875,0.0,798,16,311,0.125,0.25,12.46875,0.1875,0.125,6.234375,0.3125,0.125,6.234375,0.375,0.075,3.740625,0.75,0.075,3.740625,with_side,existing_side_feature,0.9824561403508771
pooled,1729,1,extratrees_balanced,0.7962690408856263,,,fixed_0.5,0.1544935722838999,0.8487052429667519,0.0558237481155191,0.2090743872190862,0.1772151898734177,0.1111111111111111,0.4375,0.1901947287159237,726,56,9,7,0.5625,0.0716112531969309,798,16,310,0.0625,0.125,6.234375,0.25,0.1666666666666666,8.3125,0.3125,0.125,6.234375,0.4375,0.0875,4.3640625,0.625,0.0625,3.1171875,with_side,existing_side_feature,0.918546365914787
pooled,1729,1,extratrees_balanced,0.7962690408856263,,,inner_f1,0.1544935722838999,0.8487052429667519,0.0558237481155191,0.2090743872190862,0.1,0.25,0.0625,0.1164373855022637,779,3,15,1,0.9375,0.0038363171355498,798,16,310,0.0625,0.125,6.234375,0.25,0.1666666666666666,8.3125,0.3125,0.125,6.234375,0.4375,0.0875,4.3640625,0.625,0.0625,3.1171875,with_side,existing_side_feature,0.9774436090225563
pooled,1729,1,catboost,0.191083275223561,,,fixed_0.5,0.2320488603700494,0.851502557544757,0.017295650454125,0.0781457458919546,0.1176470588235294,1.0,0.0625,0.2476362532571253,782,0,15,1,0.9375,0.0,798,16,798,0.125,0.25,12.46875,0.3125,0.2083333333333333,10.390625000000002,0.3125,0.125,6.234375,0.4375,0.0875,4.3640625,0.625,0.0625,3.1171875,with_side,existing_side_feature,0.981203007518797
pooled,1729,1,catboost,0.191083275223561,,,inner_f1,0.2320488603700494,0.851502557544757,0.017295650454125,0.0781457458919546,0.2222222222222222,1.0,0.125,0.3504304603451139,782,0,14,2,0.875,0.0,798,16,798,0.125,0.25,12.46875,0.3125,0.2083333333333333,10.390625000000002,0.3125,0.125,6.234375,0.4375,0.0875,4.3640625,0.625,0.0625,3.1171875,with_side,existing_side_feature,0.9824561403508771
pooled,1729,1,catboost_balanced,0.7174234957521836,,,fixed_0.5,0.146326847803559,0.8565377237851663,0.0592537242756044,0.1947907674620124,0.1538461538461538,0.0933333333333333,0.4375,0.1683858056421751,714,68,9,7,0.5625,0.0869565217391304,798,16,798,0.0625,0.125,6.234375,0.25,0.1666666666666666,8.3125,0.4375,0.175,8.728125,0.4375,0.0875,4.3640625,0.625,0.0625,3.1171875,with_side,existing_side_feature,0.9035087719298246
pooled,1729,1,catboost_balanced,0.7174234957521836,,,inner_f1,0.146326847803559,0.8565377237851663,0.0592537242756044,0.1947907674620124,0.0833333333333333,0.125,0.0625,0.0753447325659613,775,7,15,1,0.9375,0.0089514066496163,798,16,798,0.0625,0.125,6.234375,0.25,0.1666666666666666,8.3125,0.4375,0.175,8.728125,0.4375,0.0875,4.3640625,0.625,0.0625,3.1171875,with_side,existing_side_feature,0.9724310776942355
pooled,1729,1,lightgbm,0.076787374110443,,,fixed_0.5,0.1470659607419834,0.8571771099744245,0.0186713502421076,0.0814486300407643,0.0,0.0,0.0,0.0,782,0,16,0,1.0,0.0,798,16,798,0.125,0.25,12.46875,0.25,0.1666666666666666,8.3125,0.3125,0.125,6.234375,0.4375,0.0875,4.3640625,0.75,0.075,3.740625,with_side,existing_side_feature,0.9799498746867168
pooled,1729,1,lightgbm,0.076787374110443,,,inner_f1,0.1470659607419834,0.8571771099744245,0.0186713502421076,0.0814486300407643,0.2352941176470588,0.2222222222222222,0.25,0.2191036892681817,768,14,12,4,0.75,0.0179028132992327,798,16,798,0.125,0.25,12.46875,0.25,0.1666666666666666,8.3125,0.3125,0.125,6.234375,0.4375,0.0875,4.3640625,0.75,0.075,3.740625,with_side,existing_side_feature,0.9674185463659147
pooled,1729,1,lightgbm_balanced,0.30454959086777,,,fixed_0.5,0.1945710054910238,0.8718829923273657,0.0465322586334195,0.158746179625844,0.1875,0.125,0.375,0.1894137205821084,740,42,10,6,0.625,0.0537084398976982,798,16,798,0.1875,0.375,18.703125,0.25,0.1666666666666666,8.3125,0.375,0.15,7.48125,0.5625,0.1125,5.6109375,0.6875,0.06875,3.4289062500000003,with_side,existing_side_feature,0.9348370927318296
pooled,1729,1,lightgbm_balanced,0.30454959086777,,,inner_f1,0.1945710054910238,0.8718829923273657,0.0465322586334195,0.158746179625844,0.140625,0.0803571428571428,0.5625,0.1738418472395597,679,103,7,9,0.4375,0.1317135549872122,798,16,798,0.1875,0.375,18.703125,0.25,0.1666666666666666,8.3125,0.375,0.15,7.48125,0.5625,0.1125,5.6109375,0.6875,0.06875,3.4289062500000003,with_side,existing_side_feature,0.8621553884711779
pooled,1729,2,dummy_prior,0.5,,,fixed_0.5,0.0200501253132832,0.5,0.0196621741754273,0.0986427254375223,0.0,0.0,0.0,0.0,782,0,16,0,1.0,0.0,798,16,1,0.0,0.0,0.0,0.0,0.0,0.0,0.0,0.0,0.0,0.0,0.0,0.0,0.0,0.0,0.0,with_side,existing_side_feature,0.9799498746867168
pooled,1729,2,dummy_prior,0.5,,,inner_f1,0.0200501253132832,0.5,0.0196621741754273,0.0986427254375223,0.0,0.0,0.0,0.0,782,0,16,0,1.0,0.0,798,16,1,0.0,0.0,0.0,0.0,0.0,0.0,0.0,0.0,0.0,0.0,0.0,0.0,0.0,0.0,0.0,with_side,existing_side_feature,0.9799498746867168
pooled,1729,2,logistic,0.3774296120774512,,,fixed_0.5,0.2456103216155304,0.8817135549872123,0.0169897555552515,0.0729010276558793,0.2222222222222222,1.0,0.125,0.3504304603451139,782,0,14,2,0.875,0.0,798,16,798,0.1875,0.375,18.703125,0.1875,0.125,6.234375,0.3125,0.125,6.234375,0.625,0.125,6.234375,0.875,0.0875,4.3640625,with_side,existing_side_feature,0.9824561403508771
pooled,1729,2,logistic,0.3774296120774512,,,inner_f1,0.2456103216155304,0.8817135549872123,0.0169897555552515,0.0729010276558793,0.2105263157894736,0.6666666666666666,0.125,0.2833762160356769,781,1,14,2,0.875,0.0012787723785166,798,16,798,0.1875,0.375,18.703125,0.1875,0.125,6.234375,0.3125,0.125,6.234375,0.625,0.125,6.234375,0.875,0.0875,4.3640625,with_side,existing_side_feature,0.981203007518797
pooled,1729,2,logistic_balanced,0.9849917389089172,,,fixed_0.5,0.2380546628895475,0.8932225063938619,0.1445351302152774,0.4301146862358846,0.1435406698564593,0.077720207253886,0.9375,0.2323758862641773,604,178,1,15,0.0625,0.227621483375959,798,16,798,0.125,0.25,12.46875,0.25,0.1666666666666666,8.3125,0.375,0.15,7.48125,0.625,0.125,6.234375,0.75,0.075,3.740625,with_side,existing_side_feature,0.7756892230576441
pooled,1729,2,logistic_balanced,0.9849917389089172,,,inner_f1,0.2380546628895475,0.8932225063938619,0.1445351302152774,0.4301146862358846,0.1111111111111111,0.5,0.0625,0.1716302638263153,781,1,15,1,0.9375,0.0012787723785166,798,16,798,0.125,0.25,12.46875,0.25,0.1666666666666666,8.3125,0.375,0.15,7.48125,0.625,0.125,6.234375,0.75,0.075,3.740625,with_side,existing_side_feature,0.9799498746867168
pooled,1729,2,xgboost,0.0736665874719619,,,fixed_0.5,0.1616571545220036,0.8614130434782609,0.0185518592316885,0.0804026549672659,0.0,0.0,0.0,0.0,782,0,16,0,1.0,0.0,798,16,796,0.1875,0.375,18.703125,0.3125,0.2083333333333333,10.390625000000002,0.375,0.15,7.48125,0.5625,0.1125,5.6109375,0.625,0.0625,3.1171875,with_side,existing_side_feature,0.9799498746867168
pooled,1729,2,xgboost,0.0736665874719619,,,inner_f1,0.1616571545220036,0.8614130434782609,0.0185518592316885,0.0804026549672659,0.2325581395348837,0.1851851851851851,0.3125,0.2204618790980185,760,22,11,5,0.6875,0.0281329923273657,798,16,796,0.1875,0.375,18.703125,0.3125,0.2083333333333333,10.390625000000002,0.375,0.15,7.48125,0.5625,0.1125,5.6109375,0.625,0.0625,3.1171875,with_side,existing_side_feature,0.9586466165413534
pooled,1729,2,xgboost_balanced,0.8631410598754883,,,fixed_0.5,0.0966200284699241,0.8463874680306905,0.0445676554053812,0.1548058466292186,0.1785714285714285,0.125,0.3125,0.17199540348476,747,35,11,5,0.6875,0.0447570332480818,798,16,798,0.0625,0.125,6.234375,0.1875,0.125,6.234375,0.3125,0.125,6.234375,0.375,0.075,3.740625,0.75,0.075,3.740625,with_side,existing_side_feature,0.9423558897243107
pooled,1729,2,xgboost_balanced,0.8631410598754883,,,inner_f1,0.0966200284699241,0.8463874680306905,0.0445676554053812,0.1548058466292186,0.0,0.0,0.0,-0.0087868594119589,779,3,16,0,1.0,0.0038363171355498,798,16,798,0.0625,0.125,6.234375,0.1875,0.125,6.234375,0.3125,0.125,6.234375,0.375,0.075,3.740625,0.75,0.075,3.740625,with_side,existing_side_feature,0.9761904761904762
pooled,1729,2,extratrees,0.3105555555555558,,,fixed_0.5,0.25479279826501,0.9056106138107416,0.0166325381709077,0.0676436551422518,0.2222222222222222,1.0,0.125,0.3504304603451139,782,0,14,2,0.875,0.0,798,16,375,0.125,0.25,12.46875,0.25,0.1666666666666666,8.3125,0.4375,0.175,8.728125,0.5625,0.1125,5.6109375,0.8125,0.08125,4.05234375,with_side,existing_side_feature,0.9824561403508771
pooled,1729,2,extratrees,0.3105555555555558,,,inner_f1,0.25479279826501,0.9056106138107416,0.0166325381709077,0.0676436551422518,0.2222222222222222,1.0,0.125,0.3504304603451139,782,0,14,2,0.875,0.0,798,16,375,0.125,0.25,12.46875,0.25,0.1666666666666666,8.3125,0.4375,0.175,8.728125,0.5625,0.1125,5.6109375,0.8125,0.08125,4.05234375,with_side,existing_side_feature,0.9824561403508771
pooled,1729,2,extratrees_balanced,0.6955322596981681,,,fixed_0.5,0.1814105717183917,0.8825927109974424,0.0461043788293109,0.1478916624692803,0.0769230769230769,0.0555555555555555,0.125,0.0550564326175104,748,34,14,2,0.875,0.0434782608695652,798,16,338,0.125,0.25,12.46875,0.125,0.0833333333333333,4.15625,0.125,0.05,2.4937500000000004,0.5,0.1,4.987500000000001,0.75,0.075,3.740625,with_side,existing_side_feature,0.9398496240601504
pooled,1729,2,extratrees_balanced,0.6955322596981681,,,inner_f1,0.1814105717183917,0.8825927109974424,0.0461043788293109,0.1478916624692803,0.1481481481481481,0.1818181818181818,0.125,0.1364398608348955,773,9,14,2,0.875,0.0115089514066496,798,16,338,0.125,0.25,12.46875,0.125,0.0833333333333333,4.15625,0.125,0.05,2.4937500000000004,0.5,0.1,4.987500000000001,0.75,0.075,3.740625,with_side,existing_side_feature,0.9711779448621554
pooled,1729,2,catboost,0.2225482217786782,,,fixed_0.5,0.244687213032792,0.8678868286445013,0.0169683310240646,0.0758841960639946,0.2222222222222222,1.0,0.125,0.3504304603451139,782,0,14,2,0.875,0.0,798,16,798,0.1875,0.375,18.703125,0.3125,0.2083333333333333,10.390625000000002,0.375,0.15,7.48125,0.4375,0.0875,4.3640625,0.625,0.0625,3.1171875,with_side,existing_side_feature,0.9824561403508771
pooled,1729,2,catboost,0.2225482217786782,,,inner_f1,0.244687213032792,0.8678868286445013,0.0169683310240646,0.0758841960639946,0.2222222222222222,1.0,0.125,0.3504304603451139,782,0,14,2,0.875,0.0,798,16,798,0.1875,0.375,18.703125,0.3125,0.2083333333333333,10.390625000000002,0.375,0.15,7.48125,0.4375,0.0875,4.3640625,0.625,0.0625,3.1171875,with_side,existing_side_feature,0.9824561403508771
pooled,1729,2,catboost_balanced,0.7154720686085168,,,fixed_0.5,0.1914980429996177,0.8335997442455243,0.0539135512581392,0.1849823749795631,0.1492537313432835,0.0980392156862745,0.3125,0.1453778245050182,736,46,11,5,0.6875,0.0588235294117647,798,16,798,0.125,0.25,12.46875,0.125,0.0833333333333333,4.15625,0.25,0.1,4.987500000000001,0.4375,0.0875,4.3640625,0.5,0.05,2.4937500000000004,with_side,existing_side_feature,0.9285714285714286
pooled,1729,2,catboost_balanced,0.7154720686085168,,,inner_f1,0.1914980429996177,0.8335997442455243,0.0539135512581392,0.1849823749795631,0.1333333333333333,0.1428571428571428,0.125,0.1170762206095886,770,12,14,2,0.875,0.0153452685421994,798,16,798,0.125,0.25,12.46875,0.125,0.0833333333333333,4.15625,0.25,0.1,4.987500000000001,0.4375,0.0875,4.3640625,0.5,0.05,2.4937500000000004,with_side,existing_side_feature,0.9674185463659147
pooled,1729,2,lightgbm,0.2681874139989899,,,fixed_0.5,0.1191232110226526,0.8774776214833759,0.0189148224147325,0.0804844490817041,0.0,0.0,0.0,0.0,782,0,16,0,1.0,0.0,798,16,798,0.0625,0.125,6.234375,0.125,0.0833333333333333,4.15625,0.3125,0.125,6.234375,0.5,0.1,4.987500000000001,0.8125,0.08125,4.05234375,with_side,existing_side_feature,0.9799498746867168
pooled,1729,2,lightgbm,0.2681874139989899,,,inner_f1,0.1191232110226526,0.8774776214833759,0.0189148224147325,0.0804844490817041,0.0,0.0,0.0,-0.0050667264093529,781,1,16,0,1.0,0.0012787723785166,798,16,798,0.0625,0.125,6.234375,0.125,0.0833333333333333,4.15625,0.3125,0.125,6.234375,0.5,0.1,4.987500000000001,0.8125,0.08125,4.05234375,with_side,existing_side_feature,0.9786967418546366
pooled,1729,2,lightgbm_balanced,0.8221061417370703,,,fixed_0.5,0.1147245190823739,0.8599744245524297,0.0482533856385937,0.1656776358022615,0.1785714285714285,0.125,0.3125,0.17199540348476,747,35,11,5,0.6875,0.0447570332480818,798,16,798,0.125,0.25,12.46875,0.1875,0.125,6.234375,0.3125,0.125,6.234375,0.3125,0.0625,3.1171875,0.6875,0.06875,3.4289062500000003,with_side,existing_side_feature,0.9423558897243107
pooled,1729,2,lightgbm_balanced,0.8221061417370703,,,inner_f1,0.1147245190823739,0.8599744245524297,0.0482533856385937,0.1656776358022615,0.0909090909090909,0.1666666666666666,0.0625,0.0910406874197927,777,5,15,1,0.9375,0.0063938618925831,798,16,798,0.125,0.25,12.46875,0.1875,0.125,6.234375,0.3125,0.125,6.234375,0.3125,0.0625,3.1171875,0.6875,0.06875,3.4289062500000003,with_side,existing_side_feature,0.974937343358396
pooled,2026,0,dummy_prior,0.5,,,fixed_0.5,0.0213299874529485,0.5,0.0209071206843881,0.1041069111814681,0.0,0.0,0.0,0.0,780,0,17,0,1.0,0.0,797,17,1,0.0,0.0,0.0,0.0,0.0,0.0,0.0,0.0,0.0,0.0,0.0,0.0,0.1176470588235294,0.0125,0.5860294117647059,with_side,existing_side_feature,0.9786700125470514
pooled,2026,0,dummy_prior,0.5,,,inner_f1,0.0213299874529485,0.5,0.0209071206843881,0.1041069111814681,0.0,0.0,0.0,0.0,780,0,17,0,1.0,0.0,797,17,1,0.0,0.0,0.0,0.0,0.0,0.0,0.0,0.0,0.0,0.0,0.0,0.0,0.1176470588235294,0.0125,0.5860294117647059,with_side,existing_side_feature,0.9786700125470514
pooled,2026,0,logistic,0.2059635090972129,,,fixed_0.5,0.141979222632701,0.7440422322775264,0.0206936358529798,0.1092423757463898,0.2,0.6666666666666666,0.1176470588235294,0.2745511615666388,779,1,15,2,0.8823529411764706,0.0012820512820512,797,17,797,0.1176470588235294,0.25,11.720588235294116,0.1176470588235294,0.0833333333333333,3.906862745098039,0.1764705882352941,0.075,3.516176470588235,0.2941176470588235,0.0625,2.930147058823529,0.4705882352941176,0.05,2.344117647058824,with_side,existing_side_feature,0.9799247176913425
pooled,2026,0,logistic,0.2059635090972129,,,inner_f1,0.141979222632701,0.7440422322775264,0.0206936358529798,0.1092423757463898,0.16,0.25,0.1176470588235294,0.159368419941365,774,6,15,2,0.8823529411764706,0.0076923076923076,797,17,797,0.1176470588235294,0.25,11.720588235294116,0.1176470588235294,0.0833333333333333,3.906862745098039,0.1764705882352941,0.075,3.516176470588235,0.2941176470588235,0.0625,2.930147058823529,0.4705882352941176,0.05,2.344117647058824,with_side,existing_side_feature,0.973651191969887
pooled,2026,0,logistic_balanced,0.9027105936292196,,,fixed_0.5,0.1190711293760237,0.7879336349924585,0.1083318789064237,0.3711707777282916,0.0930232558139534,0.0535714285714285,0.3529411764705882,0.0902328615792445,674,106,11,6,0.6470588235294118,0.1358974358974359,797,17,797,0.0588235294117647,0.125,5.860294117647058,0.1176470588235294,0.0833333333333333,3.906862745098039,0.1764705882352941,0.075,3.516176470588235,0.2941176470588235,0.0625,2.930147058823529,0.5294117647058824,0.05625,2.6371323529411765,with_side,existing_side_feature,0.8531994981179423
pooled,2026,0,logistic_balanced,0.9027105936292196,,,inner_f1,0.1190711293760237,0.7879336349924585,0.1083318789064237,0.3711707777282916,0.1071428571428571,0.0769230769230769,0.1764705882352941,0.0872780570872525,744,36,14,3,0.8235294117647058,0.0461538461538461,797,17,797,0.0588235294117647,0.125,5.860294117647058,0.1176470588235294,0.0833333333333333,3.906862745098039,0.1764705882352941,0.075,3.516176470588235,0.2941176470588235,0.0625,2.930147058823529,0.5294117647058824,0.05625,2.6371323529411765,with_side,existing_side_feature,0.9372647427854455
pooled,2026,0,xgboost,0.0639281123876571,,,fixed_0.5,0.051575909776392,0.6796380090497737,0.0212544078067667,0.1041034308660267,0.0,0.0,0.0,0.0,780,0,17,0,1.0,0.0,797,17,795,0.0588235294117647,0.125,5.860294117647058,0.0588235294117647,0.0416666666666666,1.9534313725490196,0.1764705882352941,0.075,3.516176470588235,0.2352941176470588,0.05,2.344117647058824,0.5294117647058824,0.05625,2.6371323529411765,with_side,existing_side_feature,0.9786700125470514
pooled,2026,0,xgboost,0.0639281123876571,,,inner_f1,0.051575909776392,0.6796380090497737,0.0212544078067667,0.1041034308660267,0.1052631578947368,0.075,0.1764705882352941,0.0853886823834781,743,37,14,3,0.8235294117647058,0.0474358974358974,797,17,795,0.0588235294117647,0.125,5.860294117647058,0.0588235294117647,0.0416666666666666,1.9534313725490196,0.1764705882352941,0.075,3.516176470588235,0.2352941176470588,0.05,2.344117647058824,0.5294117647058824,0.05625,2.6371323529411765,with_side,existing_side_feature,0.9360100376411543
pooled,2026,0,xgboost_balanced,0.4436807930469513,,,fixed_0.5,0.1201024265328716,0.673001508295626,0.037624451998924,0.1495726371211227,0.1739130434782608,0.1379310344827586,0.2352941176470588,0.1568221481484744,755,25,13,4,0.7647058823529411,0.032051282051282,797,17,797,0.1176470588235294,0.25,11.720588235294116,0.1764705882352941,0.125,5.860294117647058,0.2941176470588235,0.125,5.860294117647058,0.2941176470588235,0.0625,2.930147058823529,0.4117647058823529,0.04375,2.0511029411764703,with_side,existing_side_feature,0.9523212045169385
pooled,2026,0,xgboost_balanced,0.4436807930469513,,,inner_f1,0.1201024265328716,0.673001508295626,0.037624451998924,0.1495726371211227,0.1886792452830188,0.1388888888888889,0.2941176470588235,0.1769705499053752,749,31,12,5,0.7058823529411765,0.0397435897435897,797,17,797,0.1176470588235294,0.25,11.720588235294116,0.1764705882352941,0.125,5.860294117647058,0.2941176470588235,0.125,5.860294117647058,0.2941176470588235,0.0625,2.930147058823529,0.4117647058823529,0.04375,2.0511029411764703,with_side,existing_side_feature,0.946047678795483
pooled,2026,0,extratrees,0.145532872925231,,,fixed_0.5,0.1693987323076183,0.7863876319758673,0.0202503070591736,0.1404347622342709,0.1904761904761904,0.5,0.1176470588235294,0.2352968874359333,778,2,15,2,0.8823529411764706,0.0025641025641025,797,17,336,0.1176470588235294,0.25,11.720588235294116,0.1176470588235294,0.0833333333333333,3.906862745098039,0.1764705882352941,0.075,3.516176470588235,0.2352941176470588,0.05,2.344117647058824,0.4117647058823529,0.04375,2.0511029411764703,with_side,existing_side_feature,0.9786700125470514
pooled,2026,0,extratrees,0.145532872925231,,,inner_f1,0.1693987323076183,0.7863876319758673,0.0202503070591736,0.1404347622342709,0.1176470588235294,0.1176470588235294,0.1176470588235294,0.0984162895927601,765,15,15,2,0.8823529411764706,0.0192307692307692,797,17,336,0.1176470588235294,0.25,11.720588235294116,0.1176470588235294,0.0833333333333333,3.906862745098039,0.1764705882352941,0.075,3.516176470588235,0.2352941176470588,0.05,2.344117647058824,0.4117647058823529,0.04375,2.0511029411764703,with_side,existing_side_feature,0.9623588456712673
pooled,2026,0,extratrees_balanced,0.5864675485379106,,,fixed_0.5,0.068340511601082,0.729524886877828,0.0464840803908607,0.2825249777096806,0.1034482758620689,0.073170731707317,0.1764705882352941,0.0835581503525161,742,38,14,3,0.8235294117647058,0.0487179487179487,797,17,267,0.0588235294117647,0.125,5.860294117647058,0.1176470588235294,0.0833333333333333,3.906862745098039,0.1764705882352941,0.075,3.516176470588235,0.3529411764705882,0.075,3.516176470588235,0.5882352941176471,0.0625,2.930147058823529,with_side,existing_side_feature,0.9347553324968633
pooled,2026,0,extratrees_balanced,0.5864675485379106,,,inner_f1,0.068340511601082,0.729524886877828,0.0464840803908607,0.2825249777096806,0.0952380952380952,0.08,0.1176470588235294,0.0730742042278485,757,23,15,2,0.8823529411764706,0.0294871794871794,797,17,267,0.0588235294117647,0.125,5.860294117647058,0.1176470588235294,0.0833333333333333,3.906862745098039,0.1764705882352941,0.075,3.516176470588235,0.3529411764705882,0.075,3.516176470588235,0.5882352941176471,0.0625,2.930147058823529,with_side,existing_side_feature,0.9523212045169385
pooled,2026,0,catboost,0.1465346726136507,,,fixed_0.5,0.1787460919021529,0.7357466063348417,0.0188367024817726,0.0970555522254546,0.2105263157894736,1.0,0.1176470588235294,0.3397459388965089,780,0,15,2,0.8823529411764706,0.0,797,17,797,0.1764705882352941,0.375,17.580882352941174,0.1764705882352941,0.125,5.860294117647058,0.2352941176470588,0.1,4.688235294117647,0.2941176470588235,0.0625,2.930147058823529,0.3529411764705882,0.0375,1.7580882352941174,with_side,existing_side_feature,0.9811794228356336
pooled,2026,0,catboost,0.1465346726136507,,,inner_f1,0.1787460919021529,0.7357466063348417,0.0188367024817726,0.0970555522254546,0.2307692307692307,0.3333333333333333,0.1764705882352941,0.2307830755379745,774,6,14,3,0.8235294117647058,0.0076923076923076,797,17,797,0.1764705882352941,0.375,17.580882352941174,0.1764705882352941,0.125,5.860294117647058,0.2352941176470588,0.1,4.688235294117647,0.2941176470588235,0.0625,2.930147058823529,0.3529411764705882,0.0375,1.7580882352941174,with_side,existing_side_feature,0.9749058971141782
pooled,2026,0,catboost_balanced,0.5460493500676477,,,fixed_0.5,0.1102545002238633,0.6923076923076923,0.053174356021614,0.1876729879175454,0.123076923076923,0.0833333333333333,0.2352941176470588,0.1086379082880527,736,44,13,4,0.7647058823529411,0.0564102564102564,797,17,797,0.0588235294117647,0.125,5.860294117647058,0.1764705882352941,0.125,5.860294117647058,0.1764705882352941,0.075,3.516176470588235,0.2941176470588235,0.0625,2.930147058823529,0.4117647058823529,0.04375,2.0511029411764703,with_side,existing_side_feature,0.9284818067754078
pooled,2026,0,catboost_balanced,0.5460493500676477,,,inner_f1,0.1102545002238633,0.6923076923076923,0.053174356021614,0.1876729879175454,0.1034482758620689,0.073170731707317,0.1764705882352941,0.0835581503525161,742,38,14,3,0.8235294117647058,0.0487179487179487,797,17,797,0.0588235294117647,0.125,5.860294117647058,0.1764705882352941,0.125,5.860294117647058,0.1764705882352941,0.075,3.516176470588235,0.2941176470588235,0.0625,2.930147058823529,0.4117647058823529,0.04375,2.0511029411764703,with_side,existing_side_feature,0.9347553324968633
pooled,2026,0,lightgbm,0.080834719251343,,,fixed_0.5,0.0916062233390308,0.6918552036199095,0.0207621277659853,0.1085509363321271,0.0,0.0,0.0,0.0,780,0,17,0,1.0,0.0,797,17,797,0.1176470588235294,0.25,11.720588235294116,0.1764705882352941,0.125,5.860294117647058,0.2352941176470588,0.1,4.688235294117647,0.3529411764705882,0.075,3.516176470588235,0.3529411764705882,0.0375,1.7580882352941174,with_side,existing_side_feature,0.9786700125470514
pooled,2026,0,lightgbm,0.080834719251343,,,inner_f1,0.0916062233390308,0.6918552036199095,0.0207621277659853,0.1085509363321271,0.1363636363636363,0.1111111111111111,0.1764705882352941,0.1163611796440695,756,24,14,3,0.8235294117647058,0.0307692307692307,797,17,797,0.1176470588235294,0.25,11.720588235294116,0.1764705882352941,0.125,5.860294117647058,0.2352941176470588,0.1,4.688235294117647,0.3529411764705882,0.075,3.516176470588235,0.3529411764705882,0.0375,1.7580882352941174,with_side,existing_side_feature,0.9523212045169385
pooled,2026,0,lightgbm_balanced,0.5290624763314308,,,fixed_0.5,0.114496544939509,0.6942684766214178,0.0438754004221447,0.1625894244815208,0.1454545454545454,0.1052631578947368,0.2352941176470588,0.1299843593208158,746,34,13,4,0.7647058823529411,0.0435897435897435,797,17,797,0.1176470588235294,0.25,11.720588235294116,0.1764705882352941,0.125,5.860294117647058,0.2941176470588235,0.125,5.860294117647058,0.2941176470588235,0.0625,2.930147058823529,0.4117647058823529,0.04375,2.0511029411764703,with_side,existing_side_feature,0.9410288582183187
pooled,2026,0,lightgbm_balanced,0.5290624763314308,,,inner_f1,0.114496544939509,0.6942684766214178,0.0438754004221447,0.1625894244815208,0.1132075471698113,0.0833333333333333,0.1764705882352941,0.0933384548715275,747,33,14,3,0.8235294117647058,0.0423076923076923,797,17,797,0.1176470588235294,0.25,11.720588235294116,0.1764705882352941,0.125,5.860294117647058,0.2941176470588235,0.125,5.860294117647058,0.2941176470588235,0.0625,2.930147058823529,0.4117647058823529,0.04375,2.0511029411764703,with_side,existing_side_feature,0.9410288582183187
pooled,2026,1,dummy_prior,0.5,,,fixed_0.5,0.0087719298245614,0.5,0.0088684752732451,0.0554957486486444,0.0,0.0,0.0,0.0,791,0,7,0,1.0,0.0,798,7,1,0.0,0.0,0.0,0.0,0.0,0.0,0.1428571428571428,0.025,2.8500000000000005,0.1428571428571428,0.0125,1.4250000000000005,0.4285714285714285,0.01875,2.1375,with_side,existing_side_feature,0.9912280701754386
pooled,2026,1,dummy_prior,0.5,,,inner_f1,0.0087719298245614,0.5,0.0088684752732451,0.0554957486486444,0.0,0.0,0.0,0.0,791,0,7,0,1.0,0.0,798,7,1,0.0,0.0,0.0,0.0,0.0,0.0,0.1428571428571428,0.025,2.8500000000000005,0.1428571428571428,0.0125,1.4250000000000005,0.4285714285714285,0.01875,2.1375,with_side,existing_side_feature,0.9912280701754386
pooled,2026,1,logistic,0.7417544912453244,,,fixed_0.5,0.0731136543712781,0.7567274697489614,0.0092652346989623,0.0508275858922648,0.0,0.0,0.0,0.0,791,0,7,0,1.0,0.0,798,7,798,0.1428571428571428,0.125,14.25,0.2857142857142857,0.0833333333333333,9.5,0.2857142857142857,0.05,5.700000000000001,0.4285714285714285,0.0375,4.275,0.4285714285714285,0.01875,2.1375,with_side,existing_side_feature,0.9912280701754386
pooled,2026,1,logistic,0.7417544912453244,,,inner_f1,0.0731136543712781,0.7567274697489614,0.0092652346989623,0.0508275858922648,0.0,0.0,0.0,0.0,791,0,7,0,1.0,0.0,798,7,798,0.1428571428571428,0.125,14.25,0.2857142857142857,0.0833333333333333,9.5,0.2857142857142857,0.05,5.700000000000001,0.4285714285714285,0.0375,4.275,0.4285714285714285,0.01875,2.1375,with_side,existing_side_feature,0.9912280701754386
pooled,2026,1,logistic_balanced,0.9816765894152764,,,fixed_0.5,0.0457076793713856,0.7812895069532237,0.1215992084284186,0.3654068772462169,0.04,0.0209790209790209,0.4285714285714285,0.0611681275016984,651,140,4,3,0.5714285714285714,0.1769911504424778,798,7,798,0.1428571428571428,0.125,14.25,0.1428571428571428,0.0416666666666666,4.75,0.1428571428571428,0.025,2.8500000000000005,0.4285714285714285,0.0375,4.275,0.4285714285714285,0.01875,2.1375,with_side,existing_side_feature,0.8195488721804511
pooled,2026,1,logistic_balanced,0.9816765894152764,,,inner_f1,0.0457076793713856,0.7812895069532237,0.1215992084284186,0.3654068772462169,0.0,0.0,0.0,-0.0047154076336055,789,2,7,0,1.0,0.0025284450063211,798,7,798,0.1428571428571428,0.125,14.25,0.1428571428571428,0.0416666666666666,4.75,0.1428571428571428,0.025,2.8500000000000005,0.4285714285714285,0.0375,4.275,0.4285714285714285,0.01875,2.1375,with_side,existing_side_feature,0.9887218045112782
pooled,2026,1,xgboost,0.0648622959852218,,,fixed_0.5,0.2003305560170135,0.8723135271807838,0.0083845553903806,0.0446836524496666,0.0,0.0,0.0,0.0,791,0,7,0,1.0,0.0,798,7,798,0.1428571428571428,0.125,14.25,0.4285714285714285,0.125,14.25,0.4285714285714285,0.075,8.55,0.5714285714285714,0.05,5.700000000000001,0.7142857142857143,0.03125,3.5625,with_side,existing_side_feature,0.9912280701754386
pooled,2026,1,xgboost,0.0648622959852218,,,inner_f1,0.2003305560170135,0.8723135271807838,0.0083845553903806,0.0446836524496666,0.1395348837209302,0.0833333333333333,0.4285714285714285,0.1738014793355285,758,33,4,3,0.5714285714285714,0.0417193426042983,798,7,798,0.1428571428571428,0.125,14.25,0.4285714285714285,0.125,14.25,0.4285714285714285,0.075,8.55,0.5714285714285714,0.05,5.700000000000001,0.7142857142857143,0.03125,3.5625,with_side,existing_side_feature,0.9536340852130326
pooled,2026,1,xgboost_balanced,0.7362541556358337,,,fixed_0.5,0.1757257702178378,0.8753837818313166,0.0472046365827792,0.1601753752530857,0.0357142857142857,0.0204081632653061,0.1428571428571428,0.0319179644028538,743,48,6,1,0.8571428571428571,0.0606826801517067,798,7,798,0.1428571428571428,0.125,14.25,0.1428571428571428,0.0416666666666666,4.75,0.1428571428571428,0.025,2.8500000000000005,0.4285714285714285,0.0375,4.275,0.7142857142857143,0.03125,3.5625,with_side,existing_side_feature,0.9323308270676691
pooled,2026,1,xgboost_balanced,0.7362541556358337,,,inner_f1,0.1757257702178378,0.8753837818313166,0.0472046365827792,0.1601753752530857,0.0909090909090909,0.0666666666666666,0.1428571428571428,0.085934877515677,777,14,6,1,0.8571428571428571,0.0176991150442477,798,7,798,0.1428571428571428,0.125,14.25,0.1428571428571428,0.0416666666666666,4.75,0.1428571428571428,0.025,2.8500000000000005,0.4285714285714285,0.0375,4.275,0.7142857142857143,0.03125,3.5625,with_side,existing_side_feature,0.974937343358396
pooled,2026,1,extratrees,0.3474444444444444,,,fixed_0.5,0.0359666852193639,0.8645475889470833,0.0094887742038226,0.045009315677674,0.0,0.0,0.0,0.0,791,0,7,0,1.0,0.0,798,7,338,0.0,0.0,0.0,0.0,0.0,0.0,0.0,0.0,0.0,0.4285714285714285,0.0375,4.275,0.7142857142857143,0.03125,3.5625,with_side,existing_side_feature,0.9912280701754386
pooled,2026,1,extratrees,0.3474444444444444,,,inner_f1,0.0359666852193639,0.8645475889470833,0.0094887742038226,0.045009315677674,0.0,0.0,0.0,-0.0033322042776079,790,1,7,0,1.0,0.0012642225031605,798,7,338,0.0,0.0,0.0,0.0,0.0,0.0,0.0,0.0,0.0,0.4285714285714285,0.0375,4.275,0.7142857142857143,0.03125,3.5625,with_side,existing_side_feature,0.9899749373433584
pooled,2026,1,extratrees_balanced,0.4102109976702789,,,fixed_0.5,0.0437353497342743,0.891999277587141,0.0479377494475804,0.1499030091107318,0.0363636363636363,0.0208333333333333,0.1428571428571428,0.0327230264519801,744,47,6,1,0.8571428571428571,0.0594184576485461,798,7,313,0.0,0.0,0.0,0.0,0.0,0.0,0.1428571428571428,0.025,2.8500000000000005,0.4285714285714285,0.0375,4.275,0.8571428571428571,0.0375,4.275,with_side,existing_side_feature,0.9335839598997494
pooled,2026,1,extratrees_balanced,0.4102109976702789,,,inner_f1,0.0437353497342743,0.891999277587141,0.0479377494475804,0.1499030091107318,0.0681818181818181,0.037037037037037,0.4285714285714285,0.101882407371478,713,78,4,3,0.5714285714285714,0.0986093552465234,798,7,313,0.0,0.0,0.0,0.0,0.0,0.0,0.1428571428571428,0.025,2.8500000000000005,0.4285714285714285,0.0375,4.275,0.8571428571428571,0.0375,4.275,with_side,existing_side_feature,0.8972431077694235
pooled,2026,1,catboost,0.1235717682851314,,,fixed_0.5,0.0340080204485266,0.8264403106375294,0.008681428504431,0.0460836881879279,0.0,0.0,0.0,0.0,791,0,7,0,1.0,0.0,798,7,798,0.0,0.0,0.0,0.1428571428571428,0.0416666666666666,4.75,0.1428571428571428,0.025,2.8500000000000005,0.2857142857142857,0.025,2.8500000000000005,0.5714285714285714,0.025,2.8500000000000005,with_side,existing_side_feature,0.9912280701754386
pooled,2026,1,catboost,0.1235717682851314,,,inner_f1,0.0340080204485266,0.8264403106375294,0.008681428504431,0.0460836881879279,0.0,0.0,0.0,0.0,791,0,7,0,1.0,0.0,798,7,798,0.0,0.0,0.0,0.1428571428571428,0.0416666666666666,4.75,0.1428571428571428,0.025,2.8500000000000005,0.2857142857142857,0.025,2.8500000000000005,0.5714285714285714,0.025,2.8500000000000005,with_side,existing_side_feature,0.9912280701754386
pooled,2026,1,catboost_balanced,0.649305517416671,,,fixed_0.5,0.056994890604998,0.854614412136536,0.0555233358159301,0.1900383585570837,0.03125,0.0175438596491228,0.1428571428571428,0.0260909025142774,735,56,6,1,0.8571428571428571,0.0707964601769911,798,7,798,0.1428571428571428,0.125,14.25,0.1428571428571428,0.0416666666666666,4.75,0.1428571428571428,0.025,2.8500000000000005,0.2857142857142857,0.025,2.8500000000000005,0.7142857142857143,0.03125,3.5625,with_side,existing_side_feature,0.9223057644110275
pooled,2026,1,catboost_balanced,0.649305517416671,,,inner_f1,0.056994890604998,0.854614412136536,0.0555233358159301,0.1900383585570837,0.0869565217391304,0.0625,0.1428571428571428,0.0824182684558586,776,15,6,1,0.8571428571428571,0.0189633375474083,798,7,798,0.1428571428571428,0.125,14.25,0.1428571428571428,0.0416666666666666,4.75,0.1428571428571428,0.025,2.8500000000000005,0.2857142857142857,0.025,2.8500000000000005,0.7142857142857143,0.03125,3.5625,with_side,existing_side_feature,0.9736842105263158
pooled,2026,1,lightgbm,0.1015893250777168,,,fixed_0.5,0.1087143658354507,0.8547950153512731,0.0086106870537016,0.044205439424882,0.0,0.0,0.0,0.0,791,0,7,0,1.0,0.0,798,7,798,0.1428571428571428,0.125,14.25,0.1428571428571428,0.0416666666666666,4.75,0.2857142857142857,0.05,5.700000000000001,0.4285714285714285,0.0375,4.275,0.5714285714285714,0.025,2.8500000000000005,with_side,existing_side_feature,0.9912280701754386
pooled,2026,1,lightgbm,0.1015893250777168,,,inner_f1,0.1087143658354507,0.8547950153512731,0.0086106870537016,0.044205439424882,0.0909090909090909,0.0666666666666666,0.1428571428571428,0.085934877515677,777,14,6,1,0.8571428571428571,0.0176991150442477,798,7,798,0.1428571428571428,0.125,14.25,0.1428571428571428,0.0416666666666666,4.75,0.2857142857142857,0.05,5.700000000000001,0.4285714285714285,0.0375,4.275,0.5714285714285714,0.025,2.8500000000000005,with_side,existing_side_feature,0.974937343358396
pooled,2026,1,lightgbm_balanced,0.7432469455707681,,,fixed_0.5,0.1741488736745994,0.8753837818313166,0.0488522712256929,0.1678703927758215,0.0363636363636363,0.0208333333333333,0.1428571428571428,0.0327230264519801,744,47,6,1,0.8571428571428571,0.0594184576485461,798,7,798,0.1428571428571428,0.125,14.25,0.1428571428571428,0.0416666666666666,4.75,0.1428571428571428,0.025,2.8500000000000005,0.2857142857142857,0.025,2.8500000000000005,1.0,0.04375,4.9875,with_side,existing_side_feature,0.9335839598997494
pooled,2026,1,lightgbm_balanced,0.7432469455707681,,,inner_f1,0.1741488736745994,0.8753837818313166,0.0488522712256929,0.1678703927758215,0.1052631578947368,0.0833333333333333,0.1428571428571428,0.0988004798774892,780,11,6,1,0.8571428571428571,0.0139064475347661,798,7,798,0.1428571428571428,0.125,14.25,0.1428571428571428,0.0416666666666666,4.75,0.1428571428571428,0.025,2.8500000000000005,0.2857142857142857,0.025,2.8500000000000005,1.0,0.04375,4.9875,with_side,existing_side_feature,0.9786967418546366
pooled,2026,2,dummy_prior,0.5,,,fixed_0.5,0.0225563909774436,0.5,0.0221039908268031,0.1094789816529705,0.0,0.0,0.0,0.0,780,0,18,0,1.0,0.0,798,18,1,0.0,0.0,0.0,0.0,0.0,0.0,0.0555555555555555,0.025,1.1083333333333334,0.0555555555555555,0.0125,0.5541666666666667,0.1111111111111111,0.0125,0.5541666666666667,with_side,existing_side_feature,0.9774436090225563
pooled,2026,2,dummy_prior,0.5,,,inner_f1,0.0225563909774436,0.5,0.0221039908268031,0.1094789816529705,0.0,0.0,0.0,0.0,780,0,18,0,1.0,0.0,798,18,1,0.0,0.0,0.0,0.0,0.0,0.0,0.0555555555555555,0.025,1.1083333333333334,0.0555555555555555,0.0125,0.5541666666666667,0.1111111111111111,0.0125,0.5541666666666667,with_side,existing_side_feature,0.9774436090225563
pooled,2026,2,logistic,0.0133228916014613,,,fixed_0.5,0.2948797118020831,0.8571225071225071,0.0176500235601194,0.0802969506730016,0.3636363636363636,1.0,0.2222222222222222,0.4672300785091259,780,0,14,4,0.7777777777777778,0.0,798,18,798,0.2222222222222222,0.5,22.166666666666668,0.2222222222222222,0.1666666666666666,7.388888888888889,0.2777777777777778,0.125,5.541666666666667,0.3888888888888889,0.0875,3.8791666666666655,0.7777777777777778,0.0875,3.8791666666666655,with_side,existing_side_feature,0.9824561403508771
pooled,2026,2,logistic,0.0133228916014613,,,inner_f1,0.2948797118020831,0.8571225071225071,0.0176500235601194,0.0802969506730016,0.1361702127659574,0.0737327188940092,0.8888888888888888,0.2106348649895557,579,201,2,16,0.1111111111111111,0.2576923076923076,798,18,798,0.2222222222222222,0.5,22.166666666666668,0.2222222222222222,0.1666666666666666,7.388888888888889,0.2777777777777778,0.125,5.541666666666667,0.3888888888888889,0.0875,3.8791666666666655,0.7777777777777778,0.0875,3.8791666666666655,with_side,existing_side_feature,0.7456140350877193
pooled,2026,2,logistic_balanced,0.9964112477864004,,,fixed_0.5,0.2226456899037111,0.8482193732193732,0.1398112296829401,0.4244412263412699,0.1319796954314721,0.0726256983240223,0.7222222222222222,0.1813310230879575,614,166,5,13,0.2777777777777778,0.2128205128205128,798,18,798,0.1666666666666666,0.375,16.625,0.2222222222222222,0.1666666666666666,7.388888888888889,0.2777777777777778,0.125,5.541666666666667,0.3888888888888889,0.0875,3.8791666666666655,0.6666666666666666,0.075,3.325,with_side,existing_side_feature,0.7857142857142857
pooled,2026,2,logistic_balanced,0.9964112477864004,,,inner_f1,0.2226456899037111,0.8482193732193732,0.1398112296829401,0.4244412263412699,0.2,1.0,0.1111111111111111,0.3299662436417528,780,0,16,2,0.8888888888888888,0.0,798,18,798,0.1666666666666666,0.375,16.625,0.2222222222222222,0.1666666666666666,7.388888888888889,0.2777777777777778,0.125,5.541666666666667,0.3888888888888889,0.0875,3.8791666666666655,0.6666666666666666,0.075,3.325,with_side,existing_side_feature,0.9799498746867168
pooled,2026,2,xgboost,0.0185671690851449,,,fixed_0.5,0.0672630395391617,0.8157407407407408,0.0216885414942853,0.0970625016791986,0.0,0.0,0.0,0.0,780,0,18,0,1.0,0.0,798,18,798,0.0,0.0,0.0,0.0555555555555555,0.0416666666666666,1.8472222222222223,0.2222222222222222,0.1,4.433333333333334,0.2777777777777778,0.0625,2.770833333333333,0.5555555555555556,0.0625,2.770833333333333,with_side,existing_side_feature,0.9774436090225563
pooled,2026,2,xgboost,0.0185671690851449,,,inner_f1,0.0672630395391617,0.8157407407407408,0.0216885414942853,0.0970625016791986,0.1176470588235294,0.064039408866995,0.7222222222222222,0.1631846173111549,590,190,5,13,0.2777777777777778,0.2435897435897435,798,18,798,0.0,0.0,0.0,0.0555555555555555,0.0416666666666666,1.8472222222222223,0.2222222222222222,0.1,4.433333333333334,0.2777777777777778,0.0625,2.770833333333333,0.5555555555555556,0.0625,2.770833333333333,with_side,existing_side_feature,0.7556390977443609
pooled,2026,2,xgboost_balanced,0.3786753118038177,,,fixed_0.5,0.0675272634806379,0.7786324786324786,0.0478606661384779,0.1663254894851729,0.037037037037037,0.0277777777777777,0.0555555555555555,0.0076432659119051,745,35,17,1,0.9444444444444444,0.0448717948717948,798,18,798,0.0,0.0,0.0,0.0555555555555555,0.0416666666666666,1.8472222222222223,0.0555555555555555,0.025,1.1083333333333334,0.3888888888888889,0.0875,3.8791666666666655,0.5555555555555556,0.0625,2.770833333333333,with_side,existing_side_feature,0.9348370927318296
pooled,2026,2,xgboost_balanced,0.3786753118038177,,,inner_f1,0.0675272634806379,0.7786324786324786,0.0478606661384779,0.1663254894851729,0.1481481481481481,0.0952380952380952,0.3333333333333333,0.1433082012211462,723,57,12,6,0.6666666666666666,0.073076923076923,798,18,798,0.0,0.0,0.0,0.0555555555555555,0.0416666666666666,1.8472222222222223,0.0555555555555555,0.025,1.1083333333333334,0.3888888888888889,0.0875,3.8791666666666655,0.5555555555555556,0.0625,2.770833333333333,with_side,existing_side_feature,0.9135338345864662
pooled,2026,2,extratrees,0.028,,,fixed_0.5,0.2824923556948081,0.8487535612535613,0.0192330762348733,0.0877890238419495,0.0,0.0,0.0,0.0,780,0,18,0,1.0,0.0,798,18,283,0.2222222222222222,0.5,22.166666666666668,0.2222222222222222,0.1666666666666666,7.388888888888889,0.2777777777777778,0.125,5.541666666666667,0.3888888888888889,0.0875,3.8791666666666655,0.6111111111111112,0.06875,3.047916666666667,with_side,existing_side_feature,0.9774436090225563
pooled,2026,2,extratrees,0.028,,,inner_f1,0.2824923556948081,0.8487535612535613,0.0192330762348733,0.0877890238419495,0.1202185792349726,0.0666666666666666,0.6111111111111112,0.1516698393225833,626,154,7,11,0.3888888888888889,0.1974358974358974,798,18,283,0.2222222222222222,0.5,22.166666666666668,0.2222222222222222,0.1666666666666666,7.388888888888889,0.2777777777777778,0.125,5.541666666666667,0.3888888888888889,0.0875,3.8791666666666655,0.6111111111111112,0.06875,3.047916666666667,with_side,existing_side_feature,0.7982456140350878
pooled,2026,2,extratrees_balanced,0.7621966481571235,,,fixed_0.5,0.0801663860502015,0.8508547008547008,0.0768111083011666,0.2127784079334227,0.1259842519685039,0.073394495412844,0.4444444444444444,0.1361796847345961,679,101,10,8,0.5555555555555556,0.1294871794871795,798,18,278,0.0,0.0,0.0,0.1111111111111111,0.0833333333333333,3.6944444444444446,0.1111111111111111,0.05,2.216666666666667,0.3333333333333333,0.075,3.325,0.6111111111111112,0.06875,3.047916666666667,with_side,existing_side_feature,0.8609022556390977
pooled,2026,2,extratrees_balanced,0.7621966481571235,,,inner_f1,0.0801663860502015,0.8508547008547008,0.0768111083011666,0.2127784079334227,0.0,0.0,0.0,-0.0217292914976709,764,16,18,0,1.0,0.0205128205128205,798,18,278,0.0,0.0,0.0,0.1111111111111111,0.0833333333333333,3.6944444444444446,0.1111111111111111,0.05,2.216666666666667,0.3333333333333333,0.075,3.325,0.6111111111111112,0.06875,3.047916666666667,with_side,existing_side_feature,0.9573934837092731
pooled,2026,2,catboost,0.0230048152784091,,,fixed_0.5,0.2795006576322142,0.8542022792022792,0.0181104642823432,0.0802992638424268,0.2,1.0,0.1111111111111111,0.3299662436417528,780,0,16,2,0.8888888888888888,0.0,798,18,798,0.2222222222222222,0.5,22.166666666666668,0.2222222222222222,0.1666666666666666,7.388888888888889,0.2222222222222222,0.1,4.433333333333334,0.2777777777777778,0.0625,2.770833333333333,0.6111111111111112,0.06875,3.047916666666667,with_side,existing_side_feature,0.9799498746867168
pooled,2026,2,catboost,0.0230048152784091,,,inner_f1,0.2795006576322142,0.8542022792022792,0.0181104642823432,0.0802992638424268,0.1283422459893048,0.0710059171597633,0.6666666666666666,0.1691324349069662,623,157,6,12,0.3333333333333333,0.2012820512820513,798,18,798,0.2222222222222222,0.5,22.166666666666668,0.2222222222222222,0.1666666666666666,7.388888888888889,0.2222222222222222,0.1,4.433333333333334,0.2777777777777778,0.0625,2.770833333333333,0.6111111111111112,0.06875,3.047916666666667,with_side,existing_side_feature,0.7957393483709273
pooled,2026,2,catboost_balanced,0.3446291861859772,,,fixed_0.5,0.0563426005279912,0.7608974358974359,0.0574044129759632,0.1931023908167627,0.0857142857142857,0.0576923076923076,0.1666666666666666,0.062474513736928,731,49,15,3,0.8333333333333334,0.0628205128205128,798,18,798,0.0,0.0,0.0,0.0555555555555555,0.0416666666666666,1.8472222222222223,0.1666666666666666,0.075,3.325,0.2777777777777778,0.0625,2.770833333333333,0.4444444444444444,0.05,2.216666666666667,with_side,existing_side_feature,0.9197994987468672
pooled,2026,2,catboost_balanced,0.3446291861859772,,,inner_f1,0.0563426005279912,0.7608974358974359,0.0574044129759632,0.1931023908167627,0.1052631578947368,0.0608695652173913,0.3888888888888889,0.1058780759313284,672,108,11,7,0.6111111111111112,0.1384615384615384,798,18,798,0.0,0.0,0.0,0.0555555555555555,0.0416666666666666,1.8472222222222223,0.1666666666666666,0.075,3.325,0.2777777777777778,0.0625,2.770833333333333,0.4444444444444444,0.05,2.216666666666667,with_side,existing_side_feature,0.8508771929824561
pooled,2026,2,lightgbm,0.0318421140202311,,,fixed_0.5,0.0647997168197522,0.8064102564102564,0.021940261505645,0.1001986350355339,0.0,0.0,0.0,0.0,780,0,18,0,1.0,0.0,798,18,798,0.0,0.0,0.0,0.0555555555555555,0.0416666666666666,1.8472222222222223,0.2222222222222222,0.1,4.433333333333334,0.2222222222222222,0.05,2.216666666666667,0.5555555555555556,0.0625,2.770833333333333,with_side,existing_side_feature,0.9774436090225563
pooled,2026,2,lightgbm,0.0318421140202311,,,inner_f1,0.0647997168197522,0.8064102564102564,0.021940261505645,0.1001986350355339,0.0879120879120879,0.0547945205479452,0.2222222222222222,0.0688940317229255,711,69,14,4,0.7777777777777778,0.0884615384615384,798,18,798,0.0,0.0,0.0,0.0555555555555555,0.0416666666666666,1.8472222222222223,0.2222222222222222,0.1,4.433333333333334,0.2222222222222222,0.05,2.216666666666667,0.5555555555555556,0.0625,2.770833333333333,with_side,existing_side_feature,0.8959899749373433
pooled,2026,2,lightgbm_balanced,0.3482113162799066,,,fixed_0.5,0.0551229136382123,0.7668091168091168,0.0508458797902307,0.1770623716923302,0.0714285714285714,0.0526315789473684,0.1111111111111111,0.0452910813657838,744,36,16,2,0.8888888888888888,0.0461538461538461,798,18,798,0.0,0.0,0.0,0.0555555555555555,0.0416666666666666,1.8472222222222223,0.1111111111111111,0.05,2.216666666666667,0.2777777777777778,0.0625,2.770833333333333,0.5,0.05625,2.4937500000000004,with_side,existing_side_feature,0.9348370927318296
pooled,2026,2,lightgbm_balanced,0.3482113162799066,,,inner_f1,0.0551229136382123,0.7668091168091168,0.0508458797902307,0.1770623716923302,0.0879120879120879,0.0547945205479452,0.2222222222222222,0.0688940317229255,711,69,14,4,0.7777777777777778,0.0884615384615384,798,18,798,0.0,0.0,0.0,0.0555555555555555,0.0416666666666666,1.8472222222222223,0.1111111111111111,0.05,2.216666666666667,0.2777777777777778,0.0625,2.770833333333333,0.5,0.05625,2.4937500000000004,with_side,existing_side_feature,0.8959899749373433
cn7,42,0,svm_rbf,0.3956961514688596,,,fixed_0.5,0.44505981703026043,0.8741854636591478,,,0.5714285714285714,1.0,0.4,0.630091204011875,399,0,3,2,0.6,0.0,404,5,404,0.4,0.4,32.32,0.4,0.15384615384615385,12.430769230769231,0.6,0.14285714285714285,11.542857142857141,0.6,0.07317073170731707,5.9121951219512185,0.6,0.037037037037037035,2.9925925925925925,with_side,extra_models,0.9925742574257426
cn7,42,0,svm_rbf,0.3956961514688596,,,inner_f1,0.44505981703026043,0.8741854636591478,,,0.5714285714285714,1.0,0.4,0.630091204011875,399,0,3,2,0.6,0.0,404,5,404,0.4,0.4,32.32,0.4,0.15384615384615385,12.430769230769231,0.6,0.14285714285714285,11.542857142857141,0.6,0.07317073170731707,5.9121951219512185,0.6,0.037037037037037035,2.9925925925925925,with_side,extra_models,0.9925742574257426
cn7,42,0,svm_rbf_balanced,0.32841697341543047,,,fixed_0.5,0.6633333333333333,0.9839598997493735,,,0.5454545454545454,0.5,0.6,0.5415379109779246,396,3,2,3,0.4,0.007518796992481203,404,5,404,0.6,0.6,48.48,0.8,0.3076923076923077,24.861538461538462,0.8,0.19047619047619047,15.390476190476189,1.0,0.12195121951219512,9.853658536585366,1.0,0.06172839506172839,4.987654320987653,with_side,extra_models,0.9876237623762376
cn7,42,0,svm_rbf_balanced,0.32841697341543047,,,inner_f1,0.6633333333333333,0.9839598997493735,,,0.2857142857142857,0.16666666666666666,1.0,0.3952516831918599,374,25,0,5,0.0,0.06265664160401002,404,5,404,0.6,0.6,48.48,0.8,0.3076923076923077,24.861538461538462,0.8,0.19047619047619047,15.390476190476189,1.0,0.12195121951219512,9.853658536585366,1.0,0.06172839506172839,4.987654320987653,with_side,extra_models,0.9381188118811881
cn7,42,0,random_forest,0.09382665945165945,,,fixed_0.5,0.49861111111111117,0.9588972431077694,0.00885310918834067,0.03817434614014984,0.5714285714285714,1.0,0.4,0.630091204011875,399,0,3,2,0.6,0.0,404,5,143,0.4,0.4,32.32,0.4,0.15384615384615385,12.430769230769231,0.8,0.19047619047619047,15.390476190476189,0.8,0.0975609756097561,7.882926829268293,1.0,0.06172839506172839,4.987654320987653,with_side,extra_models,0.9925742574257426
cn7,42,0,random_forest,0.09382665945165945,,,inner_f1,0.49861111111111117,0.9588972431077694,0.00885310918834067,0.03817434614014984,0.36363636363636365,0.3333333333333333,0.4,0.35644373497531756,395,4,3,2,0.6,0.010025062656641603,404,5,143,0.4,0.4,32.32,0.4,0.15384615384615385,12.430769230769231,0.8,0.19047619047619047,15.390476190476189,0.8,0.0975609756097561,7.882926829268293,1.0,0.06172839506172839,4.987654320987653,with_side,extra_models,0.9826732673267327
cn7,42,0,random_forest_balanced,0.11041081804863369,,,fixed_0.5,0.6746031746031746,0.9854636591478697,0.008755337274190814,0.04013600988482154,0.5714285714285714,1.0,0.4,0.630091204011875,399,0,3,2,0.6,0.0,404,5,125,0.6,0.6,48.48,0.8,0.3076923076923077,24.861538461538462,0.8,0.19047619047619047,15.390476190476189,1.0,0.12195121951219512,9.853658536585366,1.0,0.06172839506172839,4.987654320987653,with_side,extra_models,0.9925742574257426
cn7,42,0,random_forest_balanced,0.11041081804863369,,,inner_f1,0.6746031746031746,0.9854636591478697,0.008755337274190814,0.04013600988482154,0.24390243902439024,0.1388888888888889,1.0,0.3579078412592618,368,31,0,5,0.0,0.07769423558897243,404,5,125,0.6,0.6,48.48,0.8,0.3076923076923077,24.861538461538462,0.8,0.19047619047619047,15.390476190476189,1.0,0.12195121951219512,9.853658536585366,1.0,0.06172839506172839,4.987654320987653,with_side,extra_models,0.9232673267326733
cn7,42,0,gaussian_nb,1.0,,,fixed_0.5,0.3379205589731905,0.9423558897243107,0.15490158660910353,0.9187577493871967,0.09876543209876543,0.05263157894736842,0.8,0.1752682711307817,327,72,1,4,0.2,0.18045112781954886,404,5,122,0.4,0.4,32.32,0.6,0.23076923076923078,18.646153846153847,0.8,0.19047619047619047,15.390476190476189,0.8,0.0975609756097561,7.882926829268293,0.8,0.04938271604938271,3.990123456790123,with_side,extra_models,0.8193069306930693
cn7,42,0,gaussian_nb,1.0,,,inner_f1,0.3379205589731905,0.9423558897243107,0.15490158660910353,0.9187577493871967,0.4444444444444444,0.5,0.4,0.44105705789705035,397,2,3,2,0.6,0.005012531328320802,404,5,122,0.4,0.4,32.32,0.6,0.23076923076923078,18.646153846153847,0.8,0.19047619047619047,15.390476190476189,0.8,0.0975609756097561,7.882926829268293,0.8,0.04938271604938271,3.990123456790123,with_side,extra_models,0.9876237623762376
cn7,42,0,dnn_mlp,0.0019282089224942863,,,fixed_0.5,0.6180392156862745,0.9624060150375939,0.007274074331646582,0.0556803457357441,0.5714285714285714,1.0,0.4,0.630091204011875,399,0,3,2,0.6,0.0,404,5,404,0.6,0.6,48.48,0.6,0.23076923076923078,18.646153846153847,0.8,0.19047619047619047,15.390476190476189,0.8,0.0975609756097561,7.882926829268293,1.0,0.06172839506172839,4.987654320987653,with_side,extra_models,0.9925742574257426
cn7,42,0,dnn_mlp,0.0019282089224942863,,,inner_f1,0.6180392156862745,0.9624060150375939,0.007274074331646582,0.0556803457357441,0.4,0.3,0.6,0.4144637643403797,392,7,2,3,0.4,0.017543859649122806,404,5,404,0.6,0.6,48.48,0.6,0.23076923076923078,18.646153846153847,0.8,0.19047619047619047,15.390476190476189,0.8,0.0975609756097561,7.882926829268293,1.0,0.06172839506172839,4.987654320987653,with_side,extra_models,0.9777227722772277
cn7,42,1,svm_rbf,0.6152201517034332,,,fixed_0.5,0.3638544789355442,0.8459877653832314,,,0.0,0.0,0.0,0.0,397,0,7,0,1.0,0.0,404,7,404,0.2857142857142857,0.4,23.085714285714285,0.2857142857142857,0.15384615384615385,8.87912087912088,0.42857142857142855,0.14285714285714285,8.244897959183673,0.7142857142857143,0.12195121951219512,7.038327526132403,0.7142857142857143,0.06172839506172839,3.5626102292768955,with_side,extra_models,0.9826732673267327
cn7,42,1,svm_rbf,0.6152201517034332,,,inner_f1,0.3638544789355442,0.8459877653832314,,,0.0,0.0,0.0,0.0,397,0,7,0,1.0,0.0,404,7,404,0.2857142857142857,0.4,23.085714285714285,0.2857142857142857,0.15384615384615385,8.87912087912088,0.42857142857142855,0.14285714285714285,8.244897959183673,0.7142857142857143,0.12195121951219512,7.038327526132403,0.7142857142857143,0.06172839506172839,3.5626102292768955,with_side,extra_models,0.9826732673267327
cn7,42,1,svm_rbf_balanced,0.6079151176687965,,,fixed_0.5,0.18363868274582557,0.84454839870457,,,0.0,0.0,0.0,-0.011485296405327099,394,3,7,0,1.0,0.007556675062972292,404,7,404,0.0,0.0,0.0,0.42857142857142855,0.23076923076923078,13.318681318681318,0.5714285714285714,0.19047619047619047,10.993197278911563,0.8571428571428571,0.14634146341463414,8.445993031358883,0.8571428571428571,0.07407407407407407,4.2751322751322745,with_side,extra_models,0.9752475247524752
cn7,42,1,svm_rbf_balanced,0.6079151176687965,,,inner_f1,0.18363868274582557,0.84454839870457,,,0.0,0.0,0.0,0.0,397,0,7,0,1.0,0.0,404,7,404,0.0,0.0,0.0,0.42857142857142855,0.23076923076923078,13.318681318681318,0.5714285714285714,0.19047619047619047,10.993197278911563,0.8571428571428571,0.14634146341463414,8.445993031358883,0.8571428571428571,0.07407407407407407,4.2751322751322745,with_side,extra_models,0.9826732673267327
cn7,42,1,random_forest,0.2917577561327562,,,fixed_0.5,0.3853531316165957,0.9431450161928752,0.0135281837197768,0.055087626153810125,0.0,0.0,0.0,0.0,397,0,7,0,1.0,0.0,404,7,129,0.2857142857142857,0.4,23.085714285714285,0.2857142857142857,0.15384615384615385,8.87912087912088,0.2857142857142857,0.09523809523809523,5.496598639455781,0.8571428571428571,0.14634146341463414,8.445993031358883,1.0,0.08641975308641975,4.987654320987653,with_side,extra_models,0.9826732673267327
cn7,42,1,random_forest,0.2917577561327562,,,inner_f1,0.3853531316165957,0.9431450161928752,0.0135281837197768,0.055087626153810125,0.4444444444444444,1.0,0.2857142857142857,0.531187937969423,397,0,5,2,0.7142857142857143,0.0,404,7,129,0.2857142857142857,0.4,23.085714285714285,0.2857142857142857,0.15384615384615385,8.87912087912088,0.2857142857142857,0.09523809523809523,5.496598639455781,0.8571428571428571,0.14634146341463414,8.445993031358883,1.0,0.08641975308641975,4.987654320987653,with_side,extra_models,0.9876237623762376
cn7,42,1,random_forest_balanced,0.3232447579855567,,,fixed_0.5,0.24862566648280934,0.9578985246491545,0.01483025682217069,0.05478407668414874,0.0,0.0,0.0,0.0,397,0,7,0,1.0,0.0,404,7,121,0.14285714285714285,0.2,11.542857142857143,0.42857142857142855,0.23076923076923078,13.318681318681318,0.5714285714285714,0.19047619047619047,10.993197278911563,1.0,0.17073170731707318,9.853658536585366,1.0,0.08641975308641975,4.987654320987653,with_side,extra_models,0.9826732673267327
cn7,42,1,random_forest_balanced,0.3232447579855567,,,inner_f1,0.24862566648280934,0.9578985246491545,0.01483025682217069,0.05478407668414874,0.0,0.0,0.0,0.0,397,0,7,0,1.0,0.0,404,7,121,0.14285714285714285,0.2,11.542857142857143,0.42857142857142855,0.23076923076923078,13.318681318681318,0.5714285714285714,0.19047619047619047,10.993197278911563,1.0,0.17073170731707318,9.853658536585366,1.0,0.08641975308641975,4.987654320987653,with_side,extra_models,0.9826732673267327
cn7,42,1,gaussian_nb,1.0,,,fixed_0.5,0.4662553080439434,0.888629003238575,0.20064857262872188,2.4817849639395275,0.12903225806451613,0.06976744186046512,0.8571428571428571,0.20899760705756842,317,80,1,6,0.14285714285714285,0.20151133501259447,404,7,88,0.42857142857142855,0.6,34.628571428571426,0.5714285714285714,0.3076923076923077,17.75824175824176,0.5714285714285714,0.19047619047619047,10.993197278911563,0.7142857142857143,0.12195121951219512,7.038327526132403,0.8571428571428571,0.07407407407407407,4.2751322751322745,with_side,extra_models,0.7995049504950495
cn7,42,1,gaussian_nb,1.0,,,inner_f1,0.4662553080439434,0.888629003238575,0.20064857262872188,2.4817849639395275,0.4444444444444444,1.0,0.2857142857142857,0.531187937969423,397,0,5,2,0.7142857142857143,0.0,404,7,88,0.42857142857142855,0.6,34.628571428571426,0.5714285714285714,0.3076923076923077,17.75824175824176,0.5714285714285714,0.19047619047619047,10.993197278911563,0.7142857142857143,0.12195121951219512,7.038327526132403,0.8571428571428571,0.07407407407407407,4.2751322751322745,with_side,extra_models,0.9876237623762376
cn7,42,1,dnn_mlp,0.32233636636900365,,,fixed_0.5,0.3486578488152419,0.768981648074847,0.012392105608034826,0.15531835504364436,0.4444444444444444,1.0,0.2857142857142857,0.531187937969423,397,0,5,2,0.7142857142857143,0.0,404,7,404,0.2857142857142857,0.4,23.085714285714285,0.42857142857142855,0.23076923076923078,13.318681318681318,0.42857142857142855,0.14285714285714285,8.244897959183673,0.42857142857142855,0.07317073170731707,4.222996515679442,0.5714285714285714,0.04938271604938271,2.850088183421516,with_side,extra_models,0.9876237623762376
cn7,42,1,dnn_mlp,0.32233636636900365,,,inner_f1,0.3486578488152419,0.768981648074847,0.012392105608034826,0.15531835504364436,0.4444444444444444,1.0,0.2857142857142857,0.531187937969423,397,0,5,2,0.7142857142857143,0.0,404,7,404,0.2857142857142857,0.4,23.085714285714285,0.42857142857142855,0.23076923076923078,13.318681318681318,0.42857142857142855,0.14285714285714285,8.244897959183673,0.42857142857142855,0.07317073170731707,4.222996515679442,0.5714285714285714,0.04938271604938271,2.850088183421516,with_side,extra_models,0.9876237623762376
cn7,42,2,svm_rbf,0.39005092941791825,,,fixed_0.5,0.4600799200799201,0.9085427135678392,,,0.5714285714285714,1.0,0.4,0.6300852968422277,398,0,3,2,0.6,0.0,403,5,403,0.4,0.4,32.24,0.4,0.15384615384615385,12.4,0.6,0.14285714285714285,11.514285714285712,0.6,0.07317073170731707,5.897560975609755,0.6,0.037037037037037035,2.985185185185185,with_side,extra_models,0.9925558312655087
cn7,42,2,svm_rbf,0.39005092941791825,,,inner_f1,0.4600799200799201,0.9085427135678392,,,0.5714285714285714,1.0,0.4,0.6300852968422277,398,0,3,2,0.6,0.0,403,5,403,0.4,0.4,32.24,0.4,0.15384615384615385,12.4,0.6,0.14285714285714285,11.514285714285712,0.6,0.07317073170731707,5.897560975609755,0.6,0.037037037037037035,2.985185185185185,with_side,extra_models,0.9925558312655087
cn7,42,2,svm_rbf_balanced,0.39021177451284034,,,fixed_0.5,0.2964589609428677,0.9422110552763819,,,0.2,0.13333333333333333,0.4,0.21479756136263503,385,13,3,2,0.6,0.032663316582914576,403,5,403,0.4,0.4,32.24,0.4,0.15384615384615385,12.4,0.6,0.14285714285714285,11.514285714285712,0.6,0.07317073170731707,5.897560975609755,1.0,0.06172839506172839,4.975308641975308,with_side,extra_models,0.9602977667493796
cn7,42,2,svm_rbf_balanced,0.39021177451284034,,,inner_f1,0.2964589609428677,0.9422110552763819,,,0.21428571428571427,0.13043478260869565,0.6,0.26232221300475883,378,20,2,3,0.4,0.05025125628140704,403,5,403,0.4,0.4,32.24,0.4,0.15384615384615385,12.4,0.6,0.14285714285714285,11.514285714285712,0.6,0.07317073170731707,5.897560975609755,1.0,0.06172839506172839,4.975308641975308,with_side,extra_models,0.9454094292803971
cn7,42,2,random_forest,0.12163983238983236,,,fixed_0.5,0.5809253731343283,0.9452261306532662,0.008151879986906242,0.03635502758807142,0.5714285714285714,1.0,0.4,0.6300852968422277,398,0,3,2,0.6,0.0,403,5,146,0.6,0.6,48.35999999999999,0.6,0.23076923076923078,18.6,0.6,0.14285714285714285,11.514285714285712,0.6,0.07317073170731707,5.897560975609755,1.0,0.06172839506172839,4.975308641975308,with_side,extra_models,0.9925558312655087
cn7,42,2,random_forest,0.12163983238983236,,,inner_f1,0.5809253731343283,0.9452261306532662,0.008151879986906242,0.03635502758807142,0.5454545454545454,0.5,0.6,0.5415223531814989,395,3,2,3,0.4,0.007537688442211055,403,5,146,0.6,0.6,48.35999999999999,0.6,0.23076923076923078,18.6,0.6,0.14285714285714285,11.514285714285712,0.6,0.07317073170731707,5.897560975609755,1.0,0.06172839506172839,4.975308641975308,with_side,extra_models,0.9875930521091811
cn7,42,2,random_forest_balanced,0.28463578820045177,,,fixed_0.5,0.2520512820512821,0.9547738693467337,0.012686235924633377,0.051506404174530014,0.0,0.0,0.0,-0.005590239822183995,397,1,5,0,1.0,0.002512562814070352,403,5,140,0.4,0.4,32.24,0.6,0.23076923076923078,18.6,0.8,0.19047619047619047,15.352380952380951,0.8,0.0975609756097561,7.863414634146341,1.0,0.06172839506172839,4.975308641975308,with_side,extra_models,0.9851116625310173
cn7,42,2,random_forest_balanced,0.28463578820045177,,,inner_f1,0.2520512820512821,0.9547738693467337,0.012686235924633377,0.051506404174530014,0.26666666666666666,0.2,0.4,0.2703329490340776,390,8,3,2,0.6,0.020100502512562814,403,5,140,0.4,0.4,32.24,0.6,0.23076923076923078,18.6,0.8,0.19047619047619047,15.352380952380951,0.8,0.0975609756097561,7.863414634146341,1.0,0.06172839506172839,4.975308641975308,with_side,extra_models,0.9727047146401985
cn7,42,2,gaussian_nb,0.9999999998826805,,,fixed_0.5,0.3421181387915668,0.9135678391959798,0.18267918628123594,1.212829696807252,0.08791208791208792,0.046511627906976744,0.8,0.16047673567901166,316,82,1,4,0.2,0.20603015075376885,403,5,124,0.4,0.4,32.24,0.6,0.23076923076923078,18.6,0.6,0.14285714285714285,11.514285714285712,0.6,0.07317073170731707,5.897560975609755,0.6,0.037037037037037035,2.985185185185185,with_side,extra_models,0.794044665012407
cn7,42,2,gaussian_nb,0.9999999998826805,,,inner_f1,0.3421181387915668,0.9135678391959798,0.18267918628123594,1.212829696807252,0.4444444444444444,0.5,0.4,0.4410416094751117,396,2,3,2,0.6,0.005025125628140704,403,5,124,0.4,0.4,32.24,0.6,0.23076923076923078,18.6,0.6,0.14285714285714285,11.514285714285712,0.6,0.07317073170731707,5.897560975609755,0.6,0.037037037037037035,2.985185185185185,with_side,extra_models,0.9875930521091811
cn7,42,2,dnn_mlp,0.04845637027758328,,,fixed_0.5,0.4439743408329796,0.8266331658291457,0.015077881390006221,0.11248427687606127,0.36363636363636365,0.3333333333333333,0.4,0.3564218372085184,394,4,3,2,0.6,0.010050251256281407,403,5,403,0.4,0.4,32.24,0.4,0.15384615384615385,12.4,0.6,0.14285714285714285,11.514285714285712,0.6,0.07317073170731707,5.897560975609755,0.6,0.037037037037037035,2.985185185185185,with_side,extra_models,0.9826302729528535
cn7,42,2,dnn_mlp,0.04845637027758328,,,inner_f1,0.4439743408329796,0.8266331658291457,0.015077881390006221,0.11248427687606127,0.23529411764705882,0.16666666666666666,0.4,0.24413682234285097,388,10,3,2,0.6,0.02512562814070352,403,5,403,0.4,0.4,32.24,0.4,0.15384615384615385,12.4,0.6,0.14285714285714285,11.514285714285712,0.6,0.07317073170731707,5.897560975609755,0.6,0.037037037037037035,2.985185185185185,with_side,extra_models,0.967741935483871
cn7,1729,0,svm_rbf,0.39141371728623303,,,fixed_0.5,0.6822916666666666,0.9492934330839569,,,0.8,1.0,0.6666666666666666,0.8154804055732814,401,0,1,2,0.3333333333333333,0.0,404,3,404,0.6666666666666666,0.4,53.866666666666674,0.6666666666666666,0.15384615384615385,20.71794871794872,0.6666666666666666,0.09523809523809523,12.825396825396826,0.6666666666666666,0.04878048780487805,6.569105691056911,1.0,0.037037037037037035,4.987654320987654,with_side,extra_models,0.9975247524752475
cn7,1729,0,svm_rbf,0.39141371728623303,,,inner_f1,0.6822916666666666,0.9492934330839569,,,0.8,1.0,0.6666666666666666,0.8154804055732814,401,0,1,2,0.3333333333333333,0.0,404,3,404,0.6666666666666666,0.4,53.866666666666674,0.6666666666666666,0.15384615384615385,20.71794871794872,0.6666666666666666,0.09523809523809523,12.825396825396826,0.6666666666666666,0.04878048780487805,6.569105691056911,1.0,0.037037037037037035,4.987654320987654,with_side,extra_models,0.9975247524752475
cn7,1729,0,svm_rbf_balanced,0.4310416104523756,,,fixed_0.5,0.44771241830065356,0.9866999168744804,,,0.4444444444444444,0.3333333333333333,0.6666666666666666,0.4660978679800084,397,4,1,2,0.3333333333333333,0.00997506234413965,404,3,404,0.6666666666666666,0.4,53.866666666666674,0.6666666666666666,0.15384615384615385,20.71794871794872,1.0,0.14285714285714285,19.238095238095237,1.0,0.07317073170731707,9.853658536585366,1.0,0.037037037037037035,4.987654320987654,with_side,extra_models,0.9876237623762376
cn7,1729,0,svm_rbf_balanced,0.4310416104523756,,,inner_f1,0.44771241830065356,0.9866999168744804,,,0.3076923076923077,0.2,0.6666666666666666,0.35735402033919406,393,8,1,2,0.3333333333333333,0.0199501246882793,404,3,404,0.6666666666666666,0.4,53.866666666666674,0.6666666666666666,0.15384615384615385,20.71794871794872,1.0,0.14285714285714285,19.238095238095237,1.0,0.07317073170731707,9.853658536585366,1.0,0.037037037037037035,4.987654320987654,with_side,extra_models,0.9777227722772277
cn7,1729,0,random_forest,0.1764868881118881,,,fixed_0.5,0.7101449275362319,0.9833748960931006,0.004473583412711039,0.024816635373384525,0.8,1.0,0.6666666666666666,0.8154804055732814,401,0,1,2,0.3333333333333333,0.0,404,3,158,0.6666666666666666,0.4,53.866666666666674,0.6666666666666666,0.15384615384615385,20.71794871794872,0.6666666666666666,0.09523809523809523,12.825396825396826,1.0,0.07317073170731707,9.853658536585366,1.0,0.037037037037037035,4.987654320987654,with_side,extra_models,0.9975247524752475
cn7,1729,0,random_forest,0.1764868881118881,,,inner_f1,0.7101449275362319,0.9833748960931006,0.004473583412711039,0.024816635373384525,0.5714285714285714,0.5,0.6666666666666666,0.5737467820463675,399,2,1,2,0.3333333333333333,0.004987531172069825,404,3,158,0.6666666666666666,0.4,53.866666666666674,0.6666666666666666,0.15384615384615385,20.71794871794872,0.6666666666666666,0.09523809523809523,12.825396825396826,1.0,0.07317073170731707,9.853658536585366,1.0,0.037037037037037035,4.987654320987654,with_side,extra_models,0.9925742574257426
cn7,1729,0,random_forest_balanced,0.14985012390146837,,,fixed_0.5,0.7666666666666666,0.9941812136325852,0.005835868672603357,0.03364427247967992,0.8,1.0,0.6666666666666666,0.8154804055732814,401,0,1,2,0.3333333333333333,0.0,404,3,135,0.6666666666666666,0.4,53.866666666666674,1.0,0.23076923076923078,31.07692307692308,1.0,0.14285714285714285,19.238095238095237,1.0,0.07317073170731707,9.853658536585366,1.0,0.037037037037037035,4.987654320987654,with_side,extra_models,0.9975247524752475
cn7,1729,0,random_forest_balanced,0.14985012390146837,,,inner_f1,0.7666666666666666,0.9941812136325852,0.005835868672603357,0.03364427247967992,0.2727272727272727,0.15789473684210525,1.0,0.38935163729829003,385,16,0,3,0.0,0.0399002493765586,404,3,135,0.6666666666666666,0.4,53.866666666666674,1.0,0.23076923076923078,31.07692307692308,1.0,0.14285714285714285,19.238095238095237,1.0,0.07317073170731707,9.853658536585366,1.0,0.037037037037037035,4.987654320987654,with_side,extra_models,0.9603960396039604
cn7,1729,0,gaussian_nb,1.0,,,fixed_0.5,0.47619047619047616,0.9950124688279303,0.23496955753503554,1.44750343464036,0.056074766355140186,0.028846153846153848,1.0,0.14690358649570856,300,101,0,3,0.0,0.2518703241895262,404,3,122,0.6666666666666666,0.4,53.866666666666674,1.0,0.23076923076923078,31.07692307692308,1.0,0.14285714285714285,19.238095238095237,1.0,0.07317073170731707,9.853658536585366,1.0,0.037037037037037035,4.987654320987654,with_side,extra_models,0.75
cn7,1729,0,gaussian_nb,1.0,,,inner_f1,0.47619047619047616,0.9950124688279303,0.23496955753503554,1.44750343464036,0.5714285714285714,0.5,0.6666666666666666,0.5737467820463675,399,2,1,2,0.3333333333333333,0.004987531172069825,404,3,122,0.6666666666666666,0.4,53.866666666666674,1.0,0.23076923076923078,31.07692307692308,1.0,0.14285714285714285,19.238095238095237,1.0,0.07317073170731707,9.853658536585366,1.0,0.037037037037037035,4.987654320987654,with_side,extra_models,0.9925742574257426
cn7,1729,0,dnn_mlp,0.03663066740528382,,,fixed_0.5,0.6740196078431372,0.8894430590191189,0.006514565499190152,0.044690149710609,0.5714285714285714,0.5,0.6666666666666666,0.5737467820463675,399,2,1,2,0.3333333333333333,0.004987531172069825,404,3,404,0.6666666666666666,0.4,53.866666666666674,0.6666666666666666,0.15384615384615385,20.71794871794872,0.6666666666666666,0.09523809523809523,12.825396825396826,0.6666666666666666,0.04878048780487805,6.569105691056911,0.6666666666666666,0.024691358024691357,3.325102880658436,with_side,extra_models,0.9925742574257426
cn7,1729,0,dnn_mlp,0.03663066740528382,,,inner_f1,0.6740196078431372,0.8894430590191189,0.006514565499190152,0.044690149710609,0.4444444444444444,0.3333333333333333,0.6666666666666666,0.4660978679800084,397,4,1,2,0.3333333333333333,0.00997506234413965,404,3,404,0.6666666666666666,0.4,53.866666666666674,0.6666666666666666,0.15384615384615385,20.71794871794872,0.6666666666666666,0.09523809523809523,12.825396825396826,0.6666666666666666,0.04878048780487805,6.569105691056911,0.6666666666666666,0.024691358024691357,3.325102880658436,with_side,extra_models,0.9876237623762376
cn7,1729,1,svm_rbf,0.6185793040480908,,,fixed_0.5,0.2659992213370775,0.7969543147208122,,,0.0,0.0,0.0,0.0,394,0,10,0,1.0,0.0,404,10,404,0.2,0.4,16.16,0.2,0.15384615384615385,6.2153846153846155,0.2,0.09523809523809523,3.8476190476190473,0.4,0.0975609756097561,3.9414634146341463,0.8,0.09876543209876543,3.990123456790123,with_side,extra_models,0.9752475247524752
cn7,1729,1,svm_rbf,0.6185793040480908,,,inner_f1,0.2659992213370775,0.7969543147208122,,,0.0,0.0,0.0,0.0,394,0,10,0,1.0,0.0,404,10,404,0.2,0.4,16.16,0.2,0.15384615384615385,6.2153846153846155,0.2,0.09523809523809523,3.8476190476190473,0.4,0.0975609756097561,3.9414634146341463,0.8,0.09876543209876543,3.990123456790123,with_side,extra_models,0.9752475247524752
cn7,1729,1,svm_rbf_balanced,0.6195437832422823,,,fixed_0.5,0.17097072323115783,0.6923857868020304,,,0.15384615384615385,0.3333333333333333,0.1,0.171787151165628,392,2,9,1,0.9,0.005076142131979695,404,10,404,0.1,0.2,8.08,0.4,0.3076923076923077,12.430769230769231,0.4,0.19047619047619047,7.6952380952380945,0.4,0.0975609756097561,3.9414634146341463,0.6,0.07407407407407407,2.9925925925925925,with_side,extra_models,0.9727722772277227
cn7,1729,1,svm_rbf_balanced,0.6195437832422823,,,inner_f1,0.17097072323115783,0.6923857868020304,,,0.0,0.0,0.0,0.0,394,0,10,0,1.0,0.0,404,10,404,0.1,0.2,8.08,0.4,0.3076923076923077,12.430769230769231,0.4,0.19047619047619047,7.6952380952380945,0.4,0.0975609756097561,3.9414634146341463,0.6,0.07407407407407407,2.9925925925925925,with_side,extra_models,0.9752475247524752
cn7,1729,1,random_forest,0.29231529581529586,,,fixed_0.5,0.3013940614421393,0.883248730964467,0.021430905409645477,0.10461366645057917,0.0,0.0,0.0,0.0,394,0,10,0,1.0,0.0,404,10,91,0.2,0.4,16.16,0.3,0.23076923076923078,9.323076923076924,0.3,0.14285714285714285,5.7714285714285705,0.5,0.12195121951219512,4.926829268292683,0.7,0.08641975308641975,3.491358024691358,with_side,extra_models,0.9752475247524752
cn7,1729,1,random_forest,0.29231529581529586,,,inner_f1,0.3013940614421393,0.883248730964467,0.021430905409645477,0.10461366645057917,0.3333333333333333,1.0,0.2,0.4427413471740723,394,0,8,2,0.8,0.0,404,10,91,0.2,0.4,16.16,0.3,0.23076923076923078,9.323076923076924,0.3,0.14285714285714285,5.7714285714285705,0.5,0.12195121951219512,4.926829268292683,0.7,0.08641975308641975,3.491358024691358,with_side,extra_models,0.9801980198019802
cn7,1729,1,random_forest_balanced,0.21691835728890055,,,fixed_0.5,0.344373963330888,0.9281725888324872,0.02096901017491526,0.07718204118252556,0.0,0.0,0.0,0.0,394,0,10,0,1.0,0.0,404,10,91,0.2,0.4,16.16,0.3,0.23076923076923078,9.323076923076924,0.3,0.14285714285714285,5.7714285714285705,0.7,0.17073170731707318,6.897560975609756,0.9,0.1111111111111111,4.488888888888888,with_side,extra_models,0.9752475247524752
cn7,1729,1,random_forest_balanced,0.21691835728890055,,,inner_f1,0.344373963330888,0.9281725888324872,0.02096901017491526,0.07718204118252556,0.25,0.3333333333333333,0.2,0.2438576171146945,390,4,8,2,0.8,0.01015228426395939,404,10,91,0.2,0.4,16.16,0.3,0.23076923076923078,9.323076923076924,0.3,0.14285714285714285,5.7714285714285705,0.7,0.17073170731707318,6.897560975609756,0.9,0.1111111111111111,4.488888888888888,with_side,extra_models,0.9702970297029703
cn7,1729,1,gaussian_nb,1.0,,,fixed_0.5,0.3887415320479416,0.8229695431472082,0.08071279544814146,1.7429828402477796,0.2916666666666667,0.18421052631578946,0.7,0.3306975379201314,363,31,3,7,0.3,0.07868020304568528,404,10,40,0.3,0.6,24.24,0.4,0.3076923076923077,12.430769230769231,0.6,0.2857142857142857,11.542857142857141,0.7,0.17073170731707318,6.897560975609756,0.7,0.08641975308641975,3.491358024691358,with_side,extra_models,0.9158415841584159
cn7,1729,1,gaussian_nb,1.0,,,inner_f1,0.3887415320479416,0.8229695431472082,0.08071279544814146,1.7429828402477796,0.3333333333333333,1.0,0.2,0.4427413471740723,394,0,8,2,0.8,0.0,404,10,40,0.3,0.6,24.24,0.4,0.3076923076923077,12.430769230769231,0.6,0.2857142857142857,11.542857142857141,0.7,0.17073170731707318,6.897560975609756,0.7,0.08641975308641975,3.491358024691358,with_side,extra_models,0.9801980198019802
cn7,1729,1,dnn_mlp,0.45859704717827926,,,fixed_0.5,0.33080819001262607,0.6728426395939087,0.019931029992164333,0.2432142353300726,0.3333333333333333,1.0,0.2,0.4427413471740723,394,0,8,2,0.8,0.0,404,10,404,0.3,0.6,24.24,0.4,0.3076923076923077,12.430769230769231,0.4,0.19047619047619047,7.6952380952380945,0.4,0.0975609756097561,3.9414634146341463,0.5,0.06172839506172839,2.4938271604938267,with_side,extra_models,0.9801980198019802
cn7,1729,1,dnn_mlp,0.45859704717827926,,,inner_f1,0.33080819001262607,0.6728426395939087,0.019931029992164333,0.2432142353300726,0.3333333333333333,1.0,0.2,0.4427413471740723,394,0,8,2,0.8,0.0,404,10,404,0.3,0.6,24.24,0.4,0.3076923076923077,12.430769230769231,0.4,0.19047619047619047,7.6952380952380945,0.4,0.0975609756097561,3.9414634146341463,0.5,0.06172839506172839,2.4938271604938267,with_side,extra_models,0.9801980198019802
cn7,1729,2,svm_rbf,0.3574134163128995,,,fixed_0.5,0.5703505355404089,0.9467418546365914,,,0.6666666666666666,1.0,0.5,0.7053412184283328,399,0,2,2,0.5,0.0,403,4,403,0.5,0.4,40.300000000000004,0.75,0.23076923076923078,23.25,0.75,0.14285714285714285,14.392857142857142,0.75,0.07317073170731707,7.371951219512194,1.0,0.04938271604938271,4.9753086419753085,with_side,extra_models,0.9950372208436724
cn7,1729,2,svm_rbf,0.3574134163128995,,,inner_f1,0.5703505355404089,0.9467418546365914,,,0.6666666666666666,1.0,0.5,0.7053412184283328,399,0,2,2,0.5,0.0,403,4,403,0.5,0.4,40.300000000000004,0.75,0.23076923076923078,23.25,0.75,0.14285714285714285,14.392857142857142,0.75,0.07317073170731707,7.371951219512194,1.0,0.04938271604938271,4.9753086419753085,with_side,extra_models,0.9950372208436724
cn7,1729,2,svm_rbf_balanced,0.3629702626392215,,,fixed_0.5,0.35287948131197555,0.9624060150375939,,,0.2222222222222222,0.14285714285714285,0.5,0.25439349467444433,387,12,2,2,0.5,0.03007518796992481,403,4,403,0.5,0.4,40.300000000000004,0.5,0.15384615384615385,15.5,0.75,0.14285714285714285,14.392857142857142,0.75,0.07317073170731707,7.371951219512194,1.0,0.04938271604938271,4.9753086419753085,with_side,extra_models,0.9652605459057072
cn7,1729,2,svm_rbf_balanced,0.3629702626392215,,,inner_f1,0.35287948131197555,0.9624060150375939,,,0.20689655172413793,0.12,0.75,0.2855612000539931,377,22,1,3,0.25,0.05513784461152882,403,4,403,0.5,0.4,40.300000000000004,0.5,0.15384615384615385,15.5,0.75,0.14285714285714285,14.392857142857142,0.75,0.07317073170731707,7.371951219512194,1.0,0.04938271604938271,4.9753086419753085,with_side,extra_models,0.9429280397022333
cn7,1729,2,random_forest,0.1577886904761905,,,fixed_0.5,0.5705205811138014,0.9586466165413534,0.0059704188897864345,0.02899107009403902,0.6666666666666666,1.0,0.5,0.7053412184283328,399,0,2,2,0.5,0.0,403,4,146,0.5,0.4,40.300000000000004,0.5,0.15384615384615385,15.5,0.75,0.14285714285714285,14.392857142857142,0.75,0.07317073170731707,7.371951219512194,1.0,0.04938271604938271,4.9753086419753085,with_side,extra_models,0.9950372208436724
cn7,1729,2,random_forest,0.1577886904761905,,,inner_f1,0.5705205811138014,0.9586466165413534,0.0059704188897864345,0.02899107009403902,0.5714285714285714,0.6666666666666666,0.5,0.5737377631684594,398,1,2,2,0.5,0.002506265664160401,403,4,146,0.5,0.4,40.300000000000004,0.5,0.15384615384615385,15.5,0.75,0.14285714285714285,14.392857142857142,0.75,0.07317073170731707,7.371951219512194,1.0,0.04938271604938271,4.9753086419753085,with_side,extra_models,0.9925558312655087
cn7,1729,2,random_forest_balanced,0.18793791561652898,,,fixed_0.5,0.3161057692307692,0.9598997493734336,0.012322431652311417,0.04986643945848869,0.4444444444444444,0.4,0.5,0.4410416094751117,396,3,2,2,0.5,0.007518796992481203,403,4,135,0.5,0.4,40.300000000000004,0.5,0.15384615384615385,15.5,0.75,0.14285714285714285,14.392857142857142,0.75,0.07317073170731707,7.371951219512194,1.0,0.04938271604938271,4.9753086419753085,with_side,extra_models,0.9875930521091811
cn7,1729,2,random_forest_balanced,0.18793791561652898,,,inner_f1,0.3161057692307692,0.9598997493734336,0.012322431652311417,0.04986643945848869,0.21428571428571427,0.125,0.75,0.29211475555411903,378,21,1,3,0.25,0.05263157894736842,403,4,135,0.5,0.4,40.300000000000004,0.5,0.15384615384615385,15.5,0.75,0.14285714285714285,14.392857142857142,0.75,0.07317073170731707,7.371951219512194,1.0,0.04938271604938271,4.9753086419753085,with_side,extra_models,0.9454094292803971
cn7,1729,2,gaussian_nb,1.0,,,fixed_0.5,0.5217731829573935,0.9041353383458646,0.18627787239164753,1.311379660748162,0.08791208791208792,0.04597701149425287,1.0,0.19082156916503512,316,83,0,4,0.0,0.20802005012531327,403,4,123,0.5,0.4,40.300000000000004,0.5,0.15384615384615385,15.5,0.5,0.09523809523809523,9.595238095238095,0.5,0.04878048780487805,4.914634146341464,0.75,0.037037037037037035,3.7314814814814814,with_side,extra_models,0.794044665012407
cn7,1729,2,gaussian_nb,1.0,,,inner_f1,0.5217731829573935,0.9041353383458646,0.18627787239164753,1.311379660748162,0.6666666666666666,1.0,0.5,0.7053412184283328,399,0,2,2,0.5,0.0,403,4,123,0.5,0.4,40.300000000000004,0.5,0.15384615384615385,15.5,0.5,0.09523809523809523,9.595238095238095,0.5,0.04878048780487805,4.914634146341464,0.75,0.037037037037037035,3.7314814814814814,with_side,extra_models,0.9950372208436724
cn7,1729,2,dnn_mlp,0.1544110251159496,,,fixed_0.5,0.5464513556618821,0.8621553884711779,0.011601218977055567,0.07559434040372207,0.4444444444444444,0.4,0.5,0.4410416094751117,396,3,2,2,0.5,0.007518796992481203,403,4,403,0.5,0.4,40.300000000000004,0.5,0.15384615384615385,15.5,0.75,0.14285714285714285,14.392857142857142,0.75,0.07317073170731707,7.371951219512194,0.75,0.037037037037037035,3.7314814814814814,with_side,extra_models,0.9875930521091811
cn7,1729,2,dnn_mlp,0.1544110251159496,,,inner_f1,0.5464513556618821,0.8621553884711779,0.011601218977055567,0.07559434040372207,0.3333333333333333,0.25,0.5,0.34465213716226784,393,6,2,2,0.5,0.015037593984962405,403,4,403,0.5,0.4,40.300000000000004,0.5,0.15384615384615385,15.5,0.75,0.14285714285714285,14.392857142857142,0.75,0.07317073170731707,7.371951219512194,0.75,0.037037037037037035,3.7314814814814814,with_side,extra_models,0.9801488833746899
cn7,2026,0,svm_rbf,0.39796723682303575,,,fixed_0.5,0.5266290726817042,0.906875,,,0.6666666666666666,1.0,0.5,0.7053456158585982,400,0,2,2,0.5,0.0,404,4,404,0.5,0.4,40.4,0.5,0.15384615384615385,15.538461538461538,0.5,0.09523809523809523,9.619047619047619,0.5,0.04878048780487805,4.926829268292683,0.75,0.037037037037037035,3.7407407407407405,with_side,extra_models,0.995049504950495
cn7,2026,0,svm_rbf,0.39796723682303575,,,inner_f1,0.5266290726817042,0.906875,,,0.6666666666666666,1.0,0.5,0.7053456158585982,400,0,2,2,0.5,0.0,404,4,404,0.5,0.4,40.4,0.5,0.15384615384615385,15.538461538461538,0.5,0.09523809523809523,9.619047619047619,0.5,0.04878048780487805,4.926829268292683,0.75,0.037037037037037035,3.7407407407407405,with_side,extra_models,0.995049504950495
cn7,2026,0,svm_rbf_balanced,0.4215804233563294,,,fixed_0.5,0.2954374057315234,0.9725,,,0.3076923076923077,0.2222222222222222,0.5,0.3236961294911304,393,7,2,2,0.5,0.0175,404,4,404,0.5,0.4,40.4,0.75,0.23076923076923078,23.30769230769231,0.75,0.14285714285714285,14.428571428571427,1.0,0.0975609756097561,9.853658536585366,1.0,0.04938271604938271,4.987654320987654,with_side,extra_models,0.9777227722772277
cn7,2026,0,svm_rbf_balanced,0.4215804233563294,,,inner_f1,0.2954374057315234,0.9725,,,0.3157894736842105,0.2,0.75,0.3770266572234242,388,12,1,3,0.25,0.03,404,4,404,0.5,0.4,40.4,0.75,0.23076923076923078,23.30769230769231,0.75,0.14285714285714285,14.428571428571427,1.0,0.0975609756097561,9.853658536585366,1.0,0.04938271604938271,4.987654320987654,with_side,extra_models,0.9678217821782178
cn7,2026,0,random_forest,0.15039087301587295,,,fixed_0.5,0.560752688172043,0.9368749999999999,0.006393773336539393,0.03129438210192575,0.6666666666666666,1.0,0.5,0.7053456158585982,400,0,2,2,0.5,0.0,404,4,150,0.5,0.4,40.4,0.5,0.15384615384615385,15.538461538461538,0.75,0.14285714285714285,14.428571428571427,0.75,0.07317073170731707,7.390243902439024,0.75,0.037037037037037035,3.7407407407407405,with_side,extra_models,0.995049504950495
cn7,2026,0,random_forest,0.15039087301587295,,,inner_f1,0.560752688172043,0.9368749999999999,0.006393773336539393,0.03129438210192575,0.5,0.5,0.5,0.495,398,2,2,2,0.5,0.005,404,4,150,0.5,0.4,40.4,0.5,0.15384615384615385,15.538461538461538,0.75,0.14285714285714285,14.428571428571427,0.75,0.07317073170731707,7.390243902439024,0.75,0.037037037037037035,3.7407407407407405,with_side,extra_models,0.9900990099009901
cn7,2026,0,random_forest_balanced,0.12575868692484793,,,fixed_0.5,0.5904040404040404,0.9693749999999998,0.008114507670939703,0.03797958437761117,0.6666666666666666,1.0,0.5,0.7053456158585982,400,0,2,2,0.5,0.0,404,4,127,0.5,0.4,40.4,0.75,0.23076923076923078,23.30769230769231,0.75,0.14285714285714285,14.428571428571427,0.75,0.07317073170731707,7.390243902439024,1.0,0.04938271604938271,4.987654320987654,with_side,extra_models,0.995049504950495
cn7,2026,0,random_forest_balanced,0.12575868692484793,,,inner_f1,0.5904040404040404,0.9693749999999998,0.008114507670939703,0.03797958437761117,0.21428571428571427,0.125,0.75,0.29215060103345764,379,21,1,3,0.25,0.0525,404,4,127,0.5,0.4,40.4,0.75,0.23076923076923078,23.30769230769231,0.75,0.14285714285714285,14.428571428571427,0.75,0.07317073170731707,7.390243902439024,1.0,0.04938271604938271,4.987654320987654,with_side,extra_models,0.9455445544554455
cn7,2026,0,gaussian_nb,1.0,,,fixed_0.5,0.5933333333333333,0.93625,0.21404054748738033,1.1905889526300262,0.07547169811320754,0.0392156862745098,1.0,0.17206929748579466,302,98,0,4,0.0,0.245,404,4,126,0.5,0.4,40.4,0.75,0.23076923076923078,23.30769230769231,0.75,0.14285714285714285,14.428571428571427,0.75,0.07317073170731707,7.390243902439024,0.75,0.037037037037037035,3.7407407407407405,with_side,extra_models,0.7574257425742574
cn7,2026,0,gaussian_nb,1.0,,,inner_f1,0.5933333333333333,0.93625,0.21404054748738033,1.1905889526300262,0.6666666666666666,1.0,0.5,0.7053456158585982,400,0,2,2,0.5,0.0,404,4,126,0.5,0.4,40.4,0.75,0.23076923076923078,23.30769230769231,0.75,0.14285714285714285,14.428571428571427,0.75,0.07317073170731707,7.390243902439024,0.75,0.037037037037037035,3.7407407407407405,with_side,extra_models,0.995049504950495
cn7,2026,0,dnn_mlp,0.8453822844389524,,,fixed_0.5,0.628419452887538,0.970625,0.00928812298932059,0.05156313710057036,0.5,0.5,0.5,0.495,398,2,2,2,0.5,0.005,404,4,404,0.5,0.4,40.4,0.75,0.23076923076923078,23.30769230769231,0.75,0.14285714285714285,14.428571428571427,0.75,0.07317073170731707,7.390243902439024,1.0,0.04938271604938271,4.987654320987654,with_side,extra_models,0.9900990099009901
cn7,2026,0,dnn_mlp,0.8453822844389524,,,inner_f1,0.628419452887538,0.970625,0.00928812298932059,0.05156313710057036,0.5,0.5,0.5,0.495,398,2,2,2,0.5,0.005,404,4,404,0.5,0.4,40.4,0.75,0.23076923076923078,23.30769230769231,0.75,0.14285714285714285,14.428571428571427,0.75,0.07317073170731707,7.390243902439024,1.0,0.04938271604938271,4.987654320987654,with_side,extra_models,0.9900990099009901
cn7,2026,1,svm_rbf,0.6173848781809885,,,fixed_0.5,0.3987756301423534,0.8647403685092128,,,0.0,0.0,0.0,0.0,398,0,6,0,1.0,0.0,404,6,404,0.3333333333333333,0.4,26.933333333333337,0.5,0.23076923076923078,15.53846153846154,0.5,0.14285714285714285,9.619047619047619,0.5,0.07317073170731707,4.926829268292683,0.8333333333333334,0.06172839506172839,4.156378600823046,with_side,extra_models,0.9851485148514851
cn7,2026,1,svm_rbf,0.6173848781809885,,,inner_f1,0.3987756301423534,0.8647403685092128,,,0.0,0.0,0.0,0.0,398,0,6,0,1.0,0.0,404,6,404,0.3333333333333333,0.4,26.933333333333337,0.5,0.23076923076923078,15.53846153846154,0.5,0.14285714285714285,9.619047619047619,0.5,0.07317073170731707,4.926829268292683,0.8333333333333334,0.06172839506172839,4.156378600823046,with_side,extra_models,0.9851485148514851
cn7,2026,1,svm_rbf_balanced,0.6175784159192039,,,fixed_0.5,0.16450755691745864,0.8764656616415412,,,0.16666666666666666,0.16666666666666666,0.16666666666666666,0.1541038525963149,393,5,5,1,0.8333333333333334,0.01256281407035176,404,6,404,0.16666666666666666,0.2,13.466666666666669,0.5,0.23076923076923078,15.53846153846154,0.6666666666666666,0.19047619047619047,12.825396825396826,0.6666666666666666,0.0975609756097561,6.569105691056911,0.8333333333333334,0.06172839506172839,4.156378600823046,with_side,extra_models,0.9752475247524752
cn7,2026,1,svm_rbf_balanced,0.6175784159192039,,,inner_f1,0.16450755691745864,0.8764656616415412,,,0.0,0.0,0.0,0.0,398,0,6,0,1.0,0.0,404,6,404,0.16666666666666666,0.2,13.466666666666669,0.5,0.23076923076923078,15.53846153846154,0.6666666666666666,0.19047619047619047,12.825396825396826,0.6666666666666666,0.0975609756097561,6.569105691056911,0.8333333333333334,0.06172839506172839,4.156378600823046,with_side,extra_models,0.9851485148514851
cn7,2026,1,random_forest,0.29939760239760227,,,fixed_0.5,0.41902046674387616,0.9267169179229481,0.011516826583711903,0.04984169962619536,0.0,0.0,0.0,0.0,398,0,6,0,1.0,0.0,404,6,132,0.3333333333333333,0.4,26.933333333333337,0.5,0.23076923076923078,15.53846153846154,0.5,0.14285714285714285,9.619047619047619,0.6666666666666666,0.0975609756097561,6.569105691056911,1.0,0.07407407407407407,4.987654320987654,with_side,extra_models,0.9851485148514851
cn7,2026,1,random_forest,0.29939760239760227,,,inner_f1,0.41902046674387616,0.9267169179229481,0.011516826583711903,0.04984169962619536,0.5,1.0,0.3333333333333333,0.5744706987722934,398,0,4,2,0.6666666666666666,0.0,404,6,132,0.3333333333333333,0.4,26.933333333333337,0.5,0.23076923076923078,15.53846153846154,0.5,0.14285714285714285,9.619047619047619,0.6666666666666666,0.0975609756097561,6.569105691056911,1.0,0.07407407407407407,4.987654320987654,with_side,extra_models,0.9900990099009901
cn7,2026,1,random_forest_balanced,0.24080901726570847,,,fixed_0.5,0.24756944444444445,0.937604690117253,0.015865674848409894,0.06002918467637607,0.0,0.0,0.0,-0.006116198417963242,397,1,6,0,1.0,0.002512562814070352,404,6,117,0.3333333333333333,0.4,26.933333333333337,0.3333333333333333,0.15384615384615385,10.35897435897436,0.5,0.14285714285714285,9.619047619047619,0.6666666666666666,0.0975609756097561,6.569105691056911,1.0,0.07407407407407407,4.987654320987654,with_side,extra_models,0.9826732673267327
cn7,2026,1,random_forest_balanced,0.24080901726570847,,,inner_f1,0.24756944444444445,0.937604690117253,0.015865674848409894,0.06002918467637607,0.17391304347826086,0.11764705882352941,0.3333333333333333,0.1781179124854879,383,15,4,2,0.6666666666666666,0.03768844221105527,404,6,117,0.3333333333333333,0.4,26.933333333333337,0.3333333333333333,0.15384615384615385,10.35897435897436,0.5,0.14285714285714285,9.619047619047619,0.6666666666666666,0.0975609756097561,6.569105691056911,1.0,0.07407407407407407,4.987654320987654,with_side,extra_models,0.9529702970297029
cn7,2026,1,gaussian_nb,1.0,,,fixed_0.5,0.29716505246166264,0.9325795644891122,0.13460394719880722,0.9491470308350585,0.136986301369863,0.07462686567164178,0.8333333333333334,0.2203479448458256,336,62,1,5,0.16666666666666666,0.15577889447236182,404,6,122,0.3333333333333333,0.4,26.933333333333337,0.5,0.23076923076923078,15.53846153846154,0.6666666666666666,0.19047619047619047,12.825396825396826,0.8333333333333334,0.12195121951219512,8.211382113821138,0.8333333333333334,0.06172839506172839,4.156378600823046,with_side,extra_models,0.844059405940594
cn7,2026,1,gaussian_nb,1.0,,,inner_f1,0.29716505246166264,0.9325795644891122,0.13460394719880722,0.9491470308350585,0.4,0.5,0.3333333333333333,0.40108729944432847,396,2,4,2,0.6666666666666666,0.005025125628140704,404,6,122,0.3333333333333333,0.4,26.933333333333337,0.5,0.23076923076923078,15.53846153846154,0.6666666666666666,0.19047619047619047,12.825396825396826,0.8333333333333334,0.12195121951219512,8.211382113821138,0.8333333333333334,0.06172839506172839,4.156378600823046,with_side,extra_models,0.9851485148514851
cn7,2026,1,dnn_mlp,0.5294401828889468,,,fixed_0.5,0.5574808500123548,0.9032663316582915,0.009758810985555214,0.07641113943268224,0.4444444444444444,0.6666666666666666,0.3333333333333333,0.4660978679800084,397,1,4,2,0.6666666666666666,0.002512562814070352,404,6,404,0.5,0.6,40.4,0.6666666666666666,0.3076923076923077,20.71794871794872,0.6666666666666666,0.19047619047619047,12.825396825396826,0.6666666666666666,0.0975609756097561,6.569105691056911,0.6666666666666666,0.04938271604938271,3.325102880658436,with_side,extra_models,0.9876237623762376
cn7,2026,1,dnn_mlp,0.5294401828889468,,,inner_f1,0.5574808500123548,0.9032663316582915,0.009758810985555214,0.07641113943268224,0.4444444444444444,0.6666666666666666,0.3333333333333333,0.4660978679800084,397,1,4,2,0.6666666666666666,0.002512562814070352,404,6,404,0.5,0.6,40.4,0.6666666666666666,0.3076923076923077,20.71794871794872,0.6666666666666666,0.19047619047619047,12.825396825396826,0.6666666666666666,0.0975609756097561,6.569105691056911,0.6666666666666666,0.04938271604938271,3.325102880658436,with_side,extra_models,0.9876237623762376
cn7,2026,2,svm_rbf,0.3616908422498151,,,fixed_0.5,0.46737336002479996,0.9094516594516594,,,0.4444444444444444,1.0,0.2857142857142857,0.531179596227605,396,0,5,2,0.7142857142857143,0.0,403,7,403,0.2857142857142857,0.4,23.02857142857143,0.5714285714285714,0.3076923076923077,17.714285714285715,0.7142857142857143,0.23809523809523808,13.707482993197278,0.7142857142857143,0.12195121951219512,7.020905923344947,0.7142857142857143,0.06172839506172839,3.55379188712522,with_side,extra_models,0.9875930521091811
cn7,2026,2,svm_rbf,0.3616908422498151,,,inner_f1,0.46737336002479996,0.9094516594516594,,,0.4444444444444444,1.0,0.2857142857142857,0.531179596227605,396,0,5,2,0.7142857142857143,0.0,403,7,403,0.2857142857142857,0.4,23.02857142857143,0.5714285714285714,0.3076923076923077,17.714285714285715,0.7142857142857143,0.23809523809523808,13.707482993197278,0.7142857142857143,0.12195121951219512,7.020905923344947,0.7142857142857143,0.06172839506172839,3.55379188712522,with_side,extra_models,0.9875930521091811
cn7,2026,2,svm_rbf_balanced,0.3607412099437865,,,fixed_0.5,0.5056324076022161,0.9375901875901875,,,0.5333333333333333,0.5,0.5714285714285714,0.5257380843752512,392,4,3,4,0.42857142857142855,0.010101010101010102,403,7,403,0.2857142857142857,0.4,23.02857142857143,0.5714285714285714,0.3076923076923077,17.714285714285715,0.7142857142857143,0.23809523809523808,13.707482993197278,0.7142857142857143,0.12195121951219512,7.020905923344947,0.8571428571428571,0.07407407407407407,4.264550264550264,with_side,extra_models,0.9826302729528535
cn7,2026,2,svm_rbf_balanced,0.3607412099437865,,,inner_f1,0.5056324076022161,0.9375901875901875,,,0.3225806451612903,0.20833333333333334,0.7142857142857143,0.3678282294173647,377,19,2,5,0.2857142857142857,0.047979797979797977,403,7,403,0.2857142857142857,0.4,23.02857142857143,0.5714285714285714,0.3076923076923077,17.714285714285715,0.7142857142857143,0.23809523809523808,13.707482993197278,0.7142857142857143,0.12195121951219512,7.020905923344947,0.8571428571428571,0.07407407407407407,4.264550264550264,with_side,extra_models,0.9478908188585607
cn7,2026,2,random_forest,0.16498291985791988,,,fixed_0.5,0.47624415058625585,0.9675324675324676,0.012403964467520559,0.048274547874699515,0.4444444444444444,1.0,0.2857142857142857,0.531179596227605,396,0,5,2,0.7142857142857143,0.0,403,7,123,0.2857142857142857,0.4,23.02857142857143,0.5714285714285714,0.3076923076923077,17.714285714285715,0.8571428571428571,0.2857142857142857,16.448979591836732,0.8571428571428571,0.14634146341463414,8.425087108013937,1.0,0.08641975308641975,4.9753086419753085,with_side,extra_models,0.9875930521091811
cn7,2026,2,random_forest,0.16498291985791988,,,inner_f1,0.47624415058625585,0.9675324675324676,0.012403964467520559,0.048274547874699515,0.4444444444444444,1.0,0.2857142857142857,0.531179596227605,396,0,5,2,0.7142857142857143,0.0,403,7,123,0.2857142857142857,0.4,23.02857142857143,0.5714285714285714,0.3076923076923077,17.714285714285715,0.8571428571428571,0.2857142857142857,16.448979591836732,0.8571428571428571,0.14634146341463414,8.425087108013937,1.0,0.08641975308641975,4.9753086419753085,with_side,extra_models,0.9875930521091811
cn7,2026,2,random_forest_balanced,0.16453982396993674,,,fixed_0.5,0.4507129468966802,0.9678932178932179,0.012862965260877383,0.050642795100587085,0.4444444444444444,1.0,0.2857142857142857,0.531179596227605,396,0,5,2,0.7142857142857143,0.0,403,7,132,0.2857142857142857,0.4,23.02857142857143,0.42857142857142855,0.23076923076923078,13.285714285714286,0.7142857142857143,0.23809523809523808,13.707482993197278,1.0,0.17073170731707318,9.829268292682928,1.0,0.08641975308641975,4.9753086419753085,with_side,extra_models,0.9875930521091811
cn7,2026,2,random_forest_balanced,0.16453982396993674,,,inner_f1,0.4507129468966802,0.9678932178932179,0.012862965260877383,0.050642795100587085,0.32,0.2222222222222222,0.5714285714285714,0.3390436221508089,382,14,3,4,0.42857142857142855,0.03535353535353535,403,7,132,0.2857142857142857,0.4,23.02857142857143,0.42857142857142855,0.23076923076923078,13.285714285714286,0.7142857142857143,0.23809523809523808,13.707482993197278,1.0,0.17073170731707318,9.829268292682928,1.0,0.08641975308641975,4.9753086419753085,with_side,extra_models,0.9578163771712159
cn7,2026,2,gaussian_nb,1.0,,,fixed_0.5,0.04181871259670121,0.5764790764790765,0.14143711002343132,2.9585930186671536,0.06557377049180328,0.037037037037037035,0.2857142857142857,0.059215794780313365,344,52,5,2,0.7142857142857143,0.13131313131313133,403,7,55,0.0,0.0,0.0,0.14285714285714285,0.07692307692307693,4.428571428571429,0.14285714285714285,0.047619047619047616,2.7414965986394555,0.14285714285714285,0.024390243902439025,1.4041811846689896,0.2857142857142857,0.024691358024691357,1.421516754850088,with_side,extra_models,0.858560794044665
cn7,2026,2,gaussian_nb,1.0,,,inner_f1,0.04181871259670121,0.5764790764790765,0.14143711002343132,2.9585930186671536,0.0,0.0,0.0,0.0,396,0,7,0,1.0,0.0,403,7,55,0.0,0.0,0.0,0.14285714285714285,0.07692307692307693,4.428571428571429,0.14285714285714285,0.047619047619047616,2.7414965986394555,0.14285714285714285,0.024390243902439025,1.4041811846689896,0.2857142857142857,0.024691358024691357,1.421516754850088,with_side,extra_models,0.9826302729528535
cn7,2026,2,dnn_mlp,0.22320315303441474,,,fixed_0.5,0.43320091886469875,0.8080808080808081,0.01225598098436287,0.14108985224070963,0.4444444444444444,1.0,0.2857142857142857,0.531179596227605,396,0,5,2,0.7142857142857143,0.0,403,7,403,0.42857142857142855,0.6,34.54285714285714,0.42857142857142855,0.23076923076923078,13.285714285714286,0.5714285714285714,0.19047619047619047,10.965986394557822,0.7142857142857143,0.12195121951219512,7.020905923344947,0.7142857142857143,0.06172839506172839,3.55379188712522,with_side,extra_models,0.9875930521091811
cn7,2026,2,dnn_mlp,0.22320315303441474,,,inner_f1,0.43320091886469875,0.8080808080808081,0.01225598098436287,0.14108985224070963,0.4444444444444444,1.0,0.2857142857142857,0.531179596227605,396,0,5,2,0.7142857142857143,0.0,403,7,403,0.42857142857142855,0.6,34.54285714285714,0.42857142857142855,0.23076923076923078,13.285714285714286,0.5714285714285714,0.19047619047619047,10.965986394557822,0.7142857142857143,0.12195121951219512,7.020905923344947,0.7142857142857143,0.06172839506172839,3.55379188712522,with_side,extra_models,0.9875930521091811
rg3,42,0,svm_rbf,0.271910060380991,,,fixed_0.5,0.040486288936797725,0.7438169066076044,,,0.0,0.0,0.0,0.0,387,0,7,0,1.0,0.0,394,7,394,0.0,0.0,0.0,0.0,0.0,0.0,0.0,0.0,0.0,0.14285714285714285,0.025,1.407142857142857,0.42857142857142855,0.0379746835443038,2.1374321880650995,with_side,extra_models,0.9822335025380711
rg3,42,0,svm_rbf,0.271910060380991,,,inner_f1,0.040486288936797725,0.7438169066076044,,,0.04878048780487805,0.029411764705882353,0.14285714285714285,0.027091271392221002,354,33,6,1,0.8571428571428571,0.08527131782945736,394,7,394,0.0,0.0,0.0,0.0,0.0,0.0,0.0,0.0,0.0,0.14285714285714285,0.025,1.407142857142857,0.42857142857142855,0.0379746835443038,2.1374321880650995,with_side,extra_models,0.9010152284263959
rg3,42,0,svm_rbf_balanced,0.4679492304417168,,,fixed_0.5,0.03934700657048825,0.691029900332226,,,0.09090909090909091,0.06666666666666667,0.14285714285714285,0.07364242917290786,373,14,6,1,0.8571428571428571,0.03617571059431524,394,7,394,0.0,0.0,0.0,0.0,0.0,0.0,0.14285714285714285,0.05,2.814285714285714,0.14285714285714285,0.025,1.407142857142857,0.2857142857142857,0.02531645569620253,1.4249547920433996,with_side,extra_models,0.949238578680203
rg3,42,0,svm_rbf_balanced,0.4679492304417168,,,inner_f1,0.03934700657048825,0.691029900332226,,,0.06666666666666667,0.043478260869565216,0.14285714285714285,0.048461912116606824,365,22,6,1,0.8571428571428571,0.056847545219638244,394,7,394,0.0,0.0,0.0,0.0,0.0,0.0,0.14285714285714285,0.05,2.814285714285714,0.14285714285714285,0.025,1.407142857142857,0.2857142857142857,0.02531645569620253,1.4249547920433996,with_side,extra_models,0.9289340101522843
rg3,42,0,random_forest,0.027844091635881054,,,fixed_0.5,0.022439598182269618,0.5684754521963824,0.01821083667850481,0.09412694932379341,0.0,0.0,0.0,0.0,387,0,7,0,1.0,0.0,394,7,394,0.0,0.0,0.0,0.0,0.0,0.0,0.0,0.0,0.0,0.0,0.0,0.0,0.0,0.0,0.0,with_side,extra_models,0.9822335025380711
rg3,42,0,random_forest,0.027844091635881054,,,inner_f1,0.022439598182269618,0.5684754521963824,0.01821083667850481,0.09412694932379341,0.0,0.0,0.0,-0.09383512906444409,258,129,7,0,1.0,0.3333333333333333,394,7,394,0.0,0.0,0.0,0.0,0.0,0.0,0.0,0.0,0.0,0.0,0.0,0.0,0.0,0.0,0.0,with_side,extra_models,0.6548223350253807
rg3,42,0,random_forest_balanced,0.09330934061143502,,,fixed_0.5,0.04410494376686525,0.7707641196013288,0.02831948623491921,0.13257548488946214,0.0,0.0,0.0,0.0,387,0,7,0,1.0,0.0,394,7,387,0.0,0.0,0.0,0.0,0.0,0.0,0.14285714285714285,0.05,2.814285714285714,0.14285714285714285,0.025,1.407142857142857,0.42857142857142855,0.0379746835443038,2.1374321880650995,with_side,extra_models,0.9822335025380711
rg3,42,0,random_forest_balanced,0.09330934061143502,,,inner_f1,0.04410494376686525,0.7707641196013288,0.02831948623491921,0.13257548488946214,0.08450704225352113,0.044444444444444446,0.8571428571428571,0.14580120948251463,258,129,1,6,0.14285714285714285,0.3333333333333333,394,7,387,0.0,0.0,0.0,0.0,0.0,0.0,0.14285714285714285,0.05,2.814285714285714,0.14285714285714285,0.025,1.407142857142857,0.42857142857142855,0.0379746835443038,2.1374321880650995,with_side,extra_models,0.6700507614213198
rg3,42,0,gaussian_nb,9.349870738909751e-16,,,fixed_0.5,0.03293743289079809,0.716500553709856,0.4720811273981637,8.257123777720084,0.07,0.03626943005181347,1.0,0.13725017652864213,201,186,0,7,0.0,0.4806201550387597,394,7,195,0.0,0.0,0.0,0.0,0.0,0.0,0.0,0.0,0.0,0.0,0.0,0.0,0.14285714285714285,0.012658227848101266,0.7124773960216998,with_side,extra_models,0.5279187817258884
rg3,42,0,gaussian_nb,9.349870738909751e-16,,,inner_f1,0.03293743289079809,0.716500553709856,0.4720811273981637,8.257123777720084,0.07,0.03626943005181347,1.0,0.13725017652864213,201,186,0,7,0.0,0.4806201550387597,394,7,195,0.0,0.0,0.0,0.0,0.0,0.0,0.0,0.0,0.0,0.0,0.0,0.0,0.14285714285714285,0.012658227848101266,0.7124773960216998,with_side,extra_models,0.5279187817258884
rg3,42,0,dnn_mlp,0.004284734943623257,,,fixed_0.5,0.04137504284198304,0.6836471022517534,0.022640073812318896,0.266074363381848,0.0,0.0,0.0,-0.009606506961737248,385,2,7,0,1.0,0.00516795865633075,394,7,394,0.0,0.0,0.0,0.14285714285714285,0.08333333333333333,4.69047619047619,0.14285714285714285,0.05,2.814285714285714,0.14285714285714285,0.025,1.407142857142857,0.2857142857142857,0.02531645569620253,1.4249547920433996,with_side,extra_models,0.9771573604060914
rg3,42,0,dnn_mlp,0.004284734943623257,,,inner_f1,0.04137504284198304,0.6836471022517534,0.022640073812318896,0.266074363381848,0.07407407407407407,0.05,0.14285714285714285,0.05642588964702563,368,19,6,1,0.8571428571428571,0.04909560723514212,394,7,394,0.0,0.0,0.0,0.14285714285714285,0.08333333333333333,4.69047619047619,0.14285714285714285,0.05,2.814285714285714,0.14285714285714285,0.025,1.407142857142857,0.2857142857142857,0.02531645569620253,1.4249547920433996,with_side,extra_models,0.9365482233502538
rg3,42,1,svm_rbf,0.2627222179049289,,,fixed_0.5,0.05671713829757482,0.778125,,,0.0,0.0,0.0,0.0,384,0,10,0,1.0,0.0,394,10,394,0.0,0.0,0.0,0.0,0.0,0.0,0.0,0.0,0.0,0.0,0.0,0.0,0.4,0.05063291139240506,1.9949367088607595,with_side,extra_models,0.9746192893401016
rg3,42,1,svm_rbf,0.2627222179049289,,,inner_f1,0.05671713829757482,0.778125,,,0.1,0.05555555555555555,0.5,0.10439029358254298,299,85,5,5,0.5,0.22135416666666666,394,10,394,0.0,0.0,0.0,0.0,0.0,0.0,0.0,0.0,0.0,0.0,0.0,0.0,0.4,0.05063291139240506,1.9949367088607595,with_side,extra_models,0.7715736040609137
rg3,42,1,svm_rbf_balanced,0.3074557858691806,,,fixed_0.5,0.04908790510185537,0.71953125,,,0.0,0.0,0.0,-0.027348363483114042,373,11,10,0,1.0,0.028645833333333332,394,10,394,0.0,0.0,0.0,0.0,0.0,0.0,0.1,0.05,1.9700000000000002,0.2,0.05,1.9700000000000002,0.3,0.0379746835443038,1.4962025316455696,with_side,extra_models,0.9467005076142132
rg3,42,1,svm_rbf_balanced,0.3074557858691806,,,inner_f1,0.04908790510185537,0.71953125,,,0.06521739130434782,0.036585365853658534,0.3,0.03652235177211375,305,79,7,3,0.7,0.20572916666666666,394,10,394,0.0,0.0,0.0,0.0,0.0,0.0,0.1,0.05,1.9700000000000002,0.2,0.05,1.9700000000000002,0.3,0.0379746835443038,1.4962025316455696,with_side,extra_models,0.7817258883248731
rg3,42,1,random_forest,0.07645265093329608,,,fixed_0.5,0.04451530079943193,0.6544270833333333,0.024915432148100988,0.11885954187451891,0.0,0.0,0.0,0.0,384,0,10,0,1.0,0.0,394,10,394,0.0,0.0,0.0,0.0,0.0,0.0,0.0,0.0,0.0,0.0,0.0,0.0,0.4,0.05063291139240506,1.9949367088607595,with_side,extra_models,0.9746192893401016
rg3,42,1,random_forest,0.07645265093329608,,,inner_f1,0.04451530079943193,0.6544270833333333,0.024915432148100988,0.11885954187451891,0.0,0.0,0.0,-0.020067540595872988,378,6,10,0,1.0,0.015625,394,10,394,0.0,0.0,0.0,0.0,0.0,0.0,0.0,0.0,0.0,0.0,0.0,0.0,0.4,0.05063291139240506,1.9949367088607595,with_side,extra_models,0.9593908629441624
rg3,42,1,random_forest_balanced,0.27521870413195076,,,fixed_0.5,0.056296888722440735,0.7028645833333333,0.03430936412799626,0.14776591140276557,0.0,0.0,0.0,-0.008140256928797536,383,1,10,0,1.0,0.0026041666666666665,394,10,376,0.0,0.0,0.0,0.1,0.08333333333333333,3.283333333333333,0.1,0.05,1.9700000000000002,0.2,0.05,1.9700000000000002,0.4,0.05063291139240506,1.9949367088607595,with_side,extra_models,0.9720812182741116
rg3,42,1,random_forest_balanced,0.27521870413195076,,,inner_f1,0.056296888722440735,0.7028645833333333,0.03430936412799626,0.14776591140276557,0.06060606060606061,0.043478260869565216,0.1,0.028650180541019445,362,22,9,1,0.9,0.057291666666666664,394,10,376,0.0,0.0,0.0,0.1,0.08333333333333333,3.283333333333333,0.1,0.05,1.9700000000000002,0.2,0.05,1.9700000000000002,0.4,0.05063291139240506,1.9949367088607595,with_side,extra_models,0.9213197969543148
rg3,42,1,gaussian_nb,0.9999999960027034,,,fixed_0.5,0.045701503256275255,0.7091145833333332,0.45430555234701137,7.151995528126375,0.10050251256281408,0.05291005291005291,1.0,0.16806621375096642,205,179,0,10,0.0,0.4661458333333333,394,10,195,0.0,0.0,0.0,0.0,0.0,0.0,0.1,0.05,1.9700000000000002,0.1,0.025,0.9850000000000001,0.2,0.02531645569620253,0.9974683544303797,with_side,extra_models,0.5456852791878173
rg3,42,1,gaussian_nb,0.9999999960027034,,,inner_f1,0.045701503256275255,0.7091145833333332,0.45430555234701137,7.151995528126375,0.0,0.0,0.0,-0.035308292679127,366,18,10,0,1.0,0.046875,394,10,195,0.0,0.0,0.0,0.0,0.0,0.0,0.1,0.05,1.9700000000000002,0.1,0.025,0.9850000000000001,0.2,0.02531645569620253,0.9974683544303797,with_side,extra_models,0.9289340101522843
rg3,42,1,dnn_mlp,0.0001598139213547207,,,fixed_0.5,0.04126835275630836,0.6859375,0.03524409122781541,0.3829373665356091,0.0,0.0,0.0,-0.016343011261515335,380,4,10,0,1.0,0.010416666666666666,394,10,394,0.0,0.0,0.0,0.0,0.0,0.0,0.0,0.0,0.0,0.1,0.025,0.9850000000000001,0.3,0.0379746835443038,1.4962025316455696,with_side,extra_models,0.9644670050761421
rg3,42,1,dnn_mlp,0.0001598139213547207,,,inner_f1,0.04126835275630836,0.6859375,0.03524409122781541,0.3829373665356091,0.031746031746031744,0.018867924528301886,0.1,-0.016325187270813713,332,52,9,1,0.9,0.13541666666666666,394,10,394,0.0,0.0,0.0,0.0,0.0,0.0,0.0,0.0,0.0,0.1,0.025,0.9850000000000001,0.3,0.0379746835443038,1.4962025316455696,with_side,extra_models,0.8451776649746193
rg3,42,2,svm_rbf,0.28026290701187173,,,fixed_0.5,0.046297669130977395,0.7648963730569948,,,0.0,0.0,0.0,0.0,386,0,8,0,1.0,0.0,394,8,394,0.0,0.0,0.0,0.0,0.0,0.0,0.0,0.0,0.0,0.125,0.025,1.2312500000000002,0.375,0.0379746835443038,1.8702531645569622,with_side,extra_models,0.9796954314720813
rg3,42,2,svm_rbf,0.28026290701187173,,,inner_f1,0.046297669130977395,0.7648963730569948,,,0.0,0.0,0.0,-0.026592583370633104,373,13,8,0,1.0,0.03367875647668394,394,8,394,0.0,0.0,0.0,0.0,0.0,0.0,0.0,0.0,0.0,0.125,0.025,1.2312500000000002,0.375,0.0379746835443038,1.8702531645569622,with_side,extra_models,0.9467005076142132
rg3,42,2,svm_rbf_balanced,0.5299128560127253,,,fixed_0.5,0.04480112545362096,0.7208549222797928,,,0.0,0.0,0.0,-0.02551586423739639,374,12,8,0,1.0,0.031088082901554404,394,8,394,0.0,0.0,0.0,0.0,0.0,0.0,0.0,0.0,0.0,0.25,0.05,2.4625000000000004,0.5,0.05063291139240506,2.4936708860759493,with_side,extra_models,0.949238578680203
rg3,42,2,svm_rbf_balanced,0.5299128560127253,,,inner_f1,0.04480112545362096,0.7208549222797928,,,0.0,0.0,0.0,-0.017902393695146603,380,6,8,0,1.0,0.015544041450777202,394,8,394,0.0,0.0,0.0,0.0,0.0,0.0,0.0,0.0,0.0,0.25,0.05,2.4625000000000004,0.5,0.05063291139240506,2.4936708860759493,with_side,extra_models,0.9644670050761421
rg3,42,2,random_forest,0.028929314875529265,,,fixed_0.5,0.09582425085111268,0.6321243523316062,0.019724435284205862,0.09980066758960689,0.0,0.0,0.0,0.0,386,0,8,0,1.0,0.0,394,8,392,0.125,0.25,12.312500000000002,0.125,0.08333333333333333,4.104166666666667,0.125,0.05,2.4625000000000004,0.25,0.05,2.4625000000000004,0.375,0.0379746835443038,1.8702531645569622,with_side,extra_models,0.9796954314720813
rg3,42,2,random_forest,0.028929314875529265,,,inner_f1,0.09582425085111268,0.6321243523316062,0.019724435284205862,0.09980066758960689,0.06611570247933884,0.035398230088495575,0.5,0.06786381116220011,277,109,4,4,0.5,0.2823834196891192,394,8,392,0.125,0.25,12.312500000000002,0.125,0.08333333333333333,4.104166666666667,0.125,0.05,2.4625000000000004,0.25,0.05,2.4625000000000004,0.375,0.0379746835443038,1.8702531645569622,with_side,extra_models,0.7131979695431472
rg3,42,2,random_forest_balanced,0.28551964777223793,,,fixed_0.5,0.03659827838830187,0.6683937823834196,0.02899721753080054,0.1386858818314916,0.0,0.0,0.0,0.0,386,0,8,0,1.0,0.0,394,8,392,0.0,0.0,0.0,0.0,0.0,0.0,0.0,0.0,0.0,0.125,0.025,1.2312500000000002,0.375,0.0379746835443038,1.8702531645569622,with_side,extra_models,0.9796954314720813
rg3,42,2,random_forest_balanced,0.28551964777223793,,,inner_f1,0.03659827838830187,0.6683937823834196,0.02899721753080054,0.1386858818314916,0.0,0.0,0.0,-0.023231953458229024,376,10,8,0,1.0,0.025906735751295335,394,8,392,0.0,0.0,0.0,0.0,0.0,0.0,0.0,0.0,0.0,0.125,0.025,1.2312500000000002,0.375,0.0379746835443038,1.8702531645569622,with_side,extra_models,0.9543147208121827
rg3,42,2,gaussian_nb,0.9999272885267783,,,fixed_0.5,0.03547758893753807,0.707577720207254,0.47461598303647645,7.8705776966278345,0.07881773399014778,0.041025641025641026,1.0,0.1454321999333978,199,187,0,8,0.0,0.4844559585492228,394,8,196,0.0,0.0,0.0,0.0,0.0,0.0,0.0,0.0,0.0,0.0,0.0,0.0,0.125,0.012658227848101266,0.6234177215189873,with_side,extra_models,0.5253807106598984
rg3,42,2,gaussian_nb,0.9999272885267783,,,inner_f1,0.03547758893753807,0.707577720207254,0.47461598303647645,7.8705776966278345,0.07960199004975124,0.04145077720207254,1.0,0.14691654796640233,201,185,0,8,0.0,0.4792746113989637,394,8,196,0.0,0.0,0.0,0.0,0.0,0.0,0.0,0.0,0.0,0.0,0.0,0.0,0.125,0.012658227848101266,0.6234177215189873,with_side,extra_models,0.5304568527918782
rg3,42,2,dnn_mlp,0.006809720722093167,,,fixed_0.5,0.04203112993065792,0.6813471502590673,0.02586557879901643,0.2969434557316708,0.0,0.0,0.0,-0.01261024689933432,383,3,8,0,1.0,0.007772020725388601,394,8,394,0.0,0.0,0.0,0.0,0.0,0.0,0.0,0.0,0.0,0.125,0.025,1.2312500000000002,0.5,0.05063291139240506,2.4936708860759493,with_side,extra_models,0.9720812182741116
rg3,42,2,dnn_mlp,0.006809720722093167,,,inner_f1,0.04203112993065792,0.6813471502590673,0.02586557879901643,0.2969434557316708,0.0,0.0,0.0,-0.026592583370633104,373,13,8,0,1.0,0.03367875647668394,394,8,394,0.0,0.0,0.0,0.0,0.0,0.0,0.0,0.0,0.0,0.125,0.025,1.2312500000000002,0.5,0.05063291139240506,2.4936708860759493,with_side,extra_models,0.9467005076142132
rg3,1729,0,svm_rbf,0.2552447922821637,,,fixed_0.5,0.18516051871783315,0.8499881319724663,,,0.0,0.0,0.0,0.0,383,0,11,0,1.0,0.0,394,11,394,0.18181818181818182,0.5,17.90909090909091,0.18181818181818182,0.16666666666666666,5.969696969696969,0.18181818181818182,0.1,3.581818181818182,0.36363636363636365,0.1,3.581818181818182,0.6363636363636364,0.08860759493670886,3.1737629459148446,with_side,extra_models,0.9720812182741116
rg3,1729,0,svm_rbf,0.2552447922821637,,,inner_f1,0.18516051871783315,0.8499881319724663,,,0.1317365269461078,0.07051282051282051,1.0,0.20932598088071716,238,145,0,11,0.0,0.3785900783289817,394,11,394,0.18181818181818182,0.5,17.90909090909091,0.18181818181818182,0.16666666666666666,5.969696969696969,0.18181818181818182,0.1,3.581818181818182,0.36363636363636365,0.1,3.581818181818182,0.6363636363636364,0.08860759493670886,3.1737629459148446,with_side,extra_models,0.631979695431472
rg3,1729,0,svm_rbf_balanced,0.1706278961089049,,,fixed_0.5,0.0964419673603509,0.794208402563494,,,0.125,0.2,0.09090909090909091,0.11842521062343037,379,4,10,1,0.9090909090909091,0.010443864229765013,394,11,394,0.0,0.0,0.0,0.18181818181818182,0.16666666666666666,5.969696969696969,0.18181818181818182,0.1,3.581818181818182,0.36363636363636365,0.1,3.581818181818182,0.45454545454545453,0.06329113924050633,2.266973532796318,with_side,extra_models,0.9644670050761421
rg3,1729,0,svm_rbf_balanced,0.1706278961089049,,,inner_f1,0.0964419673603509,0.794208402563494,,,0.10328638497652583,0.054455445544554455,1.0,0.16522352566222845,192,191,0,11,0.0,0.49869451697127937,394,11,394,0.0,0.0,0.0,0.18181818181818182,0.16666666666666666,5.969696969696969,0.18181818181818182,0.1,3.581818181818182,0.36363636363636365,0.1,3.581818181818182,0.45454545454545453,0.06329113924050633,2.266973532796318,with_side,extra_models,0.5152284263959391
rg3,1729,0,random_forest,0.0,,,fixed_0.5,0.10849517594026209,0.6593876097792547,0.02685327998735016,0.1262038536867933,0.0,0.0,0.0,0.0,383,0,11,0,1.0,0.0,394,11,393,0.09090909090909091,0.25,8.954545454545455,0.09090909090909091,0.08333333333333333,2.9848484848484844,0.18181818181818182,0.1,3.581818181818182,0.2727272727272727,0.075,2.686363636363636,0.45454545454545453,0.06329113924050633,2.266973532796318,with_side,extra_models,0.9720812182741116
rg3,1729,0,random_forest,0.0,,,inner_f1,0.10849517594026209,0.6593876097792547,0.02685327998735016,0.1262038536867933,0.05432098765432099,0.027918781725888325,1.0,0.0,0,383,0,11,0.0,1.0,394,11,393,0.09090909090909091,0.25,8.954545454545455,0.09090909090909091,0.08333333333333333,2.9848484848484844,0.18181818181818182,0.1,3.581818181818182,0.2727272727272727,0.075,2.686363636363636,0.45454545454545453,0.06329113924050633,2.266973532796318,with_side,extra_models,0.027918781725888325
rg3,1729,0,random_forest_balanced,0.009774377687126351,,,fixed_0.5,0.11659550384836875,0.8143840493709946,0.03015468295033412,0.13132958824123184,0.0,0.0,0.0,0.0,383,0,11,0,1.0,0.0,394,11,385,0.09090909090909091,0.25,8.954545454545455,0.09090909090909091,0.08333333333333333,2.9848484848484844,0.18181818181818182,0.1,3.581818181818182,0.45454545454545453,0.125,4.4772727272727275,0.5454545454545454,0.0759493670886076,2.7203682393555813,with_side,extra_models,0.9720812182741116
rg3,1729,0,random_forest_balanced,0.009774377687126351,,,inner_f1,0.11659550384836875,0.8143840493709946,0.03015468295033412,0.13132958824123184,0.06027397260273973,0.031073446327683617,1.0,0.056967258543589576,40,343,0,11,0.0,0.8955613577023499,394,11,385,0.09090909090909091,0.25,8.954545454545455,0.09090909090909091,0.08333333333333333,2.9848484848484844,0.18181818181818182,0.1,3.581818181818182,0.45454545454545453,0.125,4.4772727272727275,0.5454545454545454,0.0759493670886076,2.7203682393555813,with_side,extra_models,0.12944162436548223
rg3,1729,0,gaussian_nb,0.0008190401690337924,,,fixed_0.5,0.08126188999977049,0.7624020887728459,0.45428387648285046,7.303813642814369,0.10945273631840796,0.05789473684210526,1.0,0.17560433744940077,204,179,0,11,0.0,0.46736292428198434,394,11,195,0.0,0.0,0.0,0.18181818181818182,0.16666666666666666,5.969696969696969,0.18181818181818182,0.1,3.581818181818182,0.2727272727272727,0.075,2.686363636363636,0.45454545454545453,0.06329113924050633,2.266973532796318,with_side,extra_models,0.5456852791878173
rg3,1729,0,gaussian_nb,0.0008190401690337924,,,inner_f1,0.08126188999977049,0.7624020887728459,0.45428387648285046,7.303813642814369,0.10945273631840796,0.05789473684210526,1.0,0.17560433744940077,204,179,0,11,0.0,0.46736292428198434,394,11,195,0.0,0.0,0.0,0.18181818181818182,0.16666666666666666,5.969696969696969,0.18181818181818182,0.1,3.581818181818182,0.2727272727272727,0.075,2.686363636363636,0.45454545454545453,0.06329113924050633,2.266973532796318,with_side,extra_models,0.5456852791878173
rg3,1729,0,dnn_mlp,5.970019481018072e-07,,,fixed_0.5,0.08717862102205554,0.7752195585093757,0.027878050310418408,0.3392109850788213,0.0,0.0,0.0,0.0,383,0,11,0,1.0,0.0,394,11,394,0.0,0.0,0.0,0.18181818181818182,0.16666666666666666,5.969696969696969,0.18181818181818182,0.1,3.581818181818182,0.2727272727272727,0.075,2.686363636363636,0.45454545454545453,0.06329113924050633,2.266973532796318,with_side,extra_models,0.9720812182741116
rg3,1729,0,dnn_mlp,5.970019481018072e-07,,,inner_f1,0.08717862102205554,0.7752195585093757,0.027878050310418408,0.3392109850788213,0.1016949152542373,0.056074766355140186,0.5454545454545454,0.10435713611108956,282,101,5,6,0.45454545454545453,0.26370757180156656,394,11,394,0.0,0.0,0.0,0.18181818181818182,0.16666666666666666,5.969696969696969,0.18181818181818182,0.1,3.581818181818182,0.2727272727272727,0.075,2.686363636363636,0.45454545454545453,0.06329113924050633,2.266973532796318,with_side,extra_models,0.7309644670050761
rg3,1729,1,svm_rbf,0.2692042345962435,,,fixed_0.5,0.04984451028412984,0.6419342930970837,,,0.0,0.0,0.0,0.0,387,0,7,0,1.0,0.0,394,7,394,0.0,0.0,0.0,0.14285714285714285,0.08333333333333333,4.69047619047619,0.14285714285714285,0.05,2.814285714285714,0.2857142857142857,0.05,2.814285714285714,0.2857142857142857,0.02531645569620253,1.4249547920433996,with_side,extra_models,0.9822335025380711
rg3,1729,1,svm_rbf,0.2692042345962435,,,inner_f1,0.04984451028412984,0.6419342930970837,,,0.06153846153846154,0.034482758620689655,0.2857142857142857,0.052574508936156984,331,56,5,2,0.7142857142857143,0.14470284237726097,394,7,394,0.0,0.0,0.0,0.14285714285714285,0.08333333333333333,4.69047619047619,0.14285714285714285,0.05,2.814285714285714,0.2857142857142857,0.05,2.814285714285714,0.2857142857142857,0.02531645569620253,1.4249547920433996,with_side,extra_models,0.8451776649746193
rg3,1729,1,svm_rbf_balanced,0.33808256349495275,,,fixed_0.5,0.028199309909203524,0.5204872646733112,,,0.0,0.0,0.0,-0.02766990250509735,371,16,7,0,1.0,0.041343669250646,394,7,394,0.0,0.0,0.0,0.0,0.0,0.0,0.14285714285714285,0.05,2.814285714285714,0.14285714285714285,0.025,1.407142857142857,0.2857142857142857,0.02531645569620253,1.4249547920433996,with_side,extra_models,0.9416243654822335
rg3,1729,1,svm_rbf_balanced,0.33808256349495275,,,inner_f1,0.028199309909203524,0.5204872646733112,,,0.05555555555555555,0.03076923076923077,0.2857142857142857,0.04375070984014185,324,63,5,2,0.7142857142857143,0.16279069767441862,394,7,394,0.0,0.0,0.0,0.0,0.0,0.0,0.14285714285714285,0.05,2.814285714285714,0.14285714285714285,0.025,1.407142857142857,0.2857142857142857,0.02531645569620253,1.4249547920433996,with_side,extra_models,0.8274111675126904
rg3,1729,1,random_forest,0.022315476190476188,,,fixed_0.5,0.02363959572396207,0.5079365079365079,0.018176122895501228,0.10907493693290572,0.0,0.0,0.0,0.0,387,0,7,0,1.0,0.0,394,7,381,0.0,0.0,0.0,0.0,0.0,0.0,0.0,0.0,0.0,0.14285714285714285,0.025,1.407142857142857,0.14285714285714285,0.012658227848101266,0.7124773960216998,with_side,extra_models,0.9822335025380711
rg3,1729,1,random_forest,0.022315476190476188,,,inner_f1,0.02363959572396207,0.5079365079365079,0.018176122895501228,0.10907493693290572,0.03550295857988166,0.018518518518518517,0.42857142857142855,0.004757022823893338,228,159,4,3,0.5714285714285714,0.4108527131782946,394,7,381,0.0,0.0,0.0,0.0,0.0,0.0,0.0,0.0,0.0,0.14285714285714285,0.025,1.407142857142857,0.14285714285714285,0.012658227848101266,0.7124773960216998,with_side,extra_models,0.5862944162436549
rg3,1729,1,random_forest_balanced,0.28335880820285575,,,fixed_0.5,0.02419415977255166,0.523624953857512,0.030272280819209164,0.14730250088967006,0.0,0.0,0.0,0.0,387,0,7,0,1.0,0.0,394,7,384,0.0,0.0,0.0,0.0,0.0,0.0,0.0,0.0,0.0,0.14285714285714285,0.025,1.407142857142857,0.2857142857142857,0.02531645569620253,1.4249547920433996,with_side,extra_models,0.9822335025380711
rg3,1729,1,random_forest_balanced,0.28335880820285575,,,inner_f1,0.02419415977255166,0.523624953857512,0.030272280819209164,0.14730250088967006,0.0,0.0,0.0,-0.031100884057415703,367,20,7,0,1.0,0.05167958656330749,394,7,384,0.0,0.0,0.0,0.0,0.0,0.0,0.0,0.0,0.0,0.14285714285714285,0.025,1.407142857142857,0.2857142857142857,0.02531645569620253,1.4249547920433996,with_side,extra_models,0.9314720812182741
rg3,1729,1,gaussian_nb,0.9999992209954641,,,fixed_0.5,0.03007880726289194,0.6840162421557769,0.4694504604686837,7.700592569249149,0.07035175879396985,0.036458333333333336,1.0,0.13794901628458459,202,185,0,7,0.0,0.4780361757105943,394,7,195,0.0,0.0,0.0,0.0,0.0,0.0,0.0,0.0,0.0,0.0,0.0,0.0,0.14285714285714285,0.012658227848101266,0.7124773960216998,with_side,extra_models,0.5304568527918782
rg3,1729,1,gaussian_nb,0.9999992209954641,,,inner_f1,0.03007880726289194,0.6840162421557769,0.4694504604686837,7.700592569249149,0.05442176870748299,0.02857142857142857,0.5714285714285714,0.060724071236614066,251,136,3,4,0.42857142857142855,0.35142118863049093,394,7,195,0.0,0.0,0.0,0.0,0.0,0.0,0.0,0.0,0.0,0.0,0.0,0.0,0.14285714285714285,0.012658227848101266,0.7124773960216998,with_side,extra_models,0.6472081218274112
rg3,1729,1,dnn_mlp,1.3779583496487354e-05,,,fixed_0.5,0.04394125028361223,0.5677371723883352,0.02495447249991649,0.31101324000788977,0.0,0.0,0.0,-0.01178055594798754,384,3,7,0,1.0,0.007751937984496124,394,7,394,0.0,0.0,0.0,0.14285714285714285,0.08333333333333333,4.69047619047619,0.14285714285714285,0.05,2.814285714285714,0.2857142857142857,0.05,2.814285714285714,0.2857142857142857,0.02531645569620253,1.4249547920433996,with_side,extra_models,0.9746192893401016
rg3,1729,1,dnn_mlp,1.3779583496487354e-05,,,inner_f1,0.04394125028361223,0.5677371723883352,0.02495447249991649,0.31101324000788977,0.041237113402061855,0.022222222222222223,0.2857142857142857,0.0183524706377764,299,88,5,2,0.7142857142857143,0.22739018087855298,394,7,394,0.0,0.0,0.0,0.14285714285714285,0.08333333333333333,4.69047619047619,0.14285714285714285,0.05,2.814285714285714,0.2857142857142857,0.05,2.814285714285714,0.2857142857142857,0.02531645569620253,1.4249547920433996,with_side,extra_models,0.7639593908629442
rg3,1729,2,svm_rbf,0.28769999148006586,,,fixed_0.5,0.06265835802540559,0.7873754152823921,,,0.0,0.0,0.0,0.0,387,0,7,0,1.0,0.0,394,7,394,0.0,0.0,0.0,0.0,0.0,0.0,0.14285714285714285,0.05,2.814285714285714,0.42857142857142855,0.075,4.221428571428571,0.5714285714285714,0.05063291139240506,2.849909584086799,with_side,extra_models,0.9822335025380711
rg3,1729,2,svm_rbf,0.28769999148006586,,,inner_f1,0.06265835802540559,0.7873754152823921,,,0.0,0.0,0.0,-0.009606506961737248,385,2,7,0,1.0,0.00516795865633075,394,7,394,0.0,0.0,0.0,0.0,0.0,0.0,0.14285714285714285,0.05,2.814285714285714,0.42857142857142855,0.075,4.221428571428571,0.5714285714285714,0.05063291139240506,2.849909584086799,with_side,extra_models,0.9771573604060914
rg3,1729,2,svm_rbf_balanced,0.4964413985813039,,,fixed_0.5,0.040015851790460945,0.7305278700627538,,,0.0,0.0,0.0,-0.028559284518919096,370,17,7,0,1.0,0.04392764857881137,394,7,394,0.0,0.0,0.0,0.0,0.0,0.0,0.0,0.0,0.0,0.14285714285714285,0.025,1.407142857142857,0.42857142857142855,0.0379746835443038,2.1374321880650995,with_side,extra_models,0.9390862944162437
rg3,1729,2,svm_rbf_balanced,0.4964413985813039,,,inner_f1,0.040015851790460945,0.7305278700627538,,,0.0,0.0,0.0,-0.028559284518919096,370,17,7,0,1.0,0.04392764857881137,394,7,394,0.0,0.0,0.0,0.0,0.0,0.0,0.0,0.0,0.0,0.14285714285714285,0.025,1.407142857142857,0.42857142857142855,0.0379746835443038,2.1374321880650995,with_side,extra_models,0.9390862944162437
rg3,1729,2,random_forest,0.04722660325785325,,,fixed_0.5,0.023797118343807763,0.5939461055740126,0.017763652324443262,0.09097019372082644,0.0,0.0,0.0,0.0,387,0,7,0,1.0,0.0,394,7,394,0.0,0.0,0.0,0.0,0.0,0.0,0.0,0.0,0.0,0.0,0.0,0.0,0.14285714285714285,0.012658227848101266,0.7124773960216998,with_side,extra_models,0.9822335025380711
rg3,1729,2,random_forest,0.04722660325785325,,,inner_f1,0.023797118343807763,0.5939461055740126,0.017763652324443262,0.09097019372082644,0.0,0.0,0.0,-0.041331555072747425,353,34,7,0,1.0,0.08785529715762273,394,7,394,0.0,0.0,0.0,0.0,0.0,0.0,0.0,0.0,0.0,0.0,0.0,0.0,0.14285714285714285,0.012658227848101266,0.7124773960216998,with_side,extra_models,0.8959390862944162
rg3,1729,2,random_forest_balanced,0.3838814488986248,,,fixed_0.5,0.02669912998758443,0.6286452565522332,0.028194370294771776,0.13305534944539418,0.0,0.0,0.0,0.0,387,0,7,0,1.0,0.0,394,7,373,0.0,0.0,0.0,0.0,0.0,0.0,0.0,0.0,0.0,0.0,0.0,0.0,0.14285714285714285,0.012658227848101266,0.7124773960216998,with_side,extra_models,0.9822335025380711
rg3,1729,2,random_forest_balanced,0.3838814488986248,,,inner_f1,0.02669912998758443,0.6286452565522332,0.028194370294771776,0.13305534944539418,0.0,0.0,0.0,-0.009606506961737248,385,2,7,0,1.0,0.00516795865633075,394,7,373,0.0,0.0,0.0,0.0,0.0,0.0,0.0,0.0,0.0,0.0,0.0,0.0,0.14285714285714285,0.012658227848101266,0.7124773960216998,with_side,extra_models,0.9771573604060914
rg3,1729,2,gaussian_nb,0.999999997980975,,,fixed_0.5,0.030977855279525127,0.6910299003322259,0.477157150104656,8.240796883808992,0.06930693069306931,0.035897435897435895,1.0,0.13586349114581917,199,188,0,7,0.0,0.48578811369509045,394,7,196,0.0,0.0,0.0,0.0,0.0,0.0,0.0,0.0,0.0,0.0,0.0,0.0,0.2857142857142857,0.02531645569620253,1.4249547920433996,with_side,extra_models,0.5228426395939086
rg3,1729,2,gaussian_nb,0.999999997980975,,,inner_f1,0.030977855279525127,0.6910299003322259,0.477157150104656,8.240796883808992,0.0,0.0,0.0,-0.019361762058059284,379,8,7,0,1.0,0.020671834625323,394,7,196,0.0,0.0,0.0,0.0,0.0,0.0,0.0,0.0,0.0,0.0,0.0,0.0,0.2857142857142857,0.02531645569620253,1.4249547920433996,with_side,extra_models,0.9619289340101523
rg3,1729,2,dnn_mlp,0.07657299655239565,,,fixed_0.5,0.06921236711630319,0.7718715393133997,0.018218868769495765,0.19597999618276915,0.0,0.0,0.0,0.0,387,0,7,0,1.0,0.0,394,7,394,0.0,0.0,0.0,0.0,0.0,0.0,0.0,0.0,0.0,0.5714285714285714,0.1,5.628571428571428,0.5714285714285714,0.05063291139240506,2.849909584086799,with_side,extra_models,0.9822335025380711
rg3,1729,2,dnn_mlp,0.07657299655239565,,,inner_f1,0.06921236711630319,0.7718715393133997,0.018218868769495765,0.19597999618276915,0.0,0.0,0.0,-0.01178055594798754,384,3,7,0,1.0,0.007751937984496124,394,7,394,0.0,0.0,0.0,0.0,0.0,0.0,0.0,0.0,0.0,0.5714285714285714,0.1,5.628571428571428,0.5714285714285714,0.05063291139240506,2.849909584086799,with_side,extra_models,0.9746192893401016
rg3,2026,0,svm_rbf,0.28757055355449884,,,fixed_0.5,0.052506724687175814,0.7630121816168327,,,0.0,0.0,0.0,0.0,387,0,7,0,1.0,0.0,394,7,394,0.0,0.0,0.0,0.14285714285714285,0.08333333333333333,4.69047619047619,0.14285714285714285,0.05,2.814285714285714,0.2857142857142857,0.05,2.814285714285714,0.5714285714285714,0.05063291139240506,2.849909584086799,with_side,extra_models,0.9822335025380711
rg3,2026,0,svm_rbf,0.28757055355449884,,,inner_f1,0.052506724687175814,0.7630121816168327,,,0.0,0.0,0.0,-0.013620442892440467,383,4,7,0,1.0,0.0103359173126615,394,7,394,0.0,0.0,0.0,0.14285714285714285,0.08333333333333333,4.69047619047619,0.14285714285714285,0.05,2.814285714285714,0.2857142857142857,0.05,2.814285714285714,0.5714285714285714,0.05063291139240506,2.849909584086799,with_side,extra_models,0.9720812182741116
rg3,2026,0,svm_rbf_balanced,0.5096068105236835,,,fixed_0.5,0.03793922740011152,0.709486895533407,,,0.0,0.0,0.0,-0.028559284518919096,370,17,7,0,1.0,0.04392764857881137,394,7,394,0.0,0.0,0.0,0.0,0.0,0.0,0.0,0.0,0.0,0.14285714285714285,0.025,1.407142857142857,0.42857142857142855,0.0379746835443038,2.1374321880650995,with_side,extra_models,0.9390862944162437
rg3,2026,0,svm_rbf_balanced,0.5096068105236835,,,inner_f1,0.03793922740011152,0.709486895533407,,,0.0,0.0,0.0,-0.02766990250509735,371,16,7,0,1.0,0.041343669250646,394,7,394,0.0,0.0,0.0,0.0,0.0,0.0,0.0,0.0,0.0,0.14285714285714285,0.025,1.407142857142857,0.42857142857142855,0.0379746835443038,2.1374321880650995,with_side,extra_models,0.9416243654822335
rg3,2026,0,random_forest,0.10549491312985308,,,fixed_0.5,0.023713693816816702,0.5769656699889258,0.01809227653190602,0.09370094293097452,0.0,0.0,0.0,0.0,387,0,7,0,1.0,0.0,394,7,394,0.0,0.0,0.0,0.0,0.0,0.0,0.0,0.0,0.0,0.0,0.0,0.0,0.14285714285714285,0.012658227848101266,0.7124773960216998,with_side,extra_models,0.9822335025380711
rg3,2026,0,random_forest,0.10549491312985308,,,inner_f1,0.023713693816816702,0.5769656699889258,0.01809227653190602,0.09370094293097452,0.0,0.0,0.0,-0.01524767894897695,382,5,7,0,1.0,0.012919896640826873,394,7,394,0.0,0.0,0.0,0.0,0.0,0.0,0.0,0.0,0.0,0.0,0.0,0.0,0.14285714285714285,0.012658227848101266,0.7124773960216998,with_side,extra_models,0.9695431472081218
rg3,2026,0,random_forest_balanced,0.11243471106482193,,,fixed_0.5,0.05703591459893981,0.7323735695828719,0.03241939109012976,0.14528267964441147,0.0,0.0,0.0,-0.006784178438986118,386,1,7,0,1.0,0.002583979328165375,394,7,378,0.0,0.0,0.0,0.14285714285714285,0.08333333333333333,4.69047619047619,0.14285714285714285,0.05,2.814285714285714,0.2857142857142857,0.05,2.814285714285714,0.2857142857142857,0.02531645569620253,1.4249547920433996,with_side,extra_models,0.9796954314720813
rg3,2026,0,random_forest_balanced,0.11243471106482193,,,inner_f1,0.05703591459893981,0.7323735695828719,0.03241939109012976,0.14528267964441147,0.06015037593984962,0.031746031746031744,0.5714285714285714,0.07256083944484526,265,122,3,4,0.42857142857142855,0.3152454780361757,394,7,378,0.0,0.0,0.0,0.14285714285714285,0.08333333333333333,4.69047619047619,0.14285714285714285,0.05,2.814285714285714,0.2857142857142857,0.05,2.814285714285714,0.2857142857142857,0.02531645569620253,1.4249547920433996,with_side,extra_models,0.682741116751269
rg3,2026,0,gaussian_nb,0.9999978309368208,,,fixed_0.5,0.029180392961314555,0.6762643041712808,0.47461838024625663,8.193932341942675,0.06965174129353234,0.03608247422680412,1.0,0.1365550200550106,200,187,0,7,0.0,0.48320413436692505,394,7,195,0.0,0.0,0.0,0.0,0.0,0.0,0.0,0.0,0.0,0.0,0.0,0.0,0.2857142857142857,0.02531645569620253,1.4249547920433996,with_side,extra_models,0.5253807106598984
rg3,2026,0,gaussian_nb,0.9999978309368208,,,inner_f1,0.029180392961314555,0.6762643041712808,0.47461838024625663,8.193932341942675,0.06417112299465241,0.03333333333333333,0.8571428571428571,0.10807405124258508,213,174,1,6,0.14285714285714285,0.4496124031007752,394,7,195,0.0,0.0,0.0,0.0,0.0,0.0,0.0,0.0,0.0,0.0,0.0,0.0,0.2857142857142857,0.02531645569620253,1.4249547920433996,with_side,extra_models,0.5558375634517766
rg3,2026,0,dnn_mlp,0.1361019622006219,,,fixed_0.5,0.03613708333031726,0.6467331118493909,0.026131263178526185,0.2749749962647037,0.0,0.0,0.0,-0.01524767894897695,382,5,7,0,1.0,0.012919896640826873,394,7,394,0.0,0.0,0.0,0.0,0.0,0.0,0.14285714285714285,0.05,2.814285714285714,0.2857142857142857,0.05,2.814285714285714,0.2857142857142857,0.02531645569620253,1.4249547920433996,with_side,extra_models,0.9695431472081218
rg3,2026,0,dnn_mlp,0.1361019622006219,,,inner_f1,0.03613708333031726,0.6467331118493909,0.026131263178526185,0.2749749962647037,0.0,0.0,0.0,-0.020562903028816623,378,9,7,0,1.0,0.023255813953488372,394,7,394,0.0,0.0,0.0,0.0,0.0,0.0,0.14285714285714285,0.05,2.814285714285714,0.2857142857142857,0.05,2.814285714285714,0.2857142857142857,0.02531645569620253,1.4249547920433996,with_side,extra_models,0.9593908629441624
rg3,2026,1,svm_rbf,0.2680939450794709,,,fixed_0.5,0.07266488477395389,0.7991341991341991,,,0.0,0.0,0.0,0.0,385,0,9,0,1.0,0.0,394,9,394,0.0,0.0,0.0,0.1111111111111111,0.08333333333333333,3.648148148148148,0.1111111111111111,0.05,2.188888888888889,0.3333333333333333,0.075,3.283333333333333,0.6666666666666666,0.0759493670886076,3.3248945147679327,with_side,extra_models,0.9771573604060914
rg3,2026,1,svm_rbf,0.2680939450794709,,,inner_f1,0.07266488477395389,0.7991341991341991,,,0.10714285714285714,0.06382978723404255,0.3333333333333333,0.10096631130220762,341,44,6,3,0.6666666666666666,0.11428571428571428,394,9,394,0.0,0.0,0.0,0.1111111111111111,0.08333333333333333,3.648148148148148,0.1111111111111111,0.05,2.188888888888889,0.3333333333333333,0.075,3.283333333333333,0.6666666666666666,0.0759493670886076,3.3248945147679327,with_side,extra_models,0.8730964467005076
rg3,2026,1,svm_rbf_balanced,0.360095044438386,,,fixed_0.5,0.05069089866208373,0.6987012987012987,,,0.0,0.0,0.0,-0.029346959282671108,371,14,9,0,1.0,0.03636363636363636,394,9,394,0.0,0.0,0.0,0.0,0.0,0.0,0.1111111111111111,0.05,2.188888888888889,0.2222222222222222,0.05,2.188888888888889,0.5555555555555556,0.06329113924050633,2.7707454289732776,with_side,extra_models,0.9416243654822335
rg3,2026,1,svm_rbf_balanced,0.360095044438386,,,inner_f1,0.05069089866208373,0.6987012987012987,,,0.06779661016949153,0.04,0.2222222222222222,0.043782530345122715,337,48,7,2,0.7777777777777778,0.12467532467532468,394,9,394,0.0,0.0,0.0,0.0,0.0,0.0,0.1111111111111111,0.05,2.188888888888889,0.2222222222222222,0.05,2.188888888888889,0.5555555555555556,0.06329113924050633,2.7707454289732776,with_side,extra_models,0.8604060913705583
rg3,2026,1,random_forest,0.08628522001357598,,,fixed_0.5,0.0492960306199534,0.6034632034632035,0.022396704696519096,0.11558489013050736,0.0,0.0,0.0,0.0,385,0,9,0,1.0,0.0,394,9,389,0.0,0.0,0.0,0.1111111111111111,0.08333333333333333,3.648148148148148,0.1111111111111111,0.05,2.188888888888889,0.2222222222222222,0.05,2.188888888888889,0.3333333333333333,0.0379746835443038,1.6624472573839664,with_side,extra_models,0.9771573604060914
rg3,2026,1,random_forest,0.08628522001357598,,,inner_f1,0.0492960306199534,0.6034632034632035,0.022396704696519096,0.11558489013050736,0.0,0.0,0.0,-0.015484193222775274,381,4,9,0,1.0,0.01038961038961039,394,9,389,0.0,0.0,0.0,0.1111111111111111,0.08333333333333333,3.648148148148148,0.1111111111111111,0.05,2.188888888888889,0.2222222222222222,0.05,2.188888888888889,0.3333333333333333,0.0379746835443038,1.6624472573839664,with_side,extra_models,0.9670050761421319
rg3,2026,1,random_forest_balanced,0.27016717412146557,,,fixed_0.5,0.0870785635842344,0.7353535353535353,0.029213013009052023,0.13576004470024916,0.0,0.0,0.0,0.0,385,0,9,0,1.0,0.0,394,9,386,0.0,0.0,0.0,0.2222222222222222,0.16666666666666666,7.296296296296296,0.2222222222222222,0.1,4.377777777777778,0.2222222222222222,0.05,2.188888888888889,0.5555555555555556,0.06329113924050633,2.7707454289732776,with_side,extra_models,0.9771573604060914
rg3,2026,1,random_forest_balanced,0.27016717412146557,,,inner_f1,0.0870785635842344,0.7353535353535353,0.029213013009052023,0.13576004470024916,0.14814814814814814,0.1111111111111111,0.2222222222222222,0.12926844919994557,369,16,7,2,0.7777777777777778,0.04155844155844156,394,9,386,0.0,0.0,0.0,0.2222222222222222,0.16666666666666666,7.296296296296296,0.2222222222222222,0.1,4.377777777777778,0.2222222222222222,0.05,2.188888888888889,0.5555555555555556,0.06329113924050633,2.7707454289732776,with_side,extra_models,0.9416243654822335
rg3,2026,1,gaussian_nb,0.9999999919318513,,,fixed_0.5,0.04542492690282314,0.7388167388167388,0.46182559987404365,7.5165502228460745,0.09,0.04712041884816754,1.0,0.15762395679688582,203,182,0,9,0.0,0.4727272727272727,394,9,195,0.0,0.0,0.0,0.0,0.0,0.0,0.0,0.0,0.0,0.1111111111111111,0.025,1.0944444444444446,0.3333333333333333,0.0379746835443038,1.6624472573839664,with_side,extra_models,0.5380710659898477
rg3,2026,1,gaussian_nb,0.9999999919318513,,,inner_f1,0.04542492690282314,0.7388167388167388,0.46182559987404365,7.5165502228460745,0.06666666666666667,0.0392156862745098,0.2222222222222222,0.04225831055514282,336,49,7,2,0.7777777777777778,0.12727272727272726,394,9,195,0.0,0.0,0.0,0.0,0.0,0.0,0.0,0.0,0.0,0.1111111111111111,0.025,1.0944444444444446,0.3333333333333333,0.0379746835443038,1.6624472573839664,with_side,extra_models,0.8578680203045685
rg3,2026,1,dnn_mlp,0.030886412328276283,,,fixed_0.5,0.049374464745072205,0.7007215007215006,0.03004250463994479,0.32499694077733676,0.0,0.0,0.0,-0.013392545749859208,382,3,9,0,1.0,0.007792207792207792,394,9,394,0.0,0.0,0.0,0.0,0.0,0.0,0.1111111111111111,0.05,2.188888888888889,0.2222222222222222,0.05,2.188888888888889,0.3333333333333333,0.0379746835443038,1.6624472573839664,with_side,extra_models,0.9695431472081218
rg3,2026,1,dnn_mlp,0.030886412328276283,,,inner_f1,0.049374464745072205,0.7007215007215006,0.03004250463994479,0.32499694077733676,0.0,0.0,0.0,-0.023376623376623377,376,9,9,0,1.0,0.023376623376623377,394,9,394,0.0,0.0,0.0,0.0,0.0,0.0,0.1111111111111111,0.05,2.188888888888889,0.2222222222222222,0.05,2.188888888888889,0.3333333333333333,0.0379746835443038,1.6624472573839664,with_side,extra_models,0.9543147208121827
rg3,2026,2,svm_rbf,0.2810703724053526,,,fixed_0.5,0.07208265996247375,0.6810966810966811,,,0.0,0.0,0.0,0.0,385,0,9,0,1.0,0.0,394,9,394,0.1111111111111111,0.25,10.944444444444445,0.1111111111111111,0.08333333333333333,3.648148148148148,0.1111111111111111,0.05,2.188888888888889,0.2222222222222222,0.05,2.188888888888889,0.2222222222222222,0.02531645569620253,1.1082981715893108,with_side,extra_models,0.9771573604060914
rg3,2026,2,svm_rbf,0.2810703724053526,,,inner_f1,0.07208265996247375,0.6810966810966811,,,0.14285714285714285,0.2,0.1111111111111111,0.13443551172687487,381,4,8,1,0.8888888888888888,0.01038961038961039,394,9,394,0.1111111111111111,0.25,10.944444444444445,0.1111111111111111,0.08333333333333333,3.648148148148148,0.1111111111111111,0.05,2.188888888888889,0.2222222222222222,0.05,2.188888888888889,0.2222222222222222,0.02531645569620253,1.1082981715893108,with_side,extra_models,0.9695431472081218
rg3,2026,2,svm_rbf_balanced,0.44226212256613734,,,fixed_0.5,0.04612367770191667,0.6427128427128427,,,0.0,0.0,0.0,-0.02467318856099134,375,10,9,0,1.0,0.025974025974025976,394,9,394,0.0,0.0,0.0,0.1111111111111111,0.08333333333333333,3.648148148148148,0.1111111111111111,0.05,2.188888888888889,0.2222222222222222,0.05,2.188888888888889,0.3333333333333333,0.0379746835443038,1.6624472573839664,with_side,extra_models,0.9517766497461929
rg3,2026,2,svm_rbf_balanced,0.44226212256613734,,,inner_f1,0.04612367770191667,0.6427128427128427,,,0.08,0.0625,0.1111111111111111,0.054611297873331376,370,15,8,1,0.8888888888888888,0.03896103896103896,394,9,394,0.0,0.0,0.0,0.1111111111111111,0.08333333333333333,3.648148148148148,0.1111111111111111,0.05,2.188888888888889,0.2222222222222222,0.05,2.188888888888889,0.3333333333333333,0.0379746835443038,1.6624472573839664,with_side,extra_models,0.9416243654822335
rg3,2026,2,random_forest,0.06408644992037486,,,fixed_0.5,0.037997793248223215,0.6476190476190475,0.0224107321313768,0.10725464897152727,0.0,0.0,0.0,0.0,385,0,9,0,1.0,0.0,394,9,392,0.0,0.0,0.0,0.0,0.0,0.0,0.1111111111111111,0.05,2.188888888888889,0.1111111111111111,0.025,1.0944444444444446,0.3333333333333333,0.0379746835443038,1.6624472573839664,with_side,extra_models,0.9771573604060914
rg3,2026,2,random_forest,0.06408644992037486,,,inner_f1,0.037997793248223215,0.6476190476190475,0.0224107321313768,0.10725464897152727,0.0,0.0,0.0,-0.029346959282671108,371,14,9,0,1.0,0.03636363636363636,394,9,392,0.0,0.0,0.0,0.0,0.0,0.0,0.1111111111111111,0.05,2.188888888888889,0.1111111111111111,0.025,1.0944444444444446,0.3333333333333333,0.0379746835443038,1.6624472573839664,with_side,extra_models,0.9416243654822335
rg3,2026,2,random_forest_balanced,0.0768505685008169,,,fixed_0.5,0.06157937352895442,0.6502164502164502,0.028928978231836672,0.1373923032165262,0.0,0.0,0.0,0.0,385,0,9,0,1.0,0.0,394,9,387,0.0,0.0,0.0,0.1111111111111111,0.08333333333333333,3.648148148148148,0.1111111111111111,0.05,2.188888888888889,0.2222222222222222,0.05,2.188888888888889,0.3333333333333333,0.0379746835443038,1.6624472573839664,with_side,extra_models,0.9771573604060914
rg3,2026,2,random_forest_balanced,0.0768505685008169,,,inner_f1,0.06157937352895442,0.6502164502164502,0.028928978231836672,0.1373923032165262,0.07142857142857142,0.03816793893129771,0.5555555555555556,0.07239546166546905,259,126,4,5,0.4444444444444444,0.32727272727272727,394,9,387,0.0,0.0,0.0,0.1111111111111111,0.08333333333333333,3.648148148148148,0.1111111111111111,0.05,2.188888888888889,0.2222222222222222,0.05,2.188888888888889,0.3333333333333333,0.0379746835443038,1.6624472573839664,with_side,extra_models,0.6700507614213198
rg3,2026,2,gaussian_nb,0.9999999979524379,,,fixed_0.5,0.06912197544924405,0.744011544011544,0.46446666900931155,7.811937748937961,0.08955223880597014,0.046875,1.0,0.1568252398185823,202,183,0,9,0.0,0.4753246753246753,394,9,196,0.0,0.0,0.0,0.2222222222222222,0.16666666666666666,7.296296296296296,0.2222222222222222,0.1,4.377777777777778,0.2222222222222222,0.05,2.188888888888889,0.2222222222222222,0.02531645569620253,1.1082981715893108,with_side,extra_models,0.5355329949238579
rg3,2026,2,gaussian_nb,0.9999999979524379,,,inner_f1,0.06912197544924405,0.744011544011544,0.46446666900931155,7.811937748937961,0.0,0.0,0.0,0.0,385,0,9,0,1.0,0.0,394,9,196,0.0,0.0,0.0,0.2222222222222222,0.16666666666666666,7.296296296296296,0.2222222222222222,0.1,4.377777777777778,0.2222222222222222,0.05,2.188888888888889,0.2222222222222222,0.02531645569620253,1.1082981715893108,with_side,extra_models,0.9771573604060914
rg3,2026,2,dnn_mlp,0.0005377539224509985,,,fixed_0.5,0.06775794884622671,0.6568542568542568,0.023143464890273836,0.3159783719057541,0.0,0.0,0.0,0.0,385,0,9,0,1.0,0.0,394,9,394,0.0,0.0,0.0,0.1111111111111111,0.08333333333333333,3.648148148148148,0.2222222222222222,0.1,4.377777777777778,0.2222222222222222,0.05,2.188888888888889,0.4444444444444444,0.05063291139240506,2.2165963431786215,with_side,extra_models,0.9771573604060914
rg3,2026,2,dnn_mlp,0.0005377539224509985,,,inner_f1,0.06775794884622671,0.6568542568542568,0.023143464890273836,0.3159783719057541,0.1111111111111111,0.07407407407407407,0.2222222222222222,0.09301006943659994,360,25,7,2,0.7777777777777778,0.06493506493506493,394,9,394,0.0,0.0,0.0,0.1111111111111111,0.08333333333333333,3.648148148148148,0.2222222222222222,0.1,4.377777777777778,0.2222222222222222,0.05,2.188888888888889,0.4444444444444444,0.05063291139240506,2.2165963431786215,with_side,extra_models,0.9187817258883249
pooled,42,0,svm_rbf,0.4218690497577971,,,fixed_0.5,0.18057055698695818,0.7920999817551542,,,0.25,1.0,0.14285714285714285,0.375101064548392,783,0,12,2,0.8571428571428571,0.0,797,14,797,0.14285714285714285,0.25,14.232142857142858,0.14285714285714285,0.08333333333333333,4.744047619047619,0.14285714285714285,0.05,2.8464285714285715,0.14285714285714285,0.025,1.4232142857142858,0.5714285714285714,0.05,2.8464285714285715,with_side,extra_models,0.9849435382685069
pooled,42,0,svm_rbf,0.4218690497577971,,,inner_f1,0.18057055698695818,0.7920999817551542,,,0.25,1.0,0.14285714285714285,0.375101064548392,783,0,12,2,0.8571428571428571,0.0,797,14,797,0.14285714285714285,0.25,14.232142857142858,0.14285714285714285,0.08333333333333333,4.744047619047619,0.14285714285714285,0.05,2.8464285714285715,0.14285714285714285,0.025,1.4232142857142858,0.5714285714285714,0.05,2.8464285714285715,with_side,extra_models,0.9849435382685069
pooled,42,0,svm_rbf_balanced,0.31403528482498777,,,fixed_0.5,0.05207512608902919,0.7649151614668855,,,0.1,0.07692307692307693,0.14285714285714285,0.08297482584786549,759,24,12,2,0.8571428571428571,0.03065134099616858,797,14,796,0.0,0.0,0.0,0.14285714285714285,0.08333333333333333,4.744047619047619,0.14285714285714285,0.05,2.8464285714285715,0.35714285714285715,0.0625,3.5580357142857144,0.42857142857142855,0.0375,2.1348214285714286,with_side,extra_models,0.9548306148055207
pooled,42,0,svm_rbf_balanced,0.31403528482498777,,,inner_f1,0.05207512608902919,0.7649151614668855,,,0.08,0.04504504504504504,0.35714285714285715,0.08414271337479848,677,106,9,5,0.6428571428571429,0.13537675606641125,797,14,796,0.0,0.0,0.0,0.14285714285714285,0.08333333333333333,4.744047619047619,0.14285714285714285,0.05,2.8464285714285715,0.35714285714285715,0.0625,3.5580357142857144,0.42857142857142855,0.0375,2.1348214285714286,with_side,extra_models,0.8557089084065245
pooled,42,0,random_forest,0.22760782344802966,,,fixed_0.5,0.1904454694121239,0.8015873015873015,0.01562772810997234,0.07359170748256576,0.25,1.0,0.14285714285714285,0.375101064548392,783,0,12,2,0.8571428571428571,0.0,797,14,771,0.14285714285714285,0.25,14.232142857142858,0.14285714285714285,0.08333333333333333,4.744047619047619,0.21428571428571427,0.075,4.269642857142857,0.35714285714285715,0.0625,3.5580357142857144,0.5,0.04375,2.490625,with_side,extra_models,0.9849435382685069
pooled,42,0,random_forest,0.22760782344802966,,,inner_f1,0.1904454694121239,0.8015873015873015,0.01562772810997234,0.07359170748256576,0.2222222222222222,0.5,0.14285714285714285,0.2608223762475765,781,2,12,2,0.8571428571428571,0.002554278416347382,797,14,771,0.14285714285714285,0.25,14.232142857142858,0.14285714285714285,0.08333333333333333,4.744047619047619,0.21428571428571427,0.075,4.269642857142857,0.35714285714285715,0.0625,3.5580357142857144,0.5,0.04375,2.490625,with_side,extra_models,0.9824341279799247
pooled,42,0,random_forest_balanced,0.21531033547234457,,,fixed_0.5,0.1931210006841228,0.8382594417077176,0.025689244186932594,0.11408303113132008,0.2222222222222222,0.5,0.14285714285714285,0.2608223762475765,781,2,12,2,0.8571428571428571,0.002554278416347382,797,14,646,0.14285714285714285,0.25,14.232142857142858,0.14285714285714285,0.08333333333333333,4.744047619047619,0.14285714285714285,0.05,2.8464285714285715,0.35714285714285715,0.0625,3.5580357142857144,0.7142857142857143,0.0625,3.5580357142857144,with_side,extra_models,0.9824341279799247
pooled,42,0,random_forest_balanced,0.21531033547234457,,,inner_f1,0.1931210006841228,0.8382594417077176,0.025689244186932594,0.11408303113132008,0.0970873786407767,0.056179775280898875,0.35714285714285715,0.1042162642227022,699,84,9,5,0.6428571428571429,0.10727969348659004,797,14,646,0.14285714285714285,0.25,14.232142857142858,0.14285714285714285,0.08333333333333333,4.744047619047619,0.14285714285714285,0.05,2.8464285714285715,0.35714285714285715,0.0625,3.5580357142857144,0.7142857142857143,0.0625,3.5580357142857144,with_side,extra_models,0.8833124215809285
pooled,42,0,gaussian_nb,1.0,,,fixed_0.5,0.18985187917997282,0.78370735267287,0.0267873360903348,0.2712883235578569,0.15384615384615385,0.16666666666666666,0.14285714285714285,0.14032956379962144,773,10,12,2,0.8571428571428571,0.01277139208173691,797,14,796,0.14285714285714285,0.25,14.232142857142858,0.21428571428571427,0.125,7.116071428571429,0.21428571428571427,0.075,4.269642857142857,0.35714285714285715,0.0625,3.5580357142857144,0.42857142857142855,0.0375,2.1348214285714286,with_side,extra_models,0.972396486825596
pooled,42,0,gaussian_nb,1.0,,,inner_f1,0.18985187917997282,0.78370735267287,0.0267873360903348,0.2712883235578569,0.25,1.0,0.14285714285714285,0.375101064548392,783,0,12,2,0.8571428571428571,0.0,797,14,796,0.14285714285714285,0.25,14.232142857142858,0.21428571428571427,0.125,7.116071428571429,0.21428571428571427,0.075,4.269642857142857,0.35714285714285715,0.0625,3.5580357142857144,0.42857142857142855,0.0375,2.1348214285714286,with_side,extra_models,0.9849435382685069
pooled,42,0,dnn_mlp,0.9914685421116558,,,fixed_0.5,0.17347546024415908,0.7021528918080643,0.020148573625592577,0.3771339938674353,0.19047619047619047,0.2857142857142857,0.14285714285714285,0.1921428061240765,778,5,12,2,0.8571428571428571,0.006385696040868455,797,14,797,0.14285714285714285,0.25,14.232142857142858,0.14285714285714285,0.08333333333333333,4.744047619047619,0.14285714285714285,0.05,2.8464285714285715,0.2857142857142857,0.05,2.8464285714285715,0.35714285714285715,0.03125,1.7790178571428572,with_side,extra_models,0.9786700125470514
pooled,42,0,dnn_mlp,0.9914685421116558,,,inner_f1,0.17347546024415908,0.7021528918080643,0.020148573625592577,0.3771339938674353,0.23529411764705882,0.6666666666666666,0.14285714285714285,0.3037217821186577,782,1,12,2,0.8571428571428571,0.001277139208173691,797,14,797,0.14285714285714285,0.25,14.232142857142858,0.14285714285714285,0.08333333333333333,4.744047619047619,0.14285714285714285,0.05,2.8464285714285715,0.2857142857142857,0.05,2.8464285714285715,0.35714285714285715,0.03125,1.7790178571428572,with_side,extra_models,0.9836888331242158
pooled,42,1,svm_rbf,0.6071475041669875,,,fixed_0.5,0.2288980867046927,0.8141107300342969,,,0.0,0.0,0.0,0.0,785,0,13,0,1.0,0.0,798,13,798,0.23076923076923078,0.375,23.01923076923077,0.23076923076923078,0.125,7.673076923076923,0.23076923076923078,0.075,4.603846153846154,0.38461538461538464,0.0625,3.8365384615384617,0.6153846153846154,0.05,3.0692307692307694,with_side,extra_models,0.9837092731829574
pooled,42,1,svm_rbf,0.6071475041669875,,,inner_f1,0.2288980867046927,0.8141107300342969,,,0.0,0.0,0.0,0.0,785,0,13,0,1.0,0.0,798,13,798,0.23076923076923078,0.375,23.01923076923077,0.23076923076923078,0.125,7.673076923076923,0.23076923076923078,0.075,4.603846153846154,0.38461538461538464,0.0625,3.8365384615384617,0.6153846153846154,0.05,3.0692307692307694,with_side,extra_models,0.9837092731829574
pooled,42,1,svm_rbf_balanced,0.5951897220996343,,,fixed_0.5,0.06488559120260975,0.8228319451249388,,,0.10256410256410256,0.07692307692307693,0.15384615384615385,0.0878979633723574,761,24,11,2,0.8461538461538461,0.030573248407643312,798,13,798,0.07692307692307693,0.125,7.673076923076923,0.07692307692307693,0.041666666666666664,2.5576923076923075,0.15384615384615385,0.05,3.0692307692307694,0.23076923076923078,0.0375,2.301923076923077,0.6153846153846154,0.05,3.0692307692307694,with_side,extra_models,0.956140350877193
pooled,42,1,svm_rbf_balanced,0.5951897220996343,,,inner_f1,0.06488559120260975,0.8228319451249388,,,0.09523809523809523,0.125,0.07692307692307693,0.0864160530979803,778,7,12,1,0.9230769230769231,0.008917197452229299,798,13,798,0.07692307692307693,0.125,7.673076923076923,0.07692307692307693,0.041666666666666664,2.5576923076923075,0.15384615384615385,0.05,3.0692307692307694,0.23076923076923078,0.0375,2.301923076923077,0.6153846153846154,0.05,3.0692307692307694,with_side,extra_models,0.9761904761904762
pooled,42,1,random_forest,0.10633540181591668,,,fixed_0.5,0.20084506683650008,0.7959823615874572,0.01446323468926984,0.06972931221165639,0.14285714285714285,1.0,0.07692307692307693,0.27525422350822504,785,0,12,1,0.9230769230769231,0.0,798,13,798,0.15384615384615385,0.25,15.346153846153847,0.15384615384615385,0.08333333333333333,5.115384615384615,0.23076923076923078,0.075,4.603846153846154,0.38461538461538464,0.0625,3.8365384615384617,0.6153846153846154,0.05,3.0692307692307694,with_side,extra_models,0.9849624060150376
pooled,42,1,random_forest,0.10633540181591668,,,inner_f1,0.20084506683650008,0.7959823615874572,0.01446323468926984,0.06972931221165639,0.17391304347826086,0.2,0.15384615384615385,0.16347989761001047,777,8,11,2,0.8461538461538461,0.01019108280254777,798,13,798,0.15384615384615385,0.25,15.346153846153847,0.15384615384615385,0.08333333333333333,5.115384615384615,0.23076923076923078,0.075,4.603846153846154,0.38461538461538464,0.0625,3.8365384615384617,0.6153846153846154,0.05,3.0692307692307694,with_side,extra_models,0.9761904761904762
pooled,42,1,random_forest_balanced,0.45701932364619424,,,fixed_0.5,0.10847748639259364,0.865360117589417,0.021717027316995416,0.09798513453634415,0.0,0.0,0.0,-0.0064505286983152985,783,2,13,0,1.0,0.0025477707006369425,798,13,608,0.07692307692307693,0.125,7.673076923076923,0.3076923076923077,0.16666666666666666,10.23076923076923,0.3076923076923077,0.1,6.138461538461539,0.38461538461538464,0.0625,3.8365384615384617,0.6923076923076923,0.05625,3.4528846153846158,with_side,extra_models,0.981203007518797
pooled,42,1,random_forest_balanced,0.45701932364619424,,,inner_f1,0.10847748639259364,0.865360117589417,0.021717027316995416,0.09798513453634415,0.11764705882352941,0.25,0.07692307692307693,0.1310364371069588,782,3,12,1,0.9230769230769231,0.003821656050955414,798,13,608,0.07692307692307693,0.125,7.673076923076923,0.3076923076923077,0.16666666666666666,10.23076923076923,0.3076923076923077,0.1,6.138461538461539,0.38461538461538464,0.0625,3.8365384615384617,0.6923076923076923,0.05625,3.4528846153846158,with_side,extra_models,0.981203007518797
pooled,42,1,gaussian_nb,1.0,,,fixed_0.5,0.19396383158270822,0.7996080352768251,0.042232821393431916,0.39565755509061495,0.1,0.07407407407407407,0.15384615384615385,0.08541886093717557,760,25,11,2,0.8461538461538461,0.03184713375796178,798,13,797,0.15384615384615385,0.25,15.346153846153847,0.15384615384615385,0.08333333333333333,5.115384615384615,0.23076923076923078,0.075,4.603846153846154,0.3076923076923077,0.05,3.0692307692307694,0.5384615384615384,0.04375,2.685576923076923,with_side,extra_models,0.9548872180451128
pooled,42,1,gaussian_nb,1.0,,,inner_f1,0.19396383158270822,0.7996080352768251,0.042232821393431916,0.39565755509061495,0.26666666666666666,1.0,0.15384615384615385,0.38951269447519304,785,0,11,2,0.8461538461538461,0.0,798,13,797,0.15384615384615385,0.25,15.346153846153847,0.15384615384615385,0.08333333333333333,5.115384615384615,0.23076923076923078,0.075,4.603846153846154,0.3076923076923077,0.05,3.0692307692307694,0.5384615384615384,0.04375,2.685576923076923,with_side,extra_models,0.9862155388471178
pooled,42,1,dnn_mlp,0.6444003132983074,,,fixed_0.5,0.10954655279862928,0.8174424301812837,0.01978945427628517,0.2825904732876202,0.19047619047619047,0.25,0.15384615384615385,0.18578206227980779,779,6,11,2,0.8461538461538461,0.007643312101910828,798,13,798,0.15384615384615385,0.25,15.346153846153847,0.15384615384615385,0.08333333333333333,5.115384615384615,0.15384615384615385,0.05,3.0692307692307694,0.3076923076923077,0.05,3.0692307692307694,0.6923076923076923,0.05625,3.4528846153846158,with_side,extra_models,0.9786967418546366
pooled,42,1,dnn_mlp,0.6444003132983074,,,inner_f1,0.10954655279862928,0.8174424301812837,0.01978945427628517,0.2825904732876202,0.19047619047619047,0.25,0.15384615384615385,0.18578206227980779,779,6,11,2,0.8461538461538461,0.007643312101910828,798,13,798,0.15384615384615385,0.25,15.346153846153847,0.15384615384615385,0.08333333333333333,5.115384615384615,0.15384615384615385,0.05,3.0692307692307694,0.3076923076923077,0.05,3.0692307692307694,0.6923076923076923,0.05625,3.4528846153846158,with_side,extra_models,0.9786967418546366
pooled,42,2,svm_rbf,0.28611660695468066,,,fixed_0.5,0.18796561527994987,0.7533418475947211,,,0.23529411764705882,1.0,0.13333333333333333,0.362154357828913,783,0,13,2,0.8666666666666667,0.0,798,15,798,0.13333333333333333,0.25,13.3,0.13333333333333333,0.08333333333333333,4.433333333333334,0.3333333333333333,0.125,6.65,0.4,0.075,3.99,0.5333333333333333,0.05,2.66,with_side,extra_models,0.9837092731829574
pooled,42,2,svm_rbf,0.28611660695468066,,,inner_f1,0.18796561527994987,0.7533418475947211,,,0.16,0.2,0.13333333333333333,0.15030681550343145,775,8,13,2,0.8666666666666667,0.010217113665389528,798,15,798,0.13333333333333333,0.25,13.3,0.13333333333333333,0.08333333333333333,4.433333333333334,0.3333333333333333,0.125,6.65,0.4,0.075,3.99,0.5333333333333333,0.05,2.66,with_side,extra_models,0.9736842105263158
pooled,42,2,svm_rbf_balanced,0.5295760155952972,,,fixed_0.5,0.17850835243277444,0.7321413367390378,,,0.25,0.23529411764705882,0.26666666666666666,0.23519466070586667,770,13,11,4,0.7333333333333333,0.016602809706257982,798,15,798,0.13333333333333333,0.25,13.3,0.3333333333333333,0.20833333333333334,11.083333333333334,0.4,0.15,7.98,0.5333333333333333,0.1,5.32,0.6,0.05625,2.9925,with_side,extra_models,0.9699248120300752
pooled,42,2,svm_rbf_balanced,0.5295760155952972,,,inner_f1,0.17850835243277444,0.7321413367390378,,,0.2222222222222222,0.25,0.2,0.2103532420567865,774,9,12,3,0.8,0.011494252873563218,798,15,798,0.13333333333333333,0.25,13.3,0.3333333333333333,0.20833333333333334,11.083333333333334,0.4,0.15,7.98,0.5333333333333333,0.1,5.32,0.6,0.05625,2.9925,with_side,extra_models,0.9736842105263158
pooled,42,2,random_forest,0.20588036616161617,,,fixed_0.5,0.20009875265372115,0.7064282673478076,0.01653103654869382,0.08626064968582489,0.23529411764705882,1.0,0.13333333333333333,0.362154357828913,783,0,13,2,0.8666666666666667,0.0,798,15,785,0.2,0.375,19.950000000000003,0.2,0.125,6.65,0.2,0.075,3.99,0.26666666666666666,0.05,2.66,0.4666666666666667,0.04375,2.3275,with_side,extra_models,0.9837092731829574
pooled,42,2,random_forest,0.20588036616161617,,,inner_f1,0.20009875265372115,0.7064282673478076,0.01653103654869382,0.08626064968582489,0.23529411764705882,1.0,0.13333333333333333,0.362154357828913,783,0,13,2,0.8666666666666667,0.0,798,15,785,0.2,0.375,19.950000000000003,0.2,0.125,6.65,0.2,0.075,3.99,0.26666666666666666,0.05,2.66,0.4666666666666667,0.04375,2.3275,with_side,extra_models,0.9837092731829574
pooled,42,2,random_forest_balanced,0.20029375780965059,,,fixed_0.5,0.2088355491054678,0.8165176670923797,0.022120002772730987,0.10224014247094415,0.11764705882352941,0.5,0.06666666666666667,0.17760826744099947,782,1,14,1,0.9333333333333333,0.001277139208173691,798,15,610,0.2,0.375,19.950000000000003,0.26666666666666666,0.16666666666666666,8.866666666666667,0.4,0.15,7.98,0.5333333333333333,0.1,5.32,0.6666666666666666,0.0625,3.325,with_side,extra_models,0.981203007518797
pooled,42,2,random_forest_balanced,0.20029375780965059,,,inner_f1,0.2088355491054678,0.8165176670923797,0.022120002772730987,0.10224014247094415,0.1917808219178082,0.1206896551724138,0.4666666666666667,0.21004745759228036,732,51,8,7,0.5333333333333333,0.06513409961685823,798,15,610,0.2,0.375,19.950000000000003,0.26666666666666666,0.16666666666666666,8.866666666666667,0.4,0.15,7.98,0.5333333333333333,0.1,5.32,0.6666666666666666,0.0625,3.325,with_side,extra_models,0.9260651629072681
pooled,42,2,gaussian_nb,1.0,,,fixed_0.5,0.22536059221816757,0.7784589186888037,0.021941638140833518,0.1881480457867458,0.25,0.3333333333333333,0.2,0.24736028011396935,777,6,12,3,0.8,0.007662835249042145,798,15,797,0.2,0.375,19.950000000000003,0.26666666666666666,0.16666666666666666,8.866666666666667,0.3333333333333333,0.125,6.65,0.4666666666666667,0.0875,4.655,0.5333333333333333,0.05,2.66,with_side,extra_models,0.9774436090225563
pooled,42,2,gaussian_nb,1.0,,,inner_f1,0.22536059221816757,0.7784589186888037,0.021941638140833518,0.1881480457867458,0.23529411764705882,1.0,0.13333333333333333,0.362154357828913,783,0,13,2,0.8666666666666667,0.0,798,15,797,0.2,0.375,19.950000000000003,0.26666666666666666,0.16666666666666666,8.866666666666667,0.3333333333333333,0.125,6.65,0.4666666666666667,0.0875,4.655,0.5333333333333333,0.05,2.66,with_side,extra_models,0.9837092731829574
pooled,42,2,dnn_mlp,0.0028766341767755685,,,fixed_0.5,0.2785796112372272,0.7670498084291187,0.01844601450899722,0.299743856423425,0.34782608695652173,0.5,0.26666666666666666,0.35656290686526704,779,4,11,4,0.7333333333333333,0.005108556832694764,798,15,798,0.26666666666666666,0.5,26.6,0.4,0.25,13.3,0.4666666666666667,0.175,9.31,0.5333333333333333,0.1,5.32,0.6,0.05625,2.9925,with_side,extra_models,0.981203007518797
pooled,42,2,dnn_mlp,0.0028766341767755685,,,inner_f1,0.2785796112372272,0.7670498084291187,0.01844601450899722,0.299743856423425,0.2777777777777778,0.23809523809523808,0.3333333333333333,0.2654670819936003,767,16,10,5,0.6666666666666666,0.020434227330779056,798,15,798,0.26666666666666666,0.5,26.6,0.4,0.25,13.3,0.4666666666666667,0.175,9.31,0.5333333333333333,0.1,5.32,0.6,0.05625,2.9925,with_side,extra_models,0.9674185463659147
pooled,1729,0,svm_rbf,0.39604173963440836,,,fixed_0.5,0.23444225827841514,0.7589580686149937,,,0.3333333333333333,1.0,0.2,0.4449577748322281,787,0,8,2,0.8,0.0,797,10,797,0.2,0.25,19.925,0.3,0.125,9.9625,0.3,0.075,5.9775,0.3,0.0375,2.98875,0.5,0.03125,2.490625,with_side,extra_models,0.9899623588456713
pooled,1729,0,svm_rbf,0.39604173963440836,,,inner_f1,0.23444225827841514,0.7589580686149937,,,0.3333333333333333,1.0,0.2,0.4449577748322281,787,0,8,2,0.8,0.0,797,10,797,0.2,0.25,19.925,0.3,0.125,9.9625,0.3,0.075,5.9775,0.3,0.0375,2.98875,0.5,0.03125,2.490625,with_side,extra_models,0.9899623588456713
pooled,1729,0,svm_rbf_balanced,0.3339894840400699,,,fixed_0.5,0.12778332622431252,0.8015247776365946,,,0.2222222222222222,0.17647058823529413,0.3,0.21741496320336096,773,14,7,3,0.7,0.017789072426937738,797,10,796,0.3,0.375,29.8875,0.3,0.125,9.9625,0.4,0.1,7.970000000000001,0.4,0.05,3.9850000000000003,0.5,0.03125,2.490625,with_side,extra_models,0.973651191969887
pooled,1729,0,svm_rbf_balanced,0.3339894840400699,,,inner_f1,0.12778332622431252,0.8015247776365946,,,0.07766990291262135,0.043010752688172046,0.4,0.09947381347100517,698,89,6,4,0.6,0.11308767471410419,797,10,796,0.3,0.375,29.8875,0.3,0.125,9.9625,0.4,0.1,7.970000000000001,0.4,0.05,3.9850000000000003,0.5,0.03125,2.490625,with_side,extra_models,0.8808030112923463
pooled,1729,0,random_forest,0.2738167084791367,,,fixed_0.5,0.22608361251043696,0.7354510800508259,0.011143297736478385,0.060796467523262475,0.3333333333333333,1.0,0.2,0.4449577748322281,787,0,8,2,0.8,0.0,797,10,772,0.2,0.25,19.925,0.2,0.08333333333333333,6.641666666666666,0.2,0.05,3.9850000000000003,0.3,0.0375,2.98875,0.4,0.025,1.9925000000000002,with_side,extra_models,0.9899623588456713
pooled,1729,0,random_forest,0.2738167084791367,,,inner_f1,0.22608361251043696,0.7354510800508259,0.011143297736478385,0.060796467523262475,0.2857142857142857,0.5,0.2,0.31102626059499155,785,2,8,2,0.8,0.0025412960609911056,797,10,772,0.2,0.25,19.925,0.2,0.08333333333333333,6.641666666666666,0.2,0.05,3.9850000000000003,0.3,0.0375,2.98875,0.4,0.025,1.9925000000000002,with_side,extra_models,0.9874529485570891
pooled,1729,0,random_forest_balanced,0.18859829707441902,,,fixed_0.5,0.1287955393097194,0.8068614993646759,0.020227126223463662,0.09653238811915955,0.15384615384615385,0.3333333333333333,0.1,0.17714835311045946,785,2,9,1,0.9,0.0025412960609911056,797,10,664,0.2,0.25,19.925,0.2,0.08333333333333333,6.641666666666666,0.3,0.075,5.9775,0.5,0.0625,4.98125,0.5,0.03125,2.490625,with_side,extra_models,0.986198243412798
pooled,1729,0,random_forest_balanced,0.18859829707441902,,,inner_f1,0.1287955393097194,0.8068614993646759,0.020227126223463662,0.09653238811915955,0.1,0.05714285714285714,0.4,0.12432165542191702,721,66,6,4,0.6,0.08386277001270648,797,10,664,0.2,0.25,19.925,0.2,0.08333333333333333,6.641666666666666,0.3,0.075,5.9775,0.5,0.0625,4.98125,0.5,0.03125,2.490625,with_side,extra_models,0.9096612296110415
pooled,1729,0,gaussian_nb,1.0,,,fixed_0.5,0.23030036094199535,0.7716645489199492,0.024394358603760227,0.23875310576585898,0.16666666666666666,0.14285714285714285,0.2,0.15654245537892325,775,12,8,2,0.8,0.015247776365946633,797,10,796,0.2,0.25,19.925,0.2,0.08333333333333333,6.641666666666666,0.2,0.05,3.9850000000000003,0.4,0.05,3.9850000000000003,0.5,0.03125,2.490625,with_side,extra_models,0.9749058971141782
pooled,1729,0,gaussian_nb,1.0,,,inner_f1,0.23030036094199535,0.7716645489199492,0.024394358603760227,0.23875310576585898,0.3333333333333333,1.0,0.2,0.4449577748322281,787,0,8,2,0.8,0.0,797,10,796,0.2,0.25,19.925,0.2,0.08333333333333333,6.641666666666666,0.2,0.05,3.9850000000000003,0.4,0.05,3.9850000000000003,0.5,0.03125,2.490625,with_side,extra_models,0.9899623588456713
pooled,1729,0,dnn_mlp,0.0033424110360020186,,,fixed_0.5,0.252517746392097,0.8100381194409149,0.012381174895431933,0.20119704580073813,0.26666666666666666,0.4,0.2,0.2765746279559568,784,3,8,2,0.8,0.0038119440914866584,797,10,797,0.2,0.25,19.925,0.3,0.125,9.9625,0.3,0.075,5.9775,0.4,0.05,3.9850000000000003,0.6,0.0375,2.98875,with_side,extra_models,0.986198243412798
pooled,1729,0,dnn_mlp,0.0033424110360020186,,,inner_f1,0.252517746392097,0.8100381194409149,0.012381174895431933,0.20119704580073813,0.1875,0.13636363636363635,0.3,0.18741755401688207,768,19,7,3,0.7,0.0241423125794155,797,10,797,0.2,0.25,19.925,0.3,0.125,9.9625,0.3,0.075,5.9775,0.4,0.05,3.9850000000000003,0.6,0.0375,2.98875,with_side,extra_models,0.9673776662484316
pooled,1729,1,svm_rbf,0.5989014703162708,,,fixed_0.5,0.17261353689489606,0.7927589514066496,,,0.0,0.0,0.0,0.0,782,0,16,0,1.0,0.0,798,16,798,0.125,0.25,12.46875,0.125,0.08333333333333333,4.15625,0.125,0.05,2.4937500000000004,0.3125,0.0625,3.1171875,0.5,0.05,2.4937500000000004,with_side,extra_models,0.9799498746867168
pooled,1729,1,svm_rbf,0.5989014703162708,,,inner_f1,0.17261353689489606,0.7927589514066496,,,0.0,0.0,0.0,0.0,782,0,16,0,1.0,0.0,798,16,798,0.125,0.25,12.46875,0.125,0.08333333333333333,4.15625,0.125,0.05,2.4937500000000004,0.3125,0.0625,3.1171875,0.5,0.05,2.4937500000000004,with_side,extra_models,0.9799498746867168
pooled,1729,1,svm_rbf_balanced,0.5763409823257857,,,fixed_0.5,0.05898159022287882,0.8210517902813299,,,0.0,0.0,0.0,-0.023515583134792788,761,21,16,0,1.0,0.026854219948849106,798,16,798,0.0,0.0,0.0,0.0,0.0,0.0,0.125,0.05,2.4937500000000004,0.375,0.075,3.740625,0.625,0.0625,3.1171875,with_side,extra_models,0.9536340852130326
pooled,1729,1,svm_rbf_balanced,0.5763409823257857,,,inner_f1,0.05898159022287882,0.8210517902813299,,,0.0,0.0,0.0,-0.013456043829527939,775,7,16,0,1.0,0.008951406649616368,798,16,798,0.0,0.0,0.0,0.0,0.0,0.0,0.125,0.05,2.4937500000000004,0.375,0.075,3.740625,0.625,0.0625,3.1171875,with_side,extra_models,0.9711779448621554
pooled,1729,1,random_forest,0.29519047619047617,,,fixed_0.5,0.20849773143637837,0.8037084398976982,0.01783104029816126,0.08197046700726925,0.0,0.0,0.0,0.0,782,0,16,0,1.0,0.0,798,16,769,0.125,0.25,12.46875,0.3125,0.20833333333333334,10.390625000000002,0.3125,0.125,6.234375,0.4375,0.0875,4.3640625,0.5,0.05,2.4937500000000004,with_side,extra_models,0.9799498746867168
pooled,1729,1,random_forest,0.29519047619047617,,,inner_f1,0.20849773143637837,0.8037084398976982,0.01783104029816126,0.08197046700726925,0.21052631578947367,0.6666666666666666,0.125,0.2833762160356769,781,1,14,2,0.875,0.0012787723785166241,798,16,769,0.125,0.25,12.46875,0.3125,0.20833333333333334,10.390625000000002,0.3125,0.125,6.234375,0.4375,0.0875,4.3640625,0.5,0.05,2.4937500000000004,with_side,extra_models,0.981203007518797
pooled,1729,1,random_forest_balanced,0.28052991151328033,,,fixed_0.5,0.08822205831413313,0.8713235294117647,0.026255496334763866,0.1116606573974117,0.0,0.0,0.0,-0.007169932692483149,780,2,16,0,1.0,0.0025575447570332483,798,16,627,0.0,0.0,0.0,0.125,0.08333333333333333,4.15625,0.1875,0.075,3.740625,0.4375,0.0875,4.3640625,0.75,0.075,3.740625,with_side,extra_models,0.9774436090225563
pooled,1729,1,random_forest_balanced,0.28052991151328033,,,inner_f1,0.08822205831413313,0.8713235294117647,0.026255496334763866,0.1116606573974117,0.13333333333333333,0.09090909090909091,0.25,0.12211668236448299,742,40,12,4,0.75,0.05115089514066496,798,16,627,0.0,0.0,0.0,0.125,0.08333333333333333,4.15625,0.1875,0.075,3.740625,0.4375,0.0875,4.3640625,0.75,0.075,3.740625,with_side,extra_models,0.9348370927318296
pooled,1729,1,gaussian_nb,1.0,,,fixed_0.5,0.2094867115843755,0.841512148337596,0.02806548456133764,0.2590750628497071,0.2,0.21428571428571427,0.1875,0.18517157341312487,771,11,13,3,0.8125,0.014066496163682864,798,16,797,0.125,0.25,12.46875,0.25,0.16666666666666666,8.3125,0.25,0.1,4.987500000000001,0.375,0.075,3.740625,0.625,0.0625,3.1171875,with_side,extra_models,0.9699248120300752
pooled,1729,1,gaussian_nb,1.0,,,inner_f1,0.2094867115843755,0.841512148337596,0.02806548456133764,0.2590750628497071,0.2222222222222222,1.0,0.125,0.35043046034511394,782,0,14,2,0.875,0.0,798,16,797,0.125,0.25,12.46875,0.25,0.16666666666666666,8.3125,0.25,0.1,4.987500000000001,0.375,0.075,3.740625,0.625,0.0625,3.1171875,with_side,extra_models,0.9824561403508771
pooled,1729,1,dnn_mlp,0.9128059481969307,,,fixed_0.5,0.17311137194726736,0.7901214833759591,0.018438248123423907,0.3211838085241573,0.21052631578947367,0.6666666666666666,0.125,0.2833762160356769,781,1,14,2,0.875,0.0012787723785166241,798,16,798,0.125,0.25,12.46875,0.125,0.08333333333333333,4.15625,0.1875,0.075,3.740625,0.25,0.05,2.4937500000000004,0.5,0.05,2.4937500000000004,with_side,extra_models,0.981203007518797
pooled,1729,1,dnn_mlp,0.9128059481969307,,,inner_f1,0.17311137194726736,0.7901214833759591,0.018438248123423907,0.3211838085241573,0.2222222222222222,1.0,0.125,0.35043046034511394,782,0,14,2,0.875,0.0,798,16,798,0.125,0.25,12.46875,0.125,0.08333333333333333,4.15625,0.1875,0.075,3.740625,0.25,0.05,2.4937500000000004,0.5,0.05,2.4937500000000004,with_side,extra_models,0.9824561403508771
pooled,1729,2,svm_rbf,0.3511693896378134,,,fixed_0.5,0.17428490501343818,0.8159367007672634,,,0.2222222222222222,1.0,0.125,0.35043046034511394,782,0,14,2,0.875,0.0,798,16,798,0.125,0.25,12.46875,0.125,0.08333333333333333,4.15625,0.125,0.05,2.4937500000000004,0.25,0.05,2.4937500000000004,0.5,0.05,2.4937500000000004,with_side,extra_models,0.9824561403508771
pooled,1729,2,svm_rbf,0.3511693896378134,,,inner_f1,0.17428490501343818,0.8159367007672634,,,0.2222222222222222,1.0,0.125,0.35043046034511394,782,0,14,2,0.875,0.0,798,16,798,0.125,0.25,12.46875,0.125,0.08333333333333333,4.15625,0.125,0.05,2.4937500000000004,0.25,0.05,2.4937500000000004,0.5,0.05,2.4937500000000004,with_side,extra_models,0.9824561403508771
pooled,1729,2,svm_rbf_balanced,0.26042526243976477,,,fixed_0.5,0.092616431896198,0.8167359335038362,,,0.09523809523809523,0.07692307692307693,0.125,0.07446004859124189,758,24,14,2,0.875,0.030690537084398978,798,16,798,0.125,0.25,12.46875,0.125,0.08333333333333333,4.15625,0.125,0.05,2.4937500000000004,0.375,0.075,3.740625,0.625,0.0625,3.1171875,with_side,extra_models,0.9523809523809523
pooled,1729,2,svm_rbf_balanced,0.26042526243976477,,,inner_f1,0.092616431896198,0.8167359335038362,,,0.10476190476190476,0.05670103092783505,0.6875,0.14818581372974954,599,183,5,11,0.3125,0.2340153452685422,798,16,798,0.125,0.25,12.46875,0.125,0.08333333333333333,4.15625,0.125,0.05,2.4937500000000004,0.375,0.075,3.740625,0.625,0.0625,3.1171875,with_side,extra_models,0.7644110275689223
pooled,1729,2,random_forest,0.17960006364443767,,,fixed_0.5,0.20834341801863723,0.835997442455243,0.01742788155432229,0.07859966925259446,0.2222222222222222,1.0,0.125,0.35043046034511394,782,0,14,2,0.875,0.0,798,16,795,0.125,0.25,12.46875,0.1875,0.125,6.234375,0.3125,0.125,6.234375,0.5,0.1,4.987500000000001,0.5625,0.05625,2.80546875,with_side,extra_models,0.9824561403508771
pooled,1729,2,random_forest,0.17960006364443767,,,inner_f1,0.20834341801863723,0.835997442455243,0.01742788155432229,0.07859966925259446,0.21052631578947367,0.6666666666666666,0.125,0.2833762160356769,781,1,14,2,0.875,0.0012787723785166241,798,16,795,0.125,0.25,12.46875,0.1875,0.125,6.234375,0.3125,0.125,6.234375,0.5,0.1,4.987500000000001,0.5625,0.05625,2.80546875,with_side,extra_models,0.981203007518797
pooled,1729,2,random_forest_balanced,0.356403124772447,,,fixed_0.5,0.16227072687518954,0.8781170076726343,0.02506485217139934,0.11023017571945841,0.1,0.25,0.0625,0.11643738550226371,779,3,15,1,0.9375,0.0038363171355498722,798,16,654,0.1875,0.375,18.703125,0.1875,0.125,6.234375,0.1875,0.075,3.740625,0.5,0.1,4.987500000000001,0.75,0.075,3.740625,with_side,extra_models,0.9774436090225563
pooled,1729,2,random_forest_balanced,0.356403124772447,,,inner_f1,0.16227072687518954,0.8781170076726343,0.02506485217139934,0.11023017571945841,0.1875,0.1875,0.1875,0.17087595907928388,769,13,13,3,0.8125,0.016624040920716114,798,16,654,0.1875,0.375,18.703125,0.1875,0.125,6.234375,0.1875,0.075,3.740625,0.5,0.1,4.987500000000001,0.75,0.075,3.740625,with_side,extra_models,0.9674185463659147
pooled,1729,2,gaussian_nb,1.0,,,fixed_0.5,0.18066812907191415,0.8053069053708439,0.028333216104265698,0.20674721170461557,0.13793103448275862,0.15384615384615385,0.125,0.12283428260197879,771,11,14,2,0.875,0.014066496163682864,798,16,797,0.125,0.25,12.46875,0.1875,0.125,6.234375,0.1875,0.075,3.740625,0.3125,0.0625,3.1171875,0.5625,0.05625,2.80546875,with_side,extra_models,0.968671679197995
pooled,1729,2,gaussian_nb,1.0,,,inner_f1,0.18066812907191415,0.8053069053708439,0.028333216104265698,0.20674721170461557,0.2222222222222222,1.0,0.125,0.35043046034511394,782,0,14,2,0.875,0.0,798,16,797,0.125,0.25,12.46875,0.1875,0.125,6.234375,0.1875,0.075,3.740625,0.3125,0.0625,3.1171875,0.5625,0.05625,2.80546875,with_side,extra_models,0.9824561403508771
pooled,1729,2,dnn_mlp,3.163102909841716e-06,,,fixed_0.5,0.15887020398981733,0.7405690537084398,0.021729993335446906,0.35337938455228174,0.09523809523809523,0.2,0.0625,0.10193879147700965,778,4,15,1,0.9375,0.005115089514066497,798,16,798,0.1875,0.375,18.703125,0.1875,0.125,6.234375,0.25,0.1,4.987500000000001,0.3125,0.0625,3.1171875,0.6875,0.06875,3.4289062500000003,with_side,extra_models,0.9761904761904762
pooled,1729,2,dnn_mlp,3.163102909841716e-06,,,inner_f1,0.15887020398981733,0.7405690537084398,0.021729993335446906,0.35337938455228174,0.11363636363636363,0.06944444444444445,0.3125,0.11097226868018549,715,67,11,5,0.6875,0.08567774936061381,798,16,798,0.1875,0.375,18.703125,0.1875,0.125,6.234375,0.25,0.1,4.987500000000001,0.3125,0.0625,3.1171875,0.6875,0.06875,3.4289062500000003,with_side,extra_models,0.9022556390977443
pooled,2026,0,svm_rbf,0.5999960301751349,,,fixed_0.5,0.1644334576736645,0.7210407239819004,,,0.0,0.0,0.0,0.0,780,0,17,0,1.0,0.0,797,17,797,0.11764705882352941,0.25,11.720588235294116,0.17647058823529413,0.125,5.860294117647058,0.23529411764705882,0.1,4.688235294117647,0.23529411764705882,0.05,2.3441176470588236,0.4117647058823529,0.04375,2.0511029411764703,with_side,extra_models,0.9786700125470514
pooled,2026,0,svm_rbf,0.5999960301751349,,,inner_f1,0.1644334576736645,0.7210407239819004,,,0.0,0.0,0.0,0.0,780,0,17,0,1.0,0.0,797,17,797,0.11764705882352941,0.25,11.720588235294116,0.17647058823529413,0.125,5.860294117647058,0.23529411764705882,0.1,4.688235294117647,0.23529411764705882,0.05,2.3441176470588236,0.4117647058823529,0.04375,2.0511029411764703,with_side,extra_models,0.9786700125470514
pooled,2026,0,svm_rbf_balanced,0.5909365610828433,,,fixed_0.5,0.05228876124618839,0.688838612368024,,,0.0,0.0,0.0,-0.023685450407382184,760,20,17,0,1.0,0.02564102564102564,797,17,796,0.0,0.0,0.0,0.0,0.0,0.0,0.11764705882352941,0.05,2.3441176470588236,0.4117647058823529,0.0875,4.102205882352941,0.47058823529411764,0.05,2.3441176470588236,with_side,extra_models,0.9535759096612296
pooled,2026,0,svm_rbf_balanced,0.5909365610828433,,,inner_f1,0.05228876124618839,0.688838612368024,,,0.0,0.0,0.0,-0.014865641366272738,772,8,17,0,1.0,0.010256410256410256,797,17,796,0.0,0.0,0.0,0.0,0.0,0.0,0.11764705882352941,0.05,2.3441176470588236,0.4117647058823529,0.0875,4.102205882352941,0.47058823529411764,0.05,2.3441176470588236,with_side,extra_models,0.9686323713927227
pooled,2026,0,random_forest,0.314699814074814,,,fixed_0.5,0.1600054333128628,0.6395173453996984,0.020115578503157434,0.10893652254138612,0.0,0.0,0.0,0.0,780,0,17,0,1.0,0.0,797,17,687,0.11764705882352941,0.25,11.720588235294116,0.17647058823529413,0.125,5.860294117647058,0.17647058823529413,0.075,3.516176470588235,0.23529411764705882,0.05,2.3441176470588236,0.29411764705882354,0.03125,1.4650735294117645,with_side,extra_models,0.9786700125470514
pooled,2026,0,random_forest,0.314699814074814,,,inner_f1,0.1600054333128628,0.6395173453996984,0.020115578503157434,0.10893652254138612,0.19047619047619047,0.5,0.11764705882352941,0.2352968874359333,778,2,15,2,0.8823529411764706,0.002564102564102564,797,17,687,0.11764705882352941,0.25,11.720588235294116,0.17647058823529413,0.125,5.860294117647058,0.17647058823529413,0.075,3.516176470588235,0.23529411764705882,0.05,2.3441176470588236,0.29411764705882354,0.03125,1.4650735294117645,with_side,extra_models,0.9786700125470514
pooled,2026,0,random_forest_balanced,0.37599765099657134,,,fixed_0.5,0.08315506975886847,0.6356334841628959,0.02663111581309452,0.23930411689076891,0.09523809523809523,0.25,0.058823529411764705,0.11240591804770339,777,3,16,1,0.9411764705882353,0.0038461538461538464,797,17,528,0.058823529411764705,0.125,5.860294117647058,0.17647058823529413,0.125,5.860294117647058,0.23529411764705882,0.1,4.688235294117647,0.29411764705882354,0.0625,2.930147058823529,0.47058823529411764,0.05,2.3441176470588236,with_side,extra_models,0.9761606022584692
pooled,2026,0,random_forest_balanced,0.37599765099657134,,,inner_f1,0.08315506975886847,0.6356334841628959,0.02663111581309452,0.23930411689076891,0.14814814814814814,0.2,0.11764705882352941,0.13939617631768844,772,8,15,2,0.8823529411764706,0.010256410256410256,797,17,528,0.058823529411764705,0.125,5.860294117647058,0.17647058823529413,0.125,5.860294117647058,0.23529411764705882,0.1,4.688235294117647,0.29411764705882354,0.0625,2.930147058823529,0.47058823529411764,0.05,2.3441176470588236,with_side,extra_models,0.9711417816813049
pooled,2026,0,gaussian_nb,1.0,,,fixed_0.5,0.14922402183263045,0.6686274509803922,0.042170620035885,0.382034682053436,0.08333333333333333,0.06451612903225806,0.11764705882352941,0.06013086144356012,751,29,15,2,0.8823529411764706,0.03717948717948718,797,17,796,0.11764705882352941,0.25,11.720588235294116,0.11764705882352941,0.08333333333333333,3.9068627450980387,0.11764705882352941,0.05,2.3441176470588236,0.17647058823529413,0.0375,1.7580882352941174,0.35294117647058826,0.0375,1.7580882352941174,with_side,extra_models,0.944792973651192
pooled,2026,0,gaussian_nb,1.0,,,inner_f1,0.14922402183263045,0.6686274509803922,0.042170620035885,0.382034682053436,0.21052631578947367,1.0,0.11764705882352941,0.3397459388965089,780,0,15,2,0.8823529411764706,0.0,797,17,796,0.11764705882352941,0.25,11.720588235294116,0.11764705882352941,0.08333333333333333,3.9068627450980387,0.11764705882352941,0.05,2.3441176470588236,0.17647058823529413,0.0375,1.7580882352941174,0.35294117647058826,0.0375,1.7580882352941174,with_side,extra_models,0.9811794228356336
pooled,2026,0,dnn_mlp,0.9517765246577216,,,fixed_0.5,0.064188038348294,0.6150829562594269,0.024633817575982087,0.4992049957401714,0.09090909090909091,0.2,0.058823529411764705,0.09825635262303103,776,4,16,1,0.9411764705882353,0.005128205128205128,797,17,797,0.058823529411764705,0.125,5.860294117647058,0.058823529411764705,0.041666666666666664,1.9534313725490193,0.17647058823529413,0.075,3.516176470588235,0.35294117647058826,0.075,3.516176470588235,0.4117647058823529,0.04375,2.0511029411764703,with_side,extra_models,0.9749058971141782
pooled,2026,0,dnn_mlp,0.9517765246577216,,,inner_f1,0.064188038348294,0.6150829562594269,0.024633817575982087,0.4992049957401714,0.1,0.3333333333333333,0.058823529411764705,0.1327382803167288,778,2,16,1,0.9411764705882353,0.002564102564102564,797,17,797,0.058823529411764705,0.125,5.860294117647058,0.058823529411764705,0.041666666666666664,1.9534313725490193,0.17647058823529413,0.075,3.516176470588235,0.35294117647058826,0.075,3.516176470588235,0.4117647058823529,0.04375,2.0511029411764703,with_side,extra_models,0.9774153074027604
pooled,2026,1,svm_rbf,0.32238747911142857,,,fixed_0.5,0.02285183470480123,0.6839443742098609,,,0.0,0.0,0.0,0.0,791,0,7,0,1.0,0.0,798,7,798,0.0,0.0,0.0,0.14285714285714285,0.041666666666666664,4.75,0.14285714285714285,0.025,2.8500000000000005,0.14285714285714285,0.0125,1.4250000000000003,0.42857142857142855,0.01875,2.1375,with_side,extra_models,0.9912280701754386
pooled,2026,1,svm_rbf,0.32238747911142857,,,inner_f1,0.02285183470480123,0.6839443742098609,,,0.0,0.0,0.0,0.0,791,0,7,0,1.0,0.0,798,7,798,0.0,0.0,0.0,0.14285714285714285,0.041666666666666664,4.75,0.14285714285714285,0.025,2.8500000000000005,0.14285714285714285,0.0125,1.4250000000000003,0.42857142857142855,0.01875,2.1375,with_side,extra_models,0.9912280701754386
pooled,2026,1,svm_rbf_balanced,0.543239573320256,,,fixed_0.5,0.04370499365381661,0.7874300162542893,,,0.09523809523809523,0.05714285714285714,0.2857142857142857,0.11110197931949599,758,33,5,2,0.7142857142857143,0.041719342604298354,798,7,798,0.0,0.0,0.0,0.2857142857142857,0.08333333333333333,9.5,0.2857142857142857,0.05,5.700000000000001,0.2857142857142857,0.025,2.8500000000000005,0.5714285714285714,0.025,2.8500000000000005,with_side,extra_models,0.9523809523809523
pooled,2026,1,svm_rbf_balanced,0.543239573320256,,,inner_f1,0.04370499365381661,0.7874300162542893,,,0.13793103448275862,0.09090909090909091,0.2857142857142857,0.14831524639455293,771,20,5,2,0.7142857142857143,0.025284450063211124,798,7,798,0.0,0.0,0.0,0.2857142857142857,0.08333333333333333,9.5,0.2857142857142857,0.05,5.700000000000001,0.2857142857142857,0.025,2.8500000000000005,0.5714285714285714,0.025,2.8500000000000005,with_side,extra_models,0.968671679197995
pooled,2026,1,random_forest,0.20758793695506672,,,fixed_0.5,0.01677637919279295,0.6732887845403649,0.009239310545633506,0.05269986403172751,0.0,0.0,0.0,0.0,791,0,7,0,1.0,0.0,798,7,794,0.0,0.0,0.0,0.0,0.0,0.0,0.0,0.0,0.0,0.2857142857142857,0.025,2.8500000000000005,0.2857142857142857,0.0125,1.4250000000000003,with_side,extra_models,0.9912280701754386
pooled,2026,1,random_forest,0.20758793695506672,,,inner_f1,0.01677637919279295,0.6732887845403649,0.009239310545633506,0.05269986403172751,0.0,0.0,0.0,-0.004715407633605504,789,2,7,0,1.0,0.0025284450063211127,798,7,794,0.0,0.0,0.0,0.0,0.0,0.0,0.0,0.0,0.0,0.2857142857142857,0.025,2.8500000000000005,0.2857142857142857,0.0125,1.4250000000000003,with_side,extra_models,0.9887218045112782
pooled,2026,1,random_forest_balanced,0.3038043752244186,,,fixed_0.5,0.028802473426187313,0.838360122810186,0.02079540650698051,0.10001067194655275,0.0,0.0,0.0,-0.005778802357518379,788,3,7,0,1.0,0.0037926675094816687,798,7,658,0.0,0.0,0.0,0.0,0.0,0.0,0.14285714285714285,0.025,2.8500000000000005,0.14285714285714285,0.0125,1.4250000000000003,0.5714285714285714,0.025,2.8500000000000005,with_side,extra_models,0.9874686716791979
pooled,2026,1,random_forest_balanced,0.3038043752244186,,,inner_f1,0.028802473426187313,0.838360122810186,0.02079540650698051,0.10001067194655275,0.0,0.0,0.0,-0.020447232863003366,755,36,7,0,1.0,0.045512010113780026,798,7,658,0.0,0.0,0.0,0.0,0.0,0.0,0.14285714285714285,0.025,2.8500000000000005,0.14285714285714285,0.0125,1.4250000000000003,0.5714285714285714,0.025,2.8500000000000005,with_side,extra_models,0.9461152882205514
pooled,2026,1,gaussian_nb,1.0,,,fixed_0.5,0.04144329922894599,0.7650352176268738,0.023099624099599095,0.23446800567804418,0.09090909090909091,0.06666666666666667,0.14285714285714285,0.08593487751567708,777,14,6,1,0.8571428571428571,0.017699115044247787,798,7,798,0.0,0.0,0.0,0.14285714285714285,0.041666666666666664,4.75,0.2857142857142857,0.05,5.700000000000001,0.42857142857142855,0.0375,4.275,0.42857142857142855,0.01875,2.1375,with_side,extra_models,0.974937343358396
pooled,2026,1,gaussian_nb,1.0,,,inner_f1,0.04144329922894599,0.7650352176268738,0.023099624099599095,0.23446800567804418,0.0,0.0,0.0,0.0,791,0,7,0,1.0,0.0,798,7,798,0.0,0.0,0.0,0.14285714285714285,0.041666666666666664,4.75,0.2857142857142857,0.05,5.700000000000001,0.42857142857142855,0.0375,4.275,0.42857142857142855,0.01875,2.1375,with_side,extra_models,0.9912280701754386
pooled,2026,1,dnn_mlp,0.6777500324124898,,,fixed_0.5,0.024331933821780186,0.7327072421889109,0.0174683521087048,0.19842350225378608,0.0,0.0,0.0,-0.0105973595517269,781,10,7,0,1.0,0.012642225031605562,798,7,798,0.0,0.0,0.0,0.0,0.0,0.0,0.2857142857142857,0.05,5.700000000000001,0.2857142857142857,0.025,2.8500000000000005,0.2857142857142857,0.0125,1.4250000000000003,with_side,extra_models,0.9786967418546366
pooled,2026,1,dnn_mlp,0.6777500324124898,,,inner_f1,0.024331933821780186,0.7327072421889109,0.0174683521087048,0.19842350225378608,0.0,0.0,0.0,-0.010047164926786662,782,9,7,0,1.0,0.011378002528445006,798,7,798,0.0,0.0,0.0,0.0,0.0,0.0,0.2857142857142857,0.05,5.700000000000001,0.2857142857142857,0.025,2.8500000000000005,0.2857142857142857,0.0125,1.4250000000000003,with_side,extra_models,0.9799498746867168
pooled,2026,2,svm_rbf,0.266952107385934,,,fixed_0.5,0.29804950339399455,0.8248575498575499,,,0.0,0.0,0.0,0.0,780,0,18,0,1.0,0.0,798,18,798,0.2222222222222222,0.5,22.166666666666668,0.2777777777777778,0.20833333333333334,9.236111111111112,0.3333333333333333,0.15,6.65,0.5,0.1125,4.987500000000001,0.5,0.05625,2.4937500000000004,with_side,extra_models,0.9774436090225563
pooled,2026,2,svm_rbf,0.266952107385934,,,inner_f1,0.29804950339399455,0.8248575498575499,,,0.14754098360655737,0.08653846153846154,0.5,0.16680711161613784,685,95,9,9,0.5,0.12179487179487179,798,18,798,0.2222222222222222,0.5,22.166666666666668,0.2777777777777778,0.20833333333333334,9.236111111111112,0.3333333333333333,0.15,6.65,0.5,0.1125,4.987500000000001,0.5,0.05625,2.4937500000000004,with_side,extra_models,0.8696741854636592
pooled,2026,2,svm_rbf_balanced,0.3083070282868105,,,fixed_0.5,0.05736717447766199,0.7563390313390314,,,0.0,0.0,0.0,-0.022412375751393,763,17,18,0,1.0,0.021794871794871794,798,18,798,0.0,0.0,0.0,0.0,0.0,0.0,0.1111111111111111,0.05,2.216666666666667,0.2777777777777778,0.0625,2.7708333333333335,0.5555555555555556,0.0625,2.7708333333333335,with_side,extra_models,0.956140350877193
pooled,2026,2,svm_rbf_balanced,0.3083070282868105,,,inner_f1,0.05736717447766199,0.7563390313390314,,,0.10738255033557047,0.061068702290076333,0.4444444444444444,0.11494541480772501,657,123,10,8,0.5555555555555556,0.1576923076923077,798,18,798,0.0,0.0,0.0,0.0,0.0,0.0,0.1111111111111111,0.05,2.216666666666667,0.2777777777777778,0.0625,2.7708333333333335,0.5555555555555556,0.0625,2.7708333333333335,with_side,extra_models,0.8333333333333334
pooled,2026,2,random_forest,0.04022947207329246,,,fixed_0.5,0.28184113428747665,0.8091168091168092,0.01979803819546016,0.08865207698486723,0.0,0.0,0.0,0.0,780,0,18,0,1.0,0.0,798,18,774,0.2222222222222222,0.5,22.166666666666668,0.2222222222222222,0.16666666666666666,7.388888888888889,0.2777777777777778,0.125,5.541666666666667,0.3888888888888889,0.0875,3.8791666666666664,0.6111111111111112,0.06875,3.047916666666667,with_side,extra_models,0.9774436090225563
pooled,2026,2,random_forest,0.04022947207329246,,,inner_f1,0.28184113428747665,0.8091168091168092,0.01979803819546016,0.08865207698486723,0.13333333333333333,0.08045977011494253,0.3888888888888889,0.13641058534630032,700,80,11,7,0.6111111111111112,0.10256410256410256,798,18,774,0.2222222222222222,0.5,22.166666666666668,0.2222222222222222,0.16666666666666666,7.388888888888889,0.2777777777777778,0.125,5.541666666666667,0.3888888888888889,0.0875,3.8791666666666664,0.6111111111111112,0.06875,3.047916666666667,with_side,extra_models,0.8859649122807017
pooled,2026,2,random_forest_balanced,0.1614479795339491,,,fixed_0.5,0.07852551617894363,0.7947293447293448,0.029541920550417024,0.12518987801850948,0.0,0.0,0.0,-0.007614605622501988,778,2,18,0,1.0,0.002564102564102564,798,18,665,0.05555555555555555,0.125,5.541666666666667,0.05555555555555555,0.041666666666666664,1.8472222222222223,0.05555555555555555,0.025,1.1083333333333334,0.3333333333333333,0.075,3.325,0.6111111111111112,0.06875,3.047916666666667,with_side,extra_models,0.974937343358396
pooled,2026,2,random_forest_balanced,0.1614479795339491,,,inner_f1,0.07852551617894363,0.7947293447293448,0.029541920550417024,0.12518987801850948,0.0979020979020979,0.056,0.3888888888888889,0.09706886452771697,662,118,11,7,0.6111111111111112,0.15128205128205127,798,18,665,0.05555555555555555,0.125,5.541666666666667,0.05555555555555555,0.041666666666666664,1.8472222222222223,0.05555555555555555,0.025,1.1083333333333334,0.3333333333333333,0.075,3.325,0.6111111111111112,0.06875,3.047916666666667,with_side,extra_models,0.8383458646616542
pooled,2026,2,gaussian_nb,0.01236470260564065,,,fixed_0.5,0.2941926953031887,0.8516381766381766,0.02516889449526034,0.14501144888572792,0.2857142857142857,0.4,0.2222222222222222,0.2863573303234304,774,6,14,4,0.7777777777777778,0.007692307692307693,798,18,795,0.2222222222222222,0.5,22.166666666666668,0.2222222222222222,0.16666666666666666,7.388888888888889,0.3333333333333333,0.15,6.65,0.3888888888888889,0.0875,3.8791666666666664,0.6111111111111112,0.06875,3.047916666666667,with_side,extra_models,0.974937343358396
pooled,2026,2,gaussian_nb,0.01236470260564065,,,inner_f1,0.2941926953031887,0.8516381766381766,0.02516889449526034,0.14501144888572792,0.12290502793296089,0.06832298136645963,0.6111111111111112,0.1549569708262569,630,150,7,11,0.3888888888888889,0.19230769230769232,798,18,795,0.2222222222222222,0.5,22.166666666666668,0.2222222222222222,0.16666666666666666,7.388888888888889,0.3333333333333333,0.15,6.65,0.3888888888888889,0.0875,3.8791666666666664,0.6111111111111112,0.06875,3.047916666666667,with_side,extra_models,0.8032581453634086
pooled,2026,2,dnn_mlp,0.00036206395801807793,,,fixed_0.5,0.078752256925801,0.7144586894586895,0.024745742820768368,0.43576242364456236,0.0,0.0,0.0,-0.007614605622501988,778,2,18,0,1.0,0.002564102564102564,798,18,798,0.0,0.0,0.0,0.16666666666666666,0.125,5.541666666666667,0.3333333333333333,0.15,6.65,0.3888888888888889,0.0875,3.8791666666666664,0.6111111111111112,0.06875,3.047916666666667,with_side,extra_models,0.974937343358396
pooled,2026,2,dnn_mlp,0.00036206395801807793,,,inner_f1,0.078752256925801,0.7144586894586895,0.024745742820768368,0.43576242364456236,0.17391304347826086,0.14285714285714285,0.2222222222222222,0.1544974558672856,756,24,14,4,0.7777777777777778,0.03076923076923077,798,18,798,0.0,0.0,0.0,0.16666666666666666,0.125,5.541666666666667,0.3333333333333333,0.15,6.65,0.3888888888888889,0.0875,3.8791666666666664,0.6111111111111112,0.06875,3.047916666666667,with_side,extra_models,0.9523809523809523
