product_group,model,feature,bin,seed,rows,positives,tp,fp,fn,tn,recall,precision,fnr,fpr
cn7,catboost_balanced,Injection_Time,<-2,42,10,6,4,0,2,4,0.6666666666666666,1.0,0.3333333333333333,0.0
cn7,catboost_balanced,Injection_Time,"[-2,-1)",42,142,0,0,0,0,142,,,,0.0
cn7,catboost_balanced,Injection_Time,"[-1,0)",42,478,0,0,0,0,478,,,,0.0
cn7,catboost_balanced,Injection_Time,"[0,1)",42,380,4,0,6,4,370,0.0,0.0,1.0,0.015957446808510637
cn7,catboost_balanced,Injection_Time,"[1,2)",42,175,6,1,11,5,158,0.16666666666666666,0.08333333333333333,0.8333333333333334,0.0650887573964497
cn7,catboost_balanced,Injection_Time,>=2,42,26,1,0,0,1,25,0.0,,1.0,0.0
cn7,catboost_balanced,Filling_Time,<-2,42,10,6,4,0,2,4,0.6666666666666666,1.0,0.3333333333333333,0.0
cn7,catboost_balanced,Filling_Time,"[-2,-1)",42,74,0,0,0,0,74,,,,0.0
cn7,catboost_balanced,Filling_Time,"[-1,0)",42,638,0,0,0,0,638,,,,0.0
cn7,catboost_balanced,Filling_Time,"[0,1)",42,244,2,0,4,2,238,0.0,0.0,1.0,0.01652892561983471
cn7,catboost_balanced,Filling_Time,"[1,2)",42,241,9,1,13,8,219,0.1111111111111111,0.07142857142857142,0.8888888888888888,0.05603448275862069
cn7,catboost_balanced,Filling_Time,>=2,42,4,0,0,0,0,4,,,,0.0
cn7,catboost_balanced,Plasticizing_Time,<-2,42,0,0,0,0,0,0,,,,
cn7,catboost_balanced,Plasticizing_Time,"[-2,-1)",42,0,0,0,0,0,0,,,,
cn7,catboost_balanced,Plasticizing_Time,"[-1,0)",42,629,17,5,17,12,595,0.29411764705882354,0.22727272727272727,0.7058823529411765,0.027777777777777776
cn7,catboost_balanced,Plasticizing_Time,"[0,1)",42,572,0,0,0,0,572,,,,0.0
cn7,catboost_balanced,Plasticizing_Time,"[1,2)",42,2,0,0,0,0,2,,,,0.0
cn7,catboost_balanced,Plasticizing_Time,>=2,42,8,0,0,0,0,8,,,,0.0
cn7,catboost_balanced,Cycle_Time,<-2,42,6,2,2,2,0,2,1.0,0.5,0.0,0.5
cn7,catboost_balanced,Cycle_Time,"[-2,-1)",42,172,2,2,0,0,170,1.0,1.0,0.0,0.0
cn7,catboost_balanced,Cycle_Time,"[-1,0)",42,290,0,0,0,0,290,,,,0.0
cn7,catboost_balanced,Cycle_Time,"[0,1)",42,669,9,0,12,9,648,0.0,0.0,1.0,0.01818181818181818
cn7,catboost_balanced,Cycle_Time,"[1,2)",42,70,4,1,3,3,63,0.25,0.25,0.75,0.045454545454545456
cn7,catboost_balanced,Cycle_Time,>=2,42,4,0,0,0,0,4,,,,0.0
cn7,catboost_balanced,Clamp_Close_Time,<-2,42,0,0,0,0,0,0,,,,
cn7,catboost_balanced,Clamp_Close_Time,"[-2,-1)",42,0,0,0,0,0,0,,,,
cn7,catboost_balanced,Clamp_Close_Time,"[-1,0)",42,650,0,0,0,0,650,,,,0.0
cn7,catboost_balanced,Clamp_Close_Time,"[0,1)",42,541,15,5,15,10,511,0.3333333333333333,0.25,0.6666666666666666,0.028517110266159697
cn7,catboost_balanced,Clamp_Close_Time,"[1,2)",42,0,0,0,0,0,0,,,,
cn7,catboost_balanced,Clamp_Close_Time,>=2,42,20,2,0,2,2,16,0.0,0.0,1.0,0.1111111111111111
cn7,catboost_balanced,Cushion_Position,<-2,42,6,6,4,0,2,0,0.6666666666666666,1.0,0.3333333333333333,
cn7,catboost_balanced,Cushion_Position,"[-2,-1)",42,0,0,0,0,0,0,,,,
cn7,catboost_balanced,Cushion_Position,"[-1,0)",42,761,10,1,15,9,736,0.1,0.0625,0.9,0.019973368841544607
cn7,catboost_balanced,Cushion_Position,"[0,1)",42,0,0,0,0,0,0,,,,
cn7,catboost_balanced,Cushion_Position,"[1,2)",42,436,1,0,2,1,433,0.0,0.0,1.0,0.004597701149425287
cn7,catboost_balanced,Cushion_Position,>=2,42,8,0,0,0,0,8,,,,0.0
cn7,catboost_balanced,Plasticizing_Position,<-2,42,2,0,0,0,0,2,,,,0.0
cn7,catboost_balanced,Plasticizing_Position,"[-2,-1)",42,4,0,0,0,0,4,,,,0.0
cn7,catboost_balanced,Plasticizing_Position,"[-1,0)",42,830,0,0,0,0,830,,,,0.0
cn7,catboost_balanced,Plasticizing_Position,"[0,1)",42,0,0,0,0,0,0,,,,
cn7,catboost_balanced,Plasticizing_Position,"[1,2)",42,375,17,5,17,12,341,0.29411764705882354,0.22727272727272727,0.7058823529411765,0.04748603351955307
cn7,catboost_balanced,Plasticizing_Position,>=2,42,0,0,0,0,0,0,,,,
cn7,catboost_balanced,Max_Injection_Speed,<-2,42,0,0,0,0,0,0,,,,
cn7,catboost_balanced,Max_Injection_Speed,"[-2,-1)",42,105,3,0,0,3,102,0.0,,1.0,0.0
cn7,catboost_balanced,Max_Injection_Speed,"[-1,0)",42,358,8,1,17,7,333,0.125,0.05555555555555555,0.875,0.04857142857142857
cn7,catboost_balanced,Max_Injection_Speed,"[0,1)",42,736,0,0,0,0,736,,,,0.0
cn7,catboost_balanced,Max_Injection_Speed,"[1,2)",42,0,0,0,0,0,0,,,,
cn7,catboost_balanced,Max_Injection_Speed,>=2,42,12,6,4,0,2,6,0.6666666666666666,1.0,0.3333333333333333,0.0
cn7,catboost_balanced,Max_Screw_RPM,<-2,42,8,1,0,0,1,7,0.0,,1.0,0.0
cn7,catboost_balanced,Max_Screw_RPM,"[-2,-1)",42,94,2,1,3,1,89,0.5,0.25,0.5,0.03260869565217391
cn7,catboost_balanced,Max_Screw_RPM,"[-1,0)",42,355,5,2,2,3,348,0.4,0.5,0.6,0.005714285714285714
cn7,catboost_balanced,Max_Screw_RPM,"[0,1)",42,628,9,2,10,7,609,0.2222222222222222,0.16666666666666666,0.7777777777777778,0.01615508885298869
cn7,catboost_balanced,Max_Screw_RPM,"[1,2)",42,98,0,0,2,0,96,,0.0,,0.02040816326530612
cn7,catboost_balanced,Max_Screw_RPM,>=2,42,28,0,0,0,0,28,,,,0.0
cn7,catboost_balanced,Average_Screw_RPM,<-2,42,0,0,0,0,0,0,,,,
cn7,catboost_balanced,Average_Screw_RPM,"[-2,-1)",42,112,1,0,2,1,109,0.0,0.0,1.0,0.018018018018018018
cn7,catboost_balanced,Average_Screw_RPM,"[-1,0)",42,903,16,5,15,11,872,0.3125,0.25,0.6875,0.016910935738444193
cn7,catboost_balanced,Average_Screw_RPM,"[0,1)",42,0,0,0,0,0,0,,,,
cn7,catboost_balanced,Average_Screw_RPM,"[1,2)",42,186,0,0,0,0,186,,,,0.0
cn7,catboost_balanced,Average_Screw_RPM,>=2,42,10,0,0,0,0,10,,,,0.0
cn7,catboost_balanced,Max_Injection_Pressure,<-2,42,28,6,4,2,2,20,0.6666666666666666,0.6666666666666666,0.3333333333333333,0.09090909090909091
cn7,catboost_balanced,Max_Injection_Pressure,"[-2,-1)",42,126,1,0,2,1,123,0.0,0.0,1.0,0.016
cn7,catboost_balanced,Max_Injection_Pressure,"[-1,0)",42,426,4,0,6,4,416,0.0,0.0,1.0,0.014218009478672985
cn7,catboost_balanced,Max_Injection_Pressure,"[0,1)",42,577,6,1,7,5,564,0.16666666666666666,0.125,0.8333333333333334,0.012259194395796848
cn7,catboost_balanced,Max_Injection_Pressure,"[1,2)",42,54,0,0,0,0,54,,,,0.0
cn7,catboost_balanced,Max_Injection_Pressure,>=2,42,0,0,0,0,0,0,,,,
cn7,catboost_balanced,Max_Switch_Over_Pressure,<-2,42,12,0,0,0,0,12,,,,0.0
cn7,catboost_balanced,Max_Switch_Over_Pressure,"[-2,-1)",42,110,0,0,2,0,108,,0.0,,0.01818181818181818
cn7,catboost_balanced,Max_Switch_Over_Pressure,"[-1,0)",42,546,3,0,4,3,539,0.0,0.0,1.0,0.007366482504604052
cn7,catboost_balanced,Max_Switch_Over_Pressure,"[0,1)",42,404,5,1,11,4,388,0.2,0.08333333333333333,0.8,0.02756892230576441
cn7,catboost_balanced,Max_Switch_Over_Pressure,"[1,2)",42,135,9,4,0,5,126,0.4444444444444444,1.0,0.5555555555555556,0.0
cn7,catboost_balanced,Max_Switch_Over_Pressure,>=2,42,4,0,0,0,0,4,,,,0.0
cn7,catboost_balanced,Max_Back_Pressure,<-2,42,14,4,4,2,0,8,1.0,0.6666666666666666,0.0,0.2
cn7,catboost_balanced,Max_Back_Pressure,"[-2,-1)",42,264,8,0,12,8,244,0.0,0.0,1.0,0.046875
cn7,catboost_balanced,Max_Back_Pressure,"[-1,0)",42,213,5,1,3,4,205,0.2,0.25,0.8,0.014423076923076924
cn7,catboost_balanced,Max_Back_Pressure,"[0,1)",42,530,0,0,0,0,530,,,,0.0
cn7,catboost_balanced,Max_Back_Pressure,"[1,2)",42,190,0,0,0,0,190,,,,0.0
cn7,catboost_balanced,Max_Back_Pressure,>=2,42,0,0,0,0,0,0,,,,
cn7,catboost_balanced,Average_Back_Pressure,<-2,42,32,4,4,2,0,26,1.0,0.6666666666666666,0.0,0.07142857142857142
cn7,catboost_balanced,Average_Back_Pressure,"[-2,-1)",42,178,6,0,10,6,162,0.0,0.0,1.0,0.05813953488372093
cn7,catboost_balanced,Average_Back_Pressure,"[-1,0)",42,315,7,1,5,6,303,0.14285714285714285,0.16666666666666666,0.8571428571428571,0.016233766233766232
cn7,catboost_balanced,Average_Back_Pressure,"[0,1)",42,584,0,0,0,0,584,,,,0.0
cn7,catboost_balanced,Average_Back_Pressure,"[1,2)",42,102,0,0,0,0,102,,,,0.0
cn7,catboost_balanced,Average_Back_Pressure,>=2,42,0,0,0,0,0,0,,,,
cn7,catboost_balanced,Barrel_Temperature_1,<-2,42,20,1,0,0,1,19,0.0,,1.0,0.0
cn7,catboost_balanced,Barrel_Temperature_1,"[-2,-1)",42,180,3,1,3,2,174,0.3333333333333333,0.25,0.6666666666666666,0.01694915254237288
cn7,catboost_balanced,Barrel_Temperature_1,"[-1,0)",42,394,7,2,8,5,379,0.2857142857142857,0.2,0.7142857142857143,0.020671834625323
cn7,catboost_balanced,Barrel_Temperature_1,"[0,1)",42,449,2,0,0,2,447,0.0,,1.0,0.0
cn7,catboost_balanced,Barrel_Temperature_1,"[1,2)",42,126,3,2,4,1,119,0.6666666666666666,0.3333333333333333,0.3333333333333333,0.032520325203252036
cn7,catboost_balanced,Barrel_Temperature_1,>=2,42,42,1,0,2,1,39,0.0,0.0,1.0,0.04878048780487805
cn7,catboost_balanced,Barrel_Temperature_2,<-2,42,20,0,0,0,0,20,,,,0.0
cn7,catboost_balanced,Barrel_Temperature_2,"[-2,-1)",42,225,6,2,0,4,219,0.3333333333333333,1.0,0.6666666666666666,0.0
cn7,catboost_balanced,Barrel_Temperature_2,"[-1,0)",42,294,5,2,4,3,285,0.4,0.3333333333333333,0.6,0.01384083044982699
cn7,catboost_balanced,Barrel_Temperature_2,"[0,1)",42,498,5,1,13,4,480,0.2,0.07142857142857142,0.8,0.02636916835699797
cn7,catboost_balanced,Barrel_Temperature_2,"[1,2)",42,134,0,0,0,0,134,,,,0.0
cn7,catboost_balanced,Barrel_Temperature_2,>=2,42,40,1,0,0,1,39,0.0,,1.0,0.0
cn7,catboost_balanced,Barrel_Temperature_3,<-2,42,20,1,0,0,1,19,0.0,,1.0,0.0
cn7,catboost_balanced,Barrel_Temperature_3,"[-2,-1)",42,138,1,1,5,0,132,1.0,0.16666666666666666,0.0,0.0364963503649635
cn7,catboost_balanced,Barrel_Temperature_3,"[-1,0)",42,593,5,4,8,1,580,0.8,0.3333333333333333,0.2,0.013605442176870748
cn7,catboost_balanced,Barrel_Temperature_3,"[0,1)",42,286,8,0,2,8,276,0.0,0.0,1.0,0.007194244604316547
cn7,catboost_balanced,Barrel_Temperature_3,"[1,2)",42,138,1,0,0,1,137,0.0,,1.0,0.0
cn7,catboost_balanced,Barrel_Temperature_3,>=2,42,36,1,0,2,1,33,0.0,0.0,1.0,0.05714285714285714
cn7,catboost_balanced,Barrel_Temperature_4,<-2,42,2,0,0,0,0,2,,,,0.0
cn7,catboost_balanced,Barrel_Temperature_4,"[-2,-1)",42,257,2,0,6,2,249,0.0,0.0,1.0,0.023529411764705882
cn7,catboost_balanced,Barrel_Temperature_4,"[-1,0)",42,376,7,2,2,5,367,0.2857142857142857,0.5,0.7142857142857143,0.005420054200542005
cn7,catboost_balanced,Barrel_Temperature_4,"[0,1)",42,310,5,3,5,2,300,0.6,0.375,0.4,0.01639344262295082
cn7,catboost_balanced,Barrel_Temperature_4,"[1,2)",42,258,3,0,4,3,251,0.0,0.0,1.0,0.01568627450980392
cn7,catboost_balanced,Barrel_Temperature_4,>=2,42,8,0,0,0,0,8,,,,0.0
cn7,catboost_balanced,Barrel_Temperature_5,<-2,42,42,1,0,0,1,41,0.0,,1.0,0.0
cn7,catboost_balanced,Barrel_Temperature_5,"[-2,-1)",42,104,1,0,2,1,101,0.0,0.0,1.0,0.019417475728155338
cn7,catboost_balanced,Barrel_Temperature_5,"[-1,0)",42,366,6,4,4,2,356,0.6666666666666666,0.5,0.3333333333333333,0.011111111111111112
cn7,catboost_balanced,Barrel_Temperature_5,"[0,1)",42,571,7,1,9,6,555,0.14285714285714285,0.1,0.8571428571428571,0.015957446808510637
cn7,catboost_balanced,Barrel_Temperature_5,"[1,2)",42,84,2,0,0,2,82,0.0,,1.0,0.0
cn7,catboost_balanced,Barrel_Temperature_5,>=2,42,44,0,0,2,0,42,,0.0,,0.045454545454545456
cn7,catboost_balanced,Barrel_Temperature_6,<-2,42,36,0,0,0,0,36,,,,0.0
cn7,catboost_balanced,Barrel_Temperature_6,"[-2,-1)",42,135,2,1,3,1,130,0.5,0.25,0.5,0.022556390977443608
cn7,catboost_balanced,Barrel_Temperature_6,"[-1,0)",42,272,5,4,2,1,265,0.8,0.6666666666666666,0.2,0.00749063670411985
cn7,catboost_balanced,Barrel_Temperature_6,"[0,1)",42,646,6,0,10,6,630,0.0,0.0,1.0,0.015625
cn7,catboost_balanced,Barrel_Temperature_6,"[1,2)",42,102,4,0,2,4,96,0.0,0.0,1.0,0.02040816326530612
cn7,catboost_balanced,Barrel_Temperature_6,>=2,42,20,0,0,0,0,20,,,,0.0
cn7,catboost_balanced,Hopper_Temperature,<-2,42,4,0,0,0,0,4,,,,0.0
cn7,catboost_balanced,Hopper_Temperature,"[-2,-1)",42,167,6,4,8,2,153,0.6666666666666666,0.3333333333333333,0.3333333333333333,0.049689440993788817
cn7,catboost_balanced,Hopper_Temperature,"[-1,0)",42,478,10,1,9,9,459,0.1,0.1,0.9,0.019230769230769232
cn7,catboost_balanced,Hopper_Temperature,"[0,1)",42,318,1,0,0,1,317,0.0,,1.0,0.0
cn7,catboost_balanced,Hopper_Temperature,"[1,2)",42,216,0,0,0,0,216,,,,0.0
cn7,catboost_balanced,Hopper_Temperature,>=2,42,28,0,0,0,0,28,,,,0.0
cn7,catboost_balanced,Mold_Temperature_3,<-2,42,0,0,0,0,0,0,,,,
cn7,catboost_balanced,Mold_Temperature_3,"[-2,-1)",42,212,0,0,0,0,212,,,,0.0
cn7,catboost_balanced,Mold_Temperature_3,"[-1,0)",42,336,0,0,0,0,336,,,,0.0
cn7,catboost_balanced,Mold_Temperature_3,"[0,1)",42,294,0,0,2,0,292,,0.0,,0.006802721088435374
cn7,catboost_balanced,Mold_Temperature_3,"[1,2)",42,369,17,5,15,12,337,0.29411764705882354,0.25,0.7058823529411765,0.04261363636363636
cn7,catboost_balanced,Mold_Temperature_3,>=2,42,0,0,0,0,0,0,,,,
cn7,catboost_balanced,Mold_Temperature_4,<-2,42,0,0,0,0,0,0,,,,
cn7,catboost_balanced,Mold_Temperature_4,"[-2,-1)",42,212,0,0,0,0,212,,,,0.0
cn7,catboost_balanced,Mold_Temperature_4,"[-1,0)",42,610,0,0,0,0,610,,,,0.0
cn7,catboost_balanced,Mold_Temperature_4,"[0,1)",42,14,0,0,0,0,14,,,,0.0
cn7,catboost_balanced,Mold_Temperature_4,"[1,2)",42,375,17,5,17,12,341,0.29411764705882354,0.22727272727272727,0.7058823529411765,0.04748603351955307
cn7,catboost_balanced,Mold_Temperature_4,>=2,42,0,0,0,0,0,0,,,,
cn7,extratrees,Injection_Time,<-2,42,10,6,6,4,0,0,1.0,0.6,0.0,1.0
cn7,extratrees,Injection_Time,"[-2,-1)",42,142,0,0,0,0,142,,,,0.0
cn7,extratrees,Injection_Time,"[-1,0)",42,478,0,0,0,0,478,,,,0.0
cn7,extratrees,Injection_Time,"[0,1)",42,380,4,0,0,4,376,0.0,,1.0,0.0
cn7,extratrees,Injection_Time,"[1,2)",42,175,6,0,2,6,167,0.0,0.0,1.0,0.011834319526627219
cn7,extratrees,Injection_Time,>=2,42,26,1,0,0,1,25,0.0,,1.0,0.0
cn7,extratrees,Filling_Time,<-2,42,10,6,6,4,0,0,1.0,0.6,0.0,1.0
cn7,extratrees,Filling_Time,"[-2,-1)",42,74,0,0,0,0,74,,,,0.0
cn7,extratrees,Filling_Time,"[-1,0)",42,638,0,0,0,0,638,,,,0.0
cn7,extratrees,Filling_Time,"[0,1)",42,244,2,0,0,2,242,0.0,,1.0,0.0
cn7,extratrees,Filling_Time,"[1,2)",42,241,9,0,2,9,230,0.0,0.0,1.0,0.008620689655172414
cn7,extratrees,Filling_Time,>=2,42,4,0,0,0,0,4,,,,0.0
cn7,extratrees,Plasticizing_Time,<-2,42,0,0,0,0,0,0,,,,
cn7,extratrees,Plasticizing_Time,"[-2,-1)",42,0,0,0,0,0,0,,,,
cn7,extratrees,Plasticizing_Time,"[-1,0)",42,629,17,6,2,11,610,0.35294117647058826,0.75,0.6470588235294118,0.0032679738562091504
cn7,extratrees,Plasticizing_Time,"[0,1)",42,572,0,0,0,0,572,,,,0.0
cn7,extratrees,Plasticizing_Time,"[1,2)",42,2,0,0,0,0,2,,,,0.0
cn7,extratrees,Plasticizing_Time,>=2,42,8,0,0,4,0,4,,0.0,,0.5
cn7,extratrees,Cycle_Time,<-2,42,6,2,2,2,0,2,1.0,0.5,0.0,0.5
cn7,extratrees,Cycle_Time,"[-2,-1)",42,172,2,2,2,0,168,1.0,0.5,0.0,0.011764705882352941
cn7,extratrees,Cycle_Time,"[-1,0)",42,290,0,0,0,0,290,,,,0.0
cn7,extratrees,Cycle_Time,"[0,1)",42,669,9,0,0,9,660,0.0,,1.0,0.0
cn7,extratrees,Cycle_Time,"[1,2)",42,70,4,2,2,2,64,0.5,0.5,0.5,0.030303030303030304
cn7,extratrees,Cycle_Time,>=2,42,4,0,0,0,0,4,,,,0.0
cn7,extratrees,Clamp_Close_Time,<-2,42,0,0,0,0,0,0,,,,
cn7,extratrees,Clamp_Close_Time,"[-2,-1)",42,0,0,0,0,0,0,,,,
cn7,extratrees,Clamp_Close_Time,"[-1,0)",42,650,0,0,4,0,646,,0.0,,0.006153846153846154
cn7,extratrees,Clamp_Close_Time,"[0,1)",42,541,15,6,2,9,524,0.4,0.75,0.6,0.0038022813688212928
cn7,extratrees,Clamp_Close_Time,"[1,2)",42,0,0,0,0,0,0,,,,
cn7,extratrees,Clamp_Close_Time,>=2,42,20,2,0,0,2,18,0.0,,1.0,0.0
cn7,extratrees,Cushion_Position,<-2,42,6,6,6,0,0,0,1.0,1.0,0.0,
cn7,extratrees,Cushion_Position,"[-2,-1)",42,0,0,0,0,0,0,,,,
cn7,extratrees,Cushion_Position,"[-1,0)",42,761,10,0,2,10,749,0.0,0.0,1.0,0.002663115845539281
cn7,extratrees,Cushion_Position,"[0,1)",42,0,0,0,0,0,0,,,,
cn7,extratrees,Cushion_Position,"[1,2)",42,436,1,0,0,1,435,0.0,,1.0,0.0
cn7,extratrees,Cushion_Position,>=2,42,8,0,0,4,0,4,,0.0,,0.5
cn7,extratrees,Plasticizing_Position,<-2,42,2,0,0,2,0,0,,0.0,,1.0
cn7,extratrees,Plasticizing_Position,"[-2,-1)",42,4,0,0,2,0,2,,0.0,,0.5
cn7,extratrees,Plasticizing_Position,"[-1,0)",42,830,0,0,0,0,830,,,,0.0
cn7,extratrees,Plasticizing_Position,"[0,1)",42,0,0,0,0,0,0,,,,
cn7,extratrees,Plasticizing_Position,"[1,2)",42,375,17,6,2,11,356,0.35294117647058826,0.75,0.6470588235294118,0.00558659217877095
cn7,extratrees,Plasticizing_Position,>=2,42,0,0,0,0,0,0,,,,
cn7,extratrees,Max_Injection_Speed,<-2,42,0,0,0,0,0,0,,,,
cn7,extratrees,Max_Injection_Speed,"[-2,-1)",42,105,3,0,2,3,100,0.0,0.0,1.0,0.0196078431372549
cn7,extratrees,Max_Injection_Speed,"[-1,0)",42,358,8,0,0,8,350,0.0,,1.0,0.0
cn7,extratrees,Max_Injection_Speed,"[0,1)",42,736,0,0,0,0,736,,,,0.0
cn7,extratrees,Max_Injection_Speed,"[1,2)",42,0,0,0,0,0,0,,,,
cn7,extratrees,Max_Injection_Speed,>=2,42,12,6,6,4,0,2,1.0,0.6,0.0,0.6666666666666666
cn7,extratrees,Max_Screw_RPM,<-2,42,8,1,0,0,1,7,0.0,,1.0,0.0
cn7,extratrees,Max_Screw_RPM,"[-2,-1)",42,94,2,0,2,2,90,0.0,0.0,1.0,0.021739130434782608
cn7,extratrees,Max_Screw_RPM,"[-1,0)",42,355,5,2,0,3,350,0.4,1.0,0.6,0.0
cn7,extratrees,Max_Screw_RPM,"[0,1)",42,628,9,4,0,5,619,0.4444444444444444,1.0,0.5555555555555556,0.0
cn7,extratrees,Max_Screw_RPM,"[1,2)",42,98,0,0,2,0,96,,0.0,,0.02040816326530612
cn7,extratrees,Max_Screw_RPM,>=2,42,28,0,0,2,0,26,,0.0,,0.07142857142857142
cn7,extratrees,Average_Screw_RPM,<-2,42,0,0,0,0,0,0,,,,
cn7,extratrees,Average_Screw_RPM,"[-2,-1)",42,112,1,0,0,1,111,0.0,,1.0,0.0
cn7,extratrees,Average_Screw_RPM,"[-1,0)",42,903,16,6,2,10,885,0.375,0.75,0.625,0.002254791431792559
cn7,extratrees,Average_Screw_RPM,"[0,1)",42,0,0,0,0,0,0,,,,
cn7,extratrees,Average_Screw_RPM,"[1,2)",42,186,0,0,0,0,186,,,,0.0
cn7,extratrees,Average_Screw_RPM,>=2,42,10,0,0,4,0,6,,0.0,,0.4
cn7,extratrees,Max_Injection_Pressure,<-2,42,28,6,6,4,0,18,1.0,0.6,0.0,0.18181818181818182
cn7,extratrees,Max_Injection_Pressure,"[-2,-1)",42,126,1,0,0,1,125,0.0,,1.0,0.0
cn7,extratrees,Max_Injection_Pressure,"[-1,0)",42,426,4,0,2,4,420,0.0,0.0,1.0,0.004739336492890996
cn7,extratrees,Max_Injection_Pressure,"[0,1)",42,577,6,0,0,6,571,0.0,,1.0,0.0
cn7,extratrees,Max_Injection_Pressure,"[1,2)",42,54,0,0,0,0,54,,,,0.0
cn7,extratrees,Max_Injection_Pressure,>=2,42,0,0,0,0,0,0,,,,
cn7,extratrees,Max_Switch_Over_Pressure,<-2,42,12,0,0,4,0,8,,0.0,,0.3333333333333333
cn7,extratrees,Max_Switch_Over_Pressure,"[-2,-1)",42,110,0,0,0,0,110,,,,0.0
cn7,extratrees,Max_Switch_Over_Pressure,"[-1,0)",42,546,3,0,0,3,543,0.0,,1.0,0.0
cn7,extratrees,Max_Switch_Over_Pressure,"[0,1)",42,404,5,0,0,5,399,0.0,,1.0,0.0
cn7,extratrees,Max_Switch_Over_Pressure,"[1,2)",42,135,9,6,2,3,124,0.6666666666666666,0.75,0.3333333333333333,0.015873015873015872
cn7,extratrees,Max_Switch_Over_Pressure,>=2,42,4,0,0,0,0,4,,,,0.0
cn7,extratrees,Max_Back_Pressure,<-2,42,14,4,4,0,0,10,1.0,1.0,0.0,0.0
cn7,extratrees,Max_Back_Pressure,"[-2,-1)",42,264,8,2,2,6,254,0.25,0.5,0.75,0.0078125
cn7,extratrees,Max_Back_Pressure,"[-1,0)",42,213,5,0,2,5,206,0.0,0.0,1.0,0.009615384615384616
cn7,extratrees,Max_Back_Pressure,"[0,1)",42,530,0,0,2,0,528,,0.0,,0.0037735849056603774
cn7,extratrees,Max_Back_Pressure,"[1,2)",42,190,0,0,0,0,190,,,,0.0
cn7,extratrees,Max_Back_Pressure,>=2,42,0,0,0,0,0,0,,,,
cn7,extratrees,Average_Back_Pressure,<-2,42,32,4,4,4,0,24,1.0,0.5,0.0,0.14285714285714285
cn7,extratrees,Average_Back_Pressure,"[-2,-1)",42,178,6,2,0,4,172,0.3333333333333333,1.0,0.6666666666666666,0.0
cn7,extratrees,Average_Back_Pressure,"[-1,0)",42,315,7,0,2,7,306,0.0,0.0,1.0,0.006493506493506494
cn7,extratrees,Average_Back_Pressure,"[0,1)",42,584,0,0,0,0,584,,,,0.0
cn7,extratrees,Average_Back_Pressure,"[1,2)",42,102,0,0,0,0,102,,,,0.0
cn7,extratrees,Average_Back_Pressure,>=2,42,0,0,0,0,0,0,,,,
cn7,extratrees,Barrel_Temperature_1,<-2,42,20,1,0,0,1,19,0.0,,1.0,0.0
cn7,extratrees,Barrel_Temperature_1,"[-2,-1)",42,180,3,2,0,1,177,0.6666666666666666,1.0,0.3333333333333333,0.0
cn7,extratrees,Barrel_Temperature_1,"[-1,0)",42,394,7,2,2,5,385,0.2857142857142857,0.5,0.7142857142857143,0.00516795865633075
cn7,extratrees,Barrel_Temperature_1,"[0,1)",42,449,2,0,4,2,443,0.0,0.0,1.0,0.008948545861297539
cn7,extratrees,Barrel_Temperature_1,"[1,2)",42,126,3,2,0,1,123,0.6666666666666666,1.0,0.3333333333333333,0.0
cn7,extratrees,Barrel_Temperature_1,>=2,42,42,1,0,0,1,41,0.0,,1.0,0.0
cn7,extratrees,Barrel_Temperature_2,<-2,42,20,0,0,0,0,20,,,,0.0
cn7,extratrees,Barrel_Temperature_2,"[-2,-1)",42,225,6,2,0,4,219,0.3333333333333333,1.0,0.6666666666666666,0.0
cn7,extratrees,Barrel_Temperature_2,"[-1,0)",42,294,5,2,4,3,285,0.4,0.3333333333333333,0.6,0.01384083044982699
cn7,extratrees,Barrel_Temperature_2,"[0,1)",42,498,5,2,0,3,493,0.4,1.0,0.6,0.0
cn7,extratrees,Barrel_Temperature_2,"[1,2)",42,134,0,0,2,0,132,,0.0,,0.014925373134328358
cn7,extratrees,Barrel_Temperature_2,>=2,42,40,1,0,0,1,39,0.0,,1.0,0.0
cn7,extratrees,Barrel_Temperature_3,<-2,42,20,1,0,0,1,19,0.0,,1.0,0.0
cn7,extratrees,Barrel_Temperature_3,"[-2,-1)",42,138,1,0,0,1,137,0.0,,1.0,0.0
cn7,extratrees,Barrel_Temperature_3,"[-1,0)",42,593,5,4,2,1,586,0.8,0.6666666666666666,0.2,0.003401360544217687
cn7,extratrees,Barrel_Temperature_3,"[0,1)",42,286,8,2,2,6,276,0.25,0.5,0.75,0.007194244604316547
cn7,extratrees,Barrel_Temperature_3,"[1,2)",42,138,1,0,2,1,135,0.0,0.0,1.0,0.014598540145985401
cn7,extratrees,Barrel_Temperature_3,>=2,42,36,1,0,0,1,35,0.0,,1.0,0.0
cn7,extratrees,Barrel_Temperature_4,<-2,42,2,0,0,0,0,2,,,,0.0
cn7,extratrees,Barrel_Temperature_4,"[-2,-1)",42,257,2,0,0,2,255,0.0,,1.0,0.0
cn7,extratrees,Barrel_Temperature_4,"[-1,0)",42,376,7,4,0,3,369,0.5714285714285714,1.0,0.42857142857142855,0.0
cn7,extratrees,Barrel_Temperature_4,"[0,1)",42,310,5,2,0,3,305,0.4,1.0,0.6,0.0
cn7,extratrees,Barrel_Temperature_4,"[1,2)",42,258,3,0,6,3,249,0.0,0.0,1.0,0.023529411764705882
cn7,extratrees,Barrel_Temperature_4,>=2,42,8,0,0,0,0,8,,,,0.0
cn7,extratrees,Barrel_Temperature_5,<-2,42,42,1,0,0,1,41,0.0,,1.0,0.0
cn7,extratrees,Barrel_Temperature_5,"[-2,-1)",42,104,1,0,0,1,103,0.0,,1.0,0.0
cn7,extratrees,Barrel_Temperature_5,"[-1,0)",42,366,6,4,2,2,358,0.6666666666666666,0.6666666666666666,0.3333333333333333,0.005555555555555556
cn7,extratrees,Barrel_Temperature_5,"[0,1)",42,571,7,2,4,5,560,0.2857142857142857,0.3333333333333333,0.7142857142857143,0.0070921985815602835
cn7,extratrees,Barrel_Temperature_5,"[1,2)",42,84,2,0,0,2,82,0.0,,1.0,0.0
cn7,extratrees,Barrel_Temperature_5,>=2,42,44,0,0,0,0,44,,,,0.0
cn7,extratrees,Barrel_Temperature_6,<-2,42,36,0,0,0,0,36,,,,0.0
cn7,extratrees,Barrel_Temperature_6,"[-2,-1)",42,135,2,0,0,2,133,0.0,,1.0,0.0
cn7,extratrees,Barrel_Temperature_6,"[-1,0)",42,272,5,4,0,1,267,0.8,1.0,0.2,0.0
cn7,extratrees,Barrel_Temperature_6,"[0,1)",42,646,6,2,4,4,636,0.3333333333333333,0.3333333333333333,0.6666666666666666,0.00625
cn7,extratrees,Barrel_Temperature_6,"[1,2)",42,102,4,0,0,4,98,0.0,,1.0,0.0
cn7,extratrees,Barrel_Temperature_6,>=2,42,20,0,0,2,0,18,,0.0,,0.1
cn7,extratrees,Hopper_Temperature,<-2,42,4,0,0,0,0,4,,,,0.0
cn7,extratrees,Hopper_Temperature,"[-2,-1)",42,167,6,4,0,2,161,0.6666666666666666,1.0,0.3333333333333333,0.0
cn7,extratrees,Hopper_Temperature,"[-1,0)",42,478,10,2,2,8,466,0.2,0.5,0.8,0.004273504273504274
cn7,extratrees,Hopper_Temperature,"[0,1)",42,318,1,0,0,1,317,0.0,,1.0,0.0
cn7,extratrees,Hopper_Temperature,"[1,2)",42,216,0,0,4,0,212,,0.0,,0.018518518518518517
cn7,extratrees,Hopper_Temperature,>=2,42,28,0,0,0,0,28,,,,0.0
cn7,extratrees,Mold_Temperature_3,<-2,42,0,0,0,0,0,0,,,,
cn7,extratrees,Mold_Temperature_3,"[-2,-1)",42,212,0,0,0,0,212,,,,0.0
cn7,extratrees,Mold_Temperature_3,"[-1,0)",42,336,0,0,0,0,336,,,,0.0
cn7,extratrees,Mold_Temperature_3,"[0,1)",42,294,0,0,4,0,290,,0.0,,0.013605442176870748
cn7,extratrees,Mold_Temperature_3,"[1,2)",42,369,17,6,2,11,350,0.35294117647058826,0.75,0.6470588235294118,0.005681818181818182
cn7,extratrees,Mold_Temperature_3,>=2,42,0,0,0,0,0,0,,,,
cn7,extratrees,Mold_Temperature_4,<-2,42,0,0,0,0,0,0,,,,
cn7,extratrees,Mold_Temperature_4,"[-2,-1)",42,212,0,0,0,0,212,,,,0.0
cn7,extratrees,Mold_Temperature_4,"[-1,0)",42,610,0,0,4,0,606,,0.0,,0.006557377049180328
cn7,extratrees,Mold_Temperature_4,"[0,1)",42,14,0,0,0,0,14,,,,0.0
cn7,extratrees,Mold_Temperature_4,"[1,2)",42,375,17,6,2,11,356,0.35294117647058826,0.75,0.6470588235294118,0.00558659217877095
cn7,extratrees,Mold_Temperature_4,>=2,42,0,0,0,0,0,0,,,,
cn7,lightgbm_balanced,Injection_Time,<-2,42,10,6,2,0,4,4,0.3333333333333333,1.0,0.6666666666666666,0.0
cn7,lightgbm_balanced,Injection_Time,"[-2,-1)",42,142,0,0,0,0,142,,,,0.0
cn7,lightgbm_balanced,Injection_Time,"[-1,0)",42,478,0,0,0,0,478,,,,0.0
cn7,lightgbm_balanced,Injection_Time,"[0,1)",42,380,4,1,17,3,359,0.25,0.05555555555555555,0.75,0.04521276595744681
cn7,lightgbm_balanced,Injection_Time,"[1,2)",42,175,6,1,13,5,156,0.16666666666666666,0.07142857142857142,0.8333333333333334,0.07692307692307693
cn7,lightgbm_balanced,Injection_Time,>=2,42,26,1,0,0,1,25,0.0,,1.0,0.0
cn7,lightgbm_balanced,Filling_Time,<-2,42,10,6,2,0,4,4,0.3333333333333333,1.0,0.6666666666666666,0.0
cn7,lightgbm_balanced,Filling_Time,"[-2,-1)",42,74,0,0,0,0,74,,,,0.0
cn7,lightgbm_balanced,Filling_Time,"[-1,0)",42,638,0,0,0,0,638,,,,0.0
cn7,lightgbm_balanced,Filling_Time,"[0,1)",42,244,2,0,10,2,232,0.0,0.0,1.0,0.04132231404958678
cn7,lightgbm_balanced,Filling_Time,"[1,2)",42,241,9,2,20,7,212,0.2222222222222222,0.09090909090909091,0.7777777777777778,0.08620689655172414
cn7,lightgbm_balanced,Filling_Time,>=2,42,4,0,0,0,0,4,,,,0.0
cn7,lightgbm_balanced,Plasticizing_Time,<-2,42,0,0,0,0,0,0,,,,
cn7,lightgbm_balanced,Plasticizing_Time,"[-2,-1)",42,0,0,0,0,0,0,,,,
cn7,lightgbm_balanced,Plasticizing_Time,"[-1,0)",42,629,17,4,30,13,582,0.23529411764705882,0.11764705882352941,0.7647058823529411,0.049019607843137254
cn7,lightgbm_balanced,Plasticizing_Time,"[0,1)",42,572,0,0,0,0,572,,,,0.0
cn7,lightgbm_balanced,Plasticizing_Time,"[1,2)",42,2,0,0,0,0,2,,,,0.0
cn7,lightgbm_balanced,Plasticizing_Time,>=2,42,8,0,0,0,0,8,,,,0.0
cn7,lightgbm_balanced,Cycle_Time,<-2,42,6,2,2,2,0,2,1.0,0.5,0.0,0.5
cn7,lightgbm_balanced,Cycle_Time,"[-2,-1)",42,172,2,0,0,2,170,0.0,,1.0,0.0
cn7,lightgbm_balanced,Cycle_Time,"[-1,0)",42,290,0,0,0,0,290,,,,0.0
cn7,lightgbm_balanced,Cycle_Time,"[0,1)",42,669,9,1,21,8,639,0.1111111111111111,0.045454545454545456,0.8888888888888888,0.031818181818181815
cn7,lightgbm_balanced,Cycle_Time,"[1,2)",42,70,4,1,5,3,61,0.25,0.16666666666666666,0.75,0.07575757575757576
cn7,lightgbm_balanced,Cycle_Time,>=2,42,4,0,0,2,0,2,,0.0,,0.5
cn7,lightgbm_balanced,Clamp_Close_Time,<-2,42,0,0,0,0,0,0,,,,
cn7,lightgbm_balanced,Clamp_Close_Time,"[-2,-1)",42,0,0,0,0,0,0,,,,
cn7,lightgbm_balanced,Clamp_Close_Time,"[-1,0)",42,650,0,0,0,0,650,,,,0.0
cn7,lightgbm_balanced,Clamp_Close_Time,"[0,1)",42,541,15,4,30,11,496,0.26666666666666666,0.11764705882352941,0.7333333333333333,0.057034220532319393
cn7,lightgbm_balanced,Clamp_Close_Time,"[1,2)",42,0,0,0,0,0,0,,,,
cn7,lightgbm_balanced,Clamp_Close_Time,>=2,42,20,2,0,0,2,18,0.0,,1.0,0.0
cn7,lightgbm_balanced,Cushion_Position,<-2,42,6,6,2,0,4,0,0.3333333333333333,1.0,0.6666666666666666,
cn7,lightgbm_balanced,Cushion_Position,"[-2,-1)",42,0,0,0,0,0,0,,,,
cn7,lightgbm_balanced,Cushion_Position,"[-1,0)",42,761,10,2,28,8,723,0.2,0.06666666666666667,0.8,0.037283621837549935
cn7,lightgbm_balanced,Cushion_Position,"[0,1)",42,0,0,0,0,0,0,,,,
cn7,lightgbm_balanced,Cushion_Position,"[1,2)",42,436,1,0,2,1,433,0.0,0.0,1.0,0.004597701149425287
cn7,lightgbm_balanced,Cushion_Position,>=2,42,8,0,0,0,0,8,,,,0.0
cn7,lightgbm_balanced,Plasticizing_Position,<-2,42,2,0,0,0,0,2,,,,0.0
cn7,lightgbm_balanced,Plasticizing_Position,"[-2,-1)",42,4,0,0,0,0,4,,,,0.0
cn7,lightgbm_balanced,Plasticizing_Position,"[-1,0)",42,830,0,0,0,0,830,,,,0.0
cn7,lightgbm_balanced,Plasticizing_Position,"[0,1)",42,0,0,0,0,0,0,,,,
cn7,lightgbm_balanced,Plasticizing_Position,"[1,2)",42,375,17,4,30,13,328,0.23529411764705882,0.11764705882352941,0.7647058823529411,0.08379888268156424
cn7,lightgbm_balanced,Plasticizing_Position,>=2,42,0,0,0,0,0,0,,,,
cn7,lightgbm_balanced,Max_Injection_Speed,<-2,42,0,0,0,0,0,0,,,,
cn7,lightgbm_balanced,Max_Injection_Speed,"[-2,-1)",42,105,3,0,0,3,102,0.0,,1.0,0.0
cn7,lightgbm_balanced,Max_Injection_Speed,"[-1,0)",42,358,8,2,30,6,320,0.25,0.0625,0.75,0.08571428571428572
cn7,lightgbm_balanced,Max_Injection_Speed,"[0,1)",42,736,0,0,0,0,736,,,,0.0
cn7,lightgbm_balanced,Max_Injection_Speed,"[1,2)",42,0,0,0,0,0,0,,,,
cn7,lightgbm_balanced,Max_Injection_Speed,>=2,42,12,6,2,0,4,6,0.3333333333333333,1.0,0.6666666666666666,0.0
cn7,lightgbm_balanced,Max_Screw_RPM,<-2,42,8,1,1,1,0,6,1.0,0.5,0.0,0.14285714285714285
cn7,lightgbm_balanced,Max_Screw_RPM,"[-2,-1)",42,94,2,1,5,1,87,0.5,0.16666666666666666,0.5,0.05434782608695652
cn7,lightgbm_balanced,Max_Screw_RPM,"[-1,0)",42,355,5,0,10,5,340,0.0,0.0,1.0,0.02857142857142857
cn7,lightgbm_balanced,Max_Screw_RPM,"[0,1)",42,628,9,2,12,7,607,0.2222222222222222,0.14285714285714285,0.7777777777777778,0.01938610662358643
cn7,lightgbm_balanced,Max_Screw_RPM,"[1,2)",42,98,0,0,2,0,96,,0.0,,0.02040816326530612
cn7,lightgbm_balanced,Max_Screw_RPM,>=2,42,28,0,0,0,0,28,,,,0.0
cn7,lightgbm_balanced,Average_Screw_RPM,<-2,42,0,0,0,0,0,0,,,,
cn7,lightgbm_balanced,Average_Screw_RPM,"[-2,-1)",42,112,1,0,8,1,103,0.0,0.0,1.0,0.07207207207207207
cn7,lightgbm_balanced,Average_Screw_RPM,"[-1,0)",42,903,16,4,22,12,865,0.25,0.15384615384615385,0.75,0.02480270574971815
cn7,lightgbm_balanced,Average_Screw_RPM,"[0,1)",42,0,0,0,0,0,0,,,,
cn7,lightgbm_balanced,Average_Screw_RPM,"[1,2)",42,186,0,0,0,0,186,,,,0.0
cn7,lightgbm_balanced,Average_Screw_RPM,>=2,42,10,0,0,0,0,10,,,,0.0
cn7,lightgbm_balanced,Max_Injection_Pressure,<-2,42,28,6,2,0,4,22,0.3333333333333333,1.0,0.6666666666666666,0.0
cn7,lightgbm_balanced,Max_Injection_Pressure,"[-2,-1)",42,126,1,0,2,1,123,0.0,0.0,1.0,0.016
cn7,lightgbm_balanced,Max_Injection_Pressure,"[-1,0)",42,426,4,1,17,3,405,0.25,0.05555555555555555,0.75,0.04028436018957346
cn7,lightgbm_balanced,Max_Injection_Pressure,"[0,1)",42,577,6,1,11,5,560,0.16666666666666666,0.08333333333333333,0.8333333333333334,0.01926444833625219
cn7,lightgbm_balanced,Max_Injection_Pressure,"[1,2)",42,54,0,0,0,0,54,,,,0.0
cn7,lightgbm_balanced,Max_Injection_Pressure,>=2,42,0,0,0,0,0,0,,,,
cn7,lightgbm_balanced,Max_Switch_Over_Pressure,<-2,42,12,0,0,0,0,12,,,,0.0
cn7,lightgbm_balanced,Max_Switch_Over_Pressure,"[-2,-1)",42,110,0,0,2,0,108,,0.0,,0.01818181818181818
cn7,lightgbm_balanced,Max_Switch_Over_Pressure,"[-1,0)",42,546,3,0,10,3,533,0.0,0.0,1.0,0.01841620626151013
cn7,lightgbm_balanced,Max_Switch_Over_Pressure,"[0,1)",42,404,5,2,18,3,381,0.4,0.1,0.6,0.045112781954887216
cn7,lightgbm_balanced,Max_Switch_Over_Pressure,"[1,2)",42,135,9,2,0,7,126,0.2222222222222222,1.0,0.7777777777777778,0.0
cn7,lightgbm_balanced,Max_Switch_Over_Pressure,>=2,42,4,0,0,0,0,4,,,,0.0
cn7,lightgbm_balanced,Max_Back_Pressure,<-2,42,14,4,2,2,2,8,0.5,0.5,0.5,0.2
cn7,lightgbm_balanced,Max_Back_Pressure,"[-2,-1)",42,264,8,0,22,8,234,0.0,0.0,1.0,0.0859375
cn7,lightgbm_balanced,Max_Back_Pressure,"[-1,0)",42,213,5,2,6,3,202,0.4,0.25,0.6,0.028846153846153848
cn7,lightgbm_balanced,Max_Back_Pressure,"[0,1)",42,530,0,0,0,0,530,,,,0.0
cn7,lightgbm_balanced,Max_Back_Pressure,"[1,2)",42,190,0,0,0,0,190,,,,0.0
cn7,lightgbm_balanced,Max_Back_Pressure,>=2,42,0,0,0,0,0,0,,,,
cn7,lightgbm_balanced,Average_Back_Pressure,<-2,42,32,4,2,2,2,26,0.5,0.5,0.5,0.07142857142857142
cn7,lightgbm_balanced,Average_Back_Pressure,"[-2,-1)",42,178,6,0,20,6,152,0.0,0.0,1.0,0.11627906976744186
cn7,lightgbm_balanced,Average_Back_Pressure,"[-1,0)",42,315,7,2,8,5,300,0.2857142857142857,0.2,0.7142857142857143,0.025974025974025976
cn7,lightgbm_balanced,Average_Back_Pressure,"[0,1)",42,584,0,0,0,0,584,,,,0.0
cn7,lightgbm_balanced,Average_Back_Pressure,"[1,2)",42,102,0,0,0,0,102,,,,0.0
cn7,lightgbm_balanced,Average_Back_Pressure,>=2,42,0,0,0,0,0,0,,,,
cn7,lightgbm_balanced,Barrel_Temperature_1,<-2,42,20,1,0,0,1,19,0.0,,1.0,0.0
cn7,lightgbm_balanced,Barrel_Temperature_1,"[-2,-1)",42,180,3,1,3,2,174,0.3333333333333333,0.25,0.6666666666666666,0.01694915254237288
cn7,lightgbm_balanced,Barrel_Temperature_1,"[-1,0)",42,394,7,0,16,7,371,0.0,0.0,1.0,0.041343669250646
cn7,lightgbm_balanced,Barrel_Temperature_1,"[0,1)",42,449,2,1,5,1,442,0.5,0.16666666666666666,0.5,0.011185682326621925
cn7,lightgbm_balanced,Barrel_Temperature_1,"[1,2)",42,126,3,2,2,1,121,0.6666666666666666,0.5,0.3333333333333333,0.016260162601626018
cn7,lightgbm_balanced,Barrel_Temperature_1,>=2,42,42,1,0,4,1,37,0.0,0.0,1.0,0.0975609756097561
cn7,lightgbm_balanced,Barrel_Temperature_2,<-2,42,20,0,0,2,0,18,,0.0,,0.1
cn7,lightgbm_balanced,Barrel_Temperature_2,"[-2,-1)",42,225,6,2,0,4,219,0.3333333333333333,1.0,0.6666666666666666,0.0
cn7,lightgbm_balanced,Barrel_Temperature_2,"[-1,0)",42,294,5,1,13,4,276,0.2,0.07142857142857142,0.8,0.04498269896193772
cn7,lightgbm_balanced,Barrel_Temperature_2,"[0,1)",42,498,5,1,15,4,478,0.2,0.0625,0.8,0.030425963488843813
cn7,lightgbm_balanced,Barrel_Temperature_2,"[1,2)",42,134,0,0,0,0,134,,,,0.0
cn7,lightgbm_balanced,Barrel_Temperature_2,>=2,42,40,1,0,0,1,39,0.0,,1.0,0.0
cn7,lightgbm_balanced,Barrel_Temperature_3,<-2,42,20,1,0,0,1,19,0.0,,1.0,0.0
cn7,lightgbm_balanced,Barrel_Temperature_3,"[-2,-1)",42,138,1,1,5,0,132,1.0,0.16666666666666666,0.0,0.0364963503649635
cn7,lightgbm_balanced,Barrel_Temperature_3,"[-1,0)",42,593,5,2,10,3,578,0.4,0.16666666666666666,0.6,0.017006802721088437
cn7,lightgbm_balanced,Barrel_Temperature_3,"[0,1)",42,286,8,1,11,7,267,0.125,0.08333333333333333,0.875,0.039568345323741004
cn7,lightgbm_balanced,Barrel_Temperature_3,"[1,2)",42,138,1,0,0,1,137,0.0,,1.0,0.0
cn7,lightgbm_balanced,Barrel_Temperature_3,>=2,42,36,1,0,4,1,31,0.0,0.0,1.0,0.11428571428571428
cn7,lightgbm_balanced,Barrel_Temperature_4,<-2,42,2,0,0,0,0,2,,,,0.0
cn7,lightgbm_balanced,Barrel_Temperature_4,"[-2,-1)",42,257,2,0,10,2,245,0.0,0.0,1.0,0.0392156862745098
cn7,lightgbm_balanced,Barrel_Temperature_4,"[-1,0)",42,376,7,2,8,5,361,0.2857142857142857,0.2,0.7142857142857143,0.02168021680216802
cn7,lightgbm_balanced,Barrel_Temperature_4,"[0,1)",42,310,5,1,5,4,300,0.2,0.16666666666666666,0.8,0.01639344262295082
cn7,lightgbm_balanced,Barrel_Temperature_4,"[1,2)",42,258,3,1,7,2,248,0.3333333333333333,0.125,0.6666666666666666,0.027450980392156862
cn7,lightgbm_balanced,Barrel_Temperature_4,>=2,42,8,0,0,0,0,8,,,,0.0
cn7,lightgbm_balanced,Barrel_Temperature_5,<-2,42,42,1,0,0,1,41,0.0,,1.0,0.0
cn7,lightgbm_balanced,Barrel_Temperature_5,"[-2,-1)",42,104,1,0,4,1,99,0.0,0.0,1.0,0.038834951456310676
cn7,lightgbm_balanced,Barrel_Temperature_5,"[-1,0)",42,366,6,3,11,3,349,0.5,0.21428571428571427,0.5,0.030555555555555555
cn7,lightgbm_balanced,Barrel_Temperature_5,"[0,1)",42,571,7,1,13,6,551,0.14285714285714285,0.07142857142857142,0.8571428571428571,0.02304964539007092
cn7,lightgbm_balanced,Barrel_Temperature_5,"[1,2)",42,84,2,0,0,2,82,0.0,,1.0,0.0
cn7,lightgbm_balanced,Barrel_Temperature_5,>=2,42,44,0,0,2,0,42,,0.0,,0.045454545454545456
cn7,lightgbm_balanced,Barrel_Temperature_6,<-2,42,36,0,0,0,0,36,,,,0.0
cn7,lightgbm_balanced,Barrel_Temperature_6,"[-2,-1)",42,135,2,1,5,1,128,0.5,0.16666666666666666,0.5,0.03759398496240601
cn7,lightgbm_balanced,Barrel_Temperature_6,"[-1,0)",42,272,5,2,2,3,265,0.4,0.5,0.6,0.00749063670411985
cn7,lightgbm_balanced,Barrel_Temperature_6,"[0,1)",42,646,6,1,19,5,621,0.16666666666666666,0.05,0.8333333333333334,0.0296875
cn7,lightgbm_balanced,Barrel_Temperature_6,"[1,2)",42,102,4,0,4,4,94,0.0,0.0,1.0,0.04081632653061224
cn7,lightgbm_balanced,Barrel_Temperature_6,>=2,42,20,0,0,0,0,20,,,,0.0
cn7,lightgbm_balanced,Hopper_Temperature,<-2,42,4,0,0,0,0,4,,,,0.0
cn7,lightgbm_balanced,Hopper_Temperature,"[-2,-1)",42,167,6,2,12,4,149,0.3333333333333333,0.14285714285714285,0.6666666666666666,0.07453416149068323
cn7,lightgbm_balanced,Hopper_Temperature,"[-1,0)",42,478,10,2,18,8,450,0.2,0.1,0.8,0.038461538461538464
cn7,lightgbm_balanced,Hopper_Temperature,"[0,1)",42,318,1,0,0,1,317,0.0,,1.0,0.0
cn7,lightgbm_balanced,Hopper_Temperature,"[1,2)",42,216,0,0,0,0,216,,,,0.0
cn7,lightgbm_balanced,Hopper_Temperature,>=2,42,28,0,0,0,0,28,,,,0.0
cn7,lightgbm_balanced,Mold_Temperature_3,<-2,42,0,0,0,0,0,0,,,,
cn7,lightgbm_balanced,Mold_Temperature_3,"[-2,-1)",42,212,0,0,0,0,212,,,,0.0
cn7,lightgbm_balanced,Mold_Temperature_3,"[-1,0)",42,336,0,0,0,0,336,,,,0.0
cn7,lightgbm_balanced,Mold_Temperature_3,"[0,1)",42,294,0,0,0,0,294,,,,0.0
cn7,lightgbm_balanced,Mold_Temperature_3,"[1,2)",42,369,17,4,30,13,322,0.23529411764705882,0.11764705882352941,0.7647058823529411,0.08522727272727272
cn7,lightgbm_balanced,Mold_Temperature_3,>=2,42,0,0,0,0,0,0,,,,
cn7,lightgbm_balanced,Mold_Temperature_4,<-2,42,0,0,0,0,0,0,,,,
cn7,lightgbm_balanced,Mold_Temperature_4,"[-2,-1)",42,212,0,0,0,0,212,,,,0.0
cn7,lightgbm_balanced,Mold_Temperature_4,"[-1,0)",42,610,0,0,0,0,610,,,,0.0
cn7,lightgbm_balanced,Mold_Temperature_4,"[0,1)",42,14,0,0,0,0,14,,,,0.0
cn7,lightgbm_balanced,Mold_Temperature_4,"[1,2)",42,375,17,4,30,13,328,0.23529411764705882,0.11764705882352941,0.7647058823529411,0.08379888268156424
cn7,lightgbm_balanced,Mold_Temperature_4,>=2,42,0,0,0,0,0,0,,,,
cn7,logistic,Injection_Time,<-2,42,10,6,6,0,0,4,1.0,1.0,0.0,0.0
cn7,logistic,Injection_Time,"[-2,-1)",42,142,0,0,0,0,142,,,,0.0
cn7,logistic,Injection_Time,"[-1,0)",42,478,0,0,0,0,478,,,,0.0
cn7,logistic,Injection_Time,"[0,1)",42,380,4,0,0,4,376,0.0,,1.0,0.0
cn7,logistic,Injection_Time,"[1,2)",42,175,6,0,0,6,169,0.0,,1.0,0.0
cn7,logistic,Injection_Time,>=2,42,26,1,0,0,1,25,0.0,,1.0,0.0
cn7,logistic,Filling_Time,<-2,42,10,6,6,0,0,4,1.0,1.0,0.0,0.0
cn7,logistic,Filling_Time,"[-2,-1)",42,74,0,0,0,0,74,,,,0.0
cn7,logistic,Filling_Time,"[-1,0)",42,638,0,0,0,0,638,,,,0.0
cn7,logistic,Filling_Time,"[0,1)",42,244,2,0,0,2,242,0.0,,1.0,0.0
cn7,logistic,Filling_Time,"[1,2)",42,241,9,0,0,9,232,0.0,,1.0,0.0
cn7,logistic,Filling_Time,>=2,42,4,0,0,0,0,4,,,,0.0
cn7,logistic,Plasticizing_Time,<-2,42,0,0,0,0,0,0,,,,
cn7,logistic,Plasticizing_Time,"[-2,-1)",42,0,0,0,0,0,0,,,,
cn7,logistic,Plasticizing_Time,"[-1,0)",42,629,17,6,0,11,612,0.35294117647058826,1.0,0.6470588235294118,0.0
cn7,logistic,Plasticizing_Time,"[0,1)",42,572,0,0,0,0,572,,,,0.0
cn7,logistic,Plasticizing_Time,"[1,2)",42,2,0,0,0,0,2,,,,0.0
cn7,logistic,Plasticizing_Time,>=2,42,8,0,0,0,0,8,,,,0.0
cn7,logistic,Cycle_Time,<-2,42,6,2,2,0,0,4,1.0,1.0,0.0,0.0
cn7,logistic,Cycle_Time,"[-2,-1)",42,172,2,2,0,0,170,1.0,1.0,0.0,0.0
cn7,logistic,Cycle_Time,"[-1,0)",42,290,0,0,0,0,290,,,,0.0
cn7,logistic,Cycle_Time,"[0,1)",42,669,9,0,0,9,660,0.0,,1.0,0.0
cn7,logistic,Cycle_Time,"[1,2)",42,70,4,2,0,2,66,0.5,1.0,0.5,0.0
cn7,logistic,Cycle_Time,>=2,42,4,0,0,0,0,4,,,,0.0
cn7,logistic,Clamp_Close_Time,<-2,42,0,0,0,0,0,0,,,,
cn7,logistic,Clamp_Close_Time,"[-2,-1)",42,0,0,0,0,0,0,,,,
cn7,logistic,Clamp_Close_Time,"[-1,0)",42,650,0,0,0,0,650,,,,0.0
cn7,logistic,Clamp_Close_Time,"[0,1)",42,541,15,6,0,9,526,0.4,1.0,0.6,0.0
cn7,logistic,Clamp_Close_Time,"[1,2)",42,0,0,0,0,0,0,,,,
cn7,logistic,Clamp_Close_Time,>=2,42,20,2,0,0,2,18,0.0,,1.0,0.0
cn7,logistic,Cushion_Position,<-2,42,6,6,6,0,0,0,1.0,1.0,0.0,
cn7,logistic,Cushion_Position,"[-2,-1)",42,0,0,0,0,0,0,,,,
cn7,logistic,Cushion_Position,"[-1,0)",42,761,10,0,0,10,751,0.0,,1.0,0.0
cn7,logistic,Cushion_Position,"[0,1)",42,0,0,0,0,0,0,,,,
cn7,logistic,Cushion_Position,"[1,2)",42,436,1,0,0,1,435,0.0,,1.0,0.0
cn7,logistic,Cushion_Position,>=2,42,8,0,0,0,0,8,,,,0.0
cn7,logistic,Plasticizing_Position,<-2,42,2,0,0,0,0,2,,,,0.0
cn7,logistic,Plasticizing_Position,"[-2,-1)",42,4,0,0,0,0,4,,,,0.0
cn7,logistic,Plasticizing_Position,"[-1,0)",42,830,0,0,0,0,830,,,,0.0
cn7,logistic,Plasticizing_Position,"[0,1)",42,0,0,0,0,0,0,,,,
cn7,logistic,Plasticizing_Position,"[1,2)",42,375,17,6,0,11,358,0.35294117647058826,1.0,0.6470588235294118,0.0
cn7,logistic,Plasticizing_Position,>=2,42,0,0,0,0,0,0,,,,
cn7,logistic,Max_Injection_Speed,<-2,42,0,0,0,0,0,0,,,,
cn7,logistic,Max_Injection_Speed,"[-2,-1)",42,105,3,0,0,3,102,0.0,,1.0,0.0
cn7,logistic,Max_Injection_Speed,"[-1,0)",42,358,8,0,0,8,350,0.0,,1.0,0.0
cn7,logistic,Max_Injection_Speed,"[0,1)",42,736,0,0,0,0,736,,,,0.0
cn7,logistic,Max_Injection_Speed,"[1,2)",42,0,0,0,0,0,0,,,,
cn7,logistic,Max_Injection_Speed,>=2,42,12,6,6,0,0,6,1.0,1.0,0.0,0.0
cn7,logistic,Max_Screw_RPM,<-2,42,8,1,0,0,1,7,0.0,,1.0,0.0
cn7,logistic,Max_Screw_RPM,"[-2,-1)",42,94,2,0,0,2,92,0.0,,1.0,0.0
cn7,logistic,Max_Screw_RPM,"[-1,0)",42,355,5,2,0,3,350,0.4,1.0,0.6,0.0
cn7,logistic,Max_Screw_RPM,"[0,1)",42,628,9,4,0,5,619,0.4444444444444444,1.0,0.5555555555555556,0.0
cn7,logistic,Max_Screw_RPM,"[1,2)",42,98,0,0,0,0,98,,,,0.0
cn7,logistic,Max_Screw_RPM,>=2,42,28,0,0,0,0,28,,,,0.0
cn7,logistic,Average_Screw_RPM,<-2,42,0,0,0,0,0,0,,,,
cn7,logistic,Average_Screw_RPM,"[-2,-1)",42,112,1,0,0,1,111,0.0,,1.0,0.0
cn7,logistic,Average_Screw_RPM,"[-1,0)",42,903,16,6,0,10,887,0.375,1.0,0.625,0.0
cn7,logistic,Average_Screw_RPM,"[0,1)",42,0,0,0,0,0,0,,,,
cn7,logistic,Average_Screw_RPM,"[1,2)",42,186,0,0,0,0,186,,,,0.0
cn7,logistic,Average_Screw_RPM,>=2,42,10,0,0,0,0,10,,,,0.0
cn7,logistic,Max_Injection_Pressure,<-2,42,28,6,6,0,0,22,1.0,1.0,0.0,0.0
cn7,logistic,Max_Injection_Pressure,"[-2,-1)",42,126,1,0,0,1,125,0.0,,1.0,0.0
cn7,logistic,Max_Injection_Pressure,"[-1,0)",42,426,4,0,0,4,422,0.0,,1.0,0.0
cn7,logistic,Max_Injection_Pressure,"[0,1)",42,577,6,0,0,6,571,0.0,,1.0,0.0
cn7,logistic,Max_Injection_Pressure,"[1,2)",42,54,0,0,0,0,54,,,,0.0
cn7,logistic,Max_Injection_Pressure,>=2,42,0,0,0,0,0,0,,,,
cn7,logistic,Max_Switch_Over_Pressure,<-2,42,12,0,0,0,0,12,,,,0.0
cn7,logistic,Max_Switch_Over_Pressure,"[-2,-1)",42,110,0,0,0,0,110,,,,0.0
cn7,logistic,Max_Switch_Over_Pressure,"[-1,0)",42,546,3,0,0,3,543,0.0,,1.0,0.0
cn7,logistic,Max_Switch_Over_Pressure,"[0,1)",42,404,5,0,0,5,399,0.0,,1.0,0.0
cn7,logistic,Max_Switch_Over_Pressure,"[1,2)",42,135,9,6,0,3,126,0.6666666666666666,1.0,0.3333333333333333,0.0
cn7,logistic,Max_Switch_Over_Pressure,>=2,42,4,0,0,0,0,4,,,,0.0
cn7,logistic,Max_Back_Pressure,<-2,42,14,4,4,0,0,10,1.0,1.0,0.0,0.0
cn7,logistic,Max_Back_Pressure,"[-2,-1)",42,264,8,2,0,6,256,0.25,1.0,0.75,0.0
cn7,logistic,Max_Back_Pressure,"[-1,0)",42,213,5,0,0,5,208,0.0,,1.0,0.0
cn7,logistic,Max_Back_Pressure,"[0,1)",42,530,0,0,0,0,530,,,,0.0
cn7,logistic,Max_Back_Pressure,"[1,2)",42,190,0,0,0,0,190,,,,0.0
cn7,logistic,Max_Back_Pressure,>=2,42,0,0,0,0,0,0,,,,
cn7,logistic,Average_Back_Pressure,<-2,42,32,4,4,0,0,28,1.0,1.0,0.0,0.0
cn7,logistic,Average_Back_Pressure,"[-2,-1)",42,178,6,2,0,4,172,0.3333333333333333,1.0,0.6666666666666666,0.0
cn7,logistic,Average_Back_Pressure,"[-1,0)",42,315,7,0,0,7,308,0.0,,1.0,0.0
cn7,logistic,Average_Back_Pressure,"[0,1)",42,584,0,0,0,0,584,,,,0.0
cn7,logistic,Average_Back_Pressure,"[1,2)",42,102,0,0,0,0,102,,,,0.0
cn7,logistic,Average_Back_Pressure,>=2,42,0,0,0,0,0,0,,,,
cn7,logistic,Barrel_Temperature_1,<-2,42,20,1,0,0,1,19,0.0,,1.0,0.0
cn7,logistic,Barrel_Temperature_1,"[-2,-1)",42,180,3,2,0,1,177,0.6666666666666666,1.0,0.3333333333333333,0.0
cn7,logistic,Barrel_Temperature_1,"[-1,0)",42,394,7,2,0,5,387,0.2857142857142857,1.0,0.7142857142857143,0.0
cn7,logistic,Barrel_Temperature_1,"[0,1)",42,449,2,0,0,2,447,0.0,,1.0,0.0
cn7,logistic,Barrel_Temperature_1,"[1,2)",42,126,3,2,0,1,123,0.6666666666666666,1.0,0.3333333333333333,0.0
cn7,logistic,Barrel_Temperature_1,>=2,42,42,1,0,0,1,41,0.0,,1.0,0.0
cn7,logistic,Barrel_Temperature_2,<-2,42,20,0,0,0,0,20,,,,0.0
cn7,logistic,Barrel_Temperature_2,"[-2,-1)",42,225,6,2,0,4,219,0.3333333333333333,1.0,0.6666666666666666,0.0
cn7,logistic,Barrel_Temperature_2,"[-1,0)",42,294,5,2,0,3,289,0.4,1.0,0.6,0.0
cn7,logistic,Barrel_Temperature_2,"[0,1)",42,498,5,2,0,3,493,0.4,1.0,0.6,0.0
cn7,logistic,Barrel_Temperature_2,"[1,2)",42,134,0,0,0,0,134,,,,0.0
cn7,logistic,Barrel_Temperature_2,>=2,42,40,1,0,0,1,39,0.0,,1.0,0.0
cn7,logistic,Barrel_Temperature_3,<-2,42,20,1,0,0,1,19,0.0,,1.0,0.0
cn7,logistic,Barrel_Temperature_3,"[-2,-1)",42,138,1,0,0,1,137,0.0,,1.0,0.0
cn7,logistic,Barrel_Temperature_3,"[-1,0)",42,593,5,4,0,1,588,0.8,1.0,0.2,0.0
cn7,logistic,Barrel_Temperature_3,"[0,1)",42,286,8,2,0,6,278,0.25,1.0,0.75,0.0
cn7,logistic,Barrel_Temperature_3,"[1,2)",42,138,1,0,0,1,137,0.0,,1.0,0.0
cn7,logistic,Barrel_Temperature_3,>=2,42,36,1,0,0,1,35,0.0,,1.0,0.0
cn7,logistic,Barrel_Temperature_4,<-2,42,2,0,0,0,0,2,,,,0.0
cn7,logistic,Barrel_Temperature_4,"[-2,-1)",42,257,2,0,0,2,255,0.0,,1.0,0.0
cn7,logistic,Barrel_Temperature_4,"[-1,0)",42,376,7,4,0,3,369,0.5714285714285714,1.0,0.42857142857142855,0.0
cn7,logistic,Barrel_Temperature_4,"[0,1)",42,310,5,2,0,3,305,0.4,1.0,0.6,0.0
cn7,logistic,Barrel_Temperature_4,"[1,2)",42,258,3,0,0,3,255,0.0,,1.0,0.0
cn7,logistic,Barrel_Temperature_4,>=2,42,8,0,0,0,0,8,,,,0.0
cn7,logistic,Barrel_Temperature_5,<-2,42,42,1,0,0,1,41,0.0,,1.0,0.0
cn7,logistic,Barrel_Temperature_5,"[-2,-1)",42,104,1,0,0,1,103,0.0,,1.0,0.0
cn7,logistic,Barrel_Temperature_5,"[-1,0)",42,366,6,4,0,2,360,0.6666666666666666,1.0,0.3333333333333333,0.0
cn7,logistic,Barrel_Temperature_5,"[0,1)",42,571,7,2,0,5,564,0.2857142857142857,1.0,0.7142857142857143,0.0
cn7,logistic,Barrel_Temperature_5,"[1,2)",42,84,2,0,0,2,82,0.0,,1.0,0.0
cn7,logistic,Barrel_Temperature_5,>=2,42,44,0,0,0,0,44,,,,0.0
cn7,logistic,Barrel_Temperature_6,<-2,42,36,0,0,0,0,36,,,,0.0
cn7,logistic,Barrel_Temperature_6,"[-2,-1)",42,135,2,0,0,2,133,0.0,,1.0,0.0
cn7,logistic,Barrel_Temperature_6,"[-1,0)",42,272,5,4,0,1,267,0.8,1.0,0.2,0.0
cn7,logistic,Barrel_Temperature_6,"[0,1)",42,646,6,2,0,4,640,0.3333333333333333,1.0,0.6666666666666666,0.0
cn7,logistic,Barrel_Temperature_6,"[1,2)",42,102,4,0,0,4,98,0.0,,1.0,0.0
cn7,logistic,Barrel_Temperature_6,>=2,42,20,0,0,0,0,20,,,,0.0
cn7,logistic,Hopper_Temperature,<-2,42,4,0,0,0,0,4,,,,0.0
cn7,logistic,Hopper_Temperature,"[-2,-1)",42,167,6,4,0,2,161,0.6666666666666666,1.0,0.3333333333333333,0.0
cn7,logistic,Hopper_Temperature,"[-1,0)",42,478,10,2,0,8,468,0.2,1.0,0.8,0.0
cn7,logistic,Hopper_Temperature,"[0,1)",42,318,1,0,0,1,317,0.0,,1.0,0.0
cn7,logistic,Hopper_Temperature,"[1,2)",42,216,0,0,0,0,216,,,,0.0
cn7,logistic,Hopper_Temperature,>=2,42,28,0,0,0,0,28,,,,0.0
cn7,logistic,Mold_Temperature_3,<-2,42,0,0,0,0,0,0,,,,
cn7,logistic,Mold_Temperature_3,"[-2,-1)",42,212,0,0,0,0,212,,,,0.0
cn7,logistic,Mold_Temperature_3,"[-1,0)",42,336,0,0,0,0,336,,,,0.0
cn7,logistic,Mold_Temperature_3,"[0,1)",42,294,0,0,0,0,294,,,,0.0
cn7,logistic,Mold_Temperature_3,"[1,2)",42,369,17,6,0,11,352,0.35294117647058826,1.0,0.6470588235294118,0.0
cn7,logistic,Mold_Temperature_3,>=2,42,0,0,0,0,0,0,,,,
cn7,logistic,Mold_Temperature_4,<-2,42,0,0,0,0,0,0,,,,
cn7,logistic,Mold_Temperature_4,"[-2,-1)",42,212,0,0,0,0,212,,,,0.0
cn7,logistic,Mold_Temperature_4,"[-1,0)",42,610,0,0,0,0,610,,,,0.0
cn7,logistic,Mold_Temperature_4,"[0,1)",42,14,0,0,0,0,14,,,,0.0
cn7,logistic,Mold_Temperature_4,"[1,2)",42,375,17,6,0,11,358,0.35294117647058826,1.0,0.6470588235294118,0.0
cn7,logistic,Mold_Temperature_4,>=2,42,0,0,0,0,0,0,,,,
cn7,xgboost_balanced,Injection_Time,<-2,42,10,6,2,0,4,4,0.3333333333333333,1.0,0.6666666666666666,0.0
cn7,xgboost_balanced,Injection_Time,"[-2,-1)",42,142,0,0,0,0,142,,,,0.0
cn7,xgboost_balanced,Injection_Time,"[-1,0)",42,478,0,0,0,0,478,,,,0.0
cn7,xgboost_balanced,Injection_Time,"[0,1)",42,380,4,1,5,3,371,0.25,0.16666666666666666,0.75,0.013297872340425532
cn7,xgboost_balanced,Injection_Time,"[1,2)",42,175,6,1,7,5,162,0.16666666666666666,0.125,0.8333333333333334,0.04142011834319527
cn7,xgboost_balanced,Injection_Time,>=2,42,26,1,0,0,1,25,0.0,,1.0,0.0
cn7,xgboost_balanced,Filling_Time,<-2,42,10,6,2,0,4,4,0.3333333333333333,1.0,0.6666666666666666,0.0
cn7,xgboost_balanced,Filling_Time,"[-2,-1)",42,74,0,0,0,0,74,,,,0.0
cn7,xgboost_balanced,Filling_Time,"[-1,0)",42,638,0,0,0,0,638,,,,0.0
cn7,xgboost_balanced,Filling_Time,"[0,1)",42,244,2,0,2,2,240,0.0,0.0,1.0,0.008264462809917356
cn7,xgboost_balanced,Filling_Time,"[1,2)",42,241,9,2,10,7,222,0.2222222222222222,0.16666666666666666,0.7777777777777778,0.04310344827586207
cn7,xgboost_balanced,Filling_Time,>=2,42,4,0,0,0,0,4,,,,0.0
cn7,xgboost_balanced,Plasticizing_Time,<-2,42,0,0,0,0,0,0,,,,
cn7,xgboost_balanced,Plasticizing_Time,"[-2,-1)",42,0,0,0,0,0,0,,,,
cn7,xgboost_balanced,Plasticizing_Time,"[-1,0)",42,629,17,4,12,13,600,0.23529411764705882,0.25,0.7647058823529411,0.0196078431372549
cn7,xgboost_balanced,Plasticizing_Time,"[0,1)",42,572,0,0,0,0,572,,,,0.0
cn7,xgboost_balanced,Plasticizing_Time,"[1,2)",42,2,0,0,0,0,2,,,,0.0
cn7,xgboost_balanced,Plasticizing_Time,>=2,42,8,0,0,0,0,8,,,,0.0
cn7,xgboost_balanced,Cycle_Time,<-2,42,6,2,2,0,0,4,1.0,1.0,0.0,0.0
cn7,xgboost_balanced,Cycle_Time,"[-2,-1)",42,172,2,0,0,2,170,0.0,,1.0,0.0
cn7,xgboost_balanced,Cycle_Time,"[-1,0)",42,290,0,0,0,0,290,,,,0.0
cn7,xgboost_balanced,Cycle_Time,"[0,1)",42,669,9,1,7,8,653,0.1111111111111111,0.125,0.8888888888888888,0.010606060606060607
cn7,xgboost_balanced,Cycle_Time,"[1,2)",42,70,4,1,5,3,61,0.25,0.16666666666666666,0.75,0.07575757575757576
cn7,xgboost_balanced,Cycle_Time,>=2,42,4,0,0,0,0,4,,,,0.0
cn7,xgboost_balanced,Clamp_Close_Time,<-2,42,0,0,0,0,0,0,,,,
cn7,xgboost_balanced,Clamp_Close_Time,"[-2,-1)",42,0,0,0,0,0,0,,,,
cn7,xgboost_balanced,Clamp_Close_Time,"[-1,0)",42,650,0,0,0,0,650,,,,0.0
cn7,xgboost_balanced,Clamp_Close_Time,"[0,1)",42,541,15,4,12,11,514,0.26666666666666666,0.25,0.7333333333333333,0.022813688212927757
cn7,xgboost_balanced,Clamp_Close_Time,"[1,2)",42,0,0,0,0,0,0,,,,
cn7,xgboost_balanced,Clamp_Close_Time,>=2,42,20,2,0,0,2,18,0.0,,1.0,0.0
cn7,xgboost_balanced,Cushion_Position,<-2,42,6,6,2,0,4,0,0.3333333333333333,1.0,0.6666666666666666,
cn7,xgboost_balanced,Cushion_Position,"[-2,-1)",42,0,0,0,0,0,0,,,,
cn7,xgboost_balanced,Cushion_Position,"[-1,0)",42,761,10,2,10,8,741,0.2,0.16666666666666666,0.8,0.013315579227696404
cn7,xgboost_balanced,Cushion_Position,"[0,1)",42,0,0,0,0,0,0,,,,
cn7,xgboost_balanced,Cushion_Position,"[1,2)",42,436,1,0,2,1,433,0.0,0.0,1.0,0.004597701149425287
cn7,xgboost_balanced,Cushion_Position,>=2,42,8,0,0,0,0,8,,,,0.0
cn7,xgboost_balanced,Plasticizing_Position,<-2,42,2,0,0,0,0,2,,,,0.0
cn7,xgboost_balanced,Plasticizing_Position,"[-2,-1)",42,4,0,0,0,0,4,,,,0.0
cn7,xgboost_balanced,Plasticizing_Position,"[-1,0)",42,830,0,0,0,0,830,,,,0.0
cn7,xgboost_balanced,Plasticizing_Position,"[0,1)",42,0,0,0,0,0,0,,,,
cn7,xgboost_balanced,Plasticizing_Position,"[1,2)",42,375,17,4,12,13,346,0.23529411764705882,0.25,0.7647058823529411,0.0335195530726257
cn7,xgboost_balanced,Plasticizing_Position,>=2,42,0,0,0,0,0,0,,,,
cn7,xgboost_balanced,Max_Injection_Speed,<-2,42,0,0,0,0,0,0,,,,
cn7,xgboost_balanced,Max_Injection_Speed,"[-2,-1)",42,105,3,0,0,3,102,0.0,,1.0,0.0
cn7,xgboost_balanced,Max_Injection_Speed,"[-1,0)",42,358,8,2,12,6,338,0.25,0.14285714285714285,0.75,0.03428571428571429
cn7,xgboost_balanced,Max_Injection_Speed,"[0,1)",42,736,0,0,0,0,736,,,,0.0
cn7,xgboost_balanced,Max_Injection_Speed,"[1,2)",42,0,0,0,0,0,0,,,,
cn7,xgboost_balanced,Max_Injection_Speed,>=2,42,12,6,2,0,4,6,0.3333333333333333,1.0,0.6666666666666666,0.0
cn7,xgboost_balanced,Max_Screw_RPM,<-2,42,8,1,1,1,0,6,1.0,0.5,0.0,0.14285714285714285
cn7,xgboost_balanced,Max_Screw_RPM,"[-2,-1)",42,94,2,1,3,1,89,0.5,0.25,0.5,0.03260869565217391
cn7,xgboost_balanced,Max_Screw_RPM,"[-1,0)",42,355,5,0,2,5,348,0.0,0.0,1.0,0.005714285714285714
cn7,xgboost_balanced,Max_Screw_RPM,"[0,1)",42,628,9,2,4,7,615,0.2222222222222222,0.3333333333333333,0.7777777777777778,0.006462035541195477
cn7,xgboost_balanced,Max_Screw_RPM,"[1,2)",42,98,0,0,2,0,96,,0.0,,0.02040816326530612
cn7,xgboost_balanced,Max_Screw_RPM,>=2,42,28,0,0,0,0,28,,,,0.0
cn7,xgboost_balanced,Average_Screw_RPM,<-2,42,0,0,0,0,0,0,,,,
cn7,xgboost_balanced,Average_Screw_RPM,"[-2,-1)",42,112,1,0,2,1,109,0.0,0.0,1.0,0.018018018018018018
cn7,xgboost_balanced,Average_Screw_RPM,"[-1,0)",42,903,16,4,10,12,877,0.25,0.2857142857142857,0.75,0.011273957158962795
cn7,xgboost_balanced,Average_Screw_RPM,"[0,1)",42,0,0,0,0,0,0,,,,
cn7,xgboost_balanced,Average_Screw_RPM,"[1,2)",42,186,0,0,0,0,186,,,,0.0
cn7,xgboost_balanced,Average_Screw_RPM,>=2,42,10,0,0,0,0,10,,,,0.0
cn7,xgboost_balanced,Max_Injection_Pressure,<-2,42,28,6,2,0,4,22,0.3333333333333333,1.0,0.6666666666666666,0.0
cn7,xgboost_balanced,Max_Injection_Pressure,"[-2,-1)",42,126,1,0,2,1,123,0.0,0.0,1.0,0.016
cn7,xgboost_balanced,Max_Injection_Pressure,"[-1,0)",42,426,4,1,5,3,417,0.25,0.16666666666666666,0.75,0.011848341232227487
cn7,xgboost_balanced,Max_Injection_Pressure,"[0,1)",42,577,6,1,5,5,566,0.16666666666666666,0.16666666666666666,0.8333333333333334,0.008756567425569177
cn7,xgboost_balanced,Max_Injection_Pressure,"[1,2)",42,54,0,0,0,0,54,,,,0.0
cn7,xgboost_balanced,Max_Injection_Pressure,>=2,42,0,0,0,0,0,0,,,,
cn7,xgboost_balanced,Max_Switch_Over_Pressure,<-2,42,12,0,0,0,0,12,,,,0.0
cn7,xgboost_balanced,Max_Switch_Over_Pressure,"[-2,-1)",42,110,0,0,2,0,108,,0.0,,0.01818181818181818
cn7,xgboost_balanced,Max_Switch_Over_Pressure,"[-1,0)",42,546,3,0,0,3,543,0.0,,1.0,0.0
cn7,xgboost_balanced,Max_Switch_Over_Pressure,"[0,1)",42,404,5,2,10,3,389,0.4,0.16666666666666666,0.6,0.02506265664160401
cn7,xgboost_balanced,Max_Switch_Over_Pressure,"[1,2)",42,135,9,2,0,7,126,0.2222222222222222,1.0,0.7777777777777778,0.0
cn7,xgboost_balanced,Max_Switch_Over_Pressure,>=2,42,4,0,0,0,0,4,,,,0.0
cn7,xgboost_balanced,Max_Back_Pressure,<-2,42,14,4,2,0,2,10,0.5,1.0,0.5,0.0
cn7,xgboost_balanced,Max_Back_Pressure,"[-2,-1)",42,264,8,0,6,8,250,0.0,0.0,1.0,0.0234375
cn7,xgboost_balanced,Max_Back_Pressure,"[-1,0)",42,213,5,2,6,3,202,0.4,0.25,0.6,0.028846153846153848
cn7,xgboost_balanced,Max_Back_Pressure,"[0,1)",42,530,0,0,0,0,530,,,,0.0
cn7,xgboost_balanced,Max_Back_Pressure,"[1,2)",42,190,0,0,0,0,190,,,,0.0
cn7,xgboost_balanced,Max_Back_Pressure,>=2,42,0,0,0,0,0,0,,,,
cn7,xgboost_balanced,Average_Back_Pressure,<-2,42,32,4,2,0,2,28,0.5,1.0,0.5,0.0
cn7,xgboost_balanced,Average_Back_Pressure,"[-2,-1)",42,178,6,0,6,6,166,0.0,0.0,1.0,0.03488372093023256
cn7,xgboost_balanced,Average_Back_Pressure,"[-1,0)",42,315,7,2,6,5,302,0.2857142857142857,0.25,0.7142857142857143,0.01948051948051948
cn7,xgboost_balanced,Average_Back_Pressure,"[0,1)",42,584,0,0,0,0,584,,,,0.0
cn7,xgboost_balanced,Average_Back_Pressure,"[1,2)",42,102,0,0,0,0,102,,,,0.0
cn7,xgboost_balanced,Average_Back_Pressure,>=2,42,0,0,0,0,0,0,,,,
cn7,xgboost_balanced,Barrel_Temperature_1,<-2,42,20,1,0,0,1,19,0.0,,1.0,0.0
cn7,xgboost_balanced,Barrel_Temperature_1,"[-2,-1)",42,180,3,1,1,2,176,0.3333333333333333,0.5,0.6666666666666666,0.005649717514124294
cn7,xgboost_balanced,Barrel_Temperature_1,"[-1,0)",42,394,7,0,6,7,381,0.0,0.0,1.0,0.015503875968992248
cn7,xgboost_balanced,Barrel_Temperature_1,"[0,1)",42,449,2,1,1,1,446,0.5,0.5,0.5,0.0022371364653243847
cn7,xgboost_balanced,Barrel_Temperature_1,"[1,2)",42,126,3,2,2,1,121,0.6666666666666666,0.5,0.3333333333333333,0.016260162601626018
cn7,xgboost_balanced,Barrel_Temperature_1,>=2,42,42,1,0,2,1,39,0.0,0.0,1.0,0.04878048780487805
cn7,xgboost_balanced,Barrel_Temperature_2,<-2,42,20,0,0,0,0,20,,,,0.0
cn7,xgboost_balanced,Barrel_Temperature_2,"[-2,-1)",42,225,6,2,0,4,219,0.3333333333333333,1.0,0.6666666666666666,0.0
cn7,xgboost_balanced,Barrel_Temperature_2,"[-1,0)",42,294,5,1,3,4,286,0.2,0.25,0.8,0.010380622837370242
cn7,xgboost_balanced,Barrel_Temperature_2,"[0,1)",42,498,5,1,9,4,484,0.2,0.1,0.8,0.018255578093306288
cn7,xgboost_balanced,Barrel_Temperature_2,"[1,2)",42,134,0,0,0,0,134,,,,0.0
cn7,xgboost_balanced,Barrel_Temperature_2,>=2,42,40,1,0,0,1,39,0.0,,1.0,0.0
cn7,xgboost_balanced,Barrel_Temperature_3,<-2,42,20,1,0,0,1,19,0.0,,1.0,0.0
cn7,xgboost_balanced,Barrel_Temperature_3,"[-2,-1)",42,138,1,1,3,0,134,1.0,0.25,0.0,0.021897810218978103
cn7,xgboost_balanced,Barrel_Temperature_3,"[-1,0)",42,593,5,2,8,3,580,0.4,0.2,0.6,0.013605442176870748
cn7,xgboost_balanced,Barrel_Temperature_3,"[0,1)",42,286,8,1,1,7,277,0.125,0.5,0.875,0.0035971223021582736
cn7,xgboost_balanced,Barrel_Temperature_3,"[1,2)",42,138,1,0,0,1,137,0.0,,1.0,0.0
cn7,xgboost_balanced,Barrel_Temperature_3,>=2,42,36,1,0,0,1,35,0.0,,1.0,0.0
cn7,xgboost_balanced,Barrel_Temperature_4,<-2,42,2,0,0,0,0,2,,,,0.0
cn7,xgboost_balanced,Barrel_Temperature_4,"[-2,-1)",42,257,2,0,2,2,253,0.0,0.0,1.0,0.00784313725490196
cn7,xgboost_balanced,Barrel_Temperature_4,"[-1,0)",42,376,7,2,2,5,367,0.2857142857142857,0.5,0.7142857142857143,0.005420054200542005
cn7,xgboost_balanced,Barrel_Temperature_4,"[0,1)",42,310,5,1,3,4,302,0.2,0.25,0.8,0.009836065573770493
cn7,xgboost_balanced,Barrel_Temperature_4,"[1,2)",42,258,3,1,5,2,250,0.3333333333333333,0.16666666666666666,0.6666666666666666,0.0196078431372549
cn7,xgboost_balanced,Barrel_Temperature_4,>=2,42,8,0,0,0,0,8,,,,0.0
cn7,xgboost_balanced,Barrel_Temperature_5,<-2,42,42,1,0,0,1,41,0.0,,1.0,0.0
cn7,xgboost_balanced,Barrel_Temperature_5,"[-2,-1)",42,104,1,0,2,1,101,0.0,0.0,1.0,0.019417475728155338
cn7,xgboost_balanced,Barrel_Temperature_5,"[-1,0)",42,366,6,3,5,3,355,0.5,0.375,0.5,0.013888888888888888
cn7,xgboost_balanced,Barrel_Temperature_5,"[0,1)",42,571,7,1,5,6,559,0.14285714285714285,0.16666666666666666,0.8571428571428571,0.008865248226950355
cn7,xgboost_balanced,Barrel_Temperature_5,"[1,2)",42,84,2,0,0,2,82,0.0,,1.0,0.0
cn7,xgboost_balanced,Barrel_Temperature_5,>=2,42,44,0,0,0,0,44,,,,0.0
cn7,xgboost_balanced,Barrel_Temperature_6,<-2,42,36,0,0,0,0,36,,,,0.0
cn7,xgboost_balanced,Barrel_Temperature_6,"[-2,-1)",42,135,2,1,1,1,132,0.5,0.5,0.5,0.007518796992481203
cn7,xgboost_balanced,Barrel_Temperature_6,"[-1,0)",42,272,5,2,2,3,265,0.4,0.5,0.6,0.00749063670411985
cn7,xgboost_balanced,Barrel_Temperature_6,"[0,1)",42,646,6,1,9,5,631,0.16666666666666666,0.1,0.8333333333333334,0.0140625
cn7,xgboost_balanced,Barrel_Temperature_6,"[1,2)",42,102,4,0,0,4,98,0.0,,1.0,0.0
cn7,xgboost_balanced,Barrel_Temperature_6,>=2,42,20,0,0,0,0,20,,,,0.0
cn7,xgboost_balanced,Hopper_Temperature,<-2,42,4,0,0,0,0,4,,,,0.0
cn7,xgboost_balanced,Hopper_Temperature,"[-2,-1)",42,167,6,2,6,4,155,0.3333333333333333,0.25,0.6666666666666666,0.037267080745341616
cn7,xgboost_balanced,Hopper_Temperature,"[-1,0)",42,478,10,2,6,8,462,0.2,0.25,0.8,0.01282051282051282
cn7,xgboost_balanced,Hopper_Temperature,"[0,1)",42,318,1,0,0,1,317,0.0,,1.0,0.0
cn7,xgboost_balanced,Hopper_Temperature,"[1,2)",42,216,0,0,0,0,216,,,,0.0
cn7,xgboost_balanced,Hopper_Temperature,>=2,42,28,0,0,0,0,28,,,,0.0
cn7,xgboost_balanced,Mold_Temperature_3,<-2,42,0,0,0,0,0,0,,,,
cn7,xgboost_balanced,Mold_Temperature_3,"[-2,-1)",42,212,0,0,0,0,212,,,,0.0
cn7,xgboost_balanced,Mold_Temperature_3,"[-1,0)",42,336,0,0,0,0,336,,,,0.0
cn7,xgboost_balanced,Mold_Temperature_3,"[0,1)",42,294,0,0,0,0,294,,,,0.0
cn7,xgboost_balanced,Mold_Temperature_3,"[1,2)",42,369,17,4,12,13,340,0.23529411764705882,0.25,0.7647058823529411,0.03409090909090909
cn7,xgboost_balanced,Mold_Temperature_3,>=2,42,0,0,0,0,0,0,,,,
cn7,xgboost_balanced,Mold_Temperature_4,<-2,42,0,0,0,0,0,0,,,,
cn7,xgboost_balanced,Mold_Temperature_4,"[-2,-1)",42,212,0,0,0,0,212,,,,0.0
cn7,xgboost_balanced,Mold_Temperature_4,"[-1,0)",42,610,0,0,0,0,610,,,,0.0
cn7,xgboost_balanced,Mold_Temperature_4,"[0,1)",42,14,0,0,0,0,14,,,,0.0
cn7,xgboost_balanced,Mold_Temperature_4,"[1,2)",42,375,17,4,12,13,346,0.23529411764705882,0.25,0.7647058823529411,0.0335195530726257
cn7,xgboost_balanced,Mold_Temperature_4,>=2,42,0,0,0,0,0,0,,,,
rg3,catboost_balanced,Injection_Time,<-2,42,6,0,0,0,0,6,,,,0.0
rg3,catboost_balanced,Injection_Time,"[-2,-1)",42,0,0,0,0,0,0,,,,
rg3,catboost_balanced,Injection_Time,"[-1,0)",42,1166,25,2,182,23,959,0.08,0.010869565217391304,0.92,0.15950920245398773
rg3,catboost_balanced,Injection_Time,"[0,1)",42,0,0,0,0,0,0,,,,
rg3,catboost_balanced,Injection_Time,"[1,2)",42,0,0,0,0,0,0,,,,
rg3,catboost_balanced,Injection_Time,>=2,42,10,0,0,0,0,10,,,,0.0
rg3,catboost_balanced,Filling_Time,<-2,42,0,0,0,0,0,0,,,,
rg3,catboost_balanced,Filling_Time,"[-2,-1)",42,488,10,1,69,9,409,0.1,0.014285714285714285,0.9,0.14435146443514643
rg3,catboost_balanced,Filling_Time,"[-1,0)",42,0,0,0,0,0,0,,,,
rg3,catboost_balanced,Filling_Time,"[0,1)",42,694,15,1,113,14,566,0.06666666666666667,0.008771929824561403,0.9333333333333333,0.16642120765832105
rg3,catboost_balanced,Filling_Time,"[1,2)",42,0,0,0,0,0,0,,,,
rg3,catboost_balanced,Filling_Time,>=2,42,0,0,0,0,0,0,,,,
rg3,catboost_balanced,Plasticizing_Time,<-2,42,14,0,0,0,0,14,,,,0.0
rg3,catboost_balanced,Plasticizing_Time,"[-2,-1)",42,142,1,0,4,1,137,0.0,0.0,1.0,0.028368794326241134
rg3,catboost_balanced,Plasticizing_Time,"[-1,0)",42,532,11,0,84,11,437,0.0,0.0,1.0,0.16122840690978887
rg3,catboost_balanced,Plasticizing_Time,"[0,1)",42,308,10,2,62,8,236,0.2,0.03125,0.8,0.2080536912751678
rg3,catboost_balanced,Plasticizing_Time,"[1,2)",42,138,3,0,22,3,113,0.0,0.0,1.0,0.16296296296296298
rg3,catboost_balanced,Plasticizing_Time,>=2,42,48,0,0,10,0,38,,0.0,,0.20833333333333334
rg3,catboost_balanced,Cycle_Time,<-2,42,0,0,0,0,0,0,,,,
rg3,catboost_balanced,Cycle_Time,"[-2,-1)",42,60,1,0,4,1,55,0.0,0.0,1.0,0.06779661016949153
rg3,catboost_balanced,Cycle_Time,"[-1,0)",42,368,6,0,44,6,318,0.0,0.0,1.0,0.12154696132596685
rg3,catboost_balanced,Cycle_Time,"[0,1)",42,746,18,2,134,16,594,0.1111111111111111,0.014705882352941176,0.8888888888888888,0.18406593406593408
rg3,catboost_balanced,Cycle_Time,"[1,2)",42,0,0,0,0,0,0,,,,
rg3,catboost_balanced,Cycle_Time,>=2,42,8,0,0,0,0,8,,,,0.0
rg3,catboost_balanced,Clamp_Close_Time,<-2,42,0,0,0,0,0,0,,,,
rg3,catboost_balanced,Clamp_Close_Time,"[-2,-1)",42,176,2,0,18,2,156,0.0,0.0,1.0,0.10344827586206896
rg3,catboost_balanced,Clamp_Close_Time,"[-1,0)",42,508,11,1,85,10,412,0.09090909090909091,0.011627906976744186,0.9090909090909091,0.1710261569416499
rg3,catboost_balanced,Clamp_Close_Time,"[0,1)",42,0,0,0,0,0,0,,,,
rg3,catboost_balanced,Clamp_Close_Time,"[1,2)",42,498,12,1,79,11,407,0.08333333333333333,0.0125,0.9166666666666666,0.16255144032921812
rg3,catboost_balanced,Clamp_Close_Time,>=2,42,0,0,0,0,0,0,,,,
rg3,catboost_balanced,Cushion_Position,<-2,42,0,0,0,0,0,0,,,,
rg3,catboost_balanced,Cushion_Position,"[-2,-1)",42,314,7,0,44,7,263,0.0,0.0,1.0,0.14332247557003258
rg3,catboost_balanced,Cushion_Position,"[-1,0)",42,306,5,1,57,4,244,0.2,0.017241379310344827,0.8,0.1893687707641196
rg3,catboost_balanced,Cushion_Position,"[0,1)",42,334,9,1,55,8,270,0.1111111111111111,0.017857142857142856,0.8888888888888888,0.16923076923076924
rg3,catboost_balanced,Cushion_Position,"[1,2)",42,172,4,0,22,4,146,0.0,0.0,1.0,0.13095238095238096
rg3,catboost_balanced,Cushion_Position,>=2,42,56,0,0,4,0,52,,0.0,,0.07142857142857142
rg3,catboost_balanced,Plasticizing_Position,<-2,42,2,0,0,0,0,2,,,,0.0
rg3,catboost_balanced,Plasticizing_Position,"[-2,-1)",42,116,2,0,24,2,90,0.0,0.0,1.0,0.21052631578947367
rg3,catboost_balanced,Plasticizing_Position,"[-1,0)",42,518,12,1,79,11,427,0.08333333333333333,0.0125,0.9166666666666666,0.15612648221343872
rg3,catboost_balanced,Plasticizing_Position,"[0,1)",42,358,9,1,71,8,278,0.1111111111111111,0.013888888888888888,0.8888888888888888,0.2034383954154728
rg3,catboost_balanced,Plasticizing_Position,"[1,2)",42,158,2,0,6,2,150,0.0,0.0,1.0,0.038461538461538464
rg3,catboost_balanced,Plasticizing_Position,>=2,42,30,0,0,2,0,28,,0.0,,0.06666666666666667
rg3,catboost_balanced,Max_Injection_Speed,<-2,42,4,0,0,0,0,4,,,,0.0
rg3,catboost_balanced,Max_Injection_Speed,"[-2,-1)",42,114,4,0,14,4,96,0.0,0.0,1.0,0.12727272727272726
rg3,catboost_balanced,Max_Injection_Speed,"[-1,0)",42,554,7,1,83,6,464,0.14285714285714285,0.011904761904761904,0.8571428571428571,0.15173674588665448
rg3,catboost_balanced,Max_Injection_Speed,"[0,1)",42,320,11,1,63,10,246,0.09090909090909091,0.015625,0.9090909090909091,0.20388349514563106
rg3,catboost_balanced,Max_Injection_Speed,"[1,2)",42,158,3,0,18,3,137,0.0,0.0,1.0,0.11612903225806452
rg3,catboost_balanced,Max_Injection_Speed,>=2,42,32,0,0,4,0,28,,0.0,,0.125
rg3,catboost_balanced,Max_Screw_RPM,<-2,42,90,1,0,10,1,79,0.0,0.0,1.0,0.11235955056179775
rg3,catboost_balanced,Max_Screw_RPM,"[-2,-1)",42,0,0,0,0,0,0,,,,
rg3,catboost_balanced,Max_Screw_RPM,"[-1,0)",42,506,10,0,84,10,412,0.0,0.0,1.0,0.1693548387096774
rg3,catboost_balanced,Max_Screw_RPM,"[0,1)",42,496,12,2,84,10,400,0.16666666666666666,0.023255813953488372,0.8333333333333334,0.17355371900826447
rg3,catboost_balanced,Max_Screw_RPM,"[1,2)",42,0,0,0,0,0,0,,,,
rg3,catboost_balanced,Max_Screw_RPM,>=2,42,90,2,0,4,2,84,0.0,0.0,1.0,0.045454545454545456
rg3,catboost_balanced,Average_Screw_RPM,<-2,42,0,0,0,0,0,0,,,,
rg3,catboost_balanced,Average_Screw_RPM,"[-2,-1)",42,100,1,0,2,1,97,0.0,0.0,1.0,0.020202020202020204
rg3,catboost_balanced,Average_Screw_RPM,"[-1,0)",42,690,15,1,115,14,560,0.06666666666666667,0.008620689655172414,0.9333333333333333,0.17037037037037037
rg3,catboost_balanced,Average_Screw_RPM,"[0,1)",42,0,0,0,0,0,0,,,,
rg3,catboost_balanced,Average_Screw_RPM,"[1,2)",42,360,8,1,65,7,287,0.125,0.015151515151515152,0.875,0.1846590909090909
rg3,catboost_balanced,Average_Screw_RPM,>=2,42,32,1,0,0,1,31,0.0,,1.0,0.0
rg3,catboost_balanced,Max_Injection_Pressure,<-2,42,42,0,0,0,0,42,,,,0.0
rg3,catboost_balanced,Max_Injection_Pressure,"[-2,-1)",42,134,5,0,26,5,103,0.0,0.0,1.0,0.20155038759689922
rg3,catboost_balanced,Max_Injection_Pressure,"[-1,0)",42,472,8,1,71,7,393,0.125,0.013888888888888888,0.875,0.15301724137931033
rg3,catboost_balanced,Max_Injection_Pressure,"[0,1)",42,298,6,1,49,5,243,0.16666666666666666,0.02,0.8333333333333334,0.1678082191780822
rg3,catboost_balanced,Max_Injection_Pressure,"[1,2)",42,234,6,0,36,6,192,0.0,0.0,1.0,0.15789473684210525
rg3,catboost_balanced,Max_Injection_Pressure,>=2,42,2,0,0,0,0,2,,,,0.0
rg3,catboost_balanced,Max_Switch_Over_Pressure,<-2,42,4,0,0,4,0,0,,0.0,,1.0
rg3,catboost_balanced,Max_Switch_Over_Pressure,"[-2,-1)",42,38,0,0,0,0,38,,,,0.0
rg3,catboost_balanced,Max_Switch_Over_Pressure,"[-1,0)",42,478,10,1,79,9,389,0.1,0.0125,0.9,0.16880341880341881
rg3,catboost_balanced,Max_Switch_Over_Pressure,"[0,1)",42,604,13,1,91,12,500,0.07692307692307693,0.010869565217391304,0.9230769230769231,0.15397631133671744
rg3,catboost_balanced,Max_Switch_Over_Pressure,"[1,2)",42,58,2,0,8,2,48,0.0,0.0,1.0,0.14285714285714285
rg3,catboost_balanced,Max_Switch_Over_Pressure,>=2,42,0,0,0,0,0,0,,,,
rg3,catboost_balanced,Max_Back_Pressure,<-2,42,14,0,0,2,0,12,,0.0,,0.14285714285714285
rg3,catboost_balanced,Max_Back_Pressure,"[-2,-1)",42,228,4,0,22,4,202,0.0,0.0,1.0,0.09821428571428571
rg3,catboost_balanced,Max_Back_Pressure,"[-1,0)",42,372,10,2,82,8,280,0.2,0.023809523809523808,0.8,0.2265193370165746
rg3,catboost_balanced,Max_Back_Pressure,"[0,1)",42,352,6,0,44,6,302,0.0,0.0,1.0,0.12716763005780346
rg3,catboost_balanced,Max_Back_Pressure,"[1,2)",42,206,3,0,32,3,171,0.0,0.0,1.0,0.15763546798029557
rg3,catboost_balanced,Max_Back_Pressure,>=2,42,10,2,0,0,2,8,0.0,,1.0,0.0
rg3,catboost_balanced,Average_Back_Pressure,<-2,42,26,0,0,2,0,24,,0.0,,0.07692307692307693
rg3,catboost_balanced,Average_Back_Pressure,"[-2,-1)",42,198,3,0,22,3,173,0.0,0.0,1.0,0.11282051282051282
rg3,catboost_balanced,Average_Back_Pressure,"[-1,0)",42,358,10,2,76,8,272,0.2,0.02564102564102564,0.8,0.21839080459770116
rg3,catboost_balanced,Average_Back_Pressure,"[0,1)",42,358,5,0,52,5,301,0.0,0.0,1.0,0.14730878186968838
rg3,catboost_balanced,Average_Back_Pressure,"[1,2)",42,234,7,0,30,7,197,0.0,0.0,1.0,0.13215859030837004
rg3,catboost_balanced,Average_Back_Pressure,>=2,42,8,0,0,0,0,8,,,,0.0
rg3,catboost_balanced,Barrel_Temperature_1,<-2,42,40,2,0,4,2,34,0.0,0.0,1.0,0.10526315789473684
rg3,catboost_balanced,Barrel_Temperature_1,"[-2,-1)",42,166,4,1,19,3,143,0.25,0.05,0.75,0.11728395061728394
rg3,catboost_balanced,Barrel_Temperature_1,"[-1,0)",42,334,5,0,66,5,263,0.0,0.0,1.0,0.2006079027355623
rg3,catboost_balanced,Barrel_Temperature_1,"[0,1)",42,436,11,1,67,10,358,0.09090909090909091,0.014705882352941176,0.9090909090909091,0.15764705882352942
rg3,catboost_balanced,Barrel_Temperature_1,"[1,2)",42,192,3,0,24,3,165,0.0,0.0,1.0,0.12698412698412698
rg3,catboost_balanced,Barrel_Temperature_1,>=2,42,14,0,0,2,0,12,,0.0,,0.14285714285714285
rg3,catboost_balanced,Barrel_Temperature_2,<-2,42,2,0,0,0,0,2,,,,0.0
rg3,catboost_balanced,Barrel_Temperature_2,"[-2,-1)",42,170,5,0,20,5,145,0.0,0.0,1.0,0.12121212121212122
rg3,catboost_balanced,Barrel_Temperature_2,"[-1,0)",42,474,8,1,77,7,389,0.125,0.01282051282051282,0.875,0.16523605150214593
rg3,catboost_balanced,Barrel_Temperature_2,"[0,1)",42,358,10,1,69,9,279,0.1,0.014285714285714285,0.9,0.19827586206896552
rg3,catboost_balanced,Barrel_Temperature_2,"[1,2)",42,150,2,0,12,2,136,0.0,0.0,1.0,0.08108108108108109
rg3,catboost_balanced,Barrel_Temperature_2,>=2,42,28,0,0,4,0,24,,0.0,,0.14285714285714285
rg3,catboost_balanced,Barrel_Temperature_3,<-2,42,22,1,0,2,1,19,0.0,0.0,1.0,0.09523809523809523
rg3,catboost_balanced,Barrel_Temperature_3,"[-2,-1)",42,156,0,0,26,0,130,,0.0,,0.16666666666666666
rg3,catboost_balanced,Barrel_Temperature_3,"[-1,0)",42,546,17,1,91,16,438,0.058823529411764705,0.010869565217391304,0.9411764705882353,0.1720226843100189
rg3,catboost_balanced,Barrel_Temperature_3,"[0,1)",42,276,6,1,53,5,217,0.16666666666666666,0.018518518518518517,0.8333333333333334,0.1962962962962963
rg3,catboost_balanced,Barrel_Temperature_3,"[1,2)",42,154,1,0,8,1,145,0.0,0.0,1.0,0.05228758169934641
rg3,catboost_balanced,Barrel_Temperature_3,>=2,42,28,0,0,2,0,26,,0.0,,0.07142857142857142
rg3,catboost_balanced,Barrel_Temperature_4,<-2,42,2,0,0,0,0,2,,,,0.0
rg3,catboost_balanced,Barrel_Temperature_4,"[-2,-1)",42,212,3,0,20,3,189,0.0,0.0,1.0,0.09569377990430622
rg3,catboost_balanced,Barrel_Temperature_4,"[-1,0)",42,358,9,2,68,7,281,0.2222222222222222,0.02857142857142857,0.7777777777777778,0.19484240687679083
rg3,catboost_balanced,Barrel_Temperature_4,"[0,1)",42,388,8,0,66,8,314,0.0,0.0,1.0,0.1736842105263158
rg3,catboost_balanced,Barrel_Temperature_4,"[1,2)",42,218,5,0,28,5,185,0.0,0.0,1.0,0.13145539906103287
rg3,catboost_balanced,Barrel_Temperature_4,>=2,42,4,0,0,0,0,4,,,,0.0
rg3,catboost_balanced,Barrel_Temperature_5,<-2,42,22,0,0,2,0,20,,0.0,,0.09090909090909091
rg3,catboost_balanced,Barrel_Temperature_5,"[-2,-1)",42,72,0,0,6,0,66,,0.0,,0.08333333333333333
rg3,catboost_balanced,Barrel_Temperature_5,"[-1,0)",42,640,11,0,90,11,539,0.0,0.0,1.0,0.14308426073131955
rg3,catboost_balanced,Barrel_Temperature_5,"[0,1)",42,282,7,2,46,5,229,0.2857142857142857,0.041666666666666664,0.7142857142857143,0.16727272727272727
rg3,catboost_balanced,Barrel_Temperature_5,"[1,2)",42,120,5,0,24,5,91,0.0,0.0,1.0,0.20869565217391303
rg3,catboost_balanced,Barrel_Temperature_5,>=2,42,46,2,0,14,2,30,0.0,0.0,1.0,0.3181818181818182
rg3,catboost_balanced,Barrel_Temperature_6,<-2,42,24,1,0,2,1,21,0.0,0.0,1.0,0.08695652173913043
rg3,catboost_balanced,Barrel_Temperature_6,"[-2,-1)",42,144,1,0,4,1,139,0.0,0.0,1.0,0.027972027972027972
rg3,catboost_balanced,Barrel_Temperature_6,"[-1,0)",42,338,7,1,45,6,286,0.14285714285714285,0.021739130434782608,0.8571428571428571,0.13595166163141995
rg3,catboost_balanced,Barrel_Temperature_6,"[0,1)",42,442,13,1,95,12,334,0.07692307692307693,0.010416666666666666,0.9230769230769231,0.22144522144522144
rg3,catboost_balanced,Barrel_Temperature_6,"[1,2)",42,208,3,0,30,3,175,0.0,0.0,1.0,0.14634146341463414
rg3,catboost_balanced,Barrel_Temperature_6,>=2,42,26,0,0,6,0,20,,0.0,,0.23076923076923078
rg3,catboost_balanced,Hopper_Temperature,<-2,42,38,1,0,2,1,35,0.0,0.0,1.0,0.05405405405405406
rg3,catboost_balanced,Hopper_Temperature,"[-2,-1)",42,154,4,0,24,4,126,0.0,0.0,1.0,0.16
rg3,catboost_balanced,Hopper_Temperature,"[-1,0)",42,366,7,2,50,5,309,0.2857142857142857,0.038461538461538464,0.7142857142857143,0.1392757660167131
rg3,catboost_balanced,Hopper_Temperature,"[0,1)",42,500,11,0,92,11,397,0.0,0.0,1.0,0.18813905930470348
rg3,catboost_balanced,Hopper_Temperature,"[1,2)",42,118,2,0,12,2,104,0.0,0.0,1.0,0.10344827586206896
rg3,catboost_balanced,Hopper_Temperature,>=2,42,6,0,0,2,0,4,,0.0,,0.3333333333333333
rg3,catboost_balanced,Mold_Temperature_3,<-2,42,0,0,0,0,0,0,,,,
rg3,catboost_balanced,Mold_Temperature_3,"[-2,-1)",42,200,4,0,14,4,182,0.0,0.0,1.0,0.07142857142857142
rg3,catboost_balanced,Mold_Temperature_3,"[-1,0)",42,296,9,0,60,9,227,0.0,0.0,1.0,0.20905923344947736
rg3,catboost_balanced,Mold_Temperature_3,"[0,1)",42,390,6,1,75,5,309,0.16666666666666666,0.013157894736842105,0.8333333333333334,0.1953125
rg3,catboost_balanced,Mold_Temperature_3,"[1,2)",42,296,6,1,33,5,257,0.16666666666666666,0.029411764705882353,0.8333333333333334,0.11379310344827587
rg3,catboost_balanced,Mold_Temperature_3,>=2,42,0,0,0,0,0,0,,,,
rg3,catboost_balanced,Mold_Temperature_4,<-2,42,4,0,0,2,0,2,,0.0,,0.5
rg3,catboost_balanced,Mold_Temperature_4,"[-2,-1)",42,144,2,0,12,2,130,0.0,0.0,1.0,0.08450704225352113
rg3,catboost_balanced,Mold_Temperature_4,"[-1,0)",42,442,13,1,77,12,352,0.07692307692307693,0.01282051282051282,0.9230769230769231,0.1794871794871795
rg3,catboost_balanced,Mold_Temperature_4,"[0,1)",42,272,4,0,48,4,220,0.0,0.0,1.0,0.1791044776119403
rg3,catboost_balanced,Mold_Temperature_4,"[1,2)",42,320,6,1,43,5,271,0.16666666666666666,0.022727272727272728,0.8333333333333334,0.13694267515923567
rg3,catboost_balanced,Mold_Temperature_4,>=2,42,0,0,0,0,0,0,,,,
rg3,extratrees,Injection_Time,<-2,42,6,0,0,2,0,4,,0.0,,0.3333333333333333
rg3,extratrees,Injection_Time,"[-2,-1)",42,0,0,0,0,0,0,,,,
rg3,extratrees,Injection_Time,"[-1,0)",42,1166,25,7,373,18,768,0.28,0.018421052631578946,0.72,0.32690622261174407
rg3,extratrees,Injection_Time,"[0,1)",42,0,0,0,0,0,0,,,,
rg3,extratrees,Injection_Time,"[1,2)",42,0,0,0,0,0,0,,,,
rg3,extratrees,Injection_Time,>=2,42,10,0,0,4,0,6,,0.0,,0.4
rg3,extratrees,Filling_Time,<-2,42,0,0,0,0,0,0,,,,
rg3,extratrees,Filling_Time,"[-2,-1)",42,488,10,3,187,7,291,0.3,0.015789473684210527,0.7,0.3912133891213389
rg3,extratrees,Filling_Time,"[-1,0)",42,0,0,0,0,0,0,,,,
rg3,extratrees,Filling_Time,"[0,1)",42,694,15,4,192,11,487,0.26666666666666666,0.02040816326530612,0.7333333333333333,0.28276877761413843
rg3,extratrees,Filling_Time,"[1,2)",42,0,0,0,0,0,0,,,,
rg3,extratrees,Filling_Time,>=2,42,0,0,0,0,0,0,,,,
rg3,extratrees,Plasticizing_Time,<-2,42,14,0,0,2,0,12,,0.0,,0.14285714285714285
rg3,extratrees,Plasticizing_Time,"[-2,-1)",42,142,1,0,34,1,107,0.0,0.0,1.0,0.24113475177304963
rg3,extratrees,Plasticizing_Time,"[-1,0)",42,532,11,3,165,8,356,0.2727272727272727,0.017857142857142856,0.7272727272727273,0.31669865642994244
rg3,extratrees,Plasticizing_Time,"[0,1)",42,308,10,2,98,8,200,0.2,0.02,0.8,0.3288590604026846
rg3,extratrees,Plasticizing_Time,"[1,2)",42,138,3,2,54,1,81,0.6666666666666666,0.03571428571428571,0.3333333333333333,0.4
rg3,extratrees,Plasticizing_Time,>=2,42,48,0,0,26,0,22,,0.0,,0.5416666666666666
rg3,extratrees,Cycle_Time,<-2,42,0,0,0,0,0,0,,,,
rg3,extratrees,Cycle_Time,"[-2,-1)",42,60,1,0,24,1,35,0.0,0.0,1.0,0.4067796610169492
rg3,extratrees,Cycle_Time,"[-1,0)",42,368,6,3,115,3,247,0.5,0.025423728813559324,0.5,0.31767955801104975
rg3,extratrees,Cycle_Time,"[0,1)",42,746,18,4,238,14,490,0.2222222222222222,0.01652892561983471,0.7777777777777778,0.3269230769230769
rg3,extratrees,Cycle_Time,"[1,2)",42,0,0,0,0,0,0,,,,
rg3,extratrees,Cycle_Time,>=2,42,8,0,0,2,0,6,,0.0,,0.25
rg3,extratrees,Clamp_Close_Time,<-2,42,0,0,0,0,0,0,,,,
rg3,extratrees,Clamp_Close_Time,"[-2,-1)",42,176,2,0,54,2,120,0.0,0.0,1.0,0.3103448275862069
rg3,extratrees,Clamp_Close_Time,"[-1,0)",42,508,11,1,145,10,352,0.09090909090909091,0.00684931506849315,0.9090909090909091,0.2917505030181087
rg3,extratrees,Clamp_Close_Time,"[0,1)",42,0,0,0,0,0,0,,,,
rg3,extratrees,Clamp_Close_Time,"[1,2)",42,498,12,6,180,6,306,0.5,0.03225806451612903,0.5,0.37037037037037035
rg3,extratrees,Clamp_Close_Time,>=2,42,0,0,0,0,0,0,,,,
rg3,extratrees,Cushion_Position,<-2,42,0,0,0,0,0,0,,,,
rg3,extratrees,Cushion_Position,"[-2,-1)",42,314,7,1,89,6,218,0.14285714285714285,0.011111111111111112,0.8571428571428571,0.2899022801302932
rg3,extratrees,Cushion_Position,"[-1,0)",42,306,5,1,69,4,232,0.2,0.014285714285714285,0.8,0.2292358803986711
rg3,extratrees,Cushion_Position,"[0,1)",42,334,9,5,131,4,194,0.5555555555555556,0.03676470588235294,0.4444444444444444,0.40307692307692305
rg3,extratrees,Cushion_Position,"[1,2)",42,172,4,0,62,4,106,0.0,0.0,1.0,0.36904761904761907
rg3,extratrees,Cushion_Position,>=2,42,56,0,0,28,0,28,,0.0,,0.5
rg3,extratrees,Plasticizing_Position,<-2,42,2,0,0,0,0,2,,,,0.0
rg3,extratrees,Plasticizing_Position,"[-2,-1)",42,116,2,1,47,1,67,0.5,0.020833333333333332,0.5,0.41228070175438597
rg3,extratrees,Plasticizing_Position,"[-1,0)",42,518,12,4,174,8,332,0.3333333333333333,0.02247191011235955,0.6666666666666666,0.3438735177865613
rg3,extratrees,Plasticizing_Position,"[0,1)",42,358,9,1,103,8,246,0.1111111111111111,0.009615384615384616,0.8888888888888888,0.29512893982808025
rg3,extratrees,Plasticizing_Position,"[1,2)",42,158,2,1,43,1,113,0.5,0.022727272727272728,0.5,0.27564102564102566
rg3,extratrees,Plasticizing_Position,>=2,42,30,0,0,12,0,18,,0.0,,0.4
rg3,extratrees,Max_Injection_Speed,<-2,42,4,0,0,2,0,2,,0.0,,0.5
rg3,extratrees,Max_Injection_Speed,"[-2,-1)",42,114,4,1,37,3,73,0.25,0.02631578947368421,0.75,0.33636363636363636
rg3,extratrees,Max_Injection_Speed,"[-1,0)",42,554,7,1,135,6,412,0.14285714285714285,0.007352941176470588,0.8571428571428571,0.24680073126142596
rg3,extratrees,Max_Injection_Speed,"[0,1)",42,320,11,5,131,6,178,0.45454545454545453,0.03676470588235294,0.5454545454545454,0.42394822006472493
rg3,extratrees,Max_Injection_Speed,"[1,2)",42,158,3,0,62,3,93,0.0,0.0,1.0,0.4
rg3,extratrees,Max_Injection_Speed,>=2,42,32,0,0,12,0,20,,0.0,,0.375
rg3,extratrees,Max_Screw_RPM,<-2,42,90,1,0,32,1,57,0.0,0.0,1.0,0.3595505617977528
rg3,extratrees,Max_Screw_RPM,"[-2,-1)",42,0,0,0,0,0,0,,,,
rg3,extratrees,Max_Screw_RPM,"[-1,0)",42,506,10,6,154,4,342,0.6,0.0375,0.4,0.31048387096774194
rg3,extratrees,Max_Screw_RPM,"[0,1)",42,496,12,1,161,11,323,0.08333333333333333,0.006172839506172839,0.9166666666666666,0.33264462809917356
rg3,extratrees,Max_Screw_RPM,"[1,2)",42,0,0,0,0,0,0,,,,
rg3,extratrees,Max_Screw_RPM,>=2,42,90,2,0,32,2,56,0.0,0.0,1.0,0.36363636363636365
rg3,extratrees,Average_Screw_RPM,<-2,42,0,0,0,0,0,0,,,,
rg3,extratrees,Average_Screw_RPM,"[-2,-1)",42,100,1,0,30,1,69,0.0,0.0,1.0,0.30303030303030304
rg3,extratrees,Average_Screw_RPM,"[-1,0)",42,690,15,5,223,10,452,0.3333333333333333,0.021929824561403508,0.6666666666666666,0.33037037037037037
rg3,extratrees,Average_Screw_RPM,"[0,1)",42,0,0,0,0,0,0,,,,
rg3,extratrees,Average_Screw_RPM,"[1,2)",42,360,8,2,112,6,240,0.25,0.017543859649122806,0.75,0.3181818181818182
rg3,extratrees,Average_Screw_RPM,>=2,42,32,1,0,14,1,17,0.0,0.0,1.0,0.45161290322580644
rg3,extratrees,Max_Injection_Pressure,<-2,42,42,0,0,12,0,30,,0.0,,0.2857142857142857
rg3,extratrees,Max_Injection_Pressure,"[-2,-1)",42,134,5,2,60,3,69,0.4,0.03225806451612903,0.6,0.46511627906976744
rg3,extratrees,Max_Injection_Pressure,"[-1,0)",42,472,8,1,173,7,291,0.125,0.005747126436781609,0.875,0.3728448275862069
rg3,extratrees,Max_Injection_Pressure,"[0,1)",42,298,6,3,65,3,227,0.5,0.04411764705882353,0.5,0.2226027397260274
rg3,extratrees,Max_Injection_Pressure,"[1,2)",42,234,6,1,69,5,159,0.16666666666666666,0.014285714285714285,0.8333333333333334,0.3026315789473684
rg3,extratrees,Max_Injection_Pressure,>=2,42,2,0,0,0,0,2,,,,0.0
rg3,extratrees,Max_Switch_Over_Pressure,<-2,42,4,0,0,2,0,2,,0.0,,0.5
rg3,extratrees,Max_Switch_Over_Pressure,"[-2,-1)",42,38,0,0,14,0,24,,0.0,,0.3684210526315789
rg3,extratrees,Max_Switch_Over_Pressure,"[-1,0)",42,478,10,3,197,7,271,0.3,0.015,0.7,0.42094017094017094
rg3,extratrees,Max_Switch_Over_Pressure,"[0,1)",42,604,13,3,143,10,448,0.23076923076923078,0.02054794520547945,0.7692307692307693,0.24196277495769883
rg3,extratrees,Max_Switch_Over_Pressure,"[1,2)",42,58,2,1,23,1,33,0.5,0.041666666666666664,0.5,0.4107142857142857
rg3,extratrees,Max_Switch_Over_Pressure,>=2,42,0,0,0,0,0,0,,,,
rg3,extratrees,Max_Back_Pressure,<-2,42,14,0,0,6,0,8,,0.0,,0.42857142857142855
rg3,extratrees,Max_Back_Pressure,"[-2,-1)",42,228,4,1,95,3,129,0.25,0.010416666666666666,0.75,0.42410714285714285
rg3,extratrees,Max_Back_Pressure,"[-1,0)",42,372,10,3,137,7,225,0.3,0.02142857142857143,0.7,0.3784530386740331
rg3,extratrees,Max_Back_Pressure,"[0,1)",42,352,6,2,82,4,264,0.3333333333333333,0.023809523809523808,0.6666666666666666,0.23699421965317918
rg3,extratrees,Max_Back_Pressure,"[1,2)",42,206,3,0,54,3,149,0.0,0.0,1.0,0.2660098522167488
rg3,extratrees,Max_Back_Pressure,>=2,42,10,2,1,5,1,3,0.5,0.16666666666666666,0.5,0.625
rg3,extratrees,Average_Back_Pressure,<-2,42,26,0,0,10,0,16,,0.0,,0.38461538461538464
rg3,extratrees,Average_Back_Pressure,"[-2,-1)",42,198,3,0,78,3,117,0.0,0.0,1.0,0.4
rg3,extratrees,Average_Back_Pressure,"[-1,0)",42,358,10,4,134,6,214,0.4,0.028985507246376812,0.6,0.3850574712643678
rg3,extratrees,Average_Back_Pressure,"[0,1)",42,358,5,1,99,4,254,0.2,0.01,0.8,0.2804532577903683
rg3,extratrees,Average_Back_Pressure,"[1,2)",42,234,7,2,54,5,173,0.2857142857142857,0.03571428571428571,0.7142857142857143,0.23788546255506607
rg3,extratrees,Average_Back_Pressure,>=2,42,8,0,0,4,0,4,,0.0,,0.5
rg3,extratrees,Barrel_Temperature_1,<-2,42,40,2,1,13,1,25,0.5,0.07142857142857142,0.5,0.34210526315789475
rg3,extratrees,Barrel_Temperature_1,"[-2,-1)",42,166,4,2,54,2,108,0.5,0.03571428571428571,0.5,0.3333333333333333
rg3,extratrees,Barrel_Temperature_1,"[-1,0)",42,334,5,0,112,5,217,0.0,0.0,1.0,0.3404255319148936
rg3,extratrees,Barrel_Temperature_1,"[0,1)",42,436,11,2,122,9,303,0.18181818181818182,0.016129032258064516,0.8181818181818182,0.28705882352941176
rg3,extratrees,Barrel_Temperature_1,"[1,2)",42,192,3,2,74,1,115,0.6666666666666666,0.02631578947368421,0.3333333333333333,0.3915343915343915
rg3,extratrees,Barrel_Temperature_1,>=2,42,14,0,0,4,0,10,,0.0,,0.2857142857142857
rg3,extratrees,Barrel_Temperature_2,<-2,42,2,0,0,2,0,0,,0.0,,1.0
rg3,extratrees,Barrel_Temperature_2,"[-2,-1)",42,170,5,1,59,4,106,0.2,0.016666666666666666,0.8,0.3575757575757576
rg3,extratrees,Barrel_Temperature_2,"[-1,0)",42,474,8,3,155,5,311,0.375,0.0189873417721519,0.625,0.33261802575107297
rg3,extratrees,Barrel_Temperature_2,"[0,1)",42,358,10,2,104,8,244,0.2,0.018867924528301886,0.8,0.2988505747126437
rg3,extratrees,Barrel_Temperature_2,"[1,2)",42,150,2,1,49,1,99,0.5,0.02,0.5,0.3310810810810811
rg3,extratrees,Barrel_Temperature_2,>=2,42,28,0,0,10,0,18,,0.0,,0.35714285714285715
rg3,extratrees,Barrel_Temperature_3,<-2,42,22,1,1,13,0,8,1.0,0.07142857142857142,0.0,0.6190476190476191
rg3,extratrees,Barrel_Temperature_3,"[-2,-1)",42,156,0,0,40,0,116,,0.0,,0.2564102564102564
rg3,extratrees,Barrel_Temperature_3,"[-1,0)",42,546,17,4,180,13,349,0.23529411764705882,0.021739130434782608,0.7647058823529411,0.34026465028355385
rg3,extratrees,Barrel_Temperature_3,"[0,1)",42,276,6,2,98,4,172,0.3333333333333333,0.02,0.6666666666666666,0.362962962962963
rg3,extratrees,Barrel_Temperature_3,"[1,2)",42,154,1,0,46,1,107,0.0,0.0,1.0,0.3006535947712418
rg3,extratrees,Barrel_Temperature_3,>=2,42,28,0,0,2,0,26,,0.0,,0.07142857142857142
rg3,extratrees,Barrel_Temperature_4,<-2,42,2,0,0,2,0,0,,0.0,,1.0
rg3,extratrees,Barrel_Temperature_4,"[-2,-1)",42,212,3,0,110,3,99,0.0,0.0,1.0,0.5263157894736842
rg3,extratrees,Barrel_Temperature_4,"[-1,0)",42,358,9,3,103,6,246,0.3333333333333333,0.02830188679245283,0.6666666666666666,0.29512893982808025
rg3,extratrees,Barrel_Temperature_4,"[0,1)",42,388,8,2,104,6,276,0.25,0.018867924528301886,0.75,0.2736842105263158
rg3,extratrees,Barrel_Temperature_4,"[1,2)",42,218,5,2,56,3,157,0.4,0.034482758620689655,0.6,0.26291079812206575
rg3,extratrees,Barrel_Temperature_4,>=2,42,4,0,0,4,0,0,,0.0,,1.0
rg3,extratrees,Barrel_Temperature_5,<-2,42,22,0,0,4,0,18,,0.0,,0.18181818181818182
rg3,extratrees,Barrel_Temperature_5,"[-2,-1)",42,72,0,0,12,0,60,,0.0,,0.16666666666666666
rg3,extratrees,Barrel_Temperature_5,"[-1,0)",42,640,11,3,171,8,458,0.2727272727272727,0.017241379310344827,0.7272727272727273,0.2718600953895072
rg3,extratrees,Barrel_Temperature_5,"[0,1)",42,282,7,1,103,6,172,0.14285714285714285,0.009615384615384616,0.8571428571428571,0.37454545454545457
rg3,extratrees,Barrel_Temperature_5,"[1,2)",42,120,5,3,55,2,60,0.6,0.05172413793103448,0.4,0.4782608695652174
rg3,extratrees,Barrel_Temperature_5,>=2,42,46,2,0,34,2,10,0.0,0.0,1.0,0.7727272727272727
rg3,extratrees,Barrel_Temperature_6,<-2,42,24,1,1,11,0,12,1.0,0.08333333333333333,0.0,0.4782608695652174
rg3,extratrees,Barrel_Temperature_6,"[-2,-1)",42,144,1,0,34,1,109,0.0,0.0,1.0,0.23776223776223776
rg3,extratrees,Barrel_Temperature_6,"[-1,0)",42,338,7,1,131,6,200,0.14285714285714285,0.007575757575757576,0.8571428571428571,0.3957703927492447
rg3,extratrees,Barrel_Temperature_6,"[0,1)",42,442,13,5,141,8,288,0.38461538461538464,0.03424657534246575,0.6153846153846154,0.32867132867132864
rg3,extratrees,Barrel_Temperature_6,"[1,2)",42,208,3,0,50,3,155,0.0,0.0,1.0,0.24390243902439024
rg3,extratrees,Barrel_Temperature_6,>=2,42,26,0,0,12,0,14,,0.0,,0.46153846153846156
rg3,extratrees,Hopper_Temperature,<-2,42,38,1,0,14,1,23,0.0,0.0,1.0,0.3783783783783784
rg3,extratrees,Hopper_Temperature,"[-2,-1)",42,154,4,1,45,3,105,0.25,0.021739130434782608,0.75,0.3
rg3,extratrees,Hopper_Temperature,"[-1,0)",42,366,7,0,120,7,239,0.0,0.0,1.0,0.3342618384401114
rg3,extratrees,Hopper_Temperature,"[0,1)",42,500,11,5,173,6,316,0.45454545454545453,0.028089887640449437,0.5454545454545454,0.3537832310838446
rg3,extratrees,Hopper_Temperature,"[1,2)",42,118,2,1,25,1,91,0.5,0.038461538461538464,0.5,0.21551724137931033
rg3,extratrees,Hopper_Temperature,>=2,42,6,0,0,2,0,4,,0.0,,0.3333333333333333
rg3,extratrees,Mold_Temperature_3,<-2,42,0,0,0,0,0,0,,,,
rg3,extratrees,Mold_Temperature_3,"[-2,-1)",42,200,4,1,75,3,121,0.25,0.013157894736842105,0.75,0.3826530612244898
rg3,extratrees,Mold_Temperature_3,"[-1,0)",42,296,9,3,105,6,182,0.3333333333333333,0.027777777777777776,0.6666666666666666,0.36585365853658536
rg3,extratrees,Mold_Temperature_3,"[0,1)",42,390,6,3,121,3,263,0.5,0.024193548387096774,0.5,0.3151041666666667
rg3,extratrees,Mold_Temperature_3,"[1,2)",42,296,6,0,78,6,212,0.0,0.0,1.0,0.2689655172413793
rg3,extratrees,Mold_Temperature_3,>=2,42,0,0,0,0,0,0,,,,
rg3,extratrees,Mold_Temperature_4,<-2,42,4,0,0,2,0,2,,0.0,,0.5
rg3,extratrees,Mold_Temperature_4,"[-2,-1)",42,144,2,0,54,2,88,0.0,0.0,1.0,0.38028169014084506
rg3,extratrees,Mold_Temperature_4,"[-1,0)",42,442,13,4,164,9,265,0.3076923076923077,0.023809523809523808,0.6923076923076923,0.3822843822843823
rg3,extratrees,Mold_Temperature_4,"[0,1)",42,272,4,3,69,1,199,0.75,0.041666666666666664,0.25,0.2574626865671642
rg3,extratrees,Mold_Temperature_4,"[1,2)",42,320,6,0,90,6,224,0.0,0.0,1.0,0.28662420382165604
rg3,extratrees,Mold_Temperature_4,>=2,42,0,0,0,0,0,0,,,,
rg3,lightgbm_balanced,Injection_Time,<-2,42,6,0,0,0,0,6,,,,0.0
rg3,lightgbm_balanced,Injection_Time,"[-2,-1)",42,0,0,0,0,0,0,,,,
rg3,lightgbm_balanced,Injection_Time,"[-1,0)",42,1166,25,0,14,25,1127,0.0,0.0,1.0,0.012269938650306749
rg3,lightgbm_balanced,Injection_Time,"[0,1)",42,0,0,0,0,0,0,,,,
rg3,lightgbm_balanced,Injection_Time,"[1,2)",42,0,0,0,0,0,0,,,,
rg3,lightgbm_balanced,Injection_Time,>=2,42,10,0,0,0,0,10,,,,0.0
rg3,lightgbm_balanced,Filling_Time,<-2,42,0,0,0,0,0,0,,,,
rg3,lightgbm_balanced,Filling_Time,"[-2,-1)",42,488,10,0,8,10,470,0.0,0.0,1.0,0.016736401673640166
rg3,lightgbm_balanced,Filling_Time,"[-1,0)",42,0,0,0,0,0,0,,,,
rg3,lightgbm_balanced,Filling_Time,"[0,1)",42,694,15,0,6,15,673,0.0,0.0,1.0,0.008836524300441826
rg3,lightgbm_balanced,Filling_Time,"[1,2)",42,0,0,0,0,0,0,,,,
rg3,lightgbm_balanced,Filling_Time,>=2,42,0,0,0,0,0,0,,,,
rg3,lightgbm_balanced,Plasticizing_Time,<-2,42,14,0,0,0,0,14,,,,0.0
rg3,lightgbm_balanced,Plasticizing_Time,"[-2,-1)",42,142,1,0,0,1,141,0.0,,1.0,0.0
rg3,lightgbm_balanced,Plasticizing_Time,"[-1,0)",42,532,11,0,2,11,519,0.0,0.0,1.0,0.003838771593090211
rg3,lightgbm_balanced,Plasticizing_Time,"[0,1)",42,308,10,0,6,10,292,0.0,0.0,1.0,0.020134228187919462
rg3,lightgbm_balanced,Plasticizing_Time,"[1,2)",42,138,3,0,4,3,131,0.0,0.0,1.0,0.02962962962962963
rg3,lightgbm_balanced,Plasticizing_Time,>=2,42,48,0,0,2,0,46,,0.0,,0.041666666666666664
rg3,lightgbm_balanced,Cycle_Time,<-2,42,0,0,0,0,0,0,,,,
rg3,lightgbm_balanced,Cycle_Time,"[-2,-1)",42,60,1,0,0,1,59,0.0,,1.0,0.0
rg3,lightgbm_balanced,Cycle_Time,"[-1,0)",42,368,6,0,6,6,356,0.0,0.0,1.0,0.016574585635359115
rg3,lightgbm_balanced,Cycle_Time,"[0,1)",42,746,18,0,8,18,720,0.0,0.0,1.0,0.01098901098901099
rg3,lightgbm_balanced,Cycle_Time,"[1,2)",42,0,0,0,0,0,0,,,,
rg3,lightgbm_balanced,Cycle_Time,>=2,42,8,0,0,0,0,8,,,,0.0
rg3,lightgbm_balanced,Clamp_Close_Time,<-2,42,0,0,0,0,0,0,,,,
rg3,lightgbm_balanced,Clamp_Close_Time,"[-2,-1)",42,176,2,0,0,2,174,0.0,,1.0,0.0
rg3,lightgbm_balanced,Clamp_Close_Time,"[-1,0)",42,508,11,0,6,11,491,0.0,0.0,1.0,0.012072434607645875
rg3,lightgbm_balanced,Clamp_Close_Time,"[0,1)",42,0,0,0,0,0,0,,,,
rg3,lightgbm_balanced,Clamp_Close_Time,"[1,2)",42,498,12,0,8,12,478,0.0,0.0,1.0,0.01646090534979424
rg3,lightgbm_balanced,Clamp_Close_Time,>=2,42,0,0,0,0,0,0,,,,
rg3,lightgbm_balanced,Cushion_Position,<-2,42,0,0,0,0,0,0,,,,
rg3,lightgbm_balanced,Cushion_Position,"[-2,-1)",42,314,7,0,2,7,305,0.0,0.0,1.0,0.006514657980456026
rg3,lightgbm_balanced,Cushion_Position,"[-1,0)",42,306,5,0,2,5,299,0.0,0.0,1.0,0.006644518272425249
rg3,lightgbm_balanced,Cushion_Position,"[0,1)",42,334,9,0,6,9,319,0.0,0.0,1.0,0.018461538461538463
rg3,lightgbm_balanced,Cushion_Position,"[1,2)",42,172,4,0,4,4,164,0.0,0.0,1.0,0.023809523809523808
rg3,lightgbm_balanced,Cushion_Position,>=2,42,56,0,0,0,0,56,,,,0.0
rg3,lightgbm_balanced,Plasticizing_Position,<-2,42,2,0,0,0,0,2,,,,0.0
rg3,lightgbm_balanced,Plasticizing_Position,"[-2,-1)",42,116,2,0,4,2,110,0.0,0.0,1.0,0.03508771929824561
rg3,lightgbm_balanced,Plasticizing_Position,"[-1,0)",42,518,12,0,4,12,502,0.0,0.0,1.0,0.007905138339920948
rg3,lightgbm_balanced,Plasticizing_Position,"[0,1)",42,358,9,0,6,9,343,0.0,0.0,1.0,0.017191977077363897
rg3,lightgbm_balanced,Plasticizing_Position,"[1,2)",42,158,2,0,0,2,156,0.0,,1.0,0.0
rg3,lightgbm_balanced,Plasticizing_Position,>=2,42,30,0,0,0,0,30,,,,0.0
rg3,lightgbm_balanced,Max_Injection_Speed,<-2,42,4,0,0,2,0,2,,0.0,,0.5
rg3,lightgbm_balanced,Max_Injection_Speed,"[-2,-1)",42,114,4,0,0,4,110,0.0,,1.0,0.0
rg3,lightgbm_balanced,Max_Injection_Speed,"[-1,0)",42,554,7,0,4,7,543,0.0,0.0,1.0,0.007312614259597806
rg3,lightgbm_balanced,Max_Injection_Speed,"[0,1)",42,320,11,0,6,11,303,0.0,0.0,1.0,0.019417475728155338
rg3,lightgbm_balanced,Max_Injection_Speed,"[1,2)",42,158,3,0,2,3,153,0.0,0.0,1.0,0.012903225806451613
rg3,lightgbm_balanced,Max_Injection_Speed,>=2,42,32,0,0,0,0,32,,,,0.0
rg3,lightgbm_balanced,Max_Screw_RPM,<-2,42,90,1,0,2,1,87,0.0,0.0,1.0,0.02247191011235955
rg3,lightgbm_balanced,Max_Screw_RPM,"[-2,-1)",42,0,0,0,0,0,0,,,,
rg3,lightgbm_balanced,Max_Screw_RPM,"[-1,0)",42,506,10,0,8,10,488,0.0,0.0,1.0,0.016129032258064516
rg3,lightgbm_balanced,Max_Screw_RPM,"[0,1)",42,496,12,0,2,12,482,0.0,0.0,1.0,0.004132231404958678
rg3,lightgbm_balanced,Max_Screw_RPM,"[1,2)",42,0,0,0,0,0,0,,,,
rg3,lightgbm_balanced,Max_Screw_RPM,>=2,42,90,2,0,2,2,86,0.0,0.0,1.0,0.022727272727272728
rg3,lightgbm_balanced,Average_Screw_RPM,<-2,42,0,0,0,0,0,0,,,,
rg3,lightgbm_balanced,Average_Screw_RPM,"[-2,-1)",42,100,1,0,0,1,99,0.0,,1.0,0.0
rg3,lightgbm_balanced,Average_Screw_RPM,"[-1,0)",42,690,15,0,12,15,663,0.0,0.0,1.0,0.017777777777777778
rg3,lightgbm_balanced,Average_Screw_RPM,"[0,1)",42,0,0,0,0,0,0,,,,
rg3,lightgbm_balanced,Average_Screw_RPM,"[1,2)",42,360,8,0,2,8,350,0.0,0.0,1.0,0.005681818181818182
rg3,lightgbm_balanced,Average_Screw_RPM,>=2,42,32,1,0,0,1,31,0.0,,1.0,0.0
rg3,lightgbm_balanced,Max_Injection_Pressure,<-2,42,42,0,0,0,0,42,,,,0.0
rg3,lightgbm_balanced,Max_Injection_Pressure,"[-2,-1)",42,134,5,0,4,5,125,0.0,0.0,1.0,0.031007751937984496
rg3,lightgbm_balanced,Max_Injection_Pressure,"[-1,0)",42,472,8,0,4,8,460,0.0,0.0,1.0,0.008620689655172414
rg3,lightgbm_balanced,Max_Injection_Pressure,"[0,1)",42,298,6,0,4,6,288,0.0,0.0,1.0,0.0136986301369863
rg3,lightgbm_balanced,Max_Injection_Pressure,"[1,2)",42,234,6,0,2,6,226,0.0,0.0,1.0,0.008771929824561403
rg3,lightgbm_balanced,Max_Injection_Pressure,>=2,42,2,0,0,0,0,2,,,,0.0
rg3,lightgbm_balanced,Max_Switch_Over_Pressure,<-2,42,4,0,0,0,0,4,,,,0.0
rg3,lightgbm_balanced,Max_Switch_Over_Pressure,"[-2,-1)",42,38,0,0,0,0,38,,,,0.0
rg3,lightgbm_balanced,Max_Switch_Over_Pressure,"[-1,0)",42,478,10,0,12,10,456,0.0,0.0,1.0,0.02564102564102564
rg3,lightgbm_balanced,Max_Switch_Over_Pressure,"[0,1)",42,604,13,0,0,13,591,0.0,,1.0,0.0
rg3,lightgbm_balanced,Max_Switch_Over_Pressure,"[1,2)",42,58,2,0,2,2,54,0.0,0.0,1.0,0.03571428571428571
rg3,lightgbm_balanced,Max_Switch_Over_Pressure,>=2,42,0,0,0,0,0,0,,,,
rg3,lightgbm_balanced,Max_Back_Pressure,<-2,42,14,0,0,0,0,14,,,,0.0
rg3,lightgbm_balanced,Max_Back_Pressure,"[-2,-1)",42,228,4,0,2,4,222,0.0,0.0,1.0,0.008928571428571428
rg3,lightgbm_balanced,Max_Back_Pressure,"[-1,0)",42,372,10,0,8,10,354,0.0,0.0,1.0,0.022099447513812154
rg3,lightgbm_balanced,Max_Back_Pressure,"[0,1)",42,352,6,0,2,6,344,0.0,0.0,1.0,0.005780346820809248
rg3,lightgbm_balanced,Max_Back_Pressure,"[1,2)",42,206,3,0,2,3,201,0.0,0.0,1.0,0.009852216748768473
rg3,lightgbm_balanced,Max_Back_Pressure,>=2,42,10,2,0,0,2,8,0.0,,1.0,0.0
rg3,lightgbm_balanced,Average_Back_Pressure,<-2,42,26,0,0,0,0,26,,,,0.0
rg3,lightgbm_balanced,Average_Back_Pressure,"[-2,-1)",42,198,3,0,2,3,193,0.0,0.0,1.0,0.010256410256410256
rg3,lightgbm_balanced,Average_Back_Pressure,"[-1,0)",42,358,10,0,8,10,340,0.0,0.0,1.0,0.022988505747126436
rg3,lightgbm_balanced,Average_Back_Pressure,"[0,1)",42,358,5,0,2,5,351,0.0,0.0,1.0,0.0056657223796034
rg3,lightgbm_balanced,Average_Back_Pressure,"[1,2)",42,234,7,0,2,7,225,0.0,0.0,1.0,0.00881057268722467
rg3,lightgbm_balanced,Average_Back_Pressure,>=2,42,8,0,0,0,0,8,,,,0.0
rg3,lightgbm_balanced,Barrel_Temperature_1,<-2,42,40,2,0,0,2,38,0.0,,1.0,0.0
rg3,lightgbm_balanced,Barrel_Temperature_1,"[-2,-1)",42,166,4,0,4,4,158,0.0,0.0,1.0,0.024691358024691357
rg3,lightgbm_balanced,Barrel_Temperature_1,"[-1,0)",42,334,5,0,6,5,323,0.0,0.0,1.0,0.0182370820668693
rg3,lightgbm_balanced,Barrel_Temperature_1,"[0,1)",42,436,11,0,4,11,421,0.0,0.0,1.0,0.009411764705882352
rg3,lightgbm_balanced,Barrel_Temperature_1,"[1,2)",42,192,3,0,0,3,189,0.0,,1.0,0.0
rg3,lightgbm_balanced,Barrel_Temperature_1,>=2,42,14,0,0,0,0,14,,,,0.0
rg3,lightgbm_balanced,Barrel_Temperature_2,<-2,42,2,0,0,0,0,2,,,,0.0
rg3,lightgbm_balanced,Barrel_Temperature_2,"[-2,-1)",42,170,5,0,0,5,165,0.0,,1.0,0.0
rg3,lightgbm_balanced,Barrel_Temperature_2,"[-1,0)",42,474,8,0,10,8,456,0.0,0.0,1.0,0.02145922746781116
rg3,lightgbm_balanced,Barrel_Temperature_2,"[0,1)",42,358,10,0,4,10,344,0.0,0.0,1.0,0.011494252873563218
rg3,lightgbm_balanced,Barrel_Temperature_2,"[1,2)",42,150,2,0,0,2,148,0.0,,1.0,0.0
rg3,lightgbm_balanced,Barrel_Temperature_2,>=2,42,28,0,0,0,0,28,,,,0.0
rg3,lightgbm_balanced,Barrel_Temperature_3,<-2,42,22,1,0,0,1,21,0.0,,1.0,0.0
rg3,lightgbm_balanced,Barrel_Temperature_3,"[-2,-1)",42,156,0,0,2,0,154,,0.0,,0.01282051282051282
rg3,lightgbm_balanced,Barrel_Temperature_3,"[-1,0)",42,546,17,0,10,17,519,0.0,0.0,1.0,0.01890359168241966
rg3,lightgbm_balanced,Barrel_Temperature_3,"[0,1)",42,276,6,0,2,6,268,0.0,0.0,1.0,0.007407407407407408
rg3,lightgbm_balanced,Barrel_Temperature_3,"[1,2)",42,154,1,0,0,1,153,0.0,,1.0,0.0
rg3,lightgbm_balanced,Barrel_Temperature_3,>=2,42,28,0,0,0,0,28,,,,0.0
rg3,lightgbm_balanced,Barrel_Temperature_4,<-2,42,2,0,0,0,0,2,,,,0.0
rg3,lightgbm_balanced,Barrel_Temperature_4,"[-2,-1)",42,212,3,0,4,3,205,0.0,0.0,1.0,0.019138755980861243
rg3,lightgbm_balanced,Barrel_Temperature_4,"[-1,0)",42,358,9,0,6,9,343,0.0,0.0,1.0,0.017191977077363897
rg3,lightgbm_balanced,Barrel_Temperature_4,"[0,1)",42,388,8,0,4,8,376,0.0,0.0,1.0,0.010526315789473684
rg3,lightgbm_balanced,Barrel_Temperature_4,"[1,2)",42,218,5,0,0,5,213,0.0,,1.0,0.0
rg3,lightgbm_balanced,Barrel_Temperature_4,>=2,42,4,0,0,0,0,4,,,,0.0
rg3,lightgbm_balanced,Barrel_Temperature_5,<-2,42,22,0,0,0,0,22,,,,0.0
rg3,lightgbm_balanced,Barrel_Temperature_5,"[-2,-1)",42,72,0,0,0,0,72,,,,0.0
rg3,lightgbm_balanced,Barrel_Temperature_5,"[-1,0)",42,640,11,0,0,11,629,0.0,,1.0,0.0
rg3,lightgbm_balanced,Barrel_Temperature_5,"[0,1)",42,282,7,0,6,7,269,0.0,0.0,1.0,0.02181818181818182
rg3,lightgbm_balanced,Barrel_Temperature_5,"[1,2)",42,120,5,0,6,5,109,0.0,0.0,1.0,0.05217391304347826
rg3,lightgbm_balanced,Barrel_Temperature_5,>=2,42,46,2,0,2,2,42,0.0,0.0,1.0,0.045454545454545456
rg3,lightgbm_balanced,Barrel_Temperature_6,<-2,42,24,1,0,0,1,23,0.0,,1.0,0.0
rg3,lightgbm_balanced,Barrel_Temperature_6,"[-2,-1)",42,144,1,0,0,1,143,0.0,,1.0,0.0
rg3,lightgbm_balanced,Barrel_Temperature_6,"[-1,0)",42,338,7,0,2,7,329,0.0,0.0,1.0,0.006042296072507553
rg3,lightgbm_balanced,Barrel_Temperature_6,"[0,1)",42,442,13,0,10,13,419,0.0,0.0,1.0,0.023310023310023312
rg3,lightgbm_balanced,Barrel_Temperature_6,"[1,2)",42,208,3,0,2,3,203,0.0,0.0,1.0,0.00975609756097561
rg3,lightgbm_balanced,Barrel_Temperature_6,>=2,42,26,0,0,0,0,26,,,,0.0
rg3,lightgbm_balanced,Hopper_Temperature,<-2,42,38,1,0,2,1,35,0.0,0.0,1.0,0.05405405405405406
rg3,lightgbm_balanced,Hopper_Temperature,"[-2,-1)",42,154,4,0,2,4,148,0.0,0.0,1.0,0.013333333333333334
rg3,lightgbm_balanced,Hopper_Temperature,"[-1,0)",42,366,7,0,0,7,359,0.0,,1.0,0.0
rg3,lightgbm_balanced,Hopper_Temperature,"[0,1)",42,500,11,0,8,11,481,0.0,0.0,1.0,0.016359918200409
rg3,lightgbm_balanced,Hopper_Temperature,"[1,2)",42,118,2,0,2,2,114,0.0,0.0,1.0,0.017241379310344827
rg3,lightgbm_balanced,Hopper_Temperature,>=2,42,6,0,0,0,0,6,,,,0.0
rg3,lightgbm_balanced,Mold_Temperature_3,<-2,42,0,0,0,0,0,0,,,,
rg3,lightgbm_balanced,Mold_Temperature_3,"[-2,-1)",42,200,4,0,2,4,194,0.0,0.0,1.0,0.01020408163265306
rg3,lightgbm_balanced,Mold_Temperature_3,"[-1,0)",42,296,9,0,10,9,277,0.0,0.0,1.0,0.03484320557491289
rg3,lightgbm_balanced,Mold_Temperature_3,"[0,1)",42,390,6,0,2,6,382,0.0,0.0,1.0,0.005208333333333333
rg3,lightgbm_balanced,Mold_Temperature_3,"[1,2)",42,296,6,0,0,6,290,0.0,,1.0,0.0
rg3,lightgbm_balanced,Mold_Temperature_3,>=2,42,0,0,0,0,0,0,,,,
rg3,lightgbm_balanced,Mold_Temperature_4,<-2,42,4,0,0,0,0,4,,,,0.0
rg3,lightgbm_balanced,Mold_Temperature_4,"[-2,-1)",42,144,2,0,0,2,142,0.0,,1.0,0.0
rg3,lightgbm_balanced,Mold_Temperature_4,"[-1,0)",42,442,13,0,12,13,417,0.0,0.0,1.0,0.027972027972027972
rg3,lightgbm_balanced,Mold_Temperature_4,"[0,1)",42,272,4,0,2,4,266,0.0,0.0,1.0,0.007462686567164179
rg3,lightgbm_balanced,Mold_Temperature_4,"[1,2)",42,320,6,0,0,6,314,0.0,,1.0,0.0
rg3,lightgbm_balanced,Mold_Temperature_4,>=2,42,0,0,0,0,0,0,,,,
rg3,logistic,Injection_Time,<-2,42,6,0,0,2,0,4,,0.0,,0.3333333333333333
rg3,logistic,Injection_Time,"[-2,-1)",42,0,0,0,0,0,0,,,,
rg3,logistic,Injection_Time,"[-1,0)",42,1166,25,11,731,14,410,0.44,0.014824797843665768,0.56,0.6406660823838738
rg3,logistic,Injection_Time,"[0,1)",42,0,0,0,0,0,0,,,,
rg3,logistic,Injection_Time,"[1,2)",42,0,0,0,0,0,0,,,,
rg3,logistic,Injection_Time,>=2,42,10,0,0,8,0,2,,0.0,,0.8
rg3,logistic,Filling_Time,<-2,42,0,0,0,0,0,0,,,,
rg3,logistic,Filling_Time,"[-2,-1)",42,488,10,4,284,6,194,0.4,0.013888888888888888,0.6,0.5941422594142259
rg3,logistic,Filling_Time,"[-1,0)",42,0,0,0,0,0,0,,,,
rg3,logistic,Filling_Time,"[0,1)",42,694,15,7,457,8,222,0.4666666666666667,0.015086206896551725,0.5333333333333333,0.6730486008836525
rg3,logistic,Filling_Time,"[1,2)",42,0,0,0,0,0,0,,,,
rg3,logistic,Filling_Time,>=2,42,0,0,0,0,0,0,,,,
rg3,logistic,Plasticizing_Time,<-2,42,14,0,0,4,0,10,,0.0,,0.2857142857142857
rg3,logistic,Plasticizing_Time,"[-2,-1)",42,142,1,0,74,1,67,0.0,0.0,1.0,0.524822695035461
rg3,logistic,Plasticizing_Time,"[-1,0)",42,532,11,4,332,7,189,0.36363636363636365,0.011904761904761904,0.6363636363636364,0.6372360844529751
rg3,logistic,Plasticizing_Time,"[0,1)",42,308,10,5,205,5,93,0.5,0.023809523809523808,0.5,0.6879194630872483
rg3,logistic,Plasticizing_Time,"[1,2)",42,138,3,2,86,1,49,0.6666666666666666,0.022727272727272728,0.3333333333333333,0.6370370370370371
rg3,logistic,Plasticizing_Time,>=2,42,48,0,0,40,0,8,,0.0,,0.8333333333333334
rg3,logistic,Cycle_Time,<-2,42,0,0,0,0,0,0,,,,
rg3,logistic,Cycle_Time,"[-2,-1)",42,60,1,0,38,1,21,0.0,0.0,1.0,0.6440677966101694
rg3,logistic,Cycle_Time,"[-1,0)",42,368,6,4,234,2,128,0.6666666666666666,0.01680672268907563,0.3333333333333333,0.6464088397790055
rg3,logistic,Cycle_Time,"[0,1)",42,746,18,7,463,11,265,0.3888888888888889,0.014893617021276596,0.6111111111111112,0.635989010989011
rg3,logistic,Cycle_Time,"[1,2)",42,0,0,0,0,0,0,,,,
rg3,logistic,Cycle_Time,>=2,42,8,0,0,6,0,2,,0.0,,0.75
rg3,logistic,Clamp_Close_Time,<-2,42,0,0,0,0,0,0,,,,
rg3,logistic,Clamp_Close_Time,"[-2,-1)",42,176,2,0,96,2,78,0.0,0.0,1.0,0.5517241379310345
rg3,logistic,Clamp_Close_Time,"[-1,0)",42,508,11,3,303,8,194,0.2727272727272727,0.00980392156862745,0.7272727272727273,0.6096579476861167
rg3,logistic,Clamp_Close_Time,"[0,1)",42,0,0,0,0,0,0,,,,
rg3,logistic,Clamp_Close_Time,"[1,2)",42,498,12,8,342,4,144,0.6666666666666666,0.022857142857142857,0.3333333333333333,0.7037037037037037
rg3,logistic,Clamp_Close_Time,>=2,42,0,0,0,0,0,0,,,,
rg3,logistic,Cushion_Position,<-2,42,0,0,0,0,0,0,,,,
rg3,logistic,Cushion_Position,"[-2,-1)",42,314,7,3,205,4,102,0.42857142857142855,0.014423076923076924,0.5714285714285714,0.6677524429967426
rg3,logistic,Cushion_Position,"[-1,0)",42,306,5,2,194,3,107,0.4,0.01020408163265306,0.6,0.6445182724252492
rg3,logistic,Cushion_Position,"[0,1)",42,334,9,4,202,5,123,0.4444444444444444,0.019417475728155338,0.5555555555555556,0.6215384615384615
rg3,logistic,Cushion_Position,"[1,2)",42,172,4,2,100,2,68,0.5,0.0196078431372549,0.5,0.5952380952380952
rg3,logistic,Cushion_Position,>=2,42,56,0,0,40,0,16,,0.0,,0.7142857142857143
rg3,logistic,Plasticizing_Position,<-2,42,2,0,0,2,0,0,,0.0,,1.0
rg3,logistic,Plasticizing_Position,"[-2,-1)",42,116,2,2,94,0,20,1.0,0.020833333333333332,0.0,0.8245614035087719
rg3,logistic,Plasticizing_Position,"[-1,0)",42,518,12,6,338,6,168,0.5,0.01744186046511628,0.5,0.6679841897233202
rg3,logistic,Plasticizing_Position,"[0,1)",42,358,9,3,211,6,138,0.3333333333333333,0.014018691588785047,0.6666666666666666,0.6045845272206304
rg3,logistic,Plasticizing_Position,"[1,2)",42,158,2,0,78,2,78,0.0,0.0,1.0,0.5
rg3,logistic,Plasticizing_Position,>=2,42,30,0,0,18,0,12,,0.0,,0.6
rg3,logistic,Max_Injection_Speed,<-2,42,4,0,0,4,0,0,,0.0,,1.0
rg3,logistic,Max_Injection_Speed,"[-2,-1)",42,114,4,2,76,2,34,0.5,0.02564102564102564,0.5,0.6909090909090909
rg3,logistic,Max_Injection_Speed,"[-1,0)",42,554,7,2,358,5,189,0.2857142857142857,0.005555555555555556,0.7142857142857143,0.6544789762340036
rg3,logistic,Max_Injection_Speed,"[0,1)",42,320,11,6,190,5,119,0.5454545454545454,0.030612244897959183,0.45454545454545453,0.6148867313915858
rg3,logistic,Max_Injection_Speed,"[1,2)",42,158,3,1,91,2,64,0.3333333333333333,0.010869565217391304,0.6666666666666666,0.5870967741935483
rg3,logistic,Max_Injection_Speed,>=2,42,32,0,0,22,0,10,,0.0,,0.6875
rg3,logistic,Max_Screw_RPM,<-2,42,90,1,0,54,1,35,0.0,0.0,1.0,0.6067415730337079
rg3,logistic,Max_Screw_RPM,"[-2,-1)",42,0,0,0,0,0,0,,,,
rg3,logistic,Max_Screw_RPM,"[-1,0)",42,506,10,6,328,4,168,0.6,0.017964071856287425,0.4,0.6612903225806451
rg3,logistic,Max_Screw_RPM,"[0,1)",42,496,12,5,309,7,175,0.4166666666666667,0.01592356687898089,0.5833333333333334,0.6384297520661157
rg3,logistic,Max_Screw_RPM,"[1,2)",42,0,0,0,0,0,0,,,,
rg3,logistic,Max_Screw_RPM,>=2,42,90,2,0,50,2,38,0.0,0.0,1.0,0.5681818181818182
rg3,logistic,Average_Screw_RPM,<-2,42,0,0,0,0,0,0,,,,
rg3,logistic,Average_Screw_RPM,"[-2,-1)",42,100,1,1,49,0,50,1.0,0.02,0.0,0.494949494949495
rg3,logistic,Average_Screw_RPM,"[-1,0)",42,690,15,7,437,8,238,0.4666666666666667,0.015765765765765764,0.5333333333333333,0.6474074074074074
rg3,logistic,Average_Screw_RPM,"[0,1)",42,0,0,0,0,0,0,,,,
rg3,logistic,Average_Screw_RPM,"[1,2)",42,360,8,3,235,5,117,0.375,0.012605042016806723,0.625,0.6676136363636364
rg3,logistic,Average_Screw_RPM,>=2,42,32,1,0,20,1,11,0.0,0.0,1.0,0.6451612903225806
rg3,logistic,Max_Injection_Pressure,<-2,42,42,0,0,28,0,14,,0.0,,0.6666666666666666
rg3,logistic,Max_Injection_Pressure,"[-2,-1)",42,134,5,2,78,3,51,0.4,0.025,0.6,0.6046511627906976
rg3,logistic,Max_Injection_Pressure,"[-1,0)",42,472,8,4,292,4,172,0.5,0.013513513513513514,0.5,0.6293103448275862
rg3,logistic,Max_Injection_Pressure,"[0,1)",42,298,6,3,201,3,91,0.5,0.014705882352941176,0.5,0.6883561643835616
rg3,logistic,Max_Injection_Pressure,"[1,2)",42,234,6,2,140,4,88,0.3333333333333333,0.014084507042253521,0.6666666666666666,0.6140350877192983
rg3,logistic,Max_Injection_Pressure,>=2,42,2,0,0,2,0,0,,0.0,,1.0
rg3,logistic,Max_Switch_Over_Pressure,<-2,42,4,0,0,0,0,4,,,,0.0
rg3,logistic,Max_Switch_Over_Pressure,"[-2,-1)",42,38,0,0,16,0,22,,0.0,,0.42105263157894735
rg3,logistic,Max_Switch_Over_Pressure,"[-1,0)",42,478,10,5,311,5,157,0.5,0.015822784810126583,0.5,0.6645299145299145
rg3,logistic,Max_Switch_Over_Pressure,"[0,1)",42,604,13,6,376,7,215,0.46153846153846156,0.015706806282722512,0.5384615384615384,0.6362098138747885
rg3,logistic,Max_Switch_Over_Pressure,"[1,2)",42,58,2,0,38,2,18,0.0,0.0,1.0,0.6785714285714286
rg3,logistic,Max_Switch_Over_Pressure,>=2,42,0,0,0,0,0,0,,,,
rg3,logistic,Max_Back_Pressure,<-2,42,14,0,0,6,0,8,,0.0,,0.42857142857142855
rg3,logistic,Max_Back_Pressure,"[-2,-1)",42,228,4,2,134,2,90,0.5,0.014705882352941176,0.5,0.5982142857142857
rg3,logistic,Max_Back_Pressure,"[-1,0)",42,372,10,5,227,5,135,0.5,0.021551724137931036,0.5,0.6270718232044199
rg3,logistic,Max_Back_Pressure,"[0,1)",42,352,6,1,231,5,115,0.16666666666666666,0.004310344827586207,0.8333333333333334,0.6676300578034682
rg3,logistic,Max_Back_Pressure,"[1,2)",42,206,3,3,139,0,64,1.0,0.02112676056338028,0.0,0.6847290640394089
rg3,logistic,Max_Back_Pressure,>=2,42,10,2,0,4,2,4,0.0,0.0,1.0,0.5
rg3,logistic,Average_Back_Pressure,<-2,42,26,0,0,10,0,16,,0.0,,0.38461538461538464
rg3,logistic,Average_Back_Pressure,"[-2,-1)",42,198,3,0,126,3,69,0.0,0.0,1.0,0.6461538461538462
rg3,logistic,Average_Back_Pressure,"[-1,0)",42,358,10,6,216,4,132,0.6,0.02702702702702703,0.4,0.6206896551724138
rg3,logistic,Average_Back_Pressure,"[0,1)",42,358,5,1,233,4,120,0.2,0.004273504273504274,0.8,0.660056657223796
rg3,logistic,Average_Back_Pressure,"[1,2)",42,234,7,4,152,3,75,0.5714285714285714,0.02564102564102564,0.42857142857142855,0.6696035242290749
rg3,logistic,Average_Back_Pressure,>=2,42,8,0,0,4,0,4,,0.0,,0.5
rg3,logistic,Barrel_Temperature_1,<-2,42,40,2,2,28,0,10,1.0,0.06666666666666667,0.0,0.7368421052631579
rg3,logistic,Barrel_Temperature_1,"[-2,-1)",42,166,4,3,111,1,51,0.75,0.02631578947368421,0.25,0.6851851851851852
rg3,logistic,Barrel_Temperature_1,"[-1,0)",42,334,5,2,228,3,101,0.4,0.008695652173913044,0.6,0.6930091185410334
rg3,logistic,Barrel_Temperature_1,"[0,1)",42,436,11,2,254,9,171,0.18181818181818182,0.0078125,0.8181818181818182,0.5976470588235294
rg3,logistic,Barrel_Temperature_1,"[1,2)",42,192,3,2,114,1,75,0.6666666666666666,0.017241379310344827,0.3333333333333333,0.6031746031746031
rg3,logistic,Barrel_Temperature_1,>=2,42,14,0,0,6,0,8,,0.0,,0.42857142857142855
rg3,logistic,Barrel_Temperature_2,<-2,42,2,0,0,2,0,0,,0.0,,1.0
rg3,logistic,Barrel_Temperature_2,"[-2,-1)",42,170,5,2,118,3,47,0.4,0.016666666666666666,0.6,0.7151515151515152
rg3,logistic,Barrel_Temperature_2,"[-1,0)",42,474,8,4,310,4,156,0.5,0.012738853503184714,0.5,0.6652360515021459
rg3,logistic,Barrel_Temperature_2,"[0,1)",42,358,10,4,208,6,140,0.4,0.018867924528301886,0.6,0.5977011494252874
rg3,logistic,Barrel_Temperature_2,"[1,2)",42,150,2,1,93,1,55,0.5,0.010638297872340425,0.5,0.6283783783783784
rg3,logistic,Barrel_Temperature_2,>=2,42,28,0,0,10,0,18,,0.0,,0.35714285714285715
rg3,logistic,Barrel_Temperature_3,<-2,42,22,1,1,15,0,6,1.0,0.0625,0.0,0.7142857142857143
rg3,logistic,Barrel_Temperature_3,"[-2,-1)",42,156,0,0,108,0,48,,0.0,,0.6923076923076923
rg3,logistic,Barrel_Temperature_3,"[-1,0)",42,546,17,8,346,9,183,0.47058823529411764,0.022598870056497175,0.5294117647058824,0.6540642722117203
rg3,logistic,Barrel_Temperature_3,"[0,1)",42,276,6,2,172,4,98,0.3333333333333333,0.011494252873563218,0.6666666666666666,0.6370370370370371
rg3,logistic,Barrel_Temperature_3,"[1,2)",42,154,1,0,88,1,65,0.0,0.0,1.0,0.5751633986928104
rg3,logistic,Barrel_Temperature_3,>=2,42,28,0,0,12,0,16,,0.0,,0.42857142857142855
rg3,logistic,Barrel_Temperature_4,<-2,42,2,0,0,2,0,0,,0.0,,1.0
rg3,logistic,Barrel_Temperature_4,"[-2,-1)",42,212,3,0,136,3,73,0.0,0.0,1.0,0.6507177033492823
rg3,logistic,Barrel_Temperature_4,"[-1,0)",42,358,9,4,218,5,131,0.4444444444444444,0.018018018018018018,0.5555555555555556,0.6246418338108882
rg3,logistic,Barrel_Temperature_4,"[0,1)",42,388,8,5,243,3,137,0.625,0.020161290322580645,0.375,0.6394736842105263
rg3,logistic,Barrel_Temperature_4,"[1,2)",42,218,5,2,138,3,75,0.4,0.014285714285714285,0.6,0.647887323943662
rg3,logistic,Barrel_Temperature_4,>=2,42,4,0,0,4,0,0,,0.0,,1.0
rg3,logistic,Barrel_Temperature_5,<-2,42,22,0,0,4,0,18,,0.0,,0.18181818181818182
rg3,logistic,Barrel_Temperature_5,"[-2,-1)",42,72,0,0,40,0,32,,0.0,,0.5555555555555556
rg3,logistic,Barrel_Temperature_5,"[-1,0)",42,640,11,4,390,7,239,0.36363636363636365,0.01015228426395939,0.6363636363636364,0.6200317965023847
rg3,logistic,Barrel_Temperature_5,"[0,1)",42,282,7,4,184,3,91,0.5714285714285714,0.02127659574468085,0.42857142857142855,0.6690909090909091
rg3,logistic,Barrel_Temperature_5,"[1,2)",42,120,5,3,85,2,30,0.6,0.03409090909090909,0.4,0.7391304347826086
rg3,logistic,Barrel_Temperature_5,>=2,42,46,2,0,38,2,6,0.0,0.0,1.0,0.8636363636363636
rg3,logistic,Barrel_Temperature_6,<-2,42,24,1,0,14,1,9,0.0,0.0,1.0,0.6086956521739131
rg3,logistic,Barrel_Temperature_6,"[-2,-1)",42,144,1,0,72,1,71,0.0,0.0,1.0,0.5034965034965035
rg3,logistic,Barrel_Temperature_6,"[-1,0)",42,338,7,3,229,4,102,0.42857142857142855,0.01293103448275862,0.5714285714285714,0.6918429003021148
rg3,logistic,Barrel_Temperature_6,"[0,1)",42,442,13,5,267,8,162,0.38461538461538464,0.01838235294117647,0.6153846153846154,0.6223776223776224
rg3,logistic,Barrel_Temperature_6,"[1,2)",42,208,3,3,137,0,68,1.0,0.02142857142857143,0.0,0.6682926829268293
rg3,logistic,Barrel_Temperature_6,>=2,42,26,0,0,22,0,4,,0.0,,0.8461538461538461
rg3,logistic,Hopper_Temperature,<-2,42,38,1,1,29,0,8,1.0,0.03333333333333333,0.0,0.7837837837837838
rg3,logistic,Hopper_Temperature,"[-2,-1)",42,154,4,1,107,3,43,0.25,0.009259259259259259,0.75,0.7133333333333334
rg3,logistic,Hopper_Temperature,"[-1,0)",42,366,7,1,215,6,144,0.14285714285714285,0.004629629629629629,0.8571428571428571,0.5988857938718662
rg3,logistic,Hopper_Temperature,"[0,1)",42,500,11,8,320,3,169,0.7272727272727273,0.024390243902439025,0.2727272727272727,0.65439672801636
rg3,logistic,Hopper_Temperature,"[1,2)",42,118,2,0,68,2,48,0.0,0.0,1.0,0.5862068965517241
rg3,logistic,Hopper_Temperature,>=2,42,6,0,0,2,0,4,,0.0,,0.3333333333333333
rg3,logistic,Mold_Temperature_3,<-2,42,0,0,0,0,0,0,,,,
rg3,logistic,Mold_Temperature_3,"[-2,-1)",42,200,4,2,130,2,66,0.5,0.015151515151515152,0.5,0.6632653061224489
rg3,logistic,Mold_Temperature_3,"[-1,0)",42,296,9,4,182,5,105,0.4444444444444444,0.021505376344086023,0.5555555555555556,0.6341463414634146
rg3,logistic,Mold_Temperature_3,"[0,1)",42,390,6,4,258,2,126,0.6666666666666666,0.015267175572519083,0.3333333333333333,0.671875
rg3,logistic,Mold_Temperature_3,"[1,2)",42,296,6,1,171,5,119,0.16666666666666666,0.005813953488372093,0.8333333333333334,0.5896551724137931
rg3,logistic,Mold_Temperature_3,>=2,42,0,0,0,0,0,0,,,,
rg3,logistic,Mold_Temperature_4,<-2,42,4,0,0,2,0,2,,0.0,,0.5
rg3,logistic,Mold_Temperature_4,"[-2,-1)",42,144,2,2,100,0,42,1.0,0.0196078431372549,0.0,0.704225352112676
rg3,logistic,Mold_Temperature_4,"[-1,0)",42,442,13,5,273,8,156,0.38461538461538464,0.017985611510791366,0.6153846153846154,0.6363636363636364
rg3,logistic,Mold_Temperature_4,"[0,1)",42,272,4,3,181,1,87,0.75,0.016304347826086956,0.25,0.6753731343283582
rg3,logistic,Mold_Temperature_4,"[1,2)",42,320,6,1,185,5,129,0.16666666666666666,0.005376344086021506,0.8333333333333334,0.589171974522293
rg3,logistic,Mold_Temperature_4,>=2,42,0,0,0,0,0,0,,,,
rg3,xgboost_balanced,Injection_Time,<-2,42,6,0,0,0,0,6,,,,0.0
rg3,xgboost_balanced,Injection_Time,"[-2,-1)",42,0,0,0,0,0,0,,,,
rg3,xgboost_balanced,Injection_Time,"[-1,0)",42,1166,25,2,60,23,1081,0.08,0.03225806451612903,0.92,0.05258545135845749
rg3,xgboost_balanced,Injection_Time,"[0,1)",42,0,0,0,0,0,0,,,,
rg3,xgboost_balanced,Injection_Time,"[1,2)",42,0,0,0,0,0,0,,,,
rg3,xgboost_balanced,Injection_Time,>=2,42,10,0,0,0,0,10,,,,0.0
rg3,xgboost_balanced,Filling_Time,<-2,42,0,0,0,0,0,0,,,,
rg3,xgboost_balanced,Filling_Time,"[-2,-1)",42,488,10,1,33,9,445,0.1,0.029411764705882353,0.9,0.06903765690376569
rg3,xgboost_balanced,Filling_Time,"[-1,0)",42,0,0,0,0,0,0,,,,
rg3,xgboost_balanced,Filling_Time,"[0,1)",42,694,15,1,27,14,652,0.06666666666666667,0.03571428571428571,0.9333333333333333,0.039764359351988215
rg3,xgboost_balanced,Filling_Time,"[1,2)",42,0,0,0,0,0,0,,,,
rg3,xgboost_balanced,Filling_Time,>=2,42,0,0,0,0,0,0,,,,
rg3,xgboost_balanced,Plasticizing_Time,<-2,42,14,0,0,0,0,14,,,,0.0
rg3,xgboost_balanced,Plasticizing_Time,"[-2,-1)",42,142,1,0,0,1,141,0.0,,1.0,0.0
rg3,xgboost_balanced,Plasticizing_Time,"[-1,0)",42,532,11,0,22,11,499,0.0,0.0,1.0,0.04222648752399232
rg3,xgboost_balanced,Plasticizing_Time,"[0,1)",42,308,10,2,20,8,278,0.2,0.09090909090909091,0.8,0.06711409395973154
rg3,xgboost_balanced,Plasticizing_Time,"[1,2)",42,138,3,0,10,3,125,0.0,0.0,1.0,0.07407407407407407
rg3,xgboost_balanced,Plasticizing_Time,>=2,42,48,0,0,8,0,40,,0.0,,0.16666666666666666
rg3,xgboost_balanced,Cycle_Time,<-2,42,0,0,0,0,0,0,,,,
rg3,xgboost_balanced,Cycle_Time,"[-2,-1)",42,60,1,0,0,1,59,0.0,,1.0,0.0
rg3,xgboost_balanced,Cycle_Time,"[-1,0)",42,368,6,0,16,6,346,0.0,0.0,1.0,0.04419889502762431
rg3,xgboost_balanced,Cycle_Time,"[0,1)",42,746,18,2,44,16,684,0.1111111111111111,0.043478260869565216,0.8888888888888888,0.06043956043956044
rg3,xgboost_balanced,Cycle_Time,"[1,2)",42,0,0,0,0,0,0,,,,
rg3,xgboost_balanced,Cycle_Time,>=2,42,8,0,0,0,0,8,,,,0.0
rg3,xgboost_balanced,Clamp_Close_Time,<-2,42,0,0,0,0,0,0,,,,
rg3,xgboost_balanced,Clamp_Close_Time,"[-2,-1)",42,176,2,0,4,2,170,0.0,0.0,1.0,0.022988505747126436
rg3,xgboost_balanced,Clamp_Close_Time,"[-1,0)",42,508,11,1,33,10,464,0.09090909090909091,0.029411764705882353,0.9090909090909091,0.06639839034205232
rg3,xgboost_balanced,Clamp_Close_Time,"[0,1)",42,0,0,0,0,0,0,,,,
rg3,xgboost_balanced,Clamp_Close_Time,"[1,2)",42,498,12,1,23,11,463,0.08333333333333333,0.041666666666666664,0.9166666666666666,0.047325102880658436
rg3,xgboost_balanced,Clamp_Close_Time,>=2,42,0,0,0,0,0,0,,,,
rg3,xgboost_balanced,Cushion_Position,<-2,42,0,0,0,0,0,0,,,,
rg3,xgboost_balanced,Cushion_Position,"[-2,-1)",42,314,7,0,10,7,297,0.0,0.0,1.0,0.03257328990228013
rg3,xgboost_balanced,Cushion_Position,"[-1,0)",42,306,5,1,11,4,290,0.2,0.08333333333333333,0.8,0.036544850498338874
rg3,xgboost_balanced,Cushion_Position,"[0,1)",42,334,9,1,25,8,300,0.1111111111111111,0.038461538461538464,0.8888888888888888,0.07692307692307693
rg3,xgboost_balanced,Cushion_Position,"[1,2)",42,172,4,0,12,4,156,0.0,0.0,1.0,0.07142857142857142
rg3,xgboost_balanced,Cushion_Position,>=2,42,56,0,0,2,0,54,,0.0,,0.03571428571428571
rg3,xgboost_balanced,Plasticizing_Position,<-2,42,2,0,0,0,0,2,,,,0.0
rg3,xgboost_balanced,Plasticizing_Position,"[-2,-1)",42,116,2,0,10,2,104,0.0,0.0,1.0,0.08771929824561403
rg3,xgboost_balanced,Plasticizing_Position,"[-1,0)",42,518,12,1,29,11,477,0.08333333333333333,0.03333333333333333,0.9166666666666666,0.05731225296442688
rg3,xgboost_balanced,Plasticizing_Position,"[0,1)",42,358,9,1,19,8,330,0.1111111111111111,0.05,0.8888888888888888,0.054441260744985676
rg3,xgboost_balanced,Plasticizing_Position,"[1,2)",42,158,2,0,2,2,154,0.0,0.0,1.0,0.01282051282051282
rg3,xgboost_balanced,Plasticizing_Position,>=2,42,30,0,0,0,0,30,,,,0.0
rg3,xgboost_balanced,Max_Injection_Speed,<-2,42,4,0,0,2,0,2,,0.0,,0.5
rg3,xgboost_balanced,Max_Injection_Speed,"[-2,-1)",42,114,4,0,0,4,110,0.0,,1.0,0.0
rg3,xgboost_balanced,Max_Injection_Speed,"[-1,0)",42,554,7,1,23,6,524,0.14285714285714285,0.041666666666666664,0.8571428571428571,0.04204753199268738
rg3,xgboost_balanced,Max_Injection_Speed,"[0,1)",42,320,11,1,25,10,284,0.09090909090909091,0.038461538461538464,0.9090909090909091,0.08090614886731391
rg3,xgboost_balanced,Max_Injection_Speed,"[1,2)",42,158,3,0,8,3,147,0.0,0.0,1.0,0.05161290322580645
rg3,xgboost_balanced,Max_Injection_Speed,>=2,42,32,0,0,2,0,30,,0.0,,0.0625
rg3,xgboost_balanced,Max_Screw_RPM,<-2,42,90,1,0,2,1,87,0.0,0.0,1.0,0.02247191011235955
rg3,xgboost_balanced,Max_Screw_RPM,"[-2,-1)",42,0,0,0,0,0,0,,,,
rg3,xgboost_balanced,Max_Screw_RPM,"[-1,0)",42,506,10,0,30,10,466,0.0,0.0,1.0,0.06048387096774194
rg3,xgboost_balanced,Max_Screw_RPM,"[0,1)",42,496,12,2,20,10,464,0.16666666666666666,0.09090909090909091,0.8333333333333334,0.04132231404958678
rg3,xgboost_balanced,Max_Screw_RPM,"[1,2)",42,0,0,0,0,0,0,,,,
rg3,xgboost_balanced,Max_Screw_RPM,>=2,42,90,2,0,8,2,80,0.0,0.0,1.0,0.09090909090909091
rg3,xgboost_balanced,Average_Screw_RPM,<-2,42,0,0,0,0,0,0,,,,
rg3,xgboost_balanced,Average_Screw_RPM,"[-2,-1)",42,100,1,0,0,1,99,0.0,,1.0,0.0
rg3,xgboost_balanced,Average_Screw_RPM,"[-1,0)",42,690,15,1,31,14,644,0.06666666666666667,0.03125,0.9333333333333333,0.045925925925925926
rg3,xgboost_balanced,Average_Screw_RPM,"[0,1)",42,0,0,0,0,0,0,,,,
rg3,xgboost_balanced,Average_Screw_RPM,"[1,2)",42,360,8,1,29,7,323,0.125,0.03333333333333333,0.875,0.08238636363636363
rg3,xgboost_balanced,Average_Screw_RPM,>=2,42,32,1,0,0,1,31,0.0,,1.0,0.0
rg3,xgboost_balanced,Max_Injection_Pressure,<-2,42,42,0,0,0,0,42,,,,0.0
rg3,xgboost_balanced,Max_Injection_Pressure,"[-2,-1)",42,134,5,0,12,5,117,0.0,0.0,1.0,0.09302325581395349
rg3,xgboost_balanced,Max_Injection_Pressure,"[-1,0)",42,472,8,1,29,7,435,0.125,0.03333333333333333,0.875,0.0625
rg3,xgboost_balanced,Max_Injection_Pressure,"[0,1)",42,298,6,1,15,5,277,0.16666666666666666,0.0625,0.8333333333333334,0.05136986301369863
rg3,xgboost_balanced,Max_Injection_Pressure,"[1,2)",42,234,6,0,4,6,224,0.0,0.0,1.0,0.017543859649122806
rg3,xgboost_balanced,Max_Injection_Pressure,>=2,42,2,0,0,0,0,2,,,,0.0
rg3,xgboost_balanced,Max_Switch_Over_Pressure,<-2,42,4,0,0,0,0,4,,,,0.0
rg3,xgboost_balanced,Max_Switch_Over_Pressure,"[-2,-1)",42,38,0,0,0,0,38,,,,0.0
rg3,xgboost_balanced,Max_Switch_Over_Pressure,"[-1,0)",42,478,10,1,41,9,427,0.1,0.023809523809523808,0.9,0.0876068376068376
rg3,xgboost_balanced,Max_Switch_Over_Pressure,"[0,1)",42,604,13,1,17,12,574,0.07692307692307693,0.05555555555555555,0.9230769230769231,0.028764805414551606
rg3,xgboost_balanced,Max_Switch_Over_Pressure,"[1,2)",42,58,2,0,2,2,54,0.0,0.0,1.0,0.03571428571428571
rg3,xgboost_balanced,Max_Switch_Over_Pressure,>=2,42,0,0,0,0,0,0,,,,
rg3,xgboost_balanced,Max_Back_Pressure,<-2,42,14,0,0,0,0,14,,,,0.0
rg3,xgboost_balanced,Max_Back_Pressure,"[-2,-1)",42,228,4,0,12,4,212,0.0,0.0,1.0,0.05357142857142857
rg3,xgboost_balanced,Max_Back_Pressure,"[-1,0)",42,372,10,2,32,8,330,0.2,0.058823529411764705,0.8,0.08839779005524862
rg3,xgboost_balanced,Max_Back_Pressure,"[0,1)",42,352,6,0,12,6,334,0.0,0.0,1.0,0.03468208092485549
rg3,xgboost_balanced,Max_Back_Pressure,"[1,2)",42,206,3,0,4,3,199,0.0,0.0,1.0,0.019704433497536946
rg3,xgboost_balanced,Max_Back_Pressure,>=2,42,10,2,0,0,2,8,0.0,,1.0,0.0
rg3,xgboost_balanced,Average_Back_Pressure,<-2,42,26,0,0,0,0,26,,,,0.0
rg3,xgboost_balanced,Average_Back_Pressure,"[-2,-1)",42,198,3,0,14,3,181,0.0,0.0,1.0,0.07179487179487179
rg3,xgboost_balanced,Average_Back_Pressure,"[-1,0)",42,358,10,2,30,8,318,0.2,0.0625,0.8,0.08620689655172414
rg3,xgboost_balanced,Average_Back_Pressure,"[0,1)",42,358,5,0,14,5,339,0.0,0.0,1.0,0.039660056657223795
rg3,xgboost_balanced,Average_Back_Pressure,"[1,2)",42,234,7,0,2,7,225,0.0,0.0,1.0,0.00881057268722467
rg3,xgboost_balanced,Average_Back_Pressure,>=2,42,8,0,0,0,0,8,,,,0.0
rg3,xgboost_balanced,Barrel_Temperature_1,<-2,42,40,2,0,0,2,38,0.0,,1.0,0.0
rg3,xgboost_balanced,Barrel_Temperature_1,"[-2,-1)",42,166,4,1,9,3,153,0.25,0.1,0.75,0.05555555555555555
rg3,xgboost_balanced,Barrel_Temperature_1,"[-1,0)",42,334,5,0,18,5,311,0.0,0.0,1.0,0.0547112462006079
rg3,xgboost_balanced,Barrel_Temperature_1,"[0,1)",42,436,11,1,29,10,396,0.09090909090909091,0.03333333333333333,0.9090909090909091,0.06823529411764706
rg3,xgboost_balanced,Barrel_Temperature_1,"[1,2)",42,192,3,0,4,3,185,0.0,0.0,1.0,0.021164021164021163
rg3,xgboost_balanced,Barrel_Temperature_1,>=2,42,14,0,0,0,0,14,,,,0.0
rg3,xgboost_balanced,Barrel_Temperature_2,<-2,42,2,0,0,0,0,2,,,,0.0
rg3,xgboost_balanced,Barrel_Temperature_2,"[-2,-1)",42,170,5,0,10,5,155,0.0,0.0,1.0,0.06060606060606061
rg3,xgboost_balanced,Barrel_Temperature_2,"[-1,0)",42,474,8,1,23,7,443,0.125,0.041666666666666664,0.875,0.04935622317596566
rg3,xgboost_balanced,Barrel_Temperature_2,"[0,1)",42,358,10,1,21,9,327,0.1,0.045454545454545456,0.9,0.0603448275862069
rg3,xgboost_balanced,Barrel_Temperature_2,"[1,2)",42,150,2,0,4,2,144,0.0,0.0,1.0,0.02702702702702703
rg3,xgboost_balanced,Barrel_Temperature_2,>=2,42,28,0,0,2,0,26,,0.0,,0.07142857142857142
rg3,xgboost_balanced,Barrel_Temperature_3,<-2,42,22,1,0,2,1,19,0.0,0.0,1.0,0.09523809523809523
rg3,xgboost_balanced,Barrel_Temperature_3,"[-2,-1)",42,156,0,0,4,0,152,,0.0,,0.02564102564102564
rg3,xgboost_balanced,Barrel_Temperature_3,"[-1,0)",42,546,17,1,41,16,488,0.058823529411764705,0.023809523809523808,0.9411764705882353,0.07750472589792061
rg3,xgboost_balanced,Barrel_Temperature_3,"[0,1)",42,276,6,1,13,5,257,0.16666666666666666,0.07142857142857142,0.8333333333333334,0.04814814814814815
rg3,xgboost_balanced,Barrel_Temperature_3,"[1,2)",42,154,1,0,0,1,153,0.0,,1.0,0.0
rg3,xgboost_balanced,Barrel_Temperature_3,>=2,42,28,0,0,0,0,28,,,,0.0
rg3,xgboost_balanced,Barrel_Temperature_4,<-2,42,2,0,0,0,0,2,,,,0.0
rg3,xgboost_balanced,Barrel_Temperature_4,"[-2,-1)",42,212,3,0,10,3,199,0.0,0.0,1.0,0.04784688995215311
rg3,xgboost_balanced,Barrel_Temperature_4,"[-1,0)",42,358,9,2,32,7,317,0.2222222222222222,0.058823529411764705,0.7777777777777778,0.09169054441260745
rg3,xgboost_balanced,Barrel_Temperature_4,"[0,1)",42,388,8,0,10,8,370,0.0,0.0,1.0,0.02631578947368421
rg3,xgboost_balanced,Barrel_Temperature_4,"[1,2)",42,218,5,0,6,5,207,0.0,0.0,1.0,0.028169014084507043
rg3,xgboost_balanced,Barrel_Temperature_4,>=2,42,4,0,0,2,0,2,,0.0,,0.5
rg3,xgboost_balanced,Barrel_Temperature_5,<-2,42,22,0,0,2,0,20,,0.0,,0.09090909090909091
rg3,xgboost_balanced,Barrel_Temperature_5,"[-2,-1)",42,72,0,0,0,0,72,,,,0.0
rg3,xgboost_balanced,Barrel_Temperature_5,"[-1,0)",42,640,11,0,16,11,613,0.0,0.0,1.0,0.025437201907790145
rg3,xgboost_balanced,Barrel_Temperature_5,"[0,1)",42,282,7,2,26,5,249,0.2857142857142857,0.07142857142857142,0.7142857142857143,0.09454545454545454
rg3,xgboost_balanced,Barrel_Temperature_5,"[1,2)",42,120,5,0,8,5,107,0.0,0.0,1.0,0.06956521739130435
rg3,xgboost_balanced,Barrel_Temperature_5,>=2,42,46,2,0,8,2,36,0.0,0.0,1.0,0.18181818181818182
rg3,xgboost_balanced,Barrel_Temperature_6,<-2,42,24,1,0,0,1,23,0.0,,1.0,0.0
rg3,xgboost_balanced,Barrel_Temperature_6,"[-2,-1)",42,144,1,0,0,1,143,0.0,,1.0,0.0
rg3,xgboost_balanced,Barrel_Temperature_6,"[-1,0)",42,338,7,1,19,6,312,0.14285714285714285,0.05,0.8571428571428571,0.05740181268882175
rg3,xgboost_balanced,Barrel_Temperature_6,"[0,1)",42,442,13,1,33,12,396,0.07692307692307693,0.029411764705882353,0.9230769230769231,0.07692307692307693
rg3,xgboost_balanced,Barrel_Temperature_6,"[1,2)",42,208,3,0,8,3,197,0.0,0.0,1.0,0.03902439024390244
rg3,xgboost_balanced,Barrel_Temperature_6,>=2,42,26,0,0,0,0,26,,,,0.0
rg3,xgboost_balanced,Hopper_Temperature,<-2,42,38,1,0,4,1,33,0.0,0.0,1.0,0.10810810810810811
rg3,xgboost_balanced,Hopper_Temperature,"[-2,-1)",42,154,4,0,2,4,148,0.0,0.0,1.0,0.013333333333333334
rg3,xgboost_balanced,Hopper_Temperature,"[-1,0)",42,366,7,2,18,5,341,0.2857142857142857,0.1,0.7142857142857143,0.05013927576601671
rg3,xgboost_balanced,Hopper_Temperature,"[0,1)",42,500,11,0,28,11,461,0.0,0.0,1.0,0.05725971370143149
rg3,xgboost_balanced,Hopper_Temperature,"[1,2)",42,118,2,0,6,2,110,0.0,0.0,1.0,0.05172413793103448
rg3,xgboost_balanced,Hopper_Temperature,>=2,42,6,0,0,2,0,4,,0.0,,0.3333333333333333
rg3,xgboost_balanced,Mold_Temperature_3,<-2,42,0,0,0,0,0,0,,,,
rg3,xgboost_balanced,Mold_Temperature_3,"[-2,-1)",42,200,4,0,4,4,192,0.0,0.0,1.0,0.02040816326530612
rg3,xgboost_balanced,Mold_Temperature_3,"[-1,0)",42,296,9,0,38,9,249,0.0,0.0,1.0,0.13240418118466898
rg3,xgboost_balanced,Mold_Temperature_3,"[0,1)",42,390,6,1,13,5,371,0.16666666666666666,0.07142857142857142,0.8333333333333334,0.033854166666666664
rg3,xgboost_balanced,Mold_Temperature_3,"[1,2)",42,296,6,1,5,5,285,0.16666666666666666,0.16666666666666666,0.8333333333333334,0.017241379310344827
rg3,xgboost_balanced,Mold_Temperature_3,>=2,42,0,0,0,0,0,0,,,,
rg3,xgboost_balanced,Mold_Temperature_4,<-2,42,4,0,0,0,0,4,,,,0.0
rg3,xgboost_balanced,Mold_Temperature_4,"[-2,-1)",42,144,2,0,2,2,140,0.0,0.0,1.0,0.014084507042253521
rg3,xgboost_balanced,Mold_Temperature_4,"[-1,0)",42,442,13,1,45,12,384,0.07692307692307693,0.021739130434782608,0.9230769230769231,0.1048951048951049
rg3,xgboost_balanced,Mold_Temperature_4,"[0,1)",42,272,4,0,8,4,260,0.0,0.0,1.0,0.029850746268656716
rg3,xgboost_balanced,Mold_Temperature_4,"[1,2)",42,320,6,1,5,5,309,0.16666666666666666,0.16666666666666666,0.8333333333333334,0.01592356687898089
rg3,xgboost_balanced,Mold_Temperature_4,>=2,42,0,0,0,0,0,0,,,,
