scenario,seed,fold,model,variant,inner_ap,threshold,policy,ap,roc_auc,brier,log_loss,f1,precision,recall,mcc,tn,fp,fn,tp,fnr,fpr,rows,positives,unique_scores,recall_at_1pct,precision_at_1pct,lift_at_1pct,recall_at_3pct,precision_at_3pct,lift_at_3pct,recall_at_5pct,precision_at_5pct,lift_at_5pct,recall_at_10pct,precision_at_10pct,lift_at_10pct,recall_at_20pct,precision_at_20pct,lift_at_20pct,ap_base,f1_base,precision_base,recall_base,recall_at_10pct_base,ap_delta,f1_delta,precision_delta,recall_delta,recall_at_10pct_delta
cn7,42,0,xgboost_balanced,base,0.18287115753263777,0.5426228642463684,fixed_0.5,0.6478571428571429,0.9716791979949875,0.014203854443913562,0.05195897990019482,0.5333333333333333,0.4,0.8,0.5585630421316993,393,6,1,4,0.2,0.015037593984962405,404,5,201,0.6,0.6,48.48,0.8,0.3076923076923077,24.861538461538462,0.8,0.19047619047619047,15.390476190476189,0.8,0.0975609756097561,7.882926829268293,1.0,0.06172839506172839,4.987654320987653,0.6478571428571429,0.5333333333333333,0.4,0.8,0.8,0.0,0.0,0.0,0.0,0.0
cn7,42,0,xgboost_balanced,temperature_differences,0.1436255514996845,0.5166755318641663,fixed_0.5,0.48589743589743595,0.9716791979949875,0.014031427906586841,0.05275375595416054,0.4,0.3,0.6,0.4144637643403797,392,7,2,3,0.4,0.017543859649122806,404,5,202,0.6,0.6,48.48,0.8,0.3076923076923077,24.861538461538462,0.8,0.19047619047619047,15.390476190476189,0.8,0.0975609756097561,7.882926829268293,1.0,0.06172839506172839,4.987654320987653,0.6478571428571429,0.5333333333333333,0.4,0.8,0.8,-0.16195970695970696,-0.1333333333333333,-0.10000000000000003,-0.20000000000000007,0.0
cn7,42,0,xgboost_balanced,pressure_difference,0.14414222066883603,0.20266765356063843,fixed_0.5,0.6685185185185185,0.9736842105263158,0.012753568857598886,0.04928896773060258,0.47058823529411764,0.3333333333333333,0.8,0.5079307270825115,391,8,1,4,0.2,0.020050125313283207,404,5,202,0.6,0.6,48.48,0.8,0.3076923076923077,24.861538461538462,0.8,0.19047619047619047,15.390476190476189,0.8,0.0975609756097561,7.882926829268293,1.0,0.06172839506172839,4.987654320987653,0.6478571428571429,0.5333333333333333,0.4,0.8,0.8,0.020661375661375603,-0.06274509803921569,-0.06666666666666671,0.0,0.0
cn7,42,0,xgboost_balanced,shallower_tree,0.17866159309573634,0.28829243779182434,fixed_0.5,0.6384057971014493,0.9756892230576442,0.021002529969242706,0.06965900200412445,0.34782608695652173,0.2222222222222222,0.8,0.4098766507008004,385,14,1,4,0.2,0.03508771929824561,404,5,202,0.6,0.6,48.48,0.8,0.3076923076923077,24.861538461538462,0.8,0.19047619047619047,15.390476190476189,0.8,0.0975609756097561,7.882926829268293,1.0,0.06172839506172839,4.987654320987653,0.6478571428571429,0.5333333333333333,0.4,0.8,0.8,-0.009451345755693619,-0.1855072463768116,-0.1777777777777778,0.0,0.0
cn7,42,0,xgboost_balanced,inner_selected,0.18287115753263777,0.5426228642463684,fixed_0.5,0.6478571428571429,0.9716791979949875,0.014203854443913562,0.05195897990019482,0.5333333333333333,0.4,0.8,0.5585630421316993,393,6,1,4,0.2,0.015037593984962405,404,5,201,0.6,0.6,48.48,0.8,0.3076923076923077,24.861538461538462,0.8,0.19047619047619047,15.390476190476189,0.8,0.0975609756097561,7.882926829268293,1.0,0.06172839506172839,4.987654320987653,0.6478571428571429,0.5333333333333333,0.4,0.8,0.8,0.0,0.0,0.0,0.0,0.0
cn7,42,0,xgboost_balanced,base,0.18287115753263777,0.5426228642463684,inner_f1,0.6478571428571429,0.9716791979949875,0.014203854443913562,0.05195897990019482,0.5333333333333333,0.4,0.8,0.5585630421316993,393,6,1,4,0.2,0.015037593984962405,404,5,201,0.6,0.6,48.48,0.8,0.3076923076923077,24.861538461538462,0.8,0.19047619047619047,15.390476190476189,0.8,0.0975609756097561,7.882926829268293,1.0,0.06172839506172839,4.987654320987653,0.6478571428571429,0.5333333333333333,0.4,0.8,0.8,0.0,0.0,0.0,0.0,0.0
cn7,42,0,xgboost_balanced,temperature_differences,0.1436255514996845,0.5166755318641663,inner_f1,0.48589743589743595,0.9716791979949875,0.014031427906586841,0.05275375595416054,0.46153846153846156,0.375,0.6,0.46619066741663756,394,5,2,3,0.4,0.012531328320802004,404,5,202,0.6,0.6,48.48,0.8,0.3076923076923077,24.861538461538462,0.8,0.19047619047619047,15.390476190476189,0.8,0.0975609756097561,7.882926829268293,1.0,0.06172839506172839,4.987654320987653,0.6478571428571429,0.5333333333333333,0.4,0.8,0.8,-0.16195970695970696,-0.07179487179487176,-0.025000000000000022,-0.20000000000000007,0.0
cn7,42,0,xgboost_balanced,pressure_difference,0.14414222066883603,0.20266765356063843,inner_f1,0.6685185185185185,0.9736842105263158,0.012753568857598886,0.04928896773060258,0.32,0.2,0.8,0.3872996827746701,383,16,1,4,0.2,0.040100250626566414,404,5,202,0.6,0.6,48.48,0.8,0.3076923076923077,24.861538461538462,0.8,0.19047619047619047,15.390476190476189,0.8,0.0975609756097561,7.882926829268293,1.0,0.06172839506172839,4.987654320987653,0.6478571428571429,0.5333333333333333,0.4,0.8,0.8,0.020661375661375603,-0.21333333333333332,-0.2,0.0,0.0
cn7,42,0,xgboost_balanced,shallower_tree,0.17866159309573634,0.28829243779182434,inner_f1,0.6384057971014493,0.9756892230576442,0.021002529969242706,0.06965900200412445,0.27586206896551724,0.16666666666666666,0.8,0.350721770088585,379,20,1,4,0.2,0.05012531328320802,404,5,202,0.6,0.6,48.48,0.8,0.3076923076923077,24.861538461538462,0.8,0.19047619047619047,15.390476190476189,0.8,0.0975609756097561,7.882926829268293,1.0,0.06172839506172839,4.987654320987653,0.6478571428571429,0.5333333333333333,0.4,0.8,0.8,-0.009451345755693619,-0.2574712643678161,-0.23333333333333336,0.0,0.0
cn7,42,0,xgboost_balanced,inner_selected,0.18287115753263777,0.5426228642463684,inner_f1,0.6478571428571429,0.9716791979949875,0.014203854443913562,0.05195897990019482,0.5333333333333333,0.4,0.8,0.5585630421316993,393,6,1,4,0.2,0.015037593984962405,404,5,201,0.6,0.6,48.48,0.8,0.3076923076923077,24.861538461538462,0.8,0.19047619047619047,15.390476190476189,0.8,0.0975609756097561,7.882926829268293,1.0,0.06172839506172839,4.987654320987653,0.6478571428571429,0.5333333333333333,0.4,0.8,0.8,0.0,0.0,0.0,0.0,0.0
cn7,42,0,catboost_balanced,base,0.24834333615770104,0.6820946441830653,fixed_0.5,0.6291666666666667,0.9897243107769423,0.017537183899283965,0.05728363995431336,0.42105263157894735,0.2857142857142857,0.8,0.4684267826478821,389,10,1,4,0.2,0.02506265664160401,404,5,202,0.4,0.4,32.32,0.8,0.3076923076923077,24.861538461538462,1.0,0.23809523809523808,19.238095238095237,1.0,0.12195121951219512,9.853658536585366,1.0,0.06172839506172839,4.987654320987653,0.6291666666666667,0.42105263157894735,0.2857142857142857,0.8,1.0,0.0,0.0,0.0,0.0,0.0
cn7,42,0,catboost_balanced,temperature_differences,0.11138653721424135,0.4364138565263317,fixed_0.5,0.6925,0.9917293233082706,0.014715981274340319,0.05259822758538883,0.47619047619047616,0.3125,1.0,0.5512573915871319,388,11,0,5,0.0,0.02756892230576441,404,5,202,0.6,0.6,48.48,0.8,0.3076923076923077,24.861538461538462,1.0,0.23809523809523808,19.238095238095237,1.0,0.12195121951219512,9.853658536585366,1.0,0.06172839506172839,4.987654320987653,0.6291666666666667,0.42105263157894735,0.2857142857142857,0.8,1.0,0.06333333333333335,0.05513784461152882,0.0267857142857143,0.19999999999999996,0.0
cn7,42,0,catboost_balanced,pressure_difference,0.20603240449377686,0.4699496498384027,fixed_0.5,0.6126984126984127,0.9877192982456142,0.01876844100786756,0.06336636927330201,0.35294117647058826,0.25,0.6,0.3760515408734275,390,9,2,3,0.4,0.022556390977443608,404,5,202,0.4,0.4,32.32,0.6,0.23076923076923078,18.646153846153847,1.0,0.23809523809523808,19.238095238095237,1.0,0.12195121951219512,9.853658536585366,1.0,0.06172839506172839,4.987654320987653,0.6291666666666667,0.42105263157894735,0.2857142857142857,0.8,1.0,-0.01646825396825391,-0.06811145510835909,-0.0357142857142857,-0.20000000000000007,0.0
cn7,42,0,catboost_balanced,shallower_tree,0.19920080637753051,0.7563819838486604,fixed_0.5,0.6105555555555556,0.9887218045112782,0.027819859064782758,0.08586098132871774,0.37037037037037035,0.22727272727272727,1.0,0.4664648198050351,382,17,0,5,0.0,0.042606516290726815,404,5,202,0.4,0.4,32.32,0.8,0.3076923076923077,24.861538461538462,1.0,0.23809523809523808,19.238095238095237,1.0,0.12195121951219512,9.853658536585366,1.0,0.06172839506172839,4.987654320987653,0.6291666666666667,0.42105263157894735,0.2857142857142857,0.8,1.0,-0.018611111111111023,-0.050682261208576995,-0.05844155844155843,0.19999999999999996,0.0
cn7,42,0,catboost_balanced,inner_selected,0.24834333615770104,0.6820946441830653,fixed_0.5,0.6291666666666667,0.9897243107769423,0.017537183899283965,0.05728363995431336,0.42105263157894735,0.2857142857142857,0.8,0.4684267826478821,389,10,1,4,0.2,0.02506265664160401,404,5,202,0.4,0.4,32.32,0.8,0.3076923076923077,24.861538461538462,1.0,0.23809523809523808,19.238095238095237,1.0,0.12195121951219512,9.853658536585366,1.0,0.06172839506172839,4.987654320987653,0.6291666666666667,0.42105263157894735,0.2857142857142857,0.8,1.0,0.0,0.0,0.0,0.0,0.0
cn7,42,0,catboost_balanced,base,0.24834333615770104,0.6820946441830653,inner_f1,0.6291666666666667,0.9897243107769423,0.017537183899283965,0.05728363995431336,0.46153846153846156,0.375,0.6,0.46619066741663756,394,5,2,3,0.4,0.012531328320802004,404,5,202,0.4,0.4,32.32,0.8,0.3076923076923077,24.861538461538462,1.0,0.23809523809523808,19.238095238095237,1.0,0.12195121951219512,9.853658536585366,1.0,0.06172839506172839,4.987654320987653,0.6291666666666667,0.46153846153846156,0.375,0.6,1.0,0.0,0.0,0.0,0.0,0.0
cn7,42,0,catboost_balanced,temperature_differences,0.11138653721424135,0.4364138565263317,inner_f1,0.6925,0.9917293233082706,0.014715981274340319,0.05259822758538883,0.43478260869565216,0.2777777777777778,1.0,0.5183892109125458,386,13,0,5,0.0,0.03258145363408521,404,5,202,0.6,0.6,48.48,0.8,0.3076923076923077,24.861538461538462,1.0,0.23809523809523808,19.238095238095237,1.0,0.12195121951219512,9.853658536585366,1.0,0.06172839506172839,4.987654320987653,0.6291666666666667,0.46153846153846156,0.375,0.6,1.0,0.06333333333333335,-0.026755852842809402,-0.09722222222222221,0.4,0.0
cn7,42,0,catboost_balanced,pressure_difference,0.20603240449377686,0.4699496498384027,inner_f1,0.6126984126984127,0.9877192982456142,0.01876844100786756,0.06336636927330201,0.43478260869565216,0.2777777777777778,1.0,0.5183892109125458,386,13,0,5,0.0,0.03258145363408521,404,5,202,0.4,0.4,32.32,0.6,0.23076923076923078,18.646153846153847,1.0,0.23809523809523808,19.238095238095237,1.0,0.12195121951219512,9.853658536585366,1.0,0.06172839506172839,4.987654320987653,0.6291666666666667,0.46153846153846156,0.375,0.6,1.0,-0.01646825396825391,-0.026755852842809402,-0.09722222222222221,0.4,0.0
cn7,42,0,catboost_balanced,shallower_tree,0.19920080637753051,0.7563819838486604,inner_f1,0.6105555555555556,0.9887218045112782,0.027819859064782758,0.08586098132871774,0.46153846153846156,0.375,0.6,0.46619066741663756,394,5,2,3,0.4,0.012531328320802004,404,5,202,0.4,0.4,32.32,0.8,0.3076923076923077,24.861538461538462,1.0,0.23809523809523808,19.238095238095237,1.0,0.12195121951219512,9.853658536585366,1.0,0.06172839506172839,4.987654320987653,0.6291666666666667,0.46153846153846156,0.375,0.6,1.0,-0.018611111111111023,0.0,0.0,0.0,0.0
cn7,42,0,catboost_balanced,inner_selected,0.24834333615770104,0.6820946441830653,inner_f1,0.6291666666666667,0.9897243107769423,0.017537183899283965,0.05728363995431336,0.46153846153846156,0.375,0.6,0.46619066741663756,394,5,2,3,0.4,0.012531328320802004,404,5,202,0.4,0.4,32.32,0.8,0.3076923076923077,24.861538461538462,1.0,0.23809523809523808,19.238095238095237,1.0,0.12195121951219512,9.853658536585366,1.0,0.06172839506172839,4.987654320987653,0.6291666666666667,0.46153846153846156,0.375,0.6,1.0,0.0,0.0,0.0,0.0,0.0
cn7,42,1,xgboost_balanced,base,0.30854286168998996,0.9303063750267029,fixed_0.5,0.2446031746031746,0.9638359121986325,0.01950792139355558,0.06477391656694909,0.26666666666666666,0.25,0.2857142857142857,0.2534433968708487,391,6,5,2,0.7142857142857143,0.015113350125944584,404,7,202,0.14285714285714285,0.2,11.542857142857143,0.42857142857142855,0.23076923076923078,13.318681318681318,0.8571428571428571,0.2857142857142857,16.489795918367346,0.8571428571428571,0.14634146341463414,8.445993031358883,1.0,0.08641975308641975,4.987654320987653,0.2446031746031746,0.26666666666666666,0.25,0.2857142857142857,0.8571428571428571,0.0,0.0,0.0,0.0,0.0
cn7,42,1,xgboost_balanced,temperature_differences,0.10962273695508541,0.2705652117729187,fixed_0.5,0.1816843870415299,0.9537603454480028,0.017939727385200437,0.061252884664508116,0.0,0.0,0.0,-0.013278645192037484,393,4,7,0,1.0,0.010075566750629723,404,7,202,0.0,0.0,0.0,0.14285714285714285,0.07692307692307693,4.43956043956044,0.42857142857142855,0.14285714285714285,8.244897959183673,0.8571428571428571,0.14634146341463414,8.445993031358883,1.0,0.08641975308641975,4.987654320987653,0.2446031746031746,0.26666666666666666,0.25,0.2857142857142857,0.8571428571428571,-0.0629187875616447,-0.26666666666666666,-0.25,-0.2857142857142857,0.0
cn7,42,1,xgboost_balanced,pressure_difference,0.29163588371315136,0.9247388243675232,fixed_0.5,0.2511904761904762,0.9609571788413098,0.017664391016454464,0.061220483473704956,0.18181818181818182,0.25,0.14285714285714285,0.17831323543593192,394,3,6,1,0.8571428571428571,0.007556675062972292,404,7,202,0.2857142857142857,0.4,23.085714285714285,0.42857142857142855,0.23076923076923078,13.318681318681318,0.7142857142857143,0.23809523809523808,13.741496598639454,0.8571428571428571,0.14634146341463414,8.445993031358883,1.0,0.08641975308641975,4.987654320987653,0.2446031746031746,0.26666666666666666,0.25,0.2857142857142857,0.8571428571428571,0.006587301587301586,-0.08484848484848484,0.0,-0.14285714285714285,0.0
cn7,42,1,xgboost_balanced,shallower_tree,0.30681086509839045,0.9368194937705994,fixed_0.5,0.21583608190751047,0.9544800287873335,0.025058460582514094,0.08102514950442136,0.2608695652173913,0.1875,0.42857142857142855,0.26483327895170977,384,13,4,3,0.5714285714285714,0.0327455919395466,404,7,201,0.2857142857142857,0.4,23.085714285714285,0.2857142857142857,0.15384615384615385,8.87912087912088,0.42857142857142855,0.14285714285714285,8.244897959183673,0.8571428571428571,0.14634146341463414,8.445993031358883,1.0,0.08641975308641975,4.987654320987653,0.2446031746031746,0.26666666666666666,0.25,0.2857142857142857,0.8571428571428571,-0.02876709269566413,-0.005797101449275366,-0.0625,0.14285714285714285,0.0
cn7,42,1,xgboost_balanced,inner_selected,0.30854286168998996,0.9303063750267029,fixed_0.5,0.2446031746031746,0.9638359121986325,0.01950792139355558,0.06477391656694909,0.26666666666666666,0.25,0.2857142857142857,0.2534433968708487,391,6,5,2,0.7142857142857143,0.015113350125944584,404,7,202,0.14285714285714285,0.2,11.542857142857143,0.42857142857142855,0.23076923076923078,13.318681318681318,0.8571428571428571,0.2857142857142857,16.489795918367346,0.8571428571428571,0.14634146341463414,8.445993031358883,1.0,0.08641975308641975,4.987654320987653,0.2446031746031746,0.26666666666666666,0.25,0.2857142857142857,0.8571428571428571,0.0,0.0,0.0,0.0,0.0
cn7,42,1,xgboost_balanced,base,0.30854286168998996,0.9303063750267029,inner_f1,0.2446031746031746,0.9638359121986325,0.01950792139355558,0.06477391656694909,0.0,0.0,0.0,0.0,397,0,7,0,1.0,0.0,404,7,202,0.14285714285714285,0.2,11.542857142857143,0.42857142857142855,0.23076923076923078,13.318681318681318,0.8571428571428571,0.2857142857142857,16.489795918367346,0.8571428571428571,0.14634146341463414,8.445993031358883,1.0,0.08641975308641975,4.987654320987653,0.2446031746031746,0.0,0.0,0.0,0.8571428571428571,0.0,0.0,0.0,0.0,0.0
cn7,42,1,xgboost_balanced,temperature_differences,0.10962273695508541,0.2705652117729187,inner_f1,0.1816843870415299,0.9537603454480028,0.017939727385200437,0.061252884664508116,0.27586206896551724,0.18181818181818182,0.5714285714285714,0.3025241694956081,379,18,3,4,0.42857142857142855,0.04534005037783375,404,7,202,0.0,0.0,0.0,0.14285714285714285,0.07692307692307693,4.43956043956044,0.42857142857142855,0.14285714285714285,8.244897959183673,0.8571428571428571,0.14634146341463414,8.445993031358883,1.0,0.08641975308641975,4.987654320987653,0.2446031746031746,0.0,0.0,0.0,0.8571428571428571,-0.0629187875616447,0.27586206896551724,0.18181818181818182,0.5714285714285714,0.0
cn7,42,1,xgboost_balanced,pressure_difference,0.29163588371315136,0.9247388243675232,inner_f1,0.2511904761904762,0.9609571788413098,0.017664391016454464,0.061220483473704956,0.0,0.0,0.0,0.0,397,0,7,0,1.0,0.0,404,7,202,0.2857142857142857,0.4,23.085714285714285,0.42857142857142855,0.23076923076923078,13.318681318681318,0.7142857142857143,0.23809523809523808,13.741496598639454,0.8571428571428571,0.14634146341463414,8.445993031358883,1.0,0.08641975308641975,4.987654320987653,0.2446031746031746,0.0,0.0,0.0,0.8571428571428571,0.006587301587301586,0.0,0.0,0.0,0.0
cn7,42,1,xgboost_balanced,shallower_tree,0.30681086509839045,0.9368194937705994,inner_f1,0.21583608190751047,0.9544800287873335,0.025058460582514094,0.08102514950442136,0.0,0.0,0.0,0.0,397,0,7,0,1.0,0.0,404,7,201,0.2857142857142857,0.4,23.085714285714285,0.2857142857142857,0.15384615384615385,8.87912087912088,0.42857142857142855,0.14285714285714285,8.244897959183673,0.8571428571428571,0.14634146341463414,8.445993031358883,1.0,0.08641975308641975,4.987654320987653,0.2446031746031746,0.0,0.0,0.0,0.8571428571428571,-0.02876709269566413,0.0,0.0,0.0,0.0
cn7,42,1,xgboost_balanced,inner_selected,0.30854286168998996,0.9303063750267029,inner_f1,0.2446031746031746,0.9638359121986325,0.01950792139355558,0.06477391656694909,0.0,0.0,0.0,0.0,397,0,7,0,1.0,0.0,404,7,202,0.14285714285714285,0.2,11.542857142857143,0.42857142857142855,0.23076923076923078,13.318681318681318,0.8571428571428571,0.2857142857142857,16.489795918367346,0.8571428571428571,0.14634146341463414,8.445993031358883,1.0,0.08641975308641975,4.987654320987653,0.2446031746031746,0.0,0.0,0.0,0.8571428571428571,0.0,0.0,0.0,0.0,0.0
cn7,42,1,catboost_balanced,base,0.52373370406784,0.8467915646257116,fixed_0.5,0.2064023695602643,0.9587981288233177,0.01635257275501078,0.05579402000638177,0.0,0.0,0.0,-0.009366034170745493,395,2,7,0,1.0,0.005037783375314861,404,7,202,0.0,0.0,0.0,0.42857142857142855,0.23076923076923078,13.318681318681318,0.5714285714285714,0.19047619047619047,10.993197278911563,1.0,0.17073170731707318,9.853658536585366,1.0,0.08641975308641975,4.987654320987653,0.2064023695602643,0.0,0.0,0.0,1.0,0.0,0.0,0.0,0.0,0.0
cn7,42,1,catboost_balanced,temperature_differences,0.3212459062884767,0.27936950909575675,fixed_0.5,0.18994666048237474,0.9494422454120187,0.016579957981036526,0.058761861706080366,0.0,0.0,0.0,-0.009366034170745493,395,2,7,0,1.0,0.005037783375314861,404,7,202,0.0,0.0,0.0,0.2857142857142857,0.15384615384615385,8.87912087912088,0.42857142857142855,0.14285714285714285,8.244897959183673,0.8571428571428571,0.14634146341463414,8.445993031358883,1.0,0.08641975308641975,4.987654320987653,0.2064023695602643,0.0,0.0,0.0,1.0,-0.01645570907788957,0.0,0.0,0.0,-0.1428571428571429
cn7,42,1,catboost_balanced,pressure_difference,0.45630742506421973,0.7508196575609983,fixed_0.5,0.4583900226757369,0.9703130622526089,0.015238371251722158,0.05394907508212206,0.3076923076923077,0.3333333333333333,0.2857142857142857,0.2973495838419065,393,4,5,2,0.7142857142857143,0.010075566750629723,404,7,202,0.2857142857142857,0.4,23.085714285714285,0.42857142857142855,0.23076923076923078,13.318681318681318,0.7142857142857143,0.23809523809523808,13.741496598639454,1.0,0.17073170731707318,9.853658536585366,1.0,0.08641975308641975,4.987654320987653,0.2064023695602643,0.0,0.0,0.0,1.0,0.2519876531154726,0.3076923076923077,0.3333333333333333,0.2857142857142857,0.0
cn7,42,1,catboost_balanced,shallower_tree,0.454548899662941,0.7084268071904584,fixed_0.5,0.19944504117436446,0.9566390788053256,0.023148841061670592,0.07471798594629903,0.11764705882352941,0.1,0.14285714285714285,0.1009378575742122,388,9,6,1,0.8571428571428571,0.022670025188916875,404,7,202,0.0,0.0,0.0,0.42857142857142855,0.23076923076923078,13.318681318681318,0.5714285714285714,0.19047619047619047,10.993197278911563,1.0,0.17073170731707318,9.853658536585366,1.0,0.08641975308641975,4.987654320987653,0.2064023695602643,0.0,0.0,0.0,1.0,-0.0069573283858998525,0.11764705882352941,0.1,0.14285714285714285,0.0
cn7,42,1,catboost_balanced,inner_selected,0.52373370406784,0.8467915646257116,fixed_0.5,0.2064023695602643,0.9587981288233177,0.01635257275501078,0.05579402000638177,0.0,0.0,0.0,-0.009366034170745493,395,2,7,0,1.0,0.005037783375314861,404,7,202,0.0,0.0,0.0,0.42857142857142855,0.23076923076923078,13.318681318681318,0.5714285714285714,0.19047619047619047,10.993197278911563,1.0,0.17073170731707318,9.853658536585366,1.0,0.08641975308641975,4.987654320987653,0.2064023695602643,0.0,0.0,0.0,1.0,0.0,0.0,0.0,0.0,0.0
cn7,42,1,catboost_balanced,base,0.52373370406784,0.8467915646257116,inner_f1,0.2064023695602643,0.9587981288233177,0.01635257275501078,0.05579402000638177,0.0,0.0,0.0,0.0,397,0,7,0,1.0,0.0,404,7,202,0.0,0.0,0.0,0.42857142857142855,0.23076923076923078,13.318681318681318,0.5714285714285714,0.19047619047619047,10.993197278911563,1.0,0.17073170731707318,9.853658536585366,1.0,0.08641975308641975,4.987654320987653,0.2064023695602643,0.0,0.0,0.0,1.0,0.0,0.0,0.0,0.0,0.0
cn7,42,1,catboost_balanced,temperature_differences,0.3212459062884767,0.27936950909575675,inner_f1,0.18994666048237474,0.9494422454120187,0.016579957981036526,0.058761861706080366,0.23529411764705882,0.2,0.2857142857142857,0.22303035595739104,389,8,5,2,0.7142857142857143,0.020151133501259445,404,7,202,0.0,0.0,0.0,0.2857142857142857,0.15384615384615385,8.87912087912088,0.42857142857142855,0.14285714285714285,8.244897959183673,0.8571428571428571,0.14634146341463414,8.445993031358883,1.0,0.08641975308641975,4.987654320987653,0.2064023695602643,0.0,0.0,0.0,1.0,-0.01645570907788957,0.23529411764705882,0.2,0.2857142857142857,-0.1428571428571429
cn7,42,1,catboost_balanced,pressure_difference,0.45630742506421973,0.7508196575609983,inner_f1,0.4583900226757369,0.9703130622526089,0.015238371251722158,0.05394907508212206,0.0,0.0,0.0,0.0,397,0,7,0,1.0,0.0,404,7,202,0.2857142857142857,0.4,23.085714285714285,0.42857142857142855,0.23076923076923078,13.318681318681318,0.7142857142857143,0.23809523809523808,13.741496598639454,1.0,0.17073170731707318,9.853658536585366,1.0,0.08641975308641975,4.987654320987653,0.2064023695602643,0.0,0.0,0.0,1.0,0.2519876531154726,0.0,0.0,0.0,0.0
cn7,42,1,catboost_balanced,shallower_tree,0.454548899662941,0.7084268071904584,inner_f1,0.19944504117436446,0.9566390788053256,0.023148841061670592,0.07471798594629903,0.0,0.0,0.0,0.0,397,0,7,0,1.0,0.0,404,7,202,0.0,0.0,0.0,0.42857142857142855,0.23076923076923078,13.318681318681318,0.5714285714285714,0.19047619047619047,10.993197278911563,1.0,0.17073170731707318,9.853658536585366,1.0,0.08641975308641975,4.987654320987653,0.2064023695602643,0.0,0.0,0.0,1.0,-0.0069573283858998525,0.0,0.0,0.0,0.0
cn7,42,1,catboost_balanced,inner_selected,0.52373370406784,0.8467915646257116,inner_f1,0.2064023695602643,0.9587981288233177,0.01635257275501078,0.05579402000638177,0.0,0.0,0.0,0.0,397,0,7,0,1.0,0.0,404,7,202,0.0,0.0,0.0,0.42857142857142855,0.23076923076923078,13.318681318681318,0.5714285714285714,0.19047619047619047,10.993197278911563,1.0,0.17073170731707318,9.853658536585366,1.0,0.08641975308641975,4.987654320987653,0.2064023695602643,0.0,0.0,0.0,1.0,0.0,0.0,0.0,0.0,0.0
cn7,42,2,xgboost_balanced,base,0.2027959206362557,0.7245494723320007,fixed_0.5,0.12031468531468531,0.9434673366834171,0.027396611137420916,0.08372593783056545,0.08,0.05,0.2,0.0776071447339702,379,19,4,1,0.8,0.04773869346733668,403,5,202,0.0,0.0,0.0,0.0,0.0,0.0,0.4,0.09523809523809523,7.676190476190476,1.0,0.12195121951219512,9.829268292682926,1.0,0.06172839506172839,4.975308641975308,0.12031468531468531,0.08,0.05,0.2,1.0,0.0,0.0,0.0,0.0,0.0
cn7,42,2,xgboost_balanced,temperature_differences,0.20604802187793994,0.6736432909965515,fixed_0.5,0.0898001508295626,0.9238693467336684,0.025300605910259958,0.08159680025015029,0.0,0.0,0.0,-0.015951073338974782,390,8,5,0,1.0,0.020100502512562814,403,5,202,0.0,0.0,0.0,0.0,0.0,0.0,0.2,0.047619047619047616,3.838095238095238,0.8,0.0975609756097561,7.863414634146341,1.0,0.06172839506172839,4.975308641975308,0.12031468531468531,0.08,0.05,0.2,1.0,-0.030514534485122716,-0.08,-0.05,-0.2,-0.19999999999999996
cn7,42,2,xgboost_balanced,pressure_difference,0.18355229243739768,0.6455417275428772,fixed_0.5,0.12500836120401337,0.9444723618090453,0.027136946027782775,0.08599341661072997,0.0,0.0,0.0,-0.01963566935733386,386,12,5,0,1.0,0.03015075376884422,403,5,202,0.0,0.0,0.0,0.0,0.0,0.0,0.6,0.14285714285714285,11.514285714285712,0.8,0.0975609756097561,7.863414634146341,1.0,0.06172839506172839,4.975308641975308,0.12031468531468531,0.08,0.05,0.2,1.0,0.004693675889328064,-0.08,-0.05,-0.2,-0.19999999999999996
cn7,42,2,xgboost_balanced,shallower_tree,0.2032793903303688,0.7769410014152527,fixed_0.5,0.11576923076923076,0.9414572864321609,0.03566921153528897,0.10781731250134405,0.07407407407407407,0.045454545454545456,0.2,0.0717409715665695,377,21,4,1,0.8,0.052763819095477386,403,5,201,0.0,0.0,0.0,0.0,0.0,0.0,0.2,0.047619047619047616,3.838095238095238,1.0,0.12195121951219512,9.829268292682926,1.0,0.06172839506172839,4.975308641975308,0.12031468531468531,0.08,0.05,0.2,1.0,-0.004545454545454547,-0.005925925925925932,-0.004545454545454547,0.0,0.0
cn7,42,2,xgboost_balanced,inner_selected,0.20604802187793994,0.6736432909965515,fixed_0.5,0.0898001508295626,0.9238693467336684,0.025300605910259958,0.08159680025015029,0.0,0.0,0.0,-0.015951073338974782,390,8,5,0,1.0,0.020100502512562814,403,5,202,0.0,0.0,0.0,0.0,0.0,0.0,0.2,0.047619047619047616,3.838095238095238,0.8,0.0975609756097561,7.863414634146341,1.0,0.06172839506172839,4.975308641975308,0.12031468531468531,0.08,0.05,0.2,1.0,-0.030514534485122716,-0.08,-0.05,-0.2,-0.19999999999999996
cn7,42,2,xgboost_balanced,base,0.2027959206362557,0.7245494723320007,inner_f1,0.12031468531468531,0.9434673366834171,0.027396611137420916,0.08372593783056545,0.0,0.0,0.0,-0.01377919473744272,392,6,5,0,1.0,0.01507537688442211,403,5,202,0.0,0.0,0.0,0.0,0.0,0.0,0.4,0.09523809523809523,7.676190476190476,1.0,0.12195121951219512,9.829268292682926,1.0,0.06172839506172839,4.975308641975308,0.12031468531468531,0.0,0.0,0.0,1.0,0.0,0.0,0.0,0.0,0.0
cn7,42,2,xgboost_balanced,temperature_differences,0.20604802187793994,0.6736432909965515,inner_f1,0.0898001508295626,0.9238693467336684,0.025300605910259958,0.08159680025015029,0.0,0.0,0.0,-0.01377919473744272,392,6,5,0,1.0,0.01507537688442211,403,5,202,0.0,0.0,0.0,0.0,0.0,0.0,0.2,0.047619047619047616,3.838095238095238,0.8,0.0975609756097561,7.863414634146341,1.0,0.06172839506172839,4.975308641975308,0.12031468531468531,0.0,0.0,0.0,1.0,-0.030514534485122716,0.0,0.0,0.0,-0.19999999999999996
cn7,42,2,xgboost_balanced,pressure_difference,0.18355229243739768,0.6455417275428772,inner_f1,0.12500836120401337,0.9444723618090453,0.027136946027782775,0.08599341661072997,0.0,0.0,0.0,-0.017879163295904603,388,10,5,0,1.0,0.02512562814070352,403,5,202,0.0,0.0,0.0,0.0,0.0,0.0,0.6,0.14285714285714285,11.514285714285712,0.8,0.0975609756097561,7.863414634146341,1.0,0.06172839506172839,4.975308641975308,0.12031468531468531,0.0,0.0,0.0,1.0,0.004693675889328064,0.0,0.0,0.0,-0.19999999999999996
cn7,42,2,xgboost_balanced,shallower_tree,0.2032793903303688,0.7769410014152527,inner_f1,0.11576923076923076,0.9414572864321609,0.03566921153528897,0.10781731250134405,0.0,0.0,0.0,-0.015951073338974782,390,8,5,0,1.0,0.020100502512562814,403,5,201,0.0,0.0,0.0,0.0,0.0,0.0,0.2,0.047619047619047616,3.838095238095238,1.0,0.12195121951219512,9.829268292682926,1.0,0.06172839506172839,4.975308641975308,0.12031468531468531,0.0,0.0,0.0,1.0,-0.004545454545454547,0.0,0.0,0.0,0.0
cn7,42,2,xgboost_balanced,inner_selected,0.20604802187793994,0.6736432909965515,inner_f1,0.0898001508295626,0.9238693467336684,0.025300605910259958,0.08159680025015029,0.0,0.0,0.0,-0.01377919473744272,392,6,5,0,1.0,0.01507537688442211,403,5,202,0.0,0.0,0.0,0.0,0.0,0.0,0.2,0.047619047619047616,3.838095238095238,0.8,0.0975609756097561,7.863414634146341,1.0,0.06172839506172839,4.975308641975308,0.12031468531468531,0.0,0.0,0.0,1.0,-0.030514534485122716,0.0,0.0,0.0,-0.19999999999999996
cn7,42,2,catboost_balanced,base,0.2149991475940843,0.6073945849220335,fixed_0.5,0.481060116354234,0.9625628140703517,0.028337438577391464,0.08868108577186509,0.19047619047619047,0.125,0.4,0.20682098809650334,384,14,3,2,0.6,0.035175879396984924,403,5,202,0.4,0.4,32.24,0.4,0.15384615384615385,12.4,0.4,0.09523809523809523,7.676190476190476,1.0,0.12195121951219512,9.829268292682926,1.0,0.06172839506172839,4.975308641975308,0.481060116354234,0.19047619047619047,0.125,0.4,1.0,0.0,0.0,0.0,0.0,0.0
cn7,42,2,catboost_balanced,temperature_differences,0.18703823755391413,0.7744715910091019,fixed_0.5,0.4710526315789474,0.9555276381909548,0.02714576067139129,0.0843963688101832,0.17391304347826086,0.1111111111111111,0.4,0.1928056990237779,382,16,3,2,0.6,0.04020100502512563,403,5,202,0.4,0.4,32.24,0.4,0.15384615384615385,12.4,0.4,0.09523809523809523,7.676190476190476,1.0,0.12195121951219512,9.829268292682926,1.0,0.06172839506172839,4.975308641975308,0.481060116354234,0.19047619047619047,0.125,0.4,1.0,-0.010007484775286624,-0.0165631469979296,-0.013888888888888895,0.0,0.0
cn7,42,2,catboost_balanced,pressure_difference,0.1879364663606685,0.5906555154392892,fixed_0.5,0.4784965034965035,0.9595477386934673,0.025621220173446153,0.0809385571738241,0.21052631578947367,0.14285714285714285,0.4,0.22356944959653924,386,12,3,2,0.6,0.03015075376884422,403,5,202,0.4,0.4,32.24,0.4,0.15384615384615385,12.4,0.4,0.09523809523809523,7.676190476190476,0.8,0.0975609756097561,7.863414634146341,1.0,0.06172839506172839,4.975308641975308,0.481060116354234,0.19047619047619047,0.125,0.4,1.0,-0.0025636128577304906,0.020050125313283207,0.01785714285714285,0.0,-0.19999999999999996
cn7,42,2,catboost_balanced,shallower_tree,0.14285899063207586,0.5044669177924083,fixed_0.5,0.4893939393939394,0.9635678391959799,0.034706703602494345,0.10819001284572685,0.27586206896551724,0.16666666666666666,0.8,0.3506848942823912,378,20,1,4,0.2,0.05025125628140704,403,5,202,0.4,0.4,32.24,0.4,0.15384615384615385,12.4,0.6,0.14285714285714285,11.514285714285712,0.8,0.0975609756097561,7.863414634146341,1.0,0.06172839506172839,4.975308641975308,0.481060116354234,0.19047619047619047,0.125,0.4,1.0,0.008333823039705368,0.08538587848932677,0.04166666666666666,0.4,-0.19999999999999996
cn7,42,2,catboost_balanced,inner_selected,0.2149991475940843,0.6073945849220335,fixed_0.5,0.481060116354234,0.9625628140703517,0.028337438577391464,0.08868108577186509,0.19047619047619047,0.125,0.4,0.20682098809650334,384,14,3,2,0.6,0.035175879396984924,403,5,202,0.4,0.4,32.24,0.4,0.15384615384615385,12.4,0.4,0.09523809523809523,7.676190476190476,1.0,0.12195121951219512,9.829268292682926,1.0,0.06172839506172839,4.975308641975308,0.481060116354234,0.19047619047619047,0.125,0.4,1.0,0.0,0.0,0.0,0.0,0.0
cn7,42,2,catboost_balanced,base,0.2149991475940843,0.6073945849220335,inner_f1,0.481060116354234,0.9625628140703517,0.028337438577391464,0.08868108577186509,0.21052631578947367,0.14285714285714285,0.4,0.22356944959653924,386,12,3,2,0.6,0.03015075376884422,403,5,202,0.4,0.4,32.24,0.4,0.15384615384615385,12.4,0.4,0.09523809523809523,7.676190476190476,1.0,0.12195121951219512,9.829268292682926,1.0,0.06172839506172839,4.975308641975308,0.481060116354234,0.21052631578947367,0.14285714285714285,0.4,1.0,0.0,0.0,0.0,0.0,0.0
cn7,42,2,catboost_balanced,temperature_differences,0.18703823755391413,0.7744715910091019,inner_f1,0.4710526315789474,0.9555276381909548,0.02714576067139129,0.0843963688101832,0.5714285714285714,1.0,0.4,0.6300852968422277,398,0,3,2,0.6,0.0,403,5,202,0.4,0.4,32.24,0.4,0.15384615384615385,12.4,0.4,0.09523809523809523,7.676190476190476,1.0,0.12195121951219512,9.829268292682926,1.0,0.06172839506172839,4.975308641975308,0.481060116354234,0.21052631578947367,0.14285714285714285,0.4,1.0,-0.010007484775286624,0.3609022556390977,0.8571428571428572,0.0,0.0
cn7,42,2,catboost_balanced,pressure_difference,0.1879364663606685,0.5906555154392892,inner_f1,0.4784965034965035,0.9595477386934673,0.025621220173446153,0.0809385571738241,0.23529411764705882,0.16666666666666666,0.4,0.24413682234285097,388,10,3,2,0.6,0.02512562814070352,403,5,202,0.4,0.4,32.24,0.4,0.15384615384615385,12.4,0.4,0.09523809523809523,7.676190476190476,0.8,0.0975609756097561,7.863414634146341,1.0,0.06172839506172839,4.975308641975308,0.481060116354234,0.21052631578947367,0.14285714285714285,0.4,1.0,-0.0025636128577304906,0.024767801857585148,0.023809523809523808,0.0,-0.19999999999999996
cn7,42,2,catboost_balanced,shallower_tree,0.14285899063207586,0.5044669177924083,inner_f1,0.4893939393939394,0.9635678391959799,0.034706703602494345,0.10819001284572685,0.27586206896551724,0.16666666666666666,0.8,0.3506848942823912,378,20,1,4,0.2,0.05025125628140704,403,5,202,0.4,0.4,32.24,0.4,0.15384615384615385,12.4,0.6,0.14285714285714285,11.514285714285712,0.8,0.0975609756097561,7.863414634146341,1.0,0.06172839506172839,4.975308641975308,0.481060116354234,0.21052631578947367,0.14285714285714285,0.4,1.0,0.008333823039705368,0.06533575317604357,0.023809523809523808,0.4,-0.19999999999999996
cn7,42,2,catboost_balanced,inner_selected,0.2149991475940843,0.6073945849220335,inner_f1,0.481060116354234,0.9625628140703517,0.028337438577391464,0.08868108577186509,0.21052631578947367,0.14285714285714285,0.4,0.22356944959653924,386,12,3,2,0.6,0.03015075376884422,403,5,202,0.4,0.4,32.24,0.4,0.15384615384615385,12.4,0.4,0.09523809523809523,7.676190476190476,1.0,0.12195121951219512,9.829268292682926,1.0,0.06172839506172839,4.975308641975308,0.481060116354234,0.21052631578947367,0.14285714285714285,0.4,1.0,0.0,0.0,0.0,0.0,0.0
cn7,1729,0,xgboost_balanced,base,0.15201474747138938,0.25567030906677246,fixed_0.5,0.7916666666666666,0.9962593516209476,0.011079065995106097,0.04417839064856315,0.4444444444444444,0.3333333333333333,0.6666666666666666,0.4660978679800084,397,4,1,2,0.3333333333333333,0.00997506234413965,404,3,202,0.6666666666666666,0.4,53.866666666666674,1.0,0.23076923076923078,31.07692307692308,1.0,0.14285714285714285,19.238095238095237,1.0,0.07317073170731707,9.853658536585366,1.0,0.037037037037037035,4.987654320987654,0.7916666666666666,0.4444444444444444,0.3333333333333333,0.6666666666666666,1.0,0.0,0.0,0.0,0.0,0.0
cn7,1729,0,xgboost_balanced,temperature_differences,0.1491563137059405,0.2380901724100113,fixed_0.5,0.8333333333333333,0.9979218620116376,0.010999351330564183,0.04273851120295181,0.46153846153846156,0.3,1.0,0.5429208895127602,394,7,0,3,0.0,0.017456359102244388,404,3,202,0.6666666666666666,0.4,53.866666666666674,1.0,0.23076923076923078,31.07692307692308,1.0,0.14285714285714285,19.238095238095237,1.0,0.07317073170731707,9.853658536585366,1.0,0.037037037037037035,4.987654320987654,0.7916666666666666,0.4444444444444444,0.3333333333333333,0.6666666666666666,1.0,0.04166666666666663,0.017094017094017144,-0.033333333333333326,0.33333333333333337,0.0
cn7,1729,0,xgboost_balanced,pressure_difference,0.14735682787881577,0.17333608865737915,fixed_0.5,0.738095238095238,0.9912718204488778,0.01272453535281885,0.04820508765325648,0.36363636363636365,0.25,0.6666666666666666,0.40159718740446093,395,6,1,2,0.3333333333333333,0.014962593516209476,404,3,201,0.6666666666666666,0.4,53.866666666666674,0.6666666666666666,0.15384615384615385,20.71794871794872,1.0,0.14285714285714285,19.238095238095237,1.0,0.07317073170731707,9.853658536585366,1.0,0.037037037037037035,4.987654320987654,0.7916666666666666,0.4444444444444444,0.3333333333333333,0.6666666666666666,1.0,-0.0535714285714286,-0.08080808080808077,-0.08333333333333331,0.0,0.0
cn7,1729,0,xgboost_balanced,shallower_tree,0.1365983574796939,0.3116549253463745,fixed_0.5,0.75,0.9929343308395677,0.018210778270779198,0.06381952310458078,0.3157894736842105,0.1875,1.0,0.425935965121566,388,13,0,3,0.0,0.032418952618453865,404,3,201,0.6666666666666666,0.4,53.866666666666674,1.0,0.23076923076923078,31.07692307692308,1.0,0.14285714285714285,19.238095238095237,1.0,0.07317073170731707,9.853658536585366,1.0,0.037037037037037035,4.987654320987654,0.7916666666666666,0.4444444444444444,0.3333333333333333,0.6666666666666666,1.0,-0.04166666666666663,-0.1286549707602339,-0.14583333333333331,0.33333333333333337,0.0
cn7,1729,0,xgboost_balanced,inner_selected,0.15201474747138938,0.25567030906677246,fixed_0.5,0.7916666666666666,0.9962593516209476,0.011079065995106097,0.04417839064856315,0.4444444444444444,0.3333333333333333,0.6666666666666666,0.4660978679800084,397,4,1,2,0.3333333333333333,0.00997506234413965,404,3,202,0.6666666666666666,0.4,53.866666666666674,1.0,0.23076923076923078,31.07692307692308,1.0,0.14285714285714285,19.238095238095237,1.0,0.07317073170731707,9.853658536585366,1.0,0.037037037037037035,4.987654320987654,0.7916666666666666,0.4444444444444444,0.3333333333333333,0.6666666666666666,1.0,0.0,0.0,0.0,0.0,0.0
cn7,1729,0,xgboost_balanced,base,0.15201474747138938,0.25567030906677246,inner_f1,0.7916666666666666,0.9962593516209476,0.011079065995106097,0.04417839064856315,0.2608695652173913,0.15,1.0,0.3789998651129192,384,17,0,3,0.0,0.04239401496259352,404,3,202,0.6666666666666666,0.4,53.866666666666674,1.0,0.23076923076923078,31.07692307692308,1.0,0.14285714285714285,19.238095238095237,1.0,0.07317073170731707,9.853658536585366,1.0,0.037037037037037035,4.987654320987654,0.7916666666666666,0.2608695652173913,0.15,1.0,1.0,0.0,0.0,0.0,0.0,0.0
cn7,1729,0,xgboost_balanced,temperature_differences,0.1491563137059405,0.2380901724100113,inner_f1,0.8333333333333333,0.9979218620116376,0.010999351330564183,0.04273851120295181,0.2608695652173913,0.15,1.0,0.3789998651129192,384,17,0,3,0.0,0.04239401496259352,404,3,202,0.6666666666666666,0.4,53.866666666666674,1.0,0.23076923076923078,31.07692307692308,1.0,0.14285714285714285,19.238095238095237,1.0,0.07317073170731707,9.853658536585366,1.0,0.037037037037037035,4.987654320987654,0.7916666666666666,0.2608695652173913,0.15,1.0,1.0,0.04166666666666663,0.0,0.0,0.0,0.0
cn7,1729,0,xgboost_balanced,pressure_difference,0.14735682787881577,0.17333608865737915,inner_f1,0.738095238095238,0.9912718204488778,0.01272453535281885,0.04820508765325648,0.24,0.13636363636363635,1.0,0.3604199168139606,382,19,0,3,0.0,0.04738154613466334,404,3,201,0.6666666666666666,0.4,53.866666666666674,0.6666666666666666,0.15384615384615385,20.71794871794872,1.0,0.14285714285714285,19.238095238095237,1.0,0.07317073170731707,9.853658536585366,1.0,0.037037037037037035,4.987654320987654,0.7916666666666666,0.2608695652173913,0.15,1.0,1.0,-0.0535714285714286,-0.020869565217391306,-0.013636363636363641,0.0,0.0
cn7,1729,0,xgboost_balanced,shallower_tree,0.1365983574796939,0.3116549253463745,inner_f1,0.75,0.9929343308395677,0.018210778270779198,0.06381952310458078,0.2608695652173913,0.15,1.0,0.3789998651129192,384,17,0,3,0.0,0.04239401496259352,404,3,201,0.6666666666666666,0.4,53.866666666666674,1.0,0.23076923076923078,31.07692307692308,1.0,0.14285714285714285,19.238095238095237,1.0,0.07317073170731707,9.853658536585366,1.0,0.037037037037037035,4.987654320987654,0.7916666666666666,0.2608695652173913,0.15,1.0,1.0,-0.04166666666666663,0.0,0.0,0.0,0.0
cn7,1729,0,xgboost_balanced,inner_selected,0.15201474747138938,0.25567030906677246,inner_f1,0.7916666666666666,0.9962593516209476,0.011079065995106097,0.04417839064856315,0.2608695652173913,0.15,1.0,0.3789998651129192,384,17,0,3,0.0,0.04239401496259352,404,3,202,0.6666666666666666,0.4,53.866666666666674,1.0,0.23076923076923078,31.07692307692308,1.0,0.14285714285714285,19.238095238095237,1.0,0.07317073170731707,9.853658536585366,1.0,0.037037037037037035,4.987654320987654,0.7916666666666666,0.2608695652173913,0.15,1.0,1.0,0.0,0.0,0.0,0.0,0.0
cn7,1729,0,catboost_balanced,base,0.15369112481459624,0.2596405554864117,fixed_0.5,0.75,0.9929343308395677,0.019197629927806714,0.06392493869027682,0.2857142857142857,0.16666666666666666,1.0,0.40053995144252386,386,15,0,3,0.0,0.03740648379052369,404,3,202,0.6666666666666666,0.4,53.866666666666674,1.0,0.23076923076923078,31.07692307692308,1.0,0.14285714285714285,19.238095238095237,1.0,0.07317073170731707,9.853658536585366,1.0,0.037037037037037035,4.987654320987654,0.75,0.2857142857142857,0.16666666666666666,1.0,1.0,0.0,0.0,0.0,0.0,0.0
cn7,1729,0,catboost_balanced,temperature_differences,0.12249323406565826,0.12951128870073259,fixed_0.5,0.7666666666666666,0.9945968412302577,0.018558809119921485,0.06349355398154442,0.35294117647058826,0.21428571428571427,1.0,0.45651676042310146,390,11,0,3,0.0,0.02743142144638404,404,3,202,0.6666666666666666,0.4,53.866666666666674,1.0,0.23076923076923078,31.07692307692308,1.0,0.14285714285714285,19.238095238095237,1.0,0.07317073170731707,9.853658536585366,1.0,0.037037037037037035,4.987654320987654,0.75,0.2857142857142857,0.16666666666666666,1.0,1.0,0.016666666666666607,0.06722689075630256,0.047619047619047616,0.0,0.0
cn7,1729,0,catboost_balanced,pressure_difference,0.15922520051681643,0.1681814674672215,fixed_0.5,0.7166666666666667,0.986284289276808,0.015284118568154585,0.054588834428432896,0.36363636363636365,0.25,0.6666666666666666,0.40159718740446093,395,6,1,2,0.3333333333333333,0.014962593516209476,404,3,202,0.6666666666666666,0.4,53.866666666666674,0.6666666666666666,0.15384615384615385,20.71794871794872,1.0,0.14285714285714285,19.238095238095237,1.0,0.07317073170731707,9.853658536585366,1.0,0.037037037037037035,4.987654320987654,0.75,0.2857142857142857,0.16666666666666666,1.0,1.0,-0.033333333333333326,0.07792207792207795,0.08333333333333334,-0.33333333333333337,0.0
cn7,1729,0,catboost_balanced,shallower_tree,0.1359427707267462,0.23752408866830768,fixed_0.5,0.75,0.9929343308395677,0.026098630455731357,0.0870617695466437,0.2608695652173913,0.15,1.0,0.3789998651129192,384,17,0,3,0.0,0.04239401496259352,404,3,202,0.6666666666666666,0.4,53.866666666666674,1.0,0.23076923076923078,31.07692307692308,1.0,0.14285714285714285,19.238095238095237,1.0,0.07317073170731707,9.853658536585366,1.0,0.037037037037037035,4.987654320987654,0.75,0.2857142857142857,0.16666666666666666,1.0,1.0,0.0,-0.0248447204968944,-0.016666666666666663,0.0,0.0
cn7,1729,0,catboost_balanced,inner_selected,0.15922520051681643,0.1681814674672215,fixed_0.5,0.7166666666666667,0.986284289276808,0.015284118568154585,0.054588834428432896,0.36363636363636365,0.25,0.6666666666666666,0.40159718740446093,395,6,1,2,0.3333333333333333,0.014962593516209476,404,3,202,0.6666666666666666,0.4,53.866666666666674,0.6666666666666666,0.15384615384615385,20.71794871794872,1.0,0.14285714285714285,19.238095238095237,1.0,0.07317073170731707,9.853658536585366,1.0,0.037037037037037035,4.987654320987654,0.75,0.2857142857142857,0.16666666666666666,1.0,1.0,-0.033333333333333326,0.07792207792207795,0.08333333333333334,-0.33333333333333337,0.0
cn7,1729,0,catboost_balanced,base,0.15369112481459624,0.2596405554864117,inner_f1,0.75,0.9929343308395677,0.019197629927806714,0.06392493869027682,0.2222222222222222,0.125,1.0,0.34417127325890867,380,21,0,3,0.0,0.05236907730673317,404,3,202,0.6666666666666666,0.4,53.866666666666674,1.0,0.23076923076923078,31.07692307692308,1.0,0.14285714285714285,19.238095238095237,1.0,0.07317073170731707,9.853658536585366,1.0,0.037037037037037035,4.987654320987654,0.75,0.2222222222222222,0.125,1.0,1.0,0.0,0.0,0.0,0.0,0.0
cn7,1729,0,catboost_balanced,temperature_differences,0.12249323406565826,0.12951128870073259,inner_f1,0.7666666666666666,0.9945968412302577,0.018558809119921485,0.06349355398154442,0.17142857142857143,0.09375,1.0,0.2949068917691948,372,29,0,3,0.0,0.07231920199501247,404,3,202,0.6666666666666666,0.4,53.866666666666674,1.0,0.23076923076923078,31.07692307692308,1.0,0.14285714285714285,19.238095238095237,1.0,0.07317073170731707,9.853658536585366,1.0,0.037037037037037035,4.987654320987654,0.75,0.2222222222222222,0.125,1.0,1.0,0.016666666666666607,-0.05079365079365078,-0.03125,0.0,0.0
cn7,1729,0,catboost_balanced,pressure_difference,0.15922520051681643,0.1681814674672215,inner_f1,0.7166666666666667,0.986284289276808,0.015284118568154585,0.054588834428432896,0.18181818181818182,0.1,1.0,0.3053961900838086,374,27,0,3,0.0,0.06733167082294264,404,3,202,0.6666666666666666,0.4,53.866666666666674,0.6666666666666666,0.15384615384615385,20.71794871794872,1.0,0.14285714285714285,19.238095238095237,1.0,0.07317073170731707,9.853658536585366,1.0,0.037037037037037035,4.987654320987654,0.75,0.2222222222222222,0.125,1.0,1.0,-0.033333333333333326,-0.04040404040404039,-0.024999999999999994,0.0,0.0
cn7,1729,0,catboost_balanced,shallower_tree,0.1359427707267462,0.23752408866830768,inner_f1,0.75,0.9929343308395677,0.026098630455731357,0.0870617695466437,0.17142857142857143,0.09375,1.0,0.2949068917691948,372,29,0,3,0.0,0.07231920199501247,404,3,202,0.6666666666666666,0.4,53.866666666666674,1.0,0.23076923076923078,31.07692307692308,1.0,0.14285714285714285,19.238095238095237,1.0,0.07317073170731707,9.853658536585366,1.0,0.037037037037037035,4.987654320987654,0.75,0.2222222222222222,0.125,1.0,1.0,0.0,-0.05079365079365078,-0.03125,0.0,0.0
cn7,1729,0,catboost_balanced,inner_selected,0.15922520051681643,0.1681814674672215,inner_f1,0.7166666666666667,0.986284289276808,0.015284118568154585,0.054588834428432896,0.18181818181818182,0.1,1.0,0.3053961900838086,374,27,0,3,0.0,0.06733167082294264,404,3,202,0.6666666666666666,0.4,53.866666666666674,0.6666666666666666,0.15384615384615385,20.71794871794872,1.0,0.14285714285714285,19.238095238095237,1.0,0.07317073170731707,9.853658536585366,1.0,0.037037037037037035,4.987654320987654,0.75,0.2222222222222222,0.125,1.0,1.0,-0.033333333333333326,-0.04040404040404039,-0.024999999999999994,0.0,0.0
cn7,1729,1,xgboost_balanced,base,0.2318608032893747,0.6056020259857178,fixed_0.5,0.16135957792207792,0.8598984771573606,0.032923407051461774,0.11150206410366398,0.18181818181818182,0.16666666666666666,0.2,0.1598110006347886,384,10,8,2,0.8,0.025380710659898477,404,10,201,0.0,0.0,0.0,0.2,0.15384615384615385,6.2153846153846155,0.2,0.09523809523809523,3.8476190476190473,0.7,0.17073170731707318,6.897560975609756,0.9,0.1111111111111111,4.488888888888888,0.16135957792207792,0.18181818181818182,0.16666666666666666,0.2,0.7,0.0,0.0,0.0,0.0,0.0
cn7,1729,1,xgboost_balanced,temperature_differences,0.20759485453053864,0.9227103590965271,fixed_0.5,0.1611685650360253,0.8578680203045687,0.030902330728856002,0.10751173357510765,0.0,0.0,0.0,-0.019560771426312393,388,6,10,0,1.0,0.015228426395939087,404,10,199,0.0,0.0,0.0,0.1,0.07692307692307693,3.1076923076923078,0.4,0.19047619047619047,7.6952380952380945,0.7,0.17073170731707318,6.897560975609756,0.9,0.1111111111111111,4.488888888888888,0.16135957792207792,0.18181818181818182,0.16666666666666666,0.2,0.7,-0.00019101288605261058,-0.18181818181818182,-0.16666666666666666,-0.2,0.0
cn7,1729,1,xgboost_balanced,pressure_difference,0.21658600760138935,0.7317883372306824,fixed_0.5,0.1566830391830392,0.8614213197969544,0.03367168348965843,0.11544187385721565,0.18181818181818182,0.16666666666666666,0.2,0.1598110006347886,384,10,8,2,0.8,0.025380710659898477,404,10,197,0.0,0.0,0.0,0.2,0.15384615384615385,6.2153846153846155,0.3,0.14285714285714285,5.7714285714285705,0.7,0.17073170731707318,6.897560975609756,0.9,0.1111111111111111,4.488888888888888,0.16135957792207792,0.18181818181818182,0.16666666666666666,0.2,0.7,-0.004676538739038727,0.0,0.0,0.0,0.0
cn7,1729,1,xgboost_balanced,shallower_tree,0.22096722876232897,0.9529305696487427,fixed_0.5,0.17390599029139203,0.9086294416243657,0.03081003027769441,0.10361744143070116,0.18181818181818182,0.16666666666666666,0.2,0.1598110006347886,384,10,8,2,0.8,0.025380710659898477,404,10,202,0.0,0.0,0.0,0.2,0.15384615384615385,6.2153846153846155,0.4,0.19047619047619047,7.6952380952380945,0.7,0.17073170731707318,6.897560975609756,0.9,0.1111111111111111,4.488888888888888,0.16135957792207792,0.18181818181818182,0.16666666666666666,0.2,0.7,0.012546412369314114,0.0,0.0,0.0,0.0
cn7,1729,1,xgboost_balanced,inner_selected,0.2318608032893747,0.6056020259857178,fixed_0.5,0.16135957792207792,0.8598984771573606,0.032923407051461774,0.11150206410366398,0.18181818181818182,0.16666666666666666,0.2,0.1598110006347886,384,10,8,2,0.8,0.025380710659898477,404,10,201,0.0,0.0,0.0,0.2,0.15384615384615385,6.2153846153846155,0.2,0.09523809523809523,3.8476190476190473,0.7,0.17073170731707318,6.897560975609756,0.9,0.1111111111111111,4.488888888888888,0.16135957792207792,0.18181818181818182,0.16666666666666666,0.2,0.7,0.0,0.0,0.0,0.0,0.0
cn7,1729,1,xgboost_balanced,base,0.2318608032893747,0.6056020259857178,inner_f1,0.16135957792207792,0.8598984771573606,0.032923407051461774,0.11150206410366398,0.1111111111111111,0.125,0.1,0.09170738562273634,387,7,9,1,0.9,0.017766497461928935,404,10,201,0.0,0.0,0.0,0.2,0.15384615384615385,6.2153846153846155,0.2,0.09523809523809523,3.8476190476190473,0.7,0.17073170731707318,6.897560975609756,0.9,0.1111111111111111,4.488888888888888,0.16135957792207792,0.1111111111111111,0.125,0.1,0.7,0.0,0.0,0.0,0.0,0.0
cn7,1729,1,xgboost_balanced,temperature_differences,0.20759485453053864,0.9227103590965271,inner_f1,0.1611685650360253,0.8578680203045687,0.030902330728856002,0.10751173357510765,0.0,0.0,0.0,0.0,394,0,10,0,1.0,0.0,404,10,199,0.0,0.0,0.0,0.1,0.07692307692307693,3.1076923076923078,0.4,0.19047619047619047,7.6952380952380945,0.7,0.17073170731707318,6.897560975609756,0.9,0.1111111111111111,4.488888888888888,0.16135957792207792,0.1111111111111111,0.125,0.1,0.7,-0.00019101288605261058,-0.1111111111111111,-0.125,-0.1,0.0
cn7,1729,1,xgboost_balanced,pressure_difference,0.21658600760138935,0.7317883372306824,inner_f1,0.1566830391830392,0.8614213197969544,0.03367168348965843,0.11544187385721565,0.0,0.0,0.0,-0.022643798919194158,386,8,10,0,1.0,0.02030456852791878,404,10,197,0.0,0.0,0.0,0.2,0.15384615384615385,6.2153846153846155,0.3,0.14285714285714285,5.7714285714285705,0.7,0.17073170731707318,6.897560975609756,0.9,0.1111111111111111,4.488888888888888,0.16135957792207792,0.1111111111111111,0.125,0.1,0.7,-0.004676538739038727,-0.1111111111111111,-0.125,-0.1,0.0
cn7,1729,1,xgboost_balanced,shallower_tree,0.22096722876232897,0.9529305696487427,inner_f1,0.17390599029139203,0.9086294416243657,0.03081003027769441,0.10361744143070116,0.0,0.0,0.0,0.0,394,0,10,0,1.0,0.0,404,10,202,0.0,0.0,0.0,0.2,0.15384615384615385,6.2153846153846155,0.4,0.19047619047619047,7.6952380952380945,0.7,0.17073170731707318,6.897560975609756,0.9,0.1111111111111111,4.488888888888888,0.16135957792207792,0.1111111111111111,0.125,0.1,0.7,0.012546412369314114,-0.1111111111111111,-0.125,-0.1,0.0
cn7,1729,1,xgboost_balanced,inner_selected,0.2318608032893747,0.6056020259857178,inner_f1,0.16135957792207792,0.8598984771573606,0.032923407051461774,0.11150206410366398,0.1111111111111111,0.125,0.1,0.09170738562273634,387,7,9,1,0.9,0.017766497461928935,404,10,201,0.0,0.0,0.0,0.2,0.15384615384615385,6.2153846153846155,0.2,0.09523809523809523,3.8476190476190473,0.7,0.17073170731707318,6.897560975609756,0.9,0.1111111111111111,4.488888888888888,0.16135957792207792,0.1111111111111111,0.125,0.1,0.7,0.0,0.0,0.0,0.0,0.0
cn7,1729,1,catboost_balanced,base,0.5774401016213989,0.722077637641994,fixed_0.5,0.38563886040859724,0.9451776649746193,0.02069741387017536,0.07500998439215754,0.3333333333333333,1.0,0.2,0.4427413471740723,394,0,8,2,0.8,0.0,404,10,202,0.2,0.4,16.16,0.3,0.23076923076923078,9.323076923076924,0.5,0.23809523809523808,9.619047619047619,0.7,0.17073170731707318,6.897560975609756,1.0,0.12345679012345678,4.987654320987653,0.38563886040859724,0.3333333333333333,1.0,0.2,0.7,0.0,0.0,0.0,0.0,0.0
cn7,1729,1,catboost_balanced,temperature_differences,0.5774461854472506,0.6151145187242015,fixed_0.5,0.28111922393781463,0.933502538071066,0.021396530791783736,0.08162735341871691,0.16666666666666666,0.5,0.1,0.21575212857213674,393,1,9,1,0.9,0.0025380710659898475,404,10,202,0.2,0.4,16.16,0.4,0.3076923076923077,12.430769230769231,0.4,0.19047619047619047,7.6952380952380945,0.6,0.14634146341463414,5.9121951219512185,0.9,0.1111111111111111,4.488888888888888,0.38563886040859724,0.3333333333333333,1.0,0.2,0.7,-0.1045196364707826,-0.16666666666666666,-0.5,-0.1,-0.09999999999999998
cn7,1729,1,catboost_balanced,pressure_difference,0.3390932130166308,0.6022501269116673,fixed_0.5,0.3847318900073773,0.9441624365482233,0.019046454800194717,0.07176056300474813,0.3333333333333333,1.0,0.2,0.4427413471740723,394,0,8,2,0.8,0.0,404,10,202,0.3,0.6,24.24,0.3,0.23076923076923078,9.323076923076924,0.4,0.19047619047619047,7.6952380952380945,0.7,0.17073170731707318,6.897560975609756,1.0,0.12345679012345678,4.987654320987653,0.38563886040859724,0.3333333333333333,1.0,0.2,0.7,-0.0009069704012199531,0.0,0.0,0.0,0.0
cn7,1729,1,catboost_balanced,shallower_tree,0.4338700242495876,0.3401437920612024,fixed_0.5,0.386639466671436,0.9517766497461928,0.0233488643773108,0.07681927736320823,0.3333333333333333,0.375,0.3,0.3204097547065973,389,5,7,3,0.7,0.012690355329949238,404,10,202,0.2,0.4,16.16,0.3,0.23076923076923078,9.323076923076924,0.4,0.19047619047619047,7.6952380952380945,0.7,0.17073170731707318,6.897560975609756,1.0,0.12345679012345678,4.987654320987653,0.38563886040859724,0.3333333333333333,1.0,0.2,0.7,0.0010006062628387657,0.0,-0.625,0.09999999999999998,0.0
cn7,1729,1,catboost_balanced,inner_selected,0.5774461854472506,0.6151145187242015,fixed_0.5,0.28111922393781463,0.933502538071066,0.021396530791783736,0.08162735341871691,0.16666666666666666,0.5,0.1,0.21575212857213674,393,1,9,1,0.9,0.0025380710659898475,404,10,202,0.2,0.4,16.16,0.4,0.3076923076923077,12.430769230769231,0.4,0.19047619047619047,7.6952380952380945,0.6,0.14634146341463414,5.9121951219512185,0.9,0.1111111111111111,4.488888888888888,0.38563886040859724,0.3333333333333333,1.0,0.2,0.7,-0.1045196364707826,-0.16666666666666666,-0.5,-0.1,-0.09999999999999998
cn7,1729,1,catboost_balanced,base,0.5774401016213989,0.722077637641994,inner_f1,0.38563886040859724,0.9451776649746193,0.02069741387017536,0.07500998439215754,0.0,0.0,0.0,0.0,394,0,10,0,1.0,0.0,404,10,202,0.2,0.4,16.16,0.3,0.23076923076923078,9.323076923076924,0.5,0.23809523809523808,9.619047619047619,0.7,0.17073170731707318,6.897560975609756,1.0,0.12345679012345678,4.987654320987653,0.38563886040859724,0.0,0.0,0.0,0.7,0.0,0.0,0.0,0.0,0.0
cn7,1729,1,catboost_balanced,temperature_differences,0.5774461854472506,0.6151145187242015,inner_f1,0.28111922393781463,0.933502538071066,0.021396530791783736,0.08162735341871691,0.0,0.0,0.0,0.0,394,0,10,0,1.0,0.0,404,10,202,0.2,0.4,16.16,0.4,0.3076923076923077,12.430769230769231,0.4,0.19047619047619047,7.6952380952380945,0.6,0.14634146341463414,5.9121951219512185,0.9,0.1111111111111111,4.488888888888888,0.38563886040859724,0.0,0.0,0.0,0.7,-0.1045196364707826,0.0,0.0,0.0,-0.09999999999999998
cn7,1729,1,catboost_balanced,pressure_difference,0.3390932130166308,0.6022501269116673,inner_f1,0.3847318900073773,0.9441624365482233,0.019046454800194717,0.07176056300474813,0.3333333333333333,1.0,0.2,0.4427413471740723,394,0,8,2,0.8,0.0,404,10,202,0.3,0.6,24.24,0.3,0.23076923076923078,9.323076923076924,0.4,0.19047619047619047,7.6952380952380945,0.7,0.17073170731707318,6.897560975609756,1.0,0.12345679012345678,4.987654320987653,0.38563886040859724,0.0,0.0,0.0,0.7,-0.0009069704012199531,0.3333333333333333,1.0,0.2,0.0
cn7,1729,1,catboost_balanced,shallower_tree,0.4338700242495876,0.3401437920612024,inner_f1,0.386639466671436,0.9517766497461928,0.0233488643773108,0.07681927736320823,0.2857142857142857,0.2222222222222222,0.4,0.27445833483491455,380,14,6,4,0.6,0.03553299492385787,404,10,202,0.2,0.4,16.16,0.3,0.23076923076923078,9.323076923076924,0.4,0.19047619047619047,7.6952380952380945,0.7,0.17073170731707318,6.897560975609756,1.0,0.12345679012345678,4.987654320987653,0.38563886040859724,0.0,0.0,0.0,0.7,0.0010006062628387657,0.2857142857142857,0.2222222222222222,0.4,0.0
cn7,1729,1,catboost_balanced,inner_selected,0.5774461854472506,0.6151145187242015,inner_f1,0.28111922393781463,0.933502538071066,0.021396530791783736,0.08162735341871691,0.0,0.0,0.0,0.0,394,0,10,0,1.0,0.0,404,10,202,0.2,0.4,16.16,0.4,0.3076923076923077,12.430769230769231,0.4,0.19047619047619047,7.6952380952380945,0.6,0.14634146341463414,5.9121951219512185,0.9,0.1111111111111111,4.488888888888888,0.38563886040859724,0.0,0.0,0.0,0.7,-0.1045196364707826,0.0,0.0,0.0,-0.09999999999999998
cn7,1729,2,xgboost_balanced,base,0.1864699613948523,0.2533482611179352,fixed_0.5,0.31875,0.9699248120300752,0.02324106590936286,0.07369143033489815,0.2222222222222222,0.14285714285714285,0.5,0.25439349467444433,387,12,2,2,0.5,0.03007518796992481,403,4,202,0.5,0.4,40.300000000000004,0.5,0.15384615384615385,15.5,0.75,0.14285714285714285,14.392857142857142,1.0,0.0975609756097561,9.829268292682928,1.0,0.04938271604938271,4.9753086419753085,0.31875,0.2222222222222222,0.14285714285714285,0.5,1.0,0.0,0.0,0.0,0.0,0.0
cn7,1729,2,xgboost_balanced,temperature_differences,0.17832735630356764,0.24330227077007294,fixed_0.5,0.14306526806526806,0.9542606516290726,0.02317793138762567,0.0748078565292651,0.2222222222222222,0.14285714285714285,0.5,0.25439349467444433,387,12,2,2,0.5,0.03007518796992481,403,4,202,0.0,0.0,0.0,0.5,0.15384615384615385,15.5,0.5,0.09523809523809523,9.595238095238095,1.0,0.0975609756097561,9.829268292682928,1.0,0.04938271604938271,4.9753086419753085,0.31875,0.2222222222222222,0.14285714285714285,0.5,1.0,-0.1756847319347319,0.0,0.0,0.0,0.0
cn7,1729,2,xgboost_balanced,pressure_difference,0.18610722892849274,0.5264235138893127,fixed_0.5,0.32390202702702703,0.9692982456140351,0.022847395874954293,0.07391493481390538,0.2222222222222222,0.14285714285714285,0.5,0.25439349467444433,387,12,2,2,0.5,0.03007518796992481,403,4,202,0.5,0.4,40.300000000000004,0.5,0.15384615384615385,15.5,0.75,0.14285714285714285,14.392857142857142,1.0,0.0975609756097561,9.829268292682928,1.0,0.04938271604938271,4.9753086419753085,0.31875,0.2222222222222222,0.14285714285714285,0.5,1.0,0.005152027027027051,0.0,0.0,0.0,0.0
cn7,1729,2,xgboost_balanced,shallower_tree,0.1434519777803996,0.3116051256656647,fixed_0.5,0.2488095238095238,0.969298245614035,0.033847712891645676,0.10520151639353569,0.25,0.15,0.75,0.32289633348982294,382,17,1,3,0.25,0.042606516290726815,403,4,201,0.25,0.2,20.150000000000002,0.5,0.15384615384615385,15.5,0.75,0.14285714285714285,14.392857142857142,1.0,0.0975609756097561,9.829268292682928,1.0,0.04938271604938271,4.9753086419753085,0.31875,0.2222222222222222,0.14285714285714285,0.5,1.0,-0.06994047619047616,0.02777777777777779,0.007142857142857145,0.25,0.0
cn7,1729,2,xgboost_balanced,inner_selected,0.1864699613948523,0.2533482611179352,fixed_0.5,0.31875,0.9699248120300752,0.02324106590936286,0.07369143033489815,0.2222222222222222,0.14285714285714285,0.5,0.25439349467444433,387,12,2,2,0.5,0.03007518796992481,403,4,202,0.5,0.4,40.300000000000004,0.5,0.15384615384615385,15.5,0.75,0.14285714285714285,14.392857142857142,1.0,0.0975609756097561,9.829268292682928,1.0,0.04938271604938271,4.9753086419753085,0.31875,0.2222222222222222,0.14285714285714285,0.5,1.0,0.0,0.0,0.0,0.0,0.0
cn7,1729,2,xgboost_balanced,base,0.1864699613948523,0.2533482611179352,inner_f1,0.31875,0.9699248120300752,0.02324106590936286,0.07369143033489815,0.1875,0.10714285714285714,0.75,0.26797577434224146,374,25,1,3,0.25,0.06265664160401002,403,4,202,0.5,0.4,40.300000000000004,0.5,0.15384615384615385,15.5,0.75,0.14285714285714285,14.392857142857142,1.0,0.0975609756097561,9.829268292682928,1.0,0.04938271604938271,4.9753086419753085,0.31875,0.1875,0.10714285714285714,0.75,1.0,0.0,0.0,0.0,0.0,0.0
cn7,1729,2,xgboost_balanced,temperature_differences,0.17832735630356764,0.24330227077007294,inner_f1,0.14306526806526806,0.9542606516290726,0.02317793138762567,0.0748078565292651,0.1875,0.10714285714285714,0.75,0.26797577434224146,374,25,1,3,0.25,0.06265664160401002,403,4,202,0.0,0.0,0.0,0.5,0.15384615384615385,15.5,0.5,0.09523809523809523,9.595238095238095,1.0,0.0975609756097561,9.829268292682928,1.0,0.04938271604938271,4.9753086419753085,0.31875,0.1875,0.10714285714285714,0.75,1.0,-0.1756847319347319,0.0,0.0,0.0,0.0
cn7,1729,2,xgboost_balanced,pressure_difference,0.18610722892849274,0.5264235138893127,inner_f1,0.32390202702702703,0.9692982456140351,0.022847395874954293,0.07391493481390538,0.2222222222222222,0.14285714285714285,0.5,0.25439349467444433,387,12,2,2,0.5,0.03007518796992481,403,4,202,0.5,0.4,40.300000000000004,0.5,0.15384615384615385,15.5,0.75,0.14285714285714285,14.392857142857142,1.0,0.0975609756097561,9.829268292682928,1.0,0.04938271604938271,4.9753086419753085,0.31875,0.1875,0.10714285714285714,0.75,1.0,0.005152027027027051,0.03472222222222221,0.03571428571428571,-0.25,0.0
cn7,1729,2,xgboost_balanced,shallower_tree,0.1434519777803996,0.3116051256656647,inner_f1,0.2488095238095238,0.969298245614035,0.033847712891645676,0.10520151639353569,0.17647058823529413,0.1,0.75,0.25768930428010717,372,27,1,3,0.25,0.06766917293233082,403,4,201,0.25,0.2,20.150000000000002,0.5,0.15384615384615385,15.5,0.75,0.14285714285714285,14.392857142857142,1.0,0.0975609756097561,9.829268292682928,1.0,0.04938271604938271,4.9753086419753085,0.31875,0.1875,0.10714285714285714,0.75,1.0,-0.06994047619047616,-0.011029411764705871,-0.007142857142857131,0.0,0.0
cn7,1729,2,xgboost_balanced,inner_selected,0.1864699613948523,0.2533482611179352,inner_f1,0.31875,0.9699248120300752,0.02324106590936286,0.07369143033489815,0.1875,0.10714285714285714,0.75,0.26797577434224146,374,25,1,3,0.25,0.06265664160401002,403,4,202,0.5,0.4,40.300000000000004,0.5,0.15384615384615385,15.5,0.75,0.14285714285714285,14.392857142857142,1.0,0.0975609756097561,9.829268292682928,1.0,0.04938271604938271,4.9753086419753085,0.31875,0.1875,0.10714285714285714,0.75,1.0,0.0,0.0,0.0,0.0,0.0
cn7,1729,2,catboost_balanced,base,0.27239706675753184,0.6729852282476071,fixed_0.5,0.5653409090909091,0.9711779448621553,0.020706098117694305,0.06727127856894292,0.2222222222222222,0.14285714285714285,0.5,0.25439349467444433,387,12,2,2,0.5,0.03007518796992481,403,4,202,0.5,0.4,40.300000000000004,0.5,0.15384615384615385,15.5,0.5,0.09523809523809523,9.595238095238095,1.0,0.0975609756097561,9.829268292682928,1.0,0.04938271604938271,4.9753086419753085,0.5653409090909091,0.2222222222222222,0.14285714285714285,0.5,1.0,0.0,0.0,0.0,0.0,0.0
cn7,1729,2,catboost_balanced,temperature_differences,0.15833703663363813,0.5366265331221748,fixed_0.5,0.5759615384615384,0.976190476190476,0.022464324105312804,0.07423901752446557,0.18181818181818182,0.1111111111111111,0.5,0.2207054202901891,383,16,2,2,0.5,0.040100250626566414,403,4,202,0.5,0.4,40.300000000000004,0.5,0.15384615384615385,15.5,0.75,0.14285714285714285,14.392857142857142,1.0,0.0975609756097561,9.829268292682928,1.0,0.04938271604938271,4.9753086419753085,0.5653409090909091,0.2222222222222222,0.14285714285714285,0.5,1.0,0.010620629370629353,-0.04040404040404039,-0.031746031746031744,0.0,0.0
cn7,1729,2,catboost_balanced,pressure_difference,0.30251886933550554,0.7001033578726188,fixed_0.5,0.5590909090909091,0.9661654135338344,0.025154321777181243,0.08229776313075189,0.2,0.125,0.5,0.23603259868550402,385,14,2,2,0.5,0.03508771929824561,403,4,202,0.5,0.4,40.300000000000004,0.5,0.15384615384615385,15.5,0.5,0.09523809523809523,9.595238095238095,1.0,0.0975609756097561,9.829268292682928,1.0,0.04938271604938271,4.9753086419753085,0.5653409090909091,0.2222222222222222,0.14285714285714285,0.5,1.0,-0.006249999999999978,-0.0222222222222222,-0.01785714285714285,0.0,0.0
cn7,1729,2,catboost_balanced,shallower_tree,0.24820676153182358,0.6947239858896556,fixed_0.5,0.5919117647058824,0.976190476190476,0.028527356569596513,0.09340057328019483,0.25,0.15,0.75,0.32289633348982294,382,17,1,3,0.25,0.042606516290726815,403,4,202,0.5,0.4,40.300000000000004,0.75,0.23076923076923078,23.25,0.75,0.14285714285714285,14.392857142857142,1.0,0.0975609756097561,9.829268292682928,1.0,0.04938271604938271,4.9753086419753085,0.5653409090909091,0.2222222222222222,0.14285714285714285,0.5,1.0,0.0265708556149733,0.02777777777777779,0.007142857142857145,0.25,0.0
cn7,1729,2,catboost_balanced,inner_selected,0.30251886933550554,0.7001033578726188,fixed_0.5,0.5590909090909091,0.9661654135338344,0.025154321777181243,0.08229776313075189,0.2,0.125,0.5,0.23603259868550402,385,14,2,2,0.5,0.03508771929824561,403,4,202,0.5,0.4,40.300000000000004,0.5,0.15384615384615385,15.5,0.5,0.09523809523809523,9.595238095238095,1.0,0.0975609756097561,9.829268292682928,1.0,0.04938271604938271,4.9753086419753085,0.5653409090909091,0.2222222222222222,0.14285714285714285,0.5,1.0,-0.006249999999999978,-0.0222222222222222,-0.01785714285714285,0.0,0.0
cn7,1729,2,catboost_balanced,base,0.27239706675753184,0.6729852282476071,inner_f1,0.5653409090909091,0.9711779448621553,0.020706098117694305,0.06727127856894292,0.5,0.5,0.5,0.4949874686716792,397,2,2,2,0.5,0.005012531328320802,403,4,202,0.5,0.4,40.300000000000004,0.5,0.15384615384615385,15.5,0.5,0.09523809523809523,9.595238095238095,1.0,0.0975609756097561,9.829268292682928,1.0,0.04938271604938271,4.9753086419753085,0.5653409090909091,0.5,0.5,0.5,1.0,0.0,0.0,0.0,0.0,0.0
cn7,1729,2,catboost_balanced,temperature_differences,0.15833703663363813,0.5366265331221748,inner_f1,0.5759615384615384,0.976190476190476,0.022464324105312804,0.07423901752446557,0.2222222222222222,0.14285714285714285,0.5,0.25439349467444433,387,12,2,2,0.5,0.03007518796992481,403,4,202,0.5,0.4,40.300000000000004,0.5,0.15384615384615385,15.5,0.75,0.14285714285714285,14.392857142857142,1.0,0.0975609756097561,9.829268292682928,1.0,0.04938271604938271,4.9753086419753085,0.5653409090909091,0.5,0.5,0.5,1.0,0.010620629370629353,-0.2777777777777778,-0.35714285714285715,0.0,0.0
cn7,1729,2,catboost_balanced,pressure_difference,0.30251886933550554,0.7001033578726188,inner_f1,0.5590909090909091,0.9661654135338344,0.025154321777181243,0.08229776313075189,0.4,0.3333333333333333,0.5,0.40106931012081126,395,4,2,2,0.5,0.010025062656641603,403,4,202,0.5,0.4,40.300000000000004,0.5,0.15384615384615385,15.5,0.5,0.09523809523809523,9.595238095238095,1.0,0.0975609756097561,9.829268292682928,1.0,0.04938271604938271,4.9753086419753085,0.5653409090909091,0.5,0.5,0.5,1.0,-0.006249999999999978,-0.09999999999999998,-0.16666666666666669,0.0,0.0
cn7,1729,2,catboost_balanced,shallower_tree,0.24820676153182358,0.6947239858896556,inner_f1,0.5919117647058824,0.976190476190476,0.028527356569596513,0.09340057328019483,0.2857142857142857,0.2,0.5,0.30585532844204816,391,8,2,2,0.5,0.020050125313283207,403,4,202,0.5,0.4,40.300000000000004,0.75,0.23076923076923078,23.25,0.75,0.14285714285714285,14.392857142857142,1.0,0.0975609756097561,9.829268292682928,1.0,0.04938271604938271,4.9753086419753085,0.5653409090909091,0.5,0.5,0.5,1.0,0.0265708556149733,-0.2142857142857143,-0.3,0.0,0.0
cn7,1729,2,catboost_balanced,inner_selected,0.30251886933550554,0.7001033578726188,inner_f1,0.5590909090909091,0.9661654135338344,0.025154321777181243,0.08229776313075189,0.4,0.3333333333333333,0.5,0.40106931012081126,395,4,2,2,0.5,0.010025062656641603,403,4,202,0.5,0.4,40.300000000000004,0.5,0.15384615384615385,15.5,0.5,0.09523809523809523,9.595238095238095,1.0,0.0975609756097561,9.829268292682928,1.0,0.04938271604938271,4.9753086419753085,0.5653409090909091,0.5,0.5,0.5,1.0,-0.006249999999999978,-0.09999999999999998,-0.16666666666666669,0.0,0.0
cn7,2026,0,xgboost_balanced,base,0.125381519718341,0.139279305934906,fixed_0.5,0.6339285714285714,0.98875,0.014530409959510548,0.05144485094546805,0.2857142857142857,0.2,0.5,0.30588143418103975,392,8,2,2,0.5,0.02,404,4,202,0.5,0.4,40.4,0.75,0.23076923076923078,23.30769230769231,1.0,0.19047619047619047,19.238095238095237,1.0,0.0975609756097561,9.853658536585366,1.0,0.04938271604938271,4.987654320987654,0.6339285714285714,0.2857142857142857,0.2,0.5,1.0,0.0,0.0,0.0,0.0,0.0
cn7,2026,0,xgboost_balanced,temperature_differences,0.12609040192883797,0.1711428314447403,fixed_0.5,0.35416666666666663,0.98,0.015052677096125604,0.05193101952331217,0.2857142857142857,0.2,0.5,0.30588143418103975,392,8,2,2,0.5,0.02,404,4,202,0.5,0.4,40.4,0.75,0.23076923076923078,23.30769230769231,0.75,0.14285714285714285,14.428571428571427,1.0,0.0975609756097561,9.853658536585366,1.0,0.04938271604938271,4.987654320987654,0.6339285714285714,0.2857142857142857,0.2,0.5,1.0,-0.27976190476190477,0.0,0.0,0.0,0.0
cn7,2026,0,xgboost_balanced,pressure_difference,0.1211666166059262,0.19341124594211578,fixed_0.5,0.596875,0.9824999999999999,0.01513595674840122,0.05360617285700666,0.3333333333333333,0.25,0.5,0.34467449144157025,394,6,2,2,0.5,0.015,404,4,202,0.5,0.4,40.4,0.5,0.15384615384615385,15.538461538461538,1.0,0.19047619047619047,19.238095238095237,1.0,0.0975609756097561,9.853658536585366,1.0,0.04938271604938271,4.987654320987654,0.6339285714285714,0.2857142857142857,0.2,0.5,1.0,-0.03705357142857135,0.047619047619047616,0.04999999999999999,0.0,0.0
cn7,2026,0,xgboost_balanced,shallower_tree,0.11588087749549891,0.10534936934709549,fixed_0.5,0.6339285714285714,0.98875,0.0200073356491897,0.07063545326705621,0.2857142857142857,0.2,0.5,0.30588143418103975,392,8,2,2,0.5,0.02,404,4,202,0.5,0.4,40.4,1.0,0.3076923076923077,31.076923076923077,1.0,0.19047619047619047,19.238095238095237,1.0,0.0975609756097561,9.853658536585366,1.0,0.04938271604938271,4.987654320987654,0.6339285714285714,0.2857142857142857,0.2,0.5,1.0,0.0,0.0,0.0,0.0,0.0
cn7,2026,0,xgboost_balanced,inner_selected,0.12609040192883797,0.1711428314447403,fixed_0.5,0.35416666666666663,0.98,0.015052677096125604,0.05193101952331217,0.2857142857142857,0.2,0.5,0.30588143418103975,392,8,2,2,0.5,0.02,404,4,202,0.5,0.4,40.4,0.75,0.23076923076923078,23.30769230769231,0.75,0.14285714285714285,14.428571428571427,1.0,0.0975609756097561,9.853658536585366,1.0,0.04938271604938271,4.987654320987654,0.6339285714285714,0.2857142857142857,0.2,0.5,1.0,-0.27976190476190477,0.0,0.0,0.0,0.0
cn7,2026,0,xgboost_balanced,base,0.125381519718341,0.139279305934906,inner_f1,0.6339285714285714,0.98875,0.014530409959510548,0.05144485094546805,0.2857142857142857,0.16666666666666666,1.0,0.39791121287711073,380,20,0,4,0.0,0.05,404,4,202,0.5,0.4,40.4,0.75,0.23076923076923078,23.30769230769231,1.0,0.19047619047619047,19.238095238095237,1.0,0.0975609756097561,9.853658536585366,1.0,0.04938271604938271,4.987654320987654,0.6339285714285714,0.2857142857142857,0.16666666666666666,1.0,1.0,0.0,0.0,0.0,0.0,0.0
cn7,2026,0,xgboost_balanced,temperature_differences,0.12609040192883797,0.1711428314447403,inner_f1,0.35416666666666663,0.98,0.015052677096125604,0.05193101952331217,0.3333333333333333,0.21428571428571427,0.75,0.39111234251665394,389,11,1,3,0.25,0.0275,404,4,202,0.5,0.4,40.4,0.75,0.23076923076923078,23.30769230769231,0.75,0.14285714285714285,14.428571428571427,1.0,0.0975609756097561,9.853658536585366,1.0,0.04938271604938271,4.987654320987654,0.6339285714285714,0.2857142857142857,0.16666666666666666,1.0,1.0,-0.27976190476190477,0.047619047619047616,0.047619047619047616,-0.25,0.0
cn7,2026,0,xgboost_balanced,pressure_difference,0.1211666166059262,0.19341124594211578,inner_f1,0.596875,0.9824999999999999,0.01513595674840122,0.05360617285700666,0.3333333333333333,0.2,1.0,0.43817804600413285,384,16,0,4,0.0,0.04,404,4,202,0.5,0.4,40.4,0.5,0.15384615384615385,15.538461538461538,1.0,0.19047619047619047,19.238095238095237,1.0,0.0975609756097561,9.853658536585366,1.0,0.04938271604938271,4.987654320987654,0.6339285714285714,0.2857142857142857,0.16666666666666666,1.0,1.0,-0.03705357142857135,0.047619047619047616,0.033333333333333354,0.0,0.0
cn7,2026,0,xgboost_balanced,shallower_tree,0.11588087749549891,0.10534936934709549,inner_f1,0.6339285714285714,0.98875,0.0200073356491897,0.07063545326705621,0.18181818181818182,0.1,1.0,0.3016620625799671,364,36,0,4,0.0,0.09,404,4,202,0.5,0.4,40.4,1.0,0.3076923076923077,31.076923076923077,1.0,0.19047619047619047,19.238095238095237,1.0,0.0975609756097561,9.853658536585366,1.0,0.04938271604938271,4.987654320987654,0.6339285714285714,0.2857142857142857,0.16666666666666666,1.0,1.0,0.0,-0.10389610389610388,-0.06666666666666665,0.0,0.0
cn7,2026,0,xgboost_balanced,inner_selected,0.12609040192883797,0.1711428314447403,inner_f1,0.35416666666666663,0.98,0.015052677096125604,0.05193101952331217,0.3333333333333333,0.21428571428571427,0.75,0.39111234251665394,389,11,1,3,0.25,0.0275,404,4,202,0.5,0.4,40.4,0.75,0.23076923076923078,23.30769230769231,0.75,0.14285714285714285,14.428571428571427,1.0,0.0975609756097561,9.853658536585366,1.0,0.04938271604938271,4.987654320987654,0.6339285714285714,0.2857142857142857,0.16666666666666666,1.0,1.0,-0.27976190476190477,0.047619047619047616,0.047619047619047616,-0.25,0.0
cn7,2026,0,catboost_balanced,base,0.22596178731414132,0.4890819236076679,fixed_0.5,0.6107142857142858,0.98125,0.018237414113117925,0.06125104636655766,0.42857142857142855,0.3,0.75,0.4667878136200242,393,7,1,3,0.25,0.0175,404,4,202,0.5,0.4,40.4,0.75,0.23076923076923078,23.30769230769231,0.75,0.14285714285714285,14.428571428571427,1.0,0.0975609756097561,9.853658536585366,1.0,0.04938271604938271,4.987654320987654,0.6107142857142858,0.42857142857142855,0.3,0.75,1.0,0.0,0.0,0.0,0.0,0.0
cn7,2026,0,catboost_balanced,temperature_differences,0.20726862673380353,0.3477804813554312,fixed_0.5,0.596875,0.9824999999999999,0.019185553322714974,0.06386541949352649,0.25,0.16666666666666666,0.5,0.277025625671907,390,10,2,2,0.5,0.025,404,4,202,0.5,0.4,40.4,0.5,0.15384615384615385,15.538461538461538,1.0,0.19047619047619047,19.238095238095237,1.0,0.0975609756097561,9.853658536585366,1.0,0.04938271604938271,4.987654320987654,0.6107142857142858,0.42857142857142855,0.3,0.75,1.0,-0.01383928571428572,-0.17857142857142855,-0.13333333333333333,-0.25,0.0
cn7,2026,0,catboost_balanced,pressure_difference,0.3006449355133566,0.5133560208410852,fixed_0.5,0.5785714285714285,0.9712500000000001,0.018507672132885546,0.06259761683743817,0.25,0.16666666666666666,0.5,0.277025625671907,390,10,2,2,0.5,0.025,404,4,202,0.5,0.4,40.4,0.5,0.15384615384615385,15.538461538461538,0.75,0.14285714285714285,14.428571428571427,1.0,0.0975609756097561,9.853658536585366,1.0,0.04938271604938271,4.987654320987654,0.6107142857142858,0.42857142857142855,0.3,0.75,1.0,-0.03214285714285725,-0.17857142857142855,-0.13333333333333333,-0.25,0.0
cn7,2026,0,catboost_balanced,shallower_tree,0.21892405995676745,0.44269972073123565,fixed_0.5,0.6107142857142858,0.98125,0.023488524950431567,0.07980241463137894,0.3333333333333333,0.21428571428571427,0.75,0.39111234251665394,389,11,1,3,0.25,0.0275,404,4,202,0.5,0.4,40.4,0.75,0.23076923076923078,23.30769230769231,0.75,0.14285714285714285,14.428571428571427,1.0,0.0975609756097561,9.853658536585366,1.0,0.04938271604938271,4.987654320987654,0.6107142857142858,0.42857142857142855,0.3,0.75,1.0,0.0,-0.09523809523809523,-0.08571428571428572,0.0,0.0
cn7,2026,0,catboost_balanced,inner_selected,0.3006449355133566,0.5133560208410852,fixed_0.5,0.5785714285714285,0.9712500000000001,0.018507672132885546,0.06259761683743817,0.25,0.16666666666666666,0.5,0.277025625671907,390,10,2,2,0.5,0.025,404,4,202,0.5,0.4,40.4,0.5,0.15384615384615385,15.538461538461538,0.75,0.14285714285714285,14.428571428571427,1.0,0.0975609756097561,9.853658536585366,1.0,0.04938271604938271,4.987654320987654,0.6107142857142858,0.42857142857142855,0.3,0.75,1.0,-0.03214285714285725,-0.17857142857142855,-0.13333333333333333,-0.25,0.0
cn7,2026,0,catboost_balanced,base,0.22596178731414132,0.4890819236076679,inner_f1,0.6107142857142858,0.98125,0.018237414113117925,0.06125104636655766,0.375,0.25,0.75,0.4242866161606576,391,9,1,3,0.25,0.0225,404,4,202,0.5,0.4,40.4,0.75,0.23076923076923078,23.30769230769231,0.75,0.14285714285714285,14.428571428571427,1.0,0.0975609756097561,9.853658536585366,1.0,0.04938271604938271,4.987654320987654,0.6107142857142858,0.375,0.25,0.75,1.0,0.0,0.0,0.0,0.0,0.0
cn7,2026,0,catboost_balanced,temperature_differences,0.20726862673380353,0.3477804813554312,inner_f1,0.596875,0.9824999999999999,0.019185553322714974,0.06386541949352649,0.2727272727272727,0.16666666666666666,0.75,0.34191248160562987,385,15,1,3,0.25,0.0375,404,4,202,0.5,0.4,40.4,0.5,0.15384615384615385,15.538461538461538,1.0,0.19047619047619047,19.238095238095237,1.0,0.0975609756097561,9.853658536585366,1.0,0.04938271604938271,4.987654320987654,0.6107142857142858,0.375,0.25,0.75,1.0,-0.01383928571428572,-0.10227272727272729,-0.08333333333333334,0.0,0.0
cn7,2026,0,catboost_balanced,pressure_difference,0.3006449355133566,0.5133560208410852,inner_f1,0.5785714285714285,0.9712500000000001,0.018507672132885546,0.06259761683743817,0.2857142857142857,0.2,0.5,0.30588143418103975,392,8,2,2,0.5,0.02,404,4,202,0.5,0.4,40.4,0.5,0.15384615384615385,15.538461538461538,0.75,0.14285714285714285,14.428571428571427,1.0,0.0975609756097561,9.853658536585366,1.0,0.04938271604938271,4.987654320987654,0.6107142857142858,0.375,0.25,0.75,1.0,-0.03214285714285725,-0.0892857142857143,-0.04999999999999999,-0.25,0.0
cn7,2026,0,catboost_balanced,shallower_tree,0.21892405995676745,0.44269972073123565,inner_f1,0.6107142857142858,0.98125,0.023488524950431567,0.07980241463137894,0.3,0.1875,0.75,0.3642554367416858,387,13,1,3,0.25,0.0325,404,4,202,0.5,0.4,40.4,0.75,0.23076923076923078,23.30769230769231,0.75,0.14285714285714285,14.428571428571427,1.0,0.0975609756097561,9.853658536585366,1.0,0.04938271604938271,4.987654320987654,0.6107142857142858,0.375,0.25,0.75,1.0,0.0,-0.07500000000000001,-0.0625,0.0,0.0
cn7,2026,0,catboost_balanced,inner_selected,0.3006449355133566,0.5133560208410852,inner_f1,0.5785714285714285,0.9712500000000001,0.018507672132885546,0.06259761683743817,0.2857142857142857,0.2,0.5,0.30588143418103975,392,8,2,2,0.5,0.02,404,4,202,0.5,0.4,40.4,0.5,0.15384615384615385,15.538461538461538,0.75,0.14285714285714285,14.428571428571427,1.0,0.0975609756097561,9.853658536585366,1.0,0.04938271604938271,4.987654320987654,0.6107142857142858,0.375,0.25,0.75,1.0,-0.03214285714285725,-0.0892857142857143,-0.04999999999999999,-0.25,0.0
cn7,2026,1,xgboost_balanced,base,0.148606636223735,0.3321617841720581,fixed_0.5,0.4041843877370193,0.9195979899497486,0.040241487831860726,0.1186764039757363,0.1875,0.11538461538461539,0.5,0.21797876268590405,375,23,3,3,0.5,0.05778894472361809,404,6,202,0.3333333333333333,0.4,26.933333333333337,0.3333333333333333,0.15384615384615385,10.35897435897436,0.5,0.14285714285714285,9.619047619047619,0.8333333333333334,0.12195121951219512,8.211382113821138,0.8333333333333334,0.06172839506172839,4.156378600823046,0.4041843877370193,0.1875,0.11538461538461539,0.5,0.8333333333333334,0.0,0.0,0.0,0.0,0.0
cn7,2026,1,xgboost_balanced,temperature_differences,0.13295968455704762,0.05929316207766533,fixed_0.5,0.23419548979011895,0.907035175879397,0.0389522390391167,0.11684286903380879,0.1875,0.11538461538461539,0.5,0.21797876268590405,375,23,3,3,0.5,0.05778894472361809,404,6,200,0.3333333333333333,0.4,26.933333333333337,0.3333333333333333,0.15384615384615385,10.35897435897436,0.3333333333333333,0.09523809523809523,6.412698412698413,0.6666666666666666,0.0975609756097561,6.569105691056911,0.8333333333333334,0.06172839506172839,4.156378600823046,0.4041843877370193,0.1875,0.11538461538461539,0.5,0.8333333333333334,-0.16998889794690036,0.0,0.0,0.0,-0.16666666666666674
cn7,2026,1,xgboost_balanced,pressure_difference,0.1346556078202756,0.10653619468212128,fixed_0.5,0.4076190476190476,0.9246231155778895,0.03799628653959994,0.11286000867254815,0.17647058823529413,0.10714285714285714,0.5,0.20821422621010593,373,25,3,3,0.5,0.06281407035175879,404,6,201,0.3333333333333333,0.4,26.933333333333337,0.3333333333333333,0.15384615384615385,10.35897435897436,0.5,0.14285714285714285,9.619047619047619,0.6666666666666666,0.0975609756097561,6.569105691056911,0.8333333333333334,0.06172839506172839,4.156378600823046,0.4041843877370193,0.1875,0.11538461538461539,0.5,0.8333333333333334,0.0034346598820282903,-0.011029411764705871,-0.008241758241758254,0.0,-0.16666666666666674
cn7,2026,1,xgboost_balanced,shallower_tree,0.17765483179639835,0.39336052536964417,fixed_0.5,0.4089375392341494,0.9195979899497487,0.04768430841007212,0.14060948732782183,0.17647058823529413,0.10714285714285714,0.5,0.20821422621010593,373,25,3,3,0.5,0.06281407035175879,404,6,202,0.3333333333333333,0.4,26.933333333333337,0.3333333333333333,0.15384615384615385,10.35897435897436,0.5,0.14285714285714285,9.619047619047619,0.8333333333333334,0.12195121951219512,8.211382113821138,0.8333333333333334,0.06172839506172839,4.156378600823046,0.4041843877370193,0.1875,0.11538461538461539,0.5,0.8333333333333334,0.00475315149713007,-0.011029411764705871,-0.008241758241758254,0.0,0.0
cn7,2026,1,xgboost_balanced,inner_selected,0.17765483179639835,0.39336052536964417,fixed_0.5,0.4089375392341494,0.9195979899497487,0.04768430841007212,0.14060948732782183,0.17647058823529413,0.10714285714285714,0.5,0.20821422621010593,373,25,3,3,0.5,0.06281407035175879,404,6,202,0.3333333333333333,0.4,26.933333333333337,0.3333333333333333,0.15384615384615385,10.35897435897436,0.5,0.14285714285714285,9.619047619047619,0.8333333333333334,0.12195121951219512,8.211382113821138,0.8333333333333334,0.06172839506172839,4.156378600823046,0.4041843877370193,0.1875,0.11538461538461539,0.5,0.8333333333333334,0.00475315149713007,-0.011029411764705871,-0.008241758241758254,0.0,0.0
cn7,2026,1,xgboost_balanced,base,0.148606636223735,0.3321617841720581,inner_f1,0.4041843877370193,0.9195979899497486,0.040241487831860726,0.1186764039757363,0.17647058823529413,0.10714285714285714,0.5,0.20821422621010593,373,25,3,3,0.5,0.06281407035175879,404,6,202,0.3333333333333333,0.4,26.933333333333337,0.3333333333333333,0.15384615384615385,10.35897435897436,0.5,0.14285714285714285,9.619047619047619,0.8333333333333334,0.12195121951219512,8.211382113821138,0.8333333333333334,0.06172839506172839,4.156378600823046,0.4041843877370193,0.17647058823529413,0.10714285714285714,0.5,0.8333333333333334,0.0,0.0,0.0,0.0,0.0
cn7,2026,1,xgboost_balanced,temperature_differences,0.13295968455704762,0.05929316207766533,inner_f1,0.23419548979011895,0.907035175879397,0.0389522390391167,0.11684286903380879,0.18518518518518517,0.10416666666666667,0.8333333333333334,0.27113470396007266,355,43,1,5,0.16666666666666666,0.10804020100502512,404,6,200,0.3333333333333333,0.4,26.933333333333337,0.3333333333333333,0.15384615384615385,10.35897435897436,0.3333333333333333,0.09523809523809523,6.412698412698413,0.6666666666666666,0.0975609756097561,6.569105691056911,0.8333333333333334,0.06172839506172839,4.156378600823046,0.4041843877370193,0.17647058823529413,0.10714285714285714,0.5,0.8333333333333334,-0.16998889794690036,0.008714596949891046,-0.0029761904761904656,0.33333333333333337,-0.16666666666666674
cn7,2026,1,xgboost_balanced,pressure_difference,0.1346556078202756,0.10653619468212128,inner_f1,0.4076190476190476,0.9246231155778895,0.03799628653959994,0.11286000867254815,0.20833333333333334,0.11904761904761904,0.8333333333333334,0.29341760574875614,361,37,1,5,0.16666666666666666,0.09296482412060302,404,6,201,0.3333333333333333,0.4,26.933333333333337,0.3333333333333333,0.15384615384615385,10.35897435897436,0.5,0.14285714285714285,9.619047619047619,0.6666666666666666,0.0975609756097561,6.569105691056911,0.8333333333333334,0.06172839506172839,4.156378600823046,0.4041843877370193,0.17647058823529413,0.10714285714285714,0.5,0.8333333333333334,0.0034346598820282903,0.031862745098039214,0.011904761904761904,0.33333333333333337,-0.16666666666666674
cn7,2026,1,xgboost_balanced,shallower_tree,0.17765483179639835,0.39336052536964417,inner_f1,0.4089375392341494,0.9195979899497487,0.04768430841007212,0.14060948732782183,0.17647058823529413,0.10714285714285714,0.5,0.20821422621010593,373,25,3,3,0.5,0.06281407035175879,404,6,202,0.3333333333333333,0.4,26.933333333333337,0.3333333333333333,0.15384615384615385,10.35897435897436,0.5,0.14285714285714285,9.619047619047619,0.8333333333333334,0.12195121951219512,8.211382113821138,0.8333333333333334,0.06172839506172839,4.156378600823046,0.4041843877370193,0.17647058823529413,0.10714285714285714,0.5,0.8333333333333334,0.00475315149713007,0.0,0.0,0.0,0.0
cn7,2026,1,xgboost_balanced,inner_selected,0.17765483179639835,0.39336052536964417,inner_f1,0.4089375392341494,0.9195979899497487,0.04768430841007212,0.14060948732782183,0.17647058823529413,0.10714285714285714,0.5,0.20821422621010593,373,25,3,3,0.5,0.06281407035175879,404,6,202,0.3333333333333333,0.4,26.933333333333337,0.3333333333333333,0.15384615384615385,10.35897435897436,0.5,0.14285714285714285,9.619047619047619,0.8333333333333334,0.12195121951219512,8.211382113821138,0.8333333333333334,0.06172839506172839,4.156378600823046,0.4041843877370193,0.17647058823529413,0.10714285714285714,0.5,0.8333333333333334,0.00475315149713007,0.0,0.0,0.0,0.0
cn7,2026,1,catboost_balanced,base,0.4649123988186124,0.7074352746002305,fixed_0.5,0.1967314118629908,0.9472361809045226,0.029130880849956704,0.09021948518245321,0.2,0.14285714285714285,0.3333333333333333,0.2005049429865288,386,12,4,2,0.6666666666666666,0.03015075376884422,404,6,202,0.16666666666666666,0.2,13.466666666666669,0.3333333333333333,0.15384615384615385,10.35897435897436,0.3333333333333333,0.09523809523809523,6.412698412698413,1.0,0.14634146341463414,9.853658536585366,1.0,0.07407407407407407,4.987654320987654,0.1967314118629908,0.2,0.14285714285714285,0.3333333333333333,1.0,0.0,0.0,0.0,0.0,0.0
cn7,2026,1,catboost_balanced,temperature_differences,0.4215376646526379,0.6001019838636414,fixed_0.5,0.1585738335738336,0.9472361809045227,0.029419809050932774,0.08842238975907657,0.16666666666666666,0.1111111111111111,0.3333333333333333,0.17185056878886054,382,16,4,2,0.6666666666666666,0.04020100502512563,404,6,202,0.0,0.0,0.0,0.3333333333333333,0.15384615384615385,10.35897435897436,0.5,0.14285714285714285,9.619047619047619,0.8333333333333334,0.12195121951219512,8.211382113821138,1.0,0.07407407407407407,4.987654320987654,0.1967314118629908,0.2,0.14285714285714285,0.3333333333333333,1.0,-0.038157578289157223,-0.033333333333333354,-0.031746031746031744,0.0,-0.16666666666666663
cn7,2026,1,catboost_balanced,pressure_difference,0.35671366876445243,0.5471585898162328,fixed_0.5,0.26390374331550803,0.9556113902847572,0.03187167756014657,0.09412109876147245,0.16666666666666666,0.1111111111111111,0.3333333333333333,0.17185056878886054,382,16,4,2,0.6666666666666666,0.04020100502512563,404,6,202,0.3333333333333333,0.4,26.933333333333337,0.3333333333333333,0.15384615384615385,10.35897435897436,0.5,0.14285714285714285,9.619047619047619,1.0,0.14634146341463414,9.853658536585366,1.0,0.07407407407407407,4.987654320987654,0.1967314118629908,0.2,0.14285714285714285,0.3333333333333333,1.0,0.06717233145251722,-0.033333333333333354,-0.031746031746031744,0.0,0.0
cn7,2026,1,catboost_balanced,shallower_tree,0.38542849670608587,0.6899979420926552,fixed_0.5,0.41656551509492684,0.9489112227805696,0.038528278354527386,0.11122908969608897,0.15384615384615385,0.1,0.3333333333333333,0.16065367587896232,380,18,4,2,0.6666666666666666,0.04522613065326633,404,6,202,0.3333333333333333,0.4,26.933333333333337,0.3333333333333333,0.15384615384615385,10.35897435897436,0.3333333333333333,0.09523809523809523,6.412698412698413,0.8333333333333334,0.12195121951219512,8.211382113821138,1.0,0.07407407407407407,4.987654320987654,0.1967314118629908,0.2,0.14285714285714285,0.3333333333333333,1.0,0.21983410323193603,-0.046153846153846156,-0.042857142857142844,0.0,-0.16666666666666663
cn7,2026,1,catboost_balanced,inner_selected,0.4649123988186124,0.7074352746002305,fixed_0.5,0.1967314118629908,0.9472361809045226,0.029130880849956704,0.09021948518245321,0.2,0.14285714285714285,0.3333333333333333,0.2005049429865288,386,12,4,2,0.6666666666666666,0.03015075376884422,404,6,202,0.16666666666666666,0.2,13.466666666666669,0.3333333333333333,0.15384615384615385,10.35897435897436,0.3333333333333333,0.09523809523809523,6.412698412698413,1.0,0.14634146341463414,9.853658536585366,1.0,0.07407407407407407,4.987654320987654,0.1967314118629908,0.2,0.14285714285714285,0.3333333333333333,1.0,0.0,0.0,0.0,0.0,0.0
cn7,2026,1,catboost_balanced,base,0.4649123988186124,0.7074352746002305,inner_f1,0.1967314118629908,0.9472361809045226,0.029130880849956704,0.09021948518245321,0.25,0.2,0.3333333333333333,0.2438576171146945,390,8,4,2,0.6666666666666666,0.020100502512562814,404,6,202,0.16666666666666666,0.2,13.466666666666669,0.3333333333333333,0.15384615384615385,10.35897435897436,0.3333333333333333,0.09523809523809523,6.412698412698413,1.0,0.14634146341463414,9.853658536585366,1.0,0.07407407407407407,4.987654320987654,0.1967314118629908,0.25,0.2,0.3333333333333333,1.0,0.0,0.0,0.0,0.0,0.0
cn7,2026,1,catboost_balanced,temperature_differences,0.4215376646526379,0.6001019838636414,inner_f1,0.1585738335738336,0.9472361809045227,0.029419809050932774,0.08842238975907657,0.2,0.14285714285714285,0.3333333333333333,0.2005049429865288,386,12,4,2,0.6666666666666666,0.03015075376884422,404,6,202,0.0,0.0,0.0,0.3333333333333333,0.15384615384615385,10.35897435897436,0.5,0.14285714285714285,9.619047619047619,0.8333333333333334,0.12195121951219512,8.211382113821138,1.0,0.07407407407407407,4.987654320987654,0.1967314118629908,0.25,0.2,0.3333333333333333,1.0,-0.038157578289157223,-0.04999999999999999,-0.05714285714285716,0.0,-0.16666666666666663
cn7,2026,1,catboost_balanced,pressure_difference,0.35671366876445243,0.5471585898162328,inner_f1,0.26390374331550803,0.9556113902847572,0.03187167756014657,0.09412109876147245,0.18181818181818182,0.125,0.3333333333333333,0.18492131720581254,384,14,4,2,0.6666666666666666,0.035175879396984924,404,6,202,0.3333333333333333,0.4,26.933333333333337,0.3333333333333333,0.15384615384615385,10.35897435897436,0.5,0.14285714285714285,9.619047619047619,1.0,0.14634146341463414,9.853658536585366,1.0,0.07407407407407407,4.987654320987654,0.1967314118629908,0.25,0.2,0.3333333333333333,1.0,0.06717233145251722,-0.06818181818181818,-0.07500000000000001,0.0,0.0
cn7,2026,1,catboost_balanced,shallower_tree,0.38542849670608587,0.6899979420926552,inner_f1,0.41656551509492684,0.9489112227805696,0.038528278354527386,0.11122908969608897,0.18181818181818182,0.125,0.3333333333333333,0.18492131720581254,384,14,4,2,0.6666666666666666,0.035175879396984924,404,6,202,0.3333333333333333,0.4,26.933333333333337,0.3333333333333333,0.15384615384615385,10.35897435897436,0.3333333333333333,0.09523809523809523,6.412698412698413,0.8333333333333334,0.12195121951219512,8.211382113821138,1.0,0.07407407407407407,4.987654320987654,0.1967314118629908,0.25,0.2,0.3333333333333333,1.0,0.21983410323193603,-0.06818181818181818,-0.07500000000000001,0.0,-0.16666666666666663
cn7,2026,1,catboost_balanced,inner_selected,0.4649123988186124,0.7074352746002305,inner_f1,0.1967314118629908,0.9472361809045226,0.029130880849956704,0.09021948518245321,0.25,0.2,0.3333333333333333,0.2438576171146945,390,8,4,2,0.6666666666666666,0.020100502512562814,404,6,202,0.16666666666666666,0.2,13.466666666666669,0.3333333333333333,0.15384615384615385,10.35897435897436,0.3333333333333333,0.09523809523809523,6.412698412698413,1.0,0.14634146341463414,9.853658536585366,1.0,0.07407407407407407,4.987654320987654,0.1967314118629908,0.25,0.2,0.3333333333333333,1.0,0.0,0.0,0.0,0.0,0.0
cn7,2026,2,xgboost_balanced,base,0.050194785506668116,0.042543407529592514,fixed_0.5,0.5736394557823129,0.9788961038961039,0.013830065443998181,0.049647792033914756,0.4,0.375,0.42857142857142855,0.3895732720338461,391,5,4,3,0.5714285714285714,0.012626262626262626,403,7,202,0.42857142857142855,0.6,34.54285714285714,0.5714285714285714,0.3076923076923077,17.714285714285715,0.8571428571428571,0.2857142857142857,16.448979591836732,1.0,0.17073170731707318,9.829268292682928,1.0,0.08641975308641975,4.9753086419753085,0.5736394557823129,0.4,0.375,0.42857142857142855,1.0,0.0,0.0,0.0,0.0,0.0
cn7,2026,2,xgboost_balanced,temperature_differences,0.04881322446794546,0.06076587736606598,fixed_0.5,0.4997590129169076,0.9731240981240982,0.014869616465159816,0.05355781639895351,0.46153846153846156,0.5,0.42857142857142855,0.45415423097554913,393,3,4,3,0.5714285714285714,0.007575757575757576,403,7,202,0.2857142857142857,0.4,23.02857142857143,0.5714285714285714,0.3076923076923077,17.714285714285715,0.7142857142857143,0.23809523809523808,13.707482993197278,1.0,0.17073170731707318,9.829268292682928,1.0,0.08641975308641975,4.9753086419753085,0.5736394557823129,0.4,0.375,0.42857142857142855,1.0,-0.0738804428654053,0.06153846153846154,0.125,0.0,0.0
cn7,2026,2,xgboost_balanced,pressure_difference,0.0455683227171455,0.14772069454193115,fixed_0.5,0.5530328798185942,0.976010101010101,0.014300038134961703,0.05201666503878559,0.4,0.375,0.42857142857142855,0.3895732720338461,391,5,4,3,0.5714285714285714,0.012626262626262626,403,7,202,0.42857142857142855,0.6,34.54285714285714,0.5714285714285714,0.3076923076923077,17.714285714285715,0.7142857142857143,0.23809523809523808,13.707482993197278,1.0,0.17073170731707318,9.829268292682928,1.0,0.08641975308641975,4.9753086419753085,0.5736394557823129,0.4,0.375,0.42857142857142855,1.0,-0.020606575963718732,0.0,0.0,0.0,0.0
cn7,2026,2,xgboost_balanced,shallower_tree,0.04869663876378915,0.04598633944988251,fixed_0.5,0.5392440892440893,0.976010101010101,0.01677740671656382,0.059162940809746066,0.4,0.375,0.42857142857142855,0.3895732720338461,391,5,4,3,0.5714285714285714,0.012626262626262626,403,7,199,0.42857142857142855,0.6,34.54285714285714,0.5714285714285714,0.3076923076923077,17.714285714285715,0.5714285714285714,0.19047619047619047,10.965986394557822,1.0,0.17073170731707318,9.829268292682928,1.0,0.08641975308641975,4.9753086419753085,0.5736394557823129,0.4,0.375,0.42857142857142855,1.0,-0.034395366538223615,0.0,0.0,0.0,0.0
cn7,2026,2,xgboost_balanced,inner_selected,0.050194785506668116,0.042543407529592514,fixed_0.5,0.5736394557823129,0.9788961038961039,0.013830065443998181,0.049647792033914756,0.4,0.375,0.42857142857142855,0.3895732720338461,391,5,4,3,0.5714285714285714,0.012626262626262626,403,7,202,0.42857142857142855,0.6,34.54285714285714,0.5714285714285714,0.3076923076923077,17.714285714285715,0.8571428571428571,0.2857142857142857,16.448979591836732,1.0,0.17073170731707318,9.829268292682928,1.0,0.08641975308641975,4.9753086419753085,0.5736394557823129,0.4,0.375,0.42857142857142855,1.0,0.0,0.0,0.0,0.0,0.0
cn7,2026,2,xgboost_balanced,base,0.050194785506668116,0.042543407529592514,inner_f1,0.5736394557823129,0.9788961038961039,0.013830065443998181,0.049647792033914756,0.27450980392156865,0.1590909090909091,1.0,0.37977145028770554,359,37,0,7,0.0,0.09343434343434344,403,7,202,0.42857142857142855,0.6,34.54285714285714,0.5714285714285714,0.3076923076923077,17.714285714285715,0.8571428571428571,0.2857142857142857,16.448979591836732,1.0,0.17073170731707318,9.829268292682928,1.0,0.08641975308641975,4.9753086419753085,0.5736394557823129,0.27450980392156865,0.1590909090909091,1.0,1.0,0.0,0.0,0.0,0.0,0.0
cn7,2026,2,xgboost_balanced,temperature_differences,0.04881322446794546,0.06076587736606598,inner_f1,0.4997590129169076,0.9731240981240982,0.014869616465159816,0.05355781639895351,0.2978723404255319,0.175,1.0,0.4005204946899305,363,33,0,7,0.0,0.08333333333333333,403,7,202,0.2857142857142857,0.4,23.02857142857143,0.5714285714285714,0.3076923076923077,17.714285714285715,0.7142857142857143,0.23809523809523808,13.707482993197278,1.0,0.17073170731707318,9.829268292682928,1.0,0.08641975308641975,4.9753086419753085,0.5736394557823129,0.27450980392156865,0.1590909090909091,1.0,1.0,-0.0738804428654053,0.02336253650396325,0.0159090909090909,0.0,0.0
cn7,2026,2,xgboost_balanced,pressure_difference,0.0455683227171455,0.14772069454193115,inner_f1,0.5530328798185942,0.976010101010101,0.014300038134961703,0.05201666503878559,0.30303030303030304,0.19230769230769232,0.7142857142857143,0.35164828436648915,375,21,2,5,0.2857142857142857,0.05303030303030303,403,7,202,0.42857142857142855,0.6,34.54285714285714,0.5714285714285714,0.3076923076923077,17.714285714285715,0.7142857142857143,0.23809523809523808,13.707482993197278,1.0,0.17073170731707318,9.829268292682928,1.0,0.08641975308641975,4.9753086419753085,0.5736394557823129,0.27450980392156865,0.1590909090909091,1.0,1.0,-0.020606575963718732,0.028520499108734387,0.03321678321678323,-0.2857142857142857,0.0
cn7,2026,2,xgboost_balanced,shallower_tree,0.04869663876378915,0.04598633944988251,inner_f1,0.5392440892440893,0.976010101010101,0.01677740671656382,0.059162940809746066,0.2413793103448276,0.13725490196078433,1.0,0.3492912213303892,352,44,0,7,0.0,0.1111111111111111,403,7,199,0.42857142857142855,0.6,34.54285714285714,0.5714285714285714,0.3076923076923077,17.714285714285715,0.5714285714285714,0.19047619047619047,10.965986394557822,1.0,0.17073170731707318,9.829268292682928,1.0,0.08641975308641975,4.9753086419753085,0.5736394557823129,0.27450980392156865,0.1590909090909091,1.0,1.0,-0.034395366538223615,-0.033130493576741055,-0.021836007130124763,0.0,0.0
cn7,2026,2,xgboost_balanced,inner_selected,0.050194785506668116,0.042543407529592514,inner_f1,0.5736394557823129,0.9788961038961039,0.013830065443998181,0.049647792033914756,0.27450980392156865,0.1590909090909091,1.0,0.37977145028770554,359,37,0,7,0.0,0.09343434343434344,403,7,202,0.42857142857142855,0.6,34.54285714285714,0.5714285714285714,0.3076923076923077,17.714285714285715,0.8571428571428571,0.2857142857142857,16.448979591836732,1.0,0.17073170731707318,9.829268292682928,1.0,0.08641975308641975,4.9753086419753085,0.5736394557823129,0.27450980392156865,0.1590909090909091,1.0,1.0,0.0,0.0,0.0,0.0,0.0
cn7,2026,2,catboost_balanced,base,0.11126173200106126,0.3448681219330891,fixed_0.5,0.4703002413086447,0.9738455988455988,0.012708578161433835,0.04780508743724205,0.4444444444444444,1.0,0.2857142857142857,0.531179596227605,396,0,5,2,0.7142857142857143,0.0,403,7,202,0.2857142857142857,0.4,23.02857142857143,0.42857142857142855,0.23076923076923078,13.285714285714286,0.7142857142857143,0.23809523809523808,13.707482993197278,1.0,0.17073170731707318,9.829268292682928,1.0,0.08641975308641975,4.9753086419753085,0.4703002413086447,0.4444444444444444,1.0,0.2857142857142857,1.0,0.0,0.0,0.0,0.0,0.0
cn7,2026,2,catboost_balanced,temperature_differences,0.0758935238203531,0.09457657647023236,fixed_0.5,0.4235362997658079,0.9543650793650793,0.018139039780118875,0.06405991740789915,0.26666666666666666,0.25,0.2857142857142857,0.25340845969244113,390,6,5,2,0.7142857142857143,0.015151515151515152,403,7,202,0.2857142857142857,0.4,23.02857142857143,0.42857142857142855,0.23076923076923078,13.285714285714286,0.5714285714285714,0.19047619047619047,10.965986394557822,0.8571428571428571,0.14634146341463414,8.425087108013937,1.0,0.08641975308641975,4.9753086419753085,0.4703002413086447,0.4444444444444444,1.0,0.2857142857142857,1.0,-0.04676394154283675,-0.17777777777777776,-0.75,0.0,-0.1428571428571429
cn7,2026,2,catboost_balanced,pressure_difference,0.10866923771409147,0.31963562909247567,fixed_0.5,0.5172773654916512,0.9788961038961039,0.013312173473637319,0.05115684869967639,0.4444444444444444,1.0,0.2857142857142857,0.531179596227605,396,0,5,2,0.7142857142857143,0.0,403,7,202,0.2857142857142857,0.4,23.02857142857143,0.42857142857142855,0.23076923076923078,13.285714285714286,0.7142857142857143,0.23809523809523808,13.707482993197278,1.0,0.17073170731707318,9.829268292682928,1.0,0.08641975308641975,4.9753086419753085,0.4703002413086447,0.4444444444444444,1.0,0.2857142857142857,1.0,0.04697712418300648,0.0,0.0,0.0,0.0
cn7,2026,2,catboost_balanced,shallower_tree,0.12532544634669573,0.5154170012763868,fixed_0.5,0.43772893772893773,0.9579725829725829,0.02353588652789979,0.079828197098674,0.2608695652173913,0.1875,0.42857142857142855,0.26478570844248017,383,13,4,3,0.5714285714285714,0.03282828282828283,403,7,202,0.2857142857142857,0.4,23.02857142857143,0.42857142857142855,0.23076923076923078,13.285714285714286,0.5714285714285714,0.19047619047619047,10.965986394557822,0.8571428571428571,0.14634146341463414,8.425087108013937,1.0,0.08641975308641975,4.9753086419753085,0.4703002413086447,0.4444444444444444,1.0,0.2857142857142857,1.0,-0.032571303579706945,-0.18357487922705312,-0.8125,0.14285714285714285,-0.1428571428571429
cn7,2026,2,catboost_balanced,inner_selected,0.12532544634669573,0.5154170012763868,fixed_0.5,0.43772893772893773,0.9579725829725829,0.02353588652789979,0.079828197098674,0.2608695652173913,0.1875,0.42857142857142855,0.26478570844248017,383,13,4,3,0.5714285714285714,0.03282828282828283,403,7,202,0.2857142857142857,0.4,23.02857142857143,0.42857142857142855,0.23076923076923078,13.285714285714286,0.5714285714285714,0.19047619047619047,10.965986394557822,0.8571428571428571,0.14634146341463414,8.425087108013937,1.0,0.08641975308641975,4.9753086419753085,0.4703002413086447,0.4444444444444444,1.0,0.2857142857142857,1.0,-0.032571303579706945,-0.18357487922705312,-0.8125,0.14285714285714285,-0.1428571428571429
cn7,2026,2,catboost_balanced,base,0.11126173200106126,0.3448681219330891,inner_f1,0.4703002413086447,0.9738455988455988,0.012708578161433835,0.04780508743724205,0.38095238095238093,0.2857142857142857,0.5714285714285714,0.38966414296119556,386,10,3,4,0.42857142857142855,0.025252525252525252,403,7,202,0.2857142857142857,0.4,23.02857142857143,0.42857142857142855,0.23076923076923078,13.285714285714286,0.7142857142857143,0.23809523809523808,13.707482993197278,1.0,0.17073170731707318,9.829268292682928,1.0,0.08641975308641975,4.9753086419753085,0.4703002413086447,0.38095238095238093,0.2857142857142857,0.5714285714285714,1.0,0.0,0.0,0.0,0.0,0.0
cn7,2026,2,catboost_balanced,temperature_differences,0.0758935238203531,0.09457657647023236,inner_f1,0.4235362997658079,0.9543650793650793,0.018139039780118875,0.06405991740789915,0.25,0.15151515151515152,0.7142857142857143,0.3066481896488717,368,28,2,5,0.2857142857142857,0.0707070707070707,403,7,202,0.2857142857142857,0.4,23.02857142857143,0.42857142857142855,0.23076923076923078,13.285714285714286,0.5714285714285714,0.19047619047619047,10.965986394557822,0.8571428571428571,0.14634146341463414,8.425087108013937,1.0,0.08641975308641975,4.9753086419753085,0.4703002413086447,0.38095238095238093,0.2857142857142857,0.5714285714285714,1.0,-0.04676394154283675,-0.13095238095238093,-0.13419913419913418,0.1428571428571429,-0.1428571428571429
cn7,2026,2,catboost_balanced,pressure_difference,0.10866923771409147,0.31963562909247567,inner_f1,0.5172773654916512,0.9788961038961039,0.013312173473637319,0.05115684869967639,0.3157894736842105,0.25,0.42857142857142855,0.3119441946714696,387,9,4,3,0.5714285714285714,0.022727272727272728,403,7,202,0.2857142857142857,0.4,23.02857142857143,0.42857142857142855,0.23076923076923078,13.285714285714286,0.7142857142857143,0.23809523809523808,13.707482993197278,1.0,0.17073170731707318,9.829268292682928,1.0,0.08641975308641975,4.9753086419753085,0.4703002413086447,0.38095238095238093,0.2857142857142857,0.5714285714285714,1.0,0.04697712418300648,-0.06516290726817042,-0.0357142857142857,-0.14285714285714285,0.0
cn7,2026,2,catboost_balanced,shallower_tree,0.12532544634669573,0.5154170012763868,inner_f1,0.43772893772893773,0.9579725829725829,0.02353588652789979,0.079828197098674,0.2608695652173913,0.1875,0.42857142857142855,0.26478570844248017,383,13,4,3,0.5714285714285714,0.03282828282828283,403,7,202,0.2857142857142857,0.4,23.02857142857143,0.42857142857142855,0.23076923076923078,13.285714285714286,0.5714285714285714,0.19047619047619047,10.965986394557822,0.8571428571428571,0.14634146341463414,8.425087108013937,1.0,0.08641975308641975,4.9753086419753085,0.4703002413086447,0.38095238095238093,0.2857142857142857,0.5714285714285714,1.0,-0.032571303579706945,-0.12008281573498963,-0.0982142857142857,-0.14285714285714285,-0.1428571428571429
cn7,2026,2,catboost_balanced,inner_selected,0.12532544634669573,0.5154170012763868,inner_f1,0.43772893772893773,0.9579725829725829,0.02353588652789979,0.079828197098674,0.2608695652173913,0.1875,0.42857142857142855,0.26478570844248017,383,13,4,3,0.5714285714285714,0.03282828282828283,403,7,202,0.2857142857142857,0.4,23.02857142857143,0.42857142857142855,0.23076923076923078,13.285714285714286,0.5714285714285714,0.19047619047619047,10.965986394557822,0.8571428571428571,0.14634146341463414,8.425087108013937,1.0,0.08641975308641975,4.9753086419753085,0.4703002413086447,0.38095238095238093,0.2857142857142857,0.5714285714285714,1.0,-0.032571303579706945,-0.12008281573498963,-0.0982142857142857,-0.14285714285714285,-0.1428571428571429
rg3,42,0,xgboost_balanced,base,0.03295857369076774,0.403391033411026,fixed_0.5,0.0219856973016268,0.517718715393134,0.0566682450901715,0.21564085698012048,0.0,0.0,0.0,-0.02766990250509735,371,16,7,0,1.0,0.041343669250646,394,7,197,0.0,0.0,0.0,0.0,0.0,0.0,0.0,0.0,0.0,0.14285714285714285,0.025,1.407142857142857,0.14285714285714285,0.012658227848101266,0.7124773960216998,0.0219856973016268,0.0,0.0,0.0,0.14285714285714285,0.0,0.0,0.0,0.0,0.0
rg3,42,0,xgboost_balanced,temperature_differences,0.026819255564336647,0.12151170521974564,fixed_0.5,0.019444852025918603,0.49557032115171645,0.05548738677099387,0.2090440459206039,0.0,0.0,0.0,-0.031100884057415703,367,20,7,0,1.0,0.05167958656330749,394,7,197,0.0,0.0,0.0,0.0,0.0,0.0,0.0,0.0,0.0,0.0,0.0,0.0,0.14285714285714285,0.012658227848101266,0.7124773960216998,0.0219856973016268,0.0,0.0,0.0,0.14285714285714285,-0.0025408452757081958,0.0,0.0,0.0,-0.14285714285714285
rg3,42,0,xgboost_balanced,pressure_difference,0.035284498817462165,0.48557066917419434,fixed_0.5,0.021338344515214585,0.4992617201919528,0.05582202075317304,0.21645189830943667,0.0,0.0,0.0,-0.025814621222141714,373,14,7,0,1.0,0.03617571059431524,394,7,197,0.0,0.0,0.0,0.0,0.0,0.0,0.0,0.0,0.0,0.14285714285714285,0.025,1.407142857142857,0.14285714285714285,0.012658227848101266,0.7124773960216998,0.0219856973016268,0.0,0.0,0.0,0.14285714285714285,-0.0006473527864122135,0.0,0.0,0.0,0.0
rg3,42,0,xgboost_balanced,shallower_tree,0.02985785765371089,0.6645676493644714,fixed_0.5,0.023619250455708646,0.5398671096345515,0.10230269089234083,0.33600098326437045,0.03636363636363636,0.020833333333333332,0.14285714285714285,0.008646987336693153,340,47,6,1,0.8571428571428571,0.12144702842377261,394,7,197,0.0,0.0,0.0,0.0,0.0,0.0,0.0,0.0,0.0,0.14285714285714285,0.025,1.407142857142857,0.14285714285714285,0.012658227848101266,0.7124773960216998,0.0219856973016268,0.0,0.0,0.0,0.14285714285714285,0.0016335531540818474,0.03636363636363636,0.020833333333333332,0.14285714285714285,0.0
rg3,42,0,xgboost_balanced,inner_selected,0.035284498817462165,0.48557066917419434,fixed_0.5,0.021338344515214585,0.4992617201919528,0.05582202075317304,0.21645189830943667,0.0,0.0,0.0,-0.025814621222141714,373,14,7,0,1.0,0.03617571059431524,394,7,197,0.0,0.0,0.0,0.0,0.0,0.0,0.0,0.0,0.0,0.14285714285714285,0.025,1.407142857142857,0.14285714285714285,0.012658227848101266,0.7124773960216998,0.0219856973016268,0.0,0.0,0.0,0.14285714285714285,-0.0006473527864122135,0.0,0.0,0.0,0.0
rg3,42,0,xgboost_balanced,base,0.03295857369076774,0.403391033411026,inner_f1,0.0219856973016268,0.517718715393134,0.0566682450901715,0.21564085698012048,0.0,0.0,0.0,-0.03425297490066169,363,24,7,0,1.0,0.06201550387596899,394,7,197,0.0,0.0,0.0,0.0,0.0,0.0,0.0,0.0,0.0,0.14285714285714285,0.025,1.407142857142857,0.14285714285714285,0.012658227848101266,0.7124773960216998,0.0219856973016268,0.0,0.0,0.0,0.14285714285714285,0.0,0.0,0.0,0.0,0.0
rg3,42,0,xgboost_balanced,temperature_differences,0.026819255564336647,0.12151170521974564,inner_f1,0.019444852025918603,0.49557032115171645,0.05548738677099387,0.2090440459206039,0.014814814814814815,0.0078125,0.14285714285714285,-0.05227010969162833,260,127,6,1,0.8571428571428571,0.3281653746770026,394,7,197,0.0,0.0,0.0,0.0,0.0,0.0,0.0,0.0,0.0,0.0,0.0,0.0,0.14285714285714285,0.012658227848101266,0.7124773960216998,0.0219856973016268,0.0,0.0,0.0,0.14285714285714285,-0.0025408452757081958,0.014814814814814815,0.0078125,0.14285714285714285,-0.14285714285714285
rg3,42,0,xgboost_balanced,pressure_difference,0.035284498817462165,0.48557066917419434,inner_f1,0.021338344515214585,0.4992617201919528,0.05582202075317304,0.21645189830943667,0.0,0.0,0.0,-0.02766990250509735,371,16,7,0,1.0,0.041343669250646,394,7,197,0.0,0.0,0.0,0.0,0.0,0.0,0.0,0.0,0.0,0.14285714285714285,0.025,1.407142857142857,0.14285714285714285,0.012658227848101266,0.7124773960216998,0.0219856973016268,0.0,0.0,0.0,0.14285714285714285,-0.0006473527864122135,0.0,0.0,0.0,0.0
rg3,42,0,xgboost_balanced,shallower_tree,0.02985785765371089,0.6645676493644714,inner_f1,0.023619250455708646,0.5398671096345515,0.10230269089234083,0.33600098326437045,0.0,0.0,0.0,-0.02942631418226364,369,18,7,0,1.0,0.046511627906976744,394,7,197,0.0,0.0,0.0,0.0,0.0,0.0,0.0,0.0,0.0,0.14285714285714285,0.025,1.407142857142857,0.14285714285714285,0.012658227848101266,0.7124773960216998,0.0219856973016268,0.0,0.0,0.0,0.14285714285714285,0.0016335531540818474,0.0,0.0,0.0,0.0
rg3,42,0,xgboost_balanced,inner_selected,0.035284498817462165,0.48557066917419434,inner_f1,0.021338344515214585,0.4992617201919528,0.05582202075317304,0.21645189830943667,0.0,0.0,0.0,-0.02766990250509735,371,16,7,0,1.0,0.041343669250646,394,7,197,0.0,0.0,0.0,0.0,0.0,0.0,0.0,0.0,0.0,0.14285714285714285,0.025,1.407142857142857,0.14285714285714285,0.012658227848101266,0.7124773960216998,0.0219856973016268,0.0,0.0,0.0,0.14285714285714285,-0.0006473527864122135,0.0,0.0,0.0,0.0
rg3,42,0,catboost_balanced,base,0.024452983047970004,0.3789826777106165,fixed_0.5,0.019545142724521326,0.49704688076781095,0.06934373238251483,0.26017481905552226,0.0,0.0,0.0,-0.02942631418226364,369,18,7,0,1.0,0.046511627906976744,394,7,197,0.0,0.0,0.0,0.0,0.0,0.0,0.0,0.0,0.0,0.0,0.0,0.0,0.14285714285714285,0.012658227848101266,0.7124773960216998,0.019545142724521326,0.0,0.0,0.0,0.0,0.0,0.0,0.0,0.0,0.0
rg3,42,0,catboost_balanced,temperature_differences,0.027984178534698007,0.38823711477060363,fixed_0.5,0.022377856450246727,0.5775193798449612,0.06428615162409998,0.2472177418946563,0.0,0.0,0.0,-0.02383704844238779,375,12,7,0,1.0,0.031007751937984496,394,7,197,0.0,0.0,0.0,0.0,0.0,0.0,0.0,0.0,0.0,0.0,0.0,0.0,0.0,0.0,0.0,0.019545142724521326,0.0,0.0,0.0,0.0,0.0028327137257254005,0.0,0.0,0.0,0.0
rg3,42,0,catboost_balanced,pressure_difference,0.021736083777687258,0.026949992733873763,fixed_0.5,0.02196285514648893,0.49261720191952746,0.06435834533199523,0.25141664748173953,0.0,0.0,0.0,-0.021703407528853153,377,10,7,0,1.0,0.025839793281653745,394,7,197,0.0,0.0,0.0,0.0,0.0,0.0,0.0,0.0,0.0,0.14285714285714285,0.025,1.407142857142857,0.14285714285714285,0.012658227848101266,0.7124773960216998,0.019545142724521326,0.0,0.0,0.0,0.0,0.002417712421967602,0.0,0.0,0.0,0.14285714285714285
rg3,42,0,catboost_balanced,shallower_tree,0.022132775753222048,0.4254382781522524,fixed_0.5,0.03089402694768627,0.570874861572536,0.11498681855063086,0.37910948010184325,0.03389830508474576,0.019230769230769232,0.14285714285714285,0.004322171818885134,336,51,6,1,0.8571428571428571,0.13178294573643412,394,7,197,0.0,0.0,0.0,0.14285714285714285,0.08333333333333333,4.69047619047619,0.14285714285714285,0.05,2.814285714285714,0.14285714285714285,0.025,1.407142857142857,0.14285714285714285,0.012658227848101266,0.7124773960216998,0.019545142724521326,0.0,0.0,0.0,0.0,0.011348884223164945,0.03389830508474576,0.019230769230769232,0.14285714285714285,0.14285714285714285
rg3,42,0,catboost_balanced,inner_selected,0.027984178534698007,0.38823711477060363,fixed_0.5,0.022377856450246727,0.5775193798449612,0.06428615162409998,0.2472177418946563,0.0,0.0,0.0,-0.02383704844238779,375,12,7,0,1.0,0.031007751937984496,394,7,197,0.0,0.0,0.0,0.0,0.0,0.0,0.0,0.0,0.0,0.0,0.0,0.0,0.0,0.0,0.0,0.019545142724521326,0.0,0.0,0.0,0.0,0.0028327137257254005,0.0,0.0,0.0,0.0
rg3,42,0,catboost_balanced,base,0.024452983047970004,0.3789826777106165,inner_f1,0.019545142724521326,0.49704688076781095,0.06934373238251483,0.26017481905552226,0.0,0.0,0.0,-0.052442351402472956,335,52,7,0,1.0,0.1343669250645995,394,7,197,0.0,0.0,0.0,0.0,0.0,0.0,0.0,0.0,0.0,0.0,0.0,0.0,0.14285714285714285,0.012658227848101266,0.7124773960216998,0.019545142724521326,0.0,0.0,0.0,0.0,0.0,0.0,0.0,0.0,0.0
rg3,42,0,catboost_balanced,temperature_differences,0.027984178534698007,0.38823711477060363,inner_f1,0.022377856450246727,0.5775193798449612,0.06428615162409998,0.2472177418946563,0.0,0.0,0.0,-0.04768544650923937,343,44,7,0,1.0,0.11369509043927649,394,7,197,0.0,0.0,0.0,0.0,0.0,0.0,0.0,0.0,0.0,0.0,0.0,0.0,0.0,0.0,0.0,0.019545142724521326,0.0,0.0,0.0,0.0,0.0028327137257254005,0.0,0.0,0.0,0.0
rg3,42,0,catboost_balanced,pressure_difference,0.021736083777687258,0.026949992733873763,inner_f1,0.02196285514648893,0.49261720191952746,0.06435834533199523,0.25141664748173953,0.03773584905660377,0.019230769230769232,1.0,0.03861032639995152,30,357,0,7,0.0,0.9224806201550387,394,7,197,0.0,0.0,0.0,0.0,0.0,0.0,0.0,0.0,0.0,0.14285714285714285,0.025,1.407142857142857,0.14285714285714285,0.012658227848101266,0.7124773960216998,0.019545142724521326,0.0,0.0,0.0,0.0,0.002417712421967602,0.03773584905660377,0.019230769230769232,1.0,0.14285714285714285
rg3,42,0,catboost_balanced,shallower_tree,0.022132775753222048,0.4254382781522524,inner_f1,0.03089402694768627,0.570874861572536,0.11498681855063086,0.37910948010184325,0.02197802197802198,0.011904761904761904,0.14285714285714285,-0.023098125541407437,304,83,6,1,0.8571428571428571,0.2144702842377261,394,7,197,0.0,0.0,0.0,0.14285714285714285,0.08333333333333333,4.69047619047619,0.14285714285714285,0.05,2.814285714285714,0.14285714285714285,0.025,1.407142857142857,0.14285714285714285,0.012658227848101266,0.7124773960216998,0.019545142724521326,0.0,0.0,0.0,0.0,0.011348884223164945,0.02197802197802198,0.011904761904761904,0.14285714285714285,0.14285714285714285
rg3,42,0,catboost_balanced,inner_selected,0.027984178534698007,0.38823711477060363,inner_f1,0.022377856450246727,0.5775193798449612,0.06428615162409998,0.2472177418946563,0.0,0.0,0.0,-0.04768544650923937,343,44,7,0,1.0,0.11369509043927649,394,7,197,0.0,0.0,0.0,0.0,0.0,0.0,0.0,0.0,0.0,0.0,0.0,0.0,0.0,0.0,0.0,0.019545142724521326,0.0,0.0,0.0,0.0,0.0028327137257254005,0.0,0.0,0.0,0.0
rg3,42,1,xgboost_balanced,base,0.030953847439790766,0.32025885581970215,fixed_0.5,0.037421894070308895,0.4786458333333334,0.05379203997497507,0.21487474869196613,0.0,0.0,0.0,-0.026041666666666668,374,10,10,0,1.0,0.026041666666666668,394,10,197,0.0,0.0,0.0,0.1,0.08333333333333333,3.283333333333333,0.1,0.05,1.9700000000000002,0.2,0.05,1.9700000000000002,0.2,0.02531645569620253,0.9974683544303797,0.037421894070308895,0.0,0.0,0.0,0.2,0.0,0.0,0.0,0.0,0.0
rg3,42,1,xgboost_balanced,temperature_differences,0.047653471719974416,0.40552785992622375,fixed_0.5,0.03703422454045701,0.45364583333333336,0.03824654886669604,0.17119558483361247,0.0,0.0,0.0,-0.020067540595872988,378,6,10,0,1.0,0.015625,394,10,197,0.0,0.0,0.0,0.1,0.08333333333333333,3.283333333333333,0.1,0.05,1.9700000000000002,0.2,0.05,1.9700000000000002,0.2,0.02531645569620253,0.9974683544303797,0.037421894070308895,0.0,0.0,0.0,0.2,-0.0003876695298518848,0.0,0.0,0.0,0.0
rg3,42,1,xgboost_balanced,pressure_difference,0.026461743586175056,0.24919602274894714,fixed_0.5,0.035012296179731825,0.44270833333333337,0.05119519519190302,0.2097882289090232,0.08333333333333333,0.07142857142857142,0.1,0.05619689082900511,371,13,9,1,0.9,0.033854166666666664,394,10,197,0.0,0.0,0.0,0.0,0.0,0.0,0.1,0.05,1.9700000000000002,0.2,0.05,1.9700000000000002,0.2,0.02531645569620253,0.9974683544303797,0.037421894070308895,0.0,0.0,0.0,0.2,-0.00240959789057707,0.08333333333333333,0.07142857142857142,0.1,0.0
rg3,42,1,xgboost_balanced,shallower_tree,0.03111405962373108,0.44333451986312866,fixed_0.5,0.03353993734907973,0.46614583333333337,0.08855780012231172,0.3078937055600765,0.043478260869565216,0.027777777777777776,0.1,0.004833041687298905,349,35,9,1,0.9,0.09114583333333333,394,10,197,0.0,0.0,0.0,0.1,0.08333333333333333,3.283333333333333,0.1,0.05,1.9700000000000002,0.1,0.025,0.9850000000000001,0.2,0.02531645569620253,0.9974683544303797,0.037421894070308895,0.0,0.0,0.0,0.2,-0.0038819567212291656,0.043478260869565216,0.027777777777777776,0.1,-0.1
rg3,42,1,xgboost_balanced,inner_selected,0.047653471719974416,0.40552785992622375,fixed_0.5,0.03703422454045701,0.45364583333333336,0.03824654886669604,0.17119558483361247,0.0,0.0,0.0,-0.020067540595872988,378,6,10,0,1.0,0.015625,394,10,197,0.0,0.0,0.0,0.1,0.08333333333333333,3.283333333333333,0.1,0.05,1.9700000000000002,0.2,0.05,1.9700000000000002,0.2,0.02531645569620253,0.9974683544303797,0.037421894070308895,0.0,0.0,0.0,0.2,-0.0003876695298518848,0.0,0.0,0.0,0.0
rg3,42,1,xgboost_balanced,base,0.030953847439790766,0.32025885581970215,inner_f1,0.037421894070308895,0.4786458333333334,0.05379203997497507,0.21487474869196613,0.09090909090909091,0.058823529411764705,0.2,0.06534640392130713,352,32,8,2,0.8,0.08333333333333333,394,10,197,0.0,0.0,0.0,0.1,0.08333333333333333,3.283333333333333,0.1,0.05,1.9700000000000002,0.2,0.05,1.9700000000000002,0.2,0.02531645569620253,0.9974683544303797,0.037421894070308895,0.09090909090909091,0.058823529411764705,0.2,0.2,0.0,0.0,0.0,0.0,0.0
rg3,42,1,xgboost_balanced,temperature_differences,0.047653471719974416,0.40552785992622375,inner_f1,0.03703422454045701,0.45364583333333336,0.03824654886669604,0.17119558483361247,0.1111111111111111,0.125,0.1,0.09118541732354891,377,7,9,1,0.9,0.018229166666666668,394,10,197,0.0,0.0,0.0,0.1,0.08333333333333333,3.283333333333333,0.1,0.05,1.9700000000000002,0.2,0.05,1.9700000000000002,0.2,0.02531645569620253,0.9974683544303797,0.037421894070308895,0.09090909090909091,0.058823529411764705,0.2,0.2,-0.0003876695298518848,0.020202020202020193,0.0661764705882353,-0.1,0.0
rg3,42,1,xgboost_balanced,pressure_difference,0.026461743586175056,0.24919602274894714,inner_f1,0.035012296179731825,0.44270833333333337,0.05119519519190302,0.2097882289090232,0.07142857142857142,0.043478260869565216,0.2,0.041834992331479866,340,44,8,2,0.8,0.11458333333333333,394,10,197,0.0,0.0,0.0,0.0,0.0,0.0,0.1,0.05,1.9700000000000002,0.2,0.05,1.9700000000000002,0.2,0.02531645569620253,0.9974683544303797,0.037421894070308895,0.09090909090909091,0.058823529411764705,0.2,0.2,-0.00240959789057707,-0.019480519480519487,-0.015345268542199489,0.0,0.0
rg3,42,1,xgboost_balanced,shallower_tree,0.03111405962373108,0.44333451986312866,inner_f1,0.03353993734907973,0.46614583333333337,0.08855780012231172,0.3078937055600765,0.03225806451612903,0.019230769230769232,0.1,-0.015247203898441438,333,51,9,1,0.9,0.1328125,394,10,197,0.0,0.0,0.0,0.1,0.08333333333333333,3.283333333333333,0.1,0.05,1.9700000000000002,0.1,0.025,0.9850000000000001,0.2,0.02531645569620253,0.9974683544303797,0.037421894070308895,0.09090909090909091,0.058823529411764705,0.2,0.2,-0.0038819567212291656,-0.05865102639296188,-0.03959276018099547,-0.1,-0.1
rg3,42,1,xgboost_balanced,inner_selected,0.047653471719974416,0.40552785992622375,inner_f1,0.03703422454045701,0.45364583333333336,0.03824654886669604,0.17119558483361247,0.1111111111111111,0.125,0.1,0.09118541732354891,377,7,9,1,0.9,0.018229166666666668,394,10,197,0.0,0.0,0.0,0.1,0.08333333333333333,3.283333333333333,0.1,0.05,1.9700000000000002,0.2,0.05,1.9700000000000002,0.2,0.02531645569620253,0.9974683544303797,0.037421894070308895,0.09090909090909091,0.058823529411764705,0.2,0.2,-0.0003876695298518848,0.020202020202020193,0.0661764705882353,-0.1,0.0
rg3,42,1,catboost_balanced,base,0.0303673683494139,0.19410327378313214,fixed_0.5,0.02188492460499323,0.40260416666666665,0.07008340653399,0.2648169621532101,0.0,0.0,0.0,-0.03320079470373316,368,16,10,0,1.0,0.041666666666666664,394,10,197,0.0,0.0,0.0,0.0,0.0,0.0,0.0,0.0,0.0,0.0,0.0,0.0,0.0,0.0,0.0,0.02188492460499323,0.0,0.0,0.0,0.0,0.0,0.0,0.0,0.0,0.0
rg3,42,1,catboost_balanced,temperature_differences,0.04948380809115108,0.454392847397268,fixed_0.5,0.02760512556773418,0.484375,0.054938518048506794,0.2196641684586502,0.0,0.0,0.0,-0.030974664236459507,370,14,10,0,1.0,0.036458333333333336,394,10,197,0.0,0.0,0.0,0.0,0.0,0.0,0.0,0.0,0.0,0.0,0.0,0.0,0.1,0.012658227848101266,0.49873417721518987,0.02188492460499323,0.0,0.0,0.0,0.0,0.005720200962740951,0.0,0.0,0.0,0.0
rg3,42,1,catboost_balanced,pressure_difference,0.028139646805397066,0.20650994492558264,fixed_0.5,0.02326953102149451,0.3864583333333333,0.06643764749536948,0.25825736152031653,0.0,0.0,0.0,-0.030974664236459507,370,14,10,0,1.0,0.036458333333333336,394,10,197,0.0,0.0,0.0,0.0,0.0,0.0,0.0,0.0,0.0,0.0,0.0,0.0,0.2,0.02531645569620253,0.9974683544303797,0.02188492460499323,0.0,0.0,0.0,0.0,0.0013846064165012814,0.0,0.0,0.0,0.0
rg3,42,1,catboost_balanced,shallower_tree,0.03242268909532228,0.3847081198744824,fixed_0.5,0.02788753028766206,0.46249999999999997,0.11164093938021909,0.36578566330996887,0.02857142857142857,0.016666666666666666,0.1,-0.023482955200813345,325,59,9,1,0.9,0.15364583333333334,394,10,197,0.0,0.0,0.0,0.0,0.0,0.0,0.0,0.0,0.0,0.1,0.025,0.9850000000000001,0.2,0.02531645569620253,0.9974683544303797,0.02188492460499323,0.0,0.0,0.0,0.0,0.006002605682668832,0.02857142857142857,0.016666666666666666,0.1,0.1
rg3,42,1,catboost_balanced,inner_selected,0.04948380809115108,0.454392847397268,fixed_0.5,0.02760512556773418,0.484375,0.054938518048506794,0.2196641684586502,0.0,0.0,0.0,-0.030974664236459507,370,14,10,0,1.0,0.036458333333333336,394,10,197,0.0,0.0,0.0,0.0,0.0,0.0,0.0,0.0,0.0,0.0,0.0,0.0,0.1,0.012658227848101266,0.49873417721518987,0.02188492460499323,0.0,0.0,0.0,0.0,0.005720200962740951,0.0,0.0,0.0,0.0
rg3,42,1,catboost_balanced,base,0.0303673683494139,0.19410327378313214,inner_f1,0.02188492460499323,0.40260416666666665,0.07008340653399,0.2648169621532101,0.028985507246376812,0.015625,0.2,-0.043028250413497136,258,126,8,2,0.8,0.328125,394,10,197,0.0,0.0,0.0,0.0,0.0,0.0,0.0,0.0,0.0,0.0,0.0,0.0,0.0,0.0,0.0,0.02188492460499323,0.028985507246376812,0.015625,0.2,0.0,0.0,0.0,0.0,0.0,0.0
rg3,42,1,catboost_balanced,temperature_differences,0.04948380809115108,0.454392847397268,inner_f1,0.02760512556773418,0.484375,0.054938518048506794,0.2196641684586502,0.0,0.0,0.0,-0.035308292679127,366,18,10,0,1.0,0.046875,394,10,197,0.0,0.0,0.0,0.0,0.0,0.0,0.0,0.0,0.0,0.0,0.0,0.0,0.1,0.012658227848101266,0.49873417721518987,0.02188492460499323,0.028985507246376812,0.015625,0.2,0.0,0.005720200962740951,-0.028985507246376812,-0.015625,-0.2,0.0
rg3,42,1,catboost_balanced,pressure_difference,0.028139646805397066,0.20650994492558264,inner_f1,0.02326953102149451,0.3864583333333333,0.06643764749536948,0.25825736152031653,0.03333333333333333,0.01818181818181818,0.2,-0.028486131135931216,276,108,8,2,0.8,0.28125,394,10,197,0.0,0.0,0.0,0.0,0.0,0.0,0.0,0.0,0.0,0.0,0.0,0.0,0.2,0.02531645569620253,0.9974683544303797,0.02188492460499323,0.028985507246376812,0.015625,0.2,0.0,0.0013846064165012814,0.004347826086956521,0.002556818181818181,0.0,0.0
rg3,42,1,catboost_balanced,shallower_tree,0.03242268909532228,0.3847081198744824,inner_f1,0.02788753028766206,0.46249999999999997,0.11164093938021909,0.36578566330996887,0.037037037037037035,0.02040816326530612,0.2,-0.018191843999057523,288,96,8,2,0.8,0.25,394,10,197,0.0,0.0,0.0,0.0,0.0,0.0,0.0,0.0,0.0,0.1,0.025,0.9850000000000001,0.2,0.02531645569620253,0.9974683544303797,0.02188492460499323,0.028985507246376812,0.015625,0.2,0.0,0.006002605682668832,0.008051529790660223,0.004783163265306121,0.0,0.1
rg3,42,1,catboost_balanced,inner_selected,0.04948380809115108,0.454392847397268,inner_f1,0.02760512556773418,0.484375,0.054938518048506794,0.2196641684586502,0.0,0.0,0.0,-0.035308292679127,366,18,10,0,1.0,0.046875,394,10,197,0.0,0.0,0.0,0.0,0.0,0.0,0.0,0.0,0.0,0.0,0.0,0.0,0.1,0.012658227848101266,0.49873417721518987,0.02188492460499323,0.028985507246376812,0.015625,0.2,0.0,0.005720200962740951,-0.028985507246376812,-0.015625,-0.2,0.0
rg3,42,2,xgboost_balanced,base,0.03075326259856609,0.613593339920044,fixed_0.5,0.027776082500479575,0.38277202072538863,0.042563668890842205,0.18930225928895364,0.0,0.0,0.0,-0.02072538860103627,378,8,8,0,1.0,0.02072538860103627,394,8,197,0.0,0.0,0.0,0.125,0.08333333333333333,4.104166666666667,0.125,0.05,2.4625000000000004,0.125,0.025,1.2312500000000002,0.25,0.02531645569620253,1.2468354430379747,0.027776082500479575,0.0,0.0,0.0,0.125,0.0,0.0,0.0,0.0,0.0
rg3,42,2,xgboost_balanced,temperature_differences,0.023665749038071178,0.038329679518938065,fixed_0.5,0.01861656164906577,0.3873056994818652,0.0397142300073633,0.175881102913494,0.0,0.0,0.0,-0.017902393695146603,380,6,8,0,1.0,0.015544041450777202,394,8,197,0.0,0.0,0.0,0.0,0.0,0.0,0.0,0.0,0.0,0.0,0.0,0.0,0.125,0.012658227848101266,0.6234177215189873,0.027776082500479575,0.0,0.0,0.0,0.125,-0.009159520851413805,0.0,0.0,0.0,-0.125
rg3,42,2,xgboost_balanced,pressure_difference,0.024400568214945045,0.0545172244310379,fixed_0.5,0.028744088363296415,0.4125647668393782,0.03870226677773367,0.17762890926260758,0.0,0.0,0.0,-0.014579714956601745,382,4,8,0,1.0,0.010362694300518135,394,8,197,0.0,0.0,0.0,0.0,0.0,0.0,0.0,0.0,0.0,0.25,0.05,2.4625000000000004,0.25,0.02531645569620253,1.2468354430379747,0.027776082500479575,0.0,0.0,0.0,0.125,0.0009680058628168398,0.0,0.0,0.0,0.125
rg3,42,2,xgboost_balanced,shallower_tree,0.034592303788346476,0.7569591999053955,fixed_0.5,0.021166031713647938,0.38665803108808294,0.06868872546935756,0.2698137455380297,0.0,0.0,0.0,-0.03149877550890267,368,18,8,0,1.0,0.046632124352331605,394,8,197,0.0,0.0,0.0,0.0,0.0,0.0,0.0,0.0,0.0,0.125,0.025,1.2312500000000002,0.125,0.012658227848101266,0.6234177215189873,0.027776082500479575,0.0,0.0,0.0,0.125,-0.006610050786831637,0.0,0.0,0.0,0.0
rg3,42,2,xgboost_balanced,inner_selected,0.034592303788346476,0.7569591999053955,fixed_0.5,0.021166031713647938,0.38665803108808294,0.06868872546935756,0.2698137455380297,0.0,0.0,0.0,-0.03149877550890267,368,18,8,0,1.0,0.046632124352331605,394,8,197,0.0,0.0,0.0,0.0,0.0,0.0,0.0,0.0,0.0,0.125,0.025,1.2312500000000002,0.125,0.012658227848101266,0.6234177215189873,0.027776082500479575,0.0,0.0,0.0,0.125,-0.006610050786831637,0.0,0.0,0.0,0.0
rg3,42,2,xgboost_balanced,base,0.03075326259856609,0.613593339920044,inner_f1,0.027776082500479575,0.38277202072538863,0.042563668890842205,0.18930225928895364,0.0,0.0,0.0,-0.014579714956601745,382,4,8,0,1.0,0.010362694300518135,394,8,197,0.0,0.0,0.0,0.125,0.08333333333333333,4.104166666666667,0.125,0.05,2.4625000000000004,0.125,0.025,1.2312500000000002,0.25,0.02531645569620253,1.2468354430379747,0.027776082500479575,0.0,0.0,0.0,0.125,0.0,0.0,0.0,0.0,0.0
rg3,42,2,xgboost_balanced,temperature_differences,0.023665749038071178,0.038329679518938065,inner_f1,0.01861656164906577,0.3873056994818652,0.0397142300073633,0.175881102913494,0.02459016393442623,0.012711864406779662,0.375,-0.06579327581689265,153,233,5,3,0.625,0.6036269430051814,394,8,197,0.0,0.0,0.0,0.0,0.0,0.0,0.0,0.0,0.0,0.0,0.0,0.0,0.125,0.012658227848101266,0.6234177215189873,0.027776082500479575,0.0,0.0,0.0,0.125,-0.009159520851413805,0.02459016393442623,0.012711864406779662,0.375,-0.125
rg3,42,2,xgboost_balanced,pressure_difference,0.024400568214945045,0.0545172244310379,inner_f1,0.028744088363296415,0.4125647668393782,0.03870226677773367,0.17762890926260758,0.037037037037037035,0.019230769230769232,0.5,-0.008051112343334074,182,204,4,4,0.5,0.5284974093264249,394,8,197,0.0,0.0,0.0,0.0,0.0,0.0,0.0,0.0,0.0,0.25,0.05,2.4625000000000004,0.25,0.02531645569620253,1.2468354430379747,0.027776082500479575,0.0,0.0,0.0,0.125,0.0009680058628168398,0.037037037037037035,0.019230769230769232,0.5,0.125
rg3,42,2,xgboost_balanced,shallower_tree,0.034592303788346476,0.7569591999053955,inner_f1,0.021166031713647938,0.38665803108808294,0.06868872546935756,0.2698137455380297,0.0,0.0,0.0,-0.010283082153552779,384,2,8,0,1.0,0.0051813471502590676,394,8,197,0.0,0.0,0.0,0.0,0.0,0.0,0.0,0.0,0.0,0.125,0.025,1.2312500000000002,0.125,0.012658227848101266,0.6234177215189873,0.027776082500479575,0.0,0.0,0.0,0.125,-0.006610050786831637,0.0,0.0,0.0,0.0
rg3,42,2,xgboost_balanced,inner_selected,0.034592303788346476,0.7569591999053955,inner_f1,0.021166031713647938,0.38665803108808294,0.06868872546935756,0.2698137455380297,0.0,0.0,0.0,-0.010283082153552779,384,2,8,0,1.0,0.0051813471502590676,394,8,197,0.0,0.0,0.0,0.0,0.0,0.0,0.0,0.0,0.0,0.125,0.025,1.2312500000000002,0.125,0.012658227848101266,0.6234177215189873,0.027776082500479575,0.0,0.0,0.0,0.125,-0.006610050786831637,0.0,0.0,0.0,0.0
rg3,42,2,catboost_balanced,base,0.030946183756253454,0.5439989274636424,fixed_0.5,0.03133109405188209,0.46243523316062174,0.045362417036485504,0.19969190497974373,0.0,0.0,0.0,-0.02072538860103627,378,8,8,0,1.0,0.02072538860103627,394,8,197,0.0,0.0,0.0,0.125,0.08333333333333333,4.104166666666667,0.125,0.05,2.4625000000000004,0.125,0.025,1.2312500000000002,0.25,0.02531645569620253,1.2468354430379747,0.03133109405188209,0.0,0.0,0.0,0.125,0.0,0.0,0.0,0.0,0.0
rg3,42,2,catboost_balanced,temperature_differences,0.02837115480878834,0.15490276962292374,fixed_0.5,0.022461752028874037,0.4183937823834197,0.05045723226785701,0.21669427563049157,0.0,0.0,0.0,-0.010283082153552779,384,2,8,0,1.0,0.0051813471502590676,394,8,197,0.0,0.0,0.0,0.0,0.0,0.0,0.0,0.0,0.0,0.125,0.025,1.2312500000000002,0.125,0.012658227848101266,0.6234177215189873,0.03133109405188209,0.0,0.0,0.0,0.125,-0.008869342023008056,0.0,0.0,0.0,0.0
rg3,42,2,catboost_balanced,pressure_difference,0.026954866103400935,0.5879740495354392,fixed_0.5,0.017751254909624776,0.38018134715025903,0.042903899043882664,0.19651518481281385,0.0,0.0,0.0,-0.010283082153552779,384,2,8,0,1.0,0.0051813471502590676,394,8,197,0.0,0.0,0.0,0.0,0.0,0.0,0.0,0.0,0.0,0.0,0.0,0.0,0.125,0.012658227848101266,0.6234177215189873,0.03133109405188209,0.0,0.0,0.0,0.125,-0.013579839142257317,0.0,0.0,0.0,-0.125
rg3,42,2,catboost_balanced,shallower_tree,0.033040693733192204,0.7053682396399074,fixed_0.5,0.01809009698775719,0.41062176165803105,0.08932079597987795,0.32209683369577924,0.0,0.0,0.0,-0.03149877550890267,368,18,8,0,1.0,0.046632124352331605,394,8,197,0.0,0.0,0.0,0.0,0.0,0.0,0.0,0.0,0.0,0.0,0.0,0.0,0.0,0.0,0.0,0.03133109405188209,0.0,0.0,0.0,0.125,-0.013240997064124904,0.0,0.0,0.0,-0.125
rg3,42,2,catboost_balanced,inner_selected,0.033040693733192204,0.7053682396399074,fixed_0.5,0.01809009698775719,0.41062176165803105,0.08932079597987795,0.32209683369577924,0.0,0.0,0.0,-0.03149877550890267,368,18,8,0,1.0,0.046632124352331605,394,8,197,0.0,0.0,0.0,0.0,0.0,0.0,0.0,0.0,0.0,0.0,0.0,0.0,0.0,0.0,0.0,0.03133109405188209,0.0,0.0,0.0,0.125,-0.013240997064124904,0.0,0.0,0.0,-0.125
rg3,42,2,catboost_balanced,base,0.030946183756253454,0.5439989274636424,inner_f1,0.03133109405188209,0.46243523316062174,0.045362417036485504,0.19969190497974373,0.0,0.0,0.0,-0.014579714956601745,382,4,8,0,1.0,0.010362694300518135,394,8,197,0.0,0.0,0.0,0.125,0.08333333333333333,4.104166666666667,0.125,0.05,2.4625000000000004,0.125,0.025,1.2312500000000002,0.25,0.02531645569620253,1.2468354430379747,0.03133109405188209,0.0,0.0,0.0,0.125,0.0,0.0,0.0,0.0,0.0
rg3,42,2,catboost_balanced,temperature_differences,0.02837115480878834,0.15490276962292374,inner_f1,0.022461752028874037,0.4183937823834197,0.05045723226785701,0.21669427563049157,0.04,0.02112676056338028,0.375,0.004375974103883932,247,139,5,3,0.625,0.3601036269430052,394,8,197,0.0,0.0,0.0,0.0,0.0,0.0,0.0,0.0,0.0,0.125,0.025,1.2312500000000002,0.125,0.012658227848101266,0.6234177215189873,0.03133109405188209,0.0,0.0,0.0,0.125,-0.008869342023008056,0.04,0.02112676056338028,0.375,0.0
rg3,42,2,catboost_balanced,pressure_difference,0.026954866103400935,0.5879740495354392,inner_f1,0.017751254909624776,0.38018134715025903,0.042903899043882664,0.19651518481281385,0.0,0.0,0.0,0.0,386,0,8,0,1.0,0.0,394,8,197,0.0,0.0,0.0,0.0,0.0,0.0,0.0,0.0,0.0,0.0,0.0,0.0,0.125,0.012658227848101266,0.6234177215189873,0.03133109405188209,0.0,0.0,0.0,0.125,-0.013579839142257317,0.0,0.0,0.0,-0.125
rg3,42,2,catboost_balanced,shallower_tree,0.033040693733192204,0.7053682396399074,inner_f1,0.01809009698775719,0.41062176165803105,0.08932079597987795,0.32209683369577924,0.0,0.0,0.0,0.0,386,0,8,0,1.0,0.0,394,8,197,0.0,0.0,0.0,0.0,0.0,0.0,0.0,0.0,0.0,0.0,0.0,0.0,0.0,0.0,0.0,0.03133109405188209,0.0,0.0,0.0,0.125,-0.013240997064124904,0.0,0.0,0.0,-0.125
rg3,42,2,catboost_balanced,inner_selected,0.033040693733192204,0.7053682396399074,inner_f1,0.01809009698775719,0.41062176165803105,0.08932079597987795,0.32209683369577924,0.0,0.0,0.0,0.0,386,0,8,0,1.0,0.0,394,8,197,0.0,0.0,0.0,0.0,0.0,0.0,0.0,0.0,0.0,0.0,0.0,0.0,0.0,0.0,0.0,0.03133109405188209,0.0,0.0,0.0,0.125,-0.013240997064124904,0.0,0.0,0.0,-0.125
rg3,1729,0,xgboost_balanced,base,0.011177859842626103,0.0032410197891294956,fixed_0.5,0.11084823566198218,0.6609304533586517,0.04097004310072413,0.1731306637956189,0.13333333333333333,0.25,0.09090909090909091,0.13652431796595635,380,3,10,1,0.9090909090909091,0.007832898172323759,394,11,197,0.09090909090909091,0.25,8.954545454545455,0.09090909090909091,0.08333333333333333,2.9848484848484844,0.18181818181818182,0.1,3.581818181818182,0.36363636363636365,0.1,3.581818181818182,0.5454545454545454,0.0759493670886076,2.7203682393555813,0.11084823566198218,0.13333333333333333,0.25,0.09090909090909091,0.36363636363636365,0.0,0.0,0.0,0.0,0.0
rg3,1729,0,xgboost_balanced,temperature_differences,0.01387219846320117,0.003426619339734316,fixed_0.5,0.045318828416687766,0.6101352955138856,0.042355990580059094,0.1708104973586593,0.0,0.0,0.0,-0.027348363483114042,373,10,11,0,1.0,0.02610966057441253,394,11,197,0.0,0.0,0.0,0.0,0.0,0.0,0.09090909090909091,0.05,1.790909090909091,0.18181818181818182,0.05,1.790909090909091,0.2727272727272727,0.0379746835443038,1.3601841196777906,0.11084823566198218,0.13333333333333333,0.25,0.09090909090909091,0.36363636363636365,-0.06552940724529441,-0.13333333333333333,-0.25,-0.09090909090909091,-0.18181818181818182
rg3,1729,0,xgboost_balanced,pressure_difference,0.011293995314249846,0.003722621127963066,fixed_0.5,0.11442095716809503,0.6367196771896511,0.04112449300371491,0.17555749136873292,0.11764705882352941,0.16666666666666666,0.09090909090909091,0.10473374334394804,378,5,10,1,0.9090909090909091,0.013054830287206266,394,11,197,0.09090909090909091,0.25,8.954545454545455,0.09090909090909091,0.08333333333333333,2.9848484848484844,0.2727272727272727,0.15,5.372727272727272,0.36363636363636365,0.1,3.581818181818182,0.45454545454545453,0.06329113924050633,2.266973532796318,0.11084823566198218,0.13333333333333333,0.25,0.09090909090909091,0.36363636363636365,0.003572721506112847,-0.01568627450980392,-0.08333333333333334,0.0,0.0
rg3,1729,0,xgboost_balanced,shallower_tree,0.011172291217167634,0.003426977666094899,fixed_0.5,0.10485712919311128,0.626750534061239,0.0693866850041915,0.26173701123266846,0.16216216216216217,0.11538461538461539,0.2727272727272727,0.1411242662087143,360,23,8,3,0.7272727272727273,0.06005221932114883,394,11,197,0.09090909090909091,0.25,8.954545454545455,0.09090909090909091,0.08333333333333333,2.9848484848484844,0.18181818181818182,0.1,3.581818181818182,0.2727272727272727,0.075,2.686363636363636,0.45454545454545453,0.06329113924050633,2.266973532796318,0.11084823566198218,0.13333333333333333,0.25,0.09090909090909091,0.36363636363636365,-0.0059911064688708965,0.02882882882882884,-0.1346153846153846,0.1818181818181818,-0.09090909090909094
rg3,1729,0,xgboost_balanced,inner_selected,0.01387219846320117,0.003426619339734316,fixed_0.5,0.045318828416687766,0.6101352955138856,0.042355990580059094,0.1708104973586593,0.0,0.0,0.0,-0.027348363483114042,373,10,11,0,1.0,0.02610966057441253,394,11,197,0.0,0.0,0.0,0.0,0.0,0.0,0.09090909090909091,0.05,1.790909090909091,0.18181818181818182,0.05,1.790909090909091,0.2727272727272727,0.0379746835443038,1.3601841196777906,0.11084823566198218,0.13333333333333333,0.25,0.09090909090909091,0.36363636363636365,-0.06552940724529441,-0.13333333333333333,-0.25,-0.09090909090909091,-0.18181818181818182
rg3,1729,0,xgboost_balanced,base,0.011177859842626103,0.0032410197891294956,inner_f1,0.11084823566198218,0.6609304533586517,0.04097004310072413,0.1731306637956189,0.05432098765432099,0.027918781725888325,1.0,0.0,0,383,0,11,0.0,1.0,394,11,197,0.09090909090909091,0.25,8.954545454545455,0.09090909090909091,0.08333333333333333,2.9848484848484844,0.18181818181818182,0.1,3.581818181818182,0.36363636363636365,0.1,3.581818181818182,0.5454545454545454,0.0759493670886076,2.7203682393555813,0.11084823566198218,0.05432098765432099,0.027918781725888325,1.0,0.36363636363636365,0.0,0.0,0.0,0.0,0.0
rg3,1729,0,xgboost_balanced,temperature_differences,0.01387219846320117,0.003426619339734316,inner_f1,0.045318828416687766,0.6101352955138856,0.042355990580059094,0.1708104973586593,0.05432098765432099,0.027918781725888325,1.0,0.0,0,383,0,11,0.0,1.0,394,11,197,0.0,0.0,0.0,0.0,0.0,0.0,0.09090909090909091,0.05,1.790909090909091,0.18181818181818182,0.05,1.790909090909091,0.2727272727272727,0.0379746835443038,1.3601841196777906,0.11084823566198218,0.05432098765432099,0.027918781725888325,1.0,0.36363636363636365,-0.06552940724529441,0.0,0.0,0.0,-0.18181818181818182
rg3,1729,0,xgboost_balanced,pressure_difference,0.011293995314249846,0.003722621127963066,inner_f1,0.11442095716809503,0.6367196771896511,0.04112449300371491,0.17555749136873292,0.05459057071960298,0.02806122448979592,1.0,0.012105115007557458,2,381,0,11,0.0,0.9947780678851175,394,11,197,0.09090909090909091,0.25,8.954545454545455,0.09090909090909091,0.08333333333333333,2.9848484848484844,0.2727272727272727,0.15,5.372727272727272,0.36363636363636365,0.1,3.581818181818182,0.45454545454545453,0.06329113924050633,2.266973532796318,0.11084823566198218,0.05432098765432099,0.027918781725888325,1.0,0.36363636363636365,0.003572721506112847,0.00026958306528199194,0.000142442763907593,0.0,0.0
rg3,1729,0,xgboost_balanced,shallower_tree,0.011172291217167634,0.003426977666094899,inner_f1,0.10485712919311128,0.626750534061239,0.0693866850041915,0.26173701123266846,0.05432098765432099,0.027918781725888325,1.0,0.0,0,383,0,11,0.0,1.0,394,11,197,0.09090909090909091,0.25,8.954545454545455,0.09090909090909091,0.08333333333333333,2.9848484848484844,0.18181818181818182,0.1,3.581818181818182,0.2727272727272727,0.075,2.686363636363636,0.45454545454545453,0.06329113924050633,2.266973532796318,0.11084823566198218,0.05432098765432099,0.027918781725888325,1.0,0.36363636363636365,-0.0059911064688708965,0.0,0.0,0.0,-0.09090909090909094
rg3,1729,0,xgboost_balanced,inner_selected,0.01387219846320117,0.003426619339734316,inner_f1,0.045318828416687766,0.6101352955138856,0.042355990580059094,0.1708104973586593,0.05432098765432099,0.027918781725888325,1.0,0.0,0,383,0,11,0.0,1.0,394,11,197,0.0,0.0,0.0,0.0,0.0,0.0,0.09090909090909091,0.05,1.790909090909091,0.18181818181818182,0.05,1.790909090909091,0.2727272727272727,0.0379746835443038,1.3601841196777906,0.11084823566198218,0.05432098765432099,0.027918781725888325,1.0,0.36363636363636365,-0.06552940724529441,0.0,0.0,0.0,-0.18181818181818182
rg3,1729,0,catboost_balanced,base,0.011976575982709745,0.0013676700277511992,fixed_0.5,0.04322662323945571,0.5721576074056491,0.044849405078310416,0.189098080724539,0.0,0.0,0.0,-0.027348363483114042,373,10,11,0,1.0,0.02610966057441253,394,11,197,0.0,0.0,0.0,0.0,0.0,0.0,0.0,0.0,0.0,0.09090909090909091,0.025,0.8954545454545455,0.45454545454545453,0.06329113924050633,2.266973532796318,0.04322662323945571,0.0,0.0,0.0,0.09090909090909091,0.0,0.0,0.0,0.0,0.0
rg3,1729,0,catboost_balanced,temperature_differences,0.012467366029635111,0.003053164070627718,fixed_0.5,0.045503619600183995,0.5773795395205317,0.049125050357406566,0.19968277859446323,0.0,0.0,0.0,-0.02439766685177993,375,8,11,0,1.0,0.020887728459530026,394,11,197,0.0,0.0,0.0,0.09090909090909091,0.08333333333333333,2.9848484848484844,0.09090909090909091,0.05,1.790909090909091,0.09090909090909091,0.025,0.8954545454545455,0.45454545454545453,0.06329113924050633,2.266973532796318,0.04322662323945571,0.0,0.0,0.0,0.09090909090909091,0.002276996360728284,0.0,0.0,0.0,0.0
rg3,1729,0,catboost_balanced,pressure_difference,0.011135611985474426,0.0012657258837919494,fixed_0.5,0.05870143114067761,0.6386185615950628,0.05259618960294749,0.2135779407189786,0.0,0.0,0.0,-0.02439766685177993,375,8,11,0,1.0,0.020887728459530026,394,11,197,0.0,0.0,0.0,0.09090909090909091,0.08333333333333333,2.9848484848484844,0.09090909090909091,0.05,1.790909090909091,0.2727272727272727,0.075,2.686363636363636,0.45454545454545453,0.06329113924050633,2.266973532796318,0.04322662323945571,0.0,0.0,0.0,0.09090909090909091,0.015474807901221896,0.0,0.0,0.0,0.1818181818181818
rg3,1729,0,catboost_balanced,shallower_tree,0.01182394884944648,0.00246147297700184,fixed_0.5,0.039990936949127094,0.5441490624258248,0.07300370974502235,0.2785143409170561,0.0,0.0,0.0,-0.03003695453353847,371,12,11,0,1.0,0.031331592689295036,394,11,197,0.0,0.0,0.0,0.0,0.0,0.0,0.0,0.0,0.0,0.2727272727272727,0.075,2.686363636363636,0.36363636363636365,0.05063291139240506,1.813578826237054,0.04322662323945571,0.0,0.0,0.0,0.09090909090909091,-0.003235686290328617,0.0,0.0,0.0,0.1818181818181818
rg3,1729,0,catboost_balanced,inner_selected,0.012467366029635111,0.003053164070627718,fixed_0.5,0.045503619600183995,0.5773795395205317,0.049125050357406566,0.19968277859446323,0.0,0.0,0.0,-0.02439766685177993,375,8,11,0,1.0,0.020887728459530026,394,11,197,0.0,0.0,0.0,0.09090909090909091,0.08333333333333333,2.9848484848484844,0.09090909090909091,0.05,1.790909090909091,0.09090909090909091,0.025,0.8954545454545455,0.45454545454545453,0.06329113924050633,2.266973532796318,0.04322662323945571,0.0,0.0,0.0,0.09090909090909091,0.002276996360728284,0.0,0.0,0.0,0.0
rg3,1729,0,catboost_balanced,base,0.011976575982709745,0.0013676700277511992,inner_f1,0.04322662323945571,0.5721576074056491,0.044849405078310416,0.189098080724539,0.05432098765432099,0.027918781725888325,1.0,0.0,0,383,0,11,0.0,1.0,394,11,197,0.0,0.0,0.0,0.0,0.0,0.0,0.0,0.0,0.0,0.09090909090909091,0.025,0.8954545454545455,0.45454545454545453,0.06329113924050633,2.266973532796318,0.04322662323945571,0.05432098765432099,0.027918781725888325,1.0,0.09090909090909091,0.0,0.0,0.0,0.0,0.0
rg3,1729,0,catboost_balanced,temperature_differences,0.012467366029635111,0.003053164070627718,inner_f1,0.045503619600183995,0.5773795395205317,0.049125050357406566,0.19968277859446323,0.05432098765432099,0.027918781725888325,1.0,0.0,0,383,0,11,0.0,1.0,394,11,197,0.0,0.0,0.0,0.09090909090909091,0.08333333333333333,2.9848484848484844,0.09090909090909091,0.05,1.790909090909091,0.09090909090909091,0.025,0.8954545454545455,0.45454545454545453,0.06329113924050633,2.266973532796318,0.04322662323945571,0.05432098765432099,0.027918781725888325,1.0,0.09090909090909091,0.002276996360728284,0.0,0.0,0.0,0.0
rg3,1729,0,catboost_balanced,pressure_difference,0.011135611985474426,0.0012657258837919494,inner_f1,0.05870143114067761,0.6386185615950628,0.05259618960294749,0.2135779407189786,0.05432098765432099,0.027918781725888325,1.0,0.0,0,383,0,11,0.0,1.0,394,11,197,0.0,0.0,0.0,0.09090909090909091,0.08333333333333333,2.9848484848484844,0.09090909090909091,0.05,1.790909090909091,0.2727272727272727,0.075,2.686363636363636,0.45454545454545453,0.06329113924050633,2.266973532796318,0.04322662323945571,0.05432098765432099,0.027918781725888325,1.0,0.09090909090909091,0.015474807901221896,0.0,0.0,0.0,0.1818181818181818
rg3,1729,0,catboost_balanced,shallower_tree,0.01182394884944648,0.00246147297700184,inner_f1,0.039990936949127094,0.5441490624258248,0.07300370974502235,0.2785143409170561,0.05432098765432099,0.027918781725888325,1.0,0.0,0,383,0,11,0.0,1.0,394,11,197,0.0,0.0,0.0,0.0,0.0,0.0,0.0,0.0,0.0,0.2727272727272727,0.075,2.686363636363636,0.36363636363636365,0.05063291139240506,1.813578826237054,0.04322662323945571,0.05432098765432099,0.027918781725888325,1.0,0.09090909090909091,-0.003235686290328617,0.0,0.0,0.0,0.1818181818181818
rg3,1729,0,catboost_balanced,inner_selected,0.012467366029635111,0.003053164070627718,inner_f1,0.045503619600183995,0.5773795395205317,0.049125050357406566,0.19968277859446323,0.05432098765432099,0.027918781725888325,1.0,0.0,0,383,0,11,0.0,1.0,394,11,197,0.0,0.0,0.0,0.09090909090909091,0.08333333333333333,2.9848484848484844,0.09090909090909091,0.05,1.790909090909091,0.09090909090909091,0.025,0.8954545454545455,0.45454545454545453,0.06329113924050633,2.266973532796318,0.04322662323945571,0.05432098765432099,0.027918781725888325,1.0,0.09090909090909091,0.002276996360728284,0.0,0.0,0.0,0.0
rg3,1729,1,xgboost_balanced,base,0.028015262037271865,0.6998082995414734,fixed_0.5,0.01945895215947832,0.41435954226651894,0.05717394475255811,0.2200563440092329,0.0,0.0,0.0,-0.031100884057415703,367,20,7,0,1.0,0.05167958656330749,394,7,197,0.0,0.0,0.0,0.0,0.0,0.0,0.0,0.0,0.0,0.0,0.0,0.0,0.2857142857142857,0.02531645569620253,1.4249547920433996,0.01945895215947832,0.0,0.0,0.0,0.0,0.0,0.0,0.0,0.0,0.0
rg3,1729,1,xgboost_balanced,temperature_differences,0.02294760345497033,0.07256396859884262,fixed_0.5,0.023552658707546133,0.45939461055740116,0.03991877151182727,0.17143165102429078,0.0,0.0,0.0,-0.02383704844238779,375,12,7,0,1.0,0.031007751937984496,394,7,197,0.0,0.0,0.0,0.0,0.0,0.0,0.14285714285714285,0.05,2.814285714285714,0.14285714285714285,0.025,1.407142857142857,0.14285714285714285,0.012658227848101266,0.7124773960216998,0.01945895215947832,0.0,0.0,0.0,0.0,0.004093706548067812,0.0,0.0,0.0,0.14285714285714285
rg3,1729,1,xgboost_balanced,pressure_difference,0.027019757507938058,0.3698180615901947,fixed_0.5,0.016830831076135956,0.39442598744924323,0.050518484796333384,0.2007476081580366,0.0,0.0,0.0,-0.02766990250509735,371,16,7,0,1.0,0.041343669250646,394,7,197,0.0,0.0,0.0,0.0,0.0,0.0,0.0,0.0,0.0,0.0,0.0,0.0,0.0,0.0,0.0,0.01945895215947832,0.0,0.0,0.0,0.0,-0.002628121083342365,0.0,0.0,0.0,0.0
rg3,1729,1,xgboost_balanced,shallower_tree,0.027528674589974815,0.7938429117202759,fixed_0.5,0.02019868875912418,0.43503137689184196,0.0824388130279221,0.29083310417023683,0.0,0.0,0.0,-0.04264845222055716,351,36,7,0,1.0,0.09302325581395349,394,7,197,0.0,0.0,0.0,0.0,0.0,0.0,0.0,0.0,0.0,0.0,0.0,0.0,0.2857142857142857,0.02531645569620253,1.4249547920433996,0.01945895215947832,0.0,0.0,0.0,0.0,0.0007397365996458585,0.0,0.0,0.0,0.0
rg3,1729,1,xgboost_balanced,inner_selected,0.028015262037271865,0.6998082995414734,fixed_0.5,0.01945895215947832,0.41435954226651894,0.05717394475255811,0.2200563440092329,0.0,0.0,0.0,-0.031100884057415703,367,20,7,0,1.0,0.05167958656330749,394,7,197,0.0,0.0,0.0,0.0,0.0,0.0,0.0,0.0,0.0,0.0,0.0,0.0,0.2857142857142857,0.02531645569620253,1.4249547920433996,0.01945895215947832,0.0,0.0,0.0,0.0,0.0,0.0,0.0,0.0,0.0
rg3,1729,1,xgboost_balanced,base,0.028015262037271865,0.6998082995414734,inner_f1,0.01945895215947832,0.41435954226651894,0.05717394475255811,0.2200563440092329,0.0,0.0,0.0,-0.013620442892440467,383,4,7,0,1.0,0.0103359173126615,394,7,197,0.0,0.0,0.0,0.0,0.0,0.0,0.0,0.0,0.0,0.0,0.0,0.0,0.2857142857142857,0.02531645569620253,1.4249547920433996,0.01945895215947832,0.0,0.0,0.0,0.0,0.0,0.0,0.0,0.0,0.0
rg3,1729,1,xgboost_balanced,temperature_differences,0.02294760345497033,0.07256396859884262,inner_f1,0.023552658707546133,0.45939461055740116,0.03991877151182727,0.17143165102429078,0.03636363636363636,0.0189873417721519,0.42857142857142855,0.007561788824501684,232,155,4,3,0.5714285714285714,0.4005167958656331,394,7,197,0.0,0.0,0.0,0.0,0.0,0.0,0.14285714285714285,0.05,2.814285714285714,0.14285714285714285,0.025,1.407142857142857,0.14285714285714285,0.012658227848101266,0.7124773960216998,0.01945895215947832,0.0,0.0,0.0,0.0,0.004093706548067812,0.03636363636363636,0.0189873417721519,0.42857142857142855,0.14285714285714285
rg3,1729,1,xgboost_balanced,pressure_difference,0.027019757507938058,0.3698180615901947,inner_f1,0.016830831076135956,0.39442598744924323,0.050518484796333384,0.2007476081580366,0.0,0.0,0.0,-0.043940028757668,349,38,7,0,1.0,0.09819121447028424,394,7,197,0.0,0.0,0.0,0.0,0.0,0.0,0.0,0.0,0.0,0.0,0.0,0.0,0.0,0.0,0.0,0.01945895215947832,0.0,0.0,0.0,0.0,-0.002628121083342365,0.0,0.0,0.0,0.0
rg3,1729,1,xgboost_balanced,shallower_tree,0.027528674589974815,0.7938429117202759,inner_f1,0.02019868875912418,0.43503137689184196,0.0824388130279221,0.29083310417023683,0.0,0.0,0.0,0.0,387,0,7,0,1.0,0.0,394,7,197,0.0,0.0,0.0,0.0,0.0,0.0,0.0,0.0,0.0,0.0,0.0,0.0,0.2857142857142857,0.02531645569620253,1.4249547920433996,0.01945895215947832,0.0,0.0,0.0,0.0,0.0007397365996458585,0.0,0.0,0.0,0.0
rg3,1729,1,xgboost_balanced,inner_selected,0.028015262037271865,0.6998082995414734,inner_f1,0.01945895215947832,0.41435954226651894,0.05717394475255811,0.2200563440092329,0.0,0.0,0.0,-0.013620442892440467,383,4,7,0,1.0,0.0103359173126615,394,7,197,0.0,0.0,0.0,0.0,0.0,0.0,0.0,0.0,0.0,0.0,0.0,0.0,0.2857142857142857,0.02531645569620253,1.4249547920433996,0.01945895215947832,0.0,0.0,0.0,0.0,0.0,0.0,0.0,0.0,0.0
rg3,1729,1,catboost_balanced,base,0.02695570130946068,0.2687745479434871,fixed_0.5,0.01754250103711058,0.42469545957918053,0.07041885009635666,0.2573173971032381,0.0,0.0,0.0,-0.03574837476262026,361,26,7,0,1.0,0.06718346253229975,394,7,197,0.0,0.0,0.0,0.0,0.0,0.0,0.0,0.0,0.0,0.0,0.0,0.0,0.14285714285714285,0.012658227848101266,0.7124773960216998,0.01754250103711058,0.0,0.0,0.0,0.0,0.0,0.0,0.0,0.0,0.0
rg3,1729,1,catboost_balanced,temperature_differences,0.03337495570177282,0.49405782997923503,fixed_0.5,0.018960875150521743,0.4187892211148025,0.057173110469185155,0.2243271890364642,0.0,0.0,0.0,-0.019361762058059284,379,8,7,0,1.0,0.020671834625323,394,7,197,0.0,0.0,0.0,0.0,0.0,0.0,0.0,0.0,0.0,0.0,0.0,0.0,0.2857142857142857,0.02531645569620253,1.4249547920433996,0.01754250103711058,0.0,0.0,0.0,0.0,0.0014183741134111624,0.0,0.0,0.0,0.0
rg3,1729,1,catboost_balanced,pressure_difference,0.025601238698877652,0.06295339186164733,fixed_0.5,0.014703404388634411,0.3567737172388335,0.06845163175299869,0.25385738665162133,0.0,0.0,0.0,-0.03425297490066169,363,24,7,0,1.0,0.06201550387596899,394,7,197,0.0,0.0,0.0,0.0,0.0,0.0,0.0,0.0,0.0,0.0,0.0,0.0,0.0,0.0,0.0,0.01754250103711058,0.0,0.0,0.0,0.0,-0.0028390966484761696,0.0,0.0,0.0,0.0
rg3,1729,1,catboost_balanced,shallower_tree,0.023705358264451037,0.10672780391078361,fixed_0.5,0.014811125285824263,0.35751199704688075,0.106764056942394,0.35686057970973606,0.0,0.0,0.0,-0.05127425021443005,337,50,7,0,1.0,0.12919896640826872,394,7,197,0.0,0.0,0.0,0.0,0.0,0.0,0.0,0.0,0.0,0.0,0.0,0.0,0.0,0.0,0.0,0.01754250103711058,0.0,0.0,0.0,0.0,-0.0027313757512863173,0.0,0.0,0.0,0.0
rg3,1729,1,catboost_balanced,inner_selected,0.03337495570177282,0.49405782997923503,fixed_0.5,0.018960875150521743,0.4187892211148025,0.057173110469185155,0.2243271890364642,0.0,0.0,0.0,-0.019361762058059284,379,8,7,0,1.0,0.020671834625323,394,7,197,0.0,0.0,0.0,0.0,0.0,0.0,0.0,0.0,0.0,0.0,0.0,0.0,0.2857142857142857,0.02531645569620253,1.4249547920433996,0.01754250103711058,0.0,0.0,0.0,0.0,0.0014183741134111624,0.0,0.0,0.0,0.0
rg3,1729,1,catboost_balanced,base,0.02695570130946068,0.2687745479434871,inner_f1,0.01754250103711058,0.42469545957918053,0.07041885009635666,0.2573173971032381,0.020202020202020204,0.010869565217391304,0.14285714285714285,-0.028816293641039502,296,91,6,1,0.8571428571428571,0.2351421188630491,394,7,197,0.0,0.0,0.0,0.0,0.0,0.0,0.0,0.0,0.0,0.0,0.0,0.0,0.14285714285714285,0.012658227848101266,0.7124773960216998,0.01754250103711058,0.020202020202020204,0.010869565217391304,0.14285714285714285,0.0,0.0,0.0,0.0,0.0,0.0
rg3,1729,1,catboost_balanced,temperature_differences,0.03337495570177282,0.49405782997923503,inner_f1,0.018960875150521743,0.4187892211148025,0.057173110469185155,0.2243271890364642,0.0,0.0,0.0,-0.025814621222141714,373,14,7,0,1.0,0.03617571059431524,394,7,197,0.0,0.0,0.0,0.0,0.0,0.0,0.0,0.0,0.0,0.0,0.0,0.0,0.2857142857142857,0.02531645569620253,1.4249547920433996,0.01754250103711058,0.020202020202020204,0.010869565217391304,0.14285714285714285,0.0,0.0014183741134111624,-0.020202020202020204,-0.010869565217391304,-0.14285714285714285,0.0
rg3,1729,1,catboost_balanced,pressure_difference,0.025601238698877652,0.06295339186164733,inner_f1,0.014703404388634411,0.3567737172388335,0.06845163175299869,0.25385738665162133,0.023715415019762844,0.012195121951219513,0.42857142857142855,-0.05437394531144852,144,243,4,3,0.5714285714285714,0.627906976744186,394,7,197,0.0,0.0,0.0,0.0,0.0,0.0,0.0,0.0,0.0,0.0,0.0,0.0,0.0,0.0,0.0,0.01754250103711058,0.020202020202020204,0.010869565217391304,0.14285714285714285,0.0,-0.0028390966484761696,0.0035133948177426405,0.0013255567338282086,0.2857142857142857,0.0
rg3,1729,1,catboost_balanced,shallower_tree,0.023705358264451037,0.10672780391078361,inner_f1,0.014811125285824263,0.35751199704688075,0.106764056942394,0.35686057970973606,0.020066889632107024,0.010273972602739725,0.42857142857142855,-0.09596464293113319,98,289,4,3,0.5714285714285714,0.7467700258397932,394,7,197,0.0,0.0,0.0,0.0,0.0,0.0,0.0,0.0,0.0,0.0,0.0,0.0,0.0,0.0,0.0,0.01754250103711058,0.020202020202020204,0.010869565217391304,0.14285714285714285,0.0,-0.0027313757512863173,-0.00013513056991317982,-0.0005955926146515786,0.2857142857142857,0.0
rg3,1729,1,catboost_balanced,inner_selected,0.03337495570177282,0.49405782997923503,inner_f1,0.018960875150521743,0.4187892211148025,0.057173110469185155,0.2243271890364642,0.0,0.0,0.0,-0.025814621222141714,373,14,7,0,1.0,0.03617571059431524,394,7,197,0.0,0.0,0.0,0.0,0.0,0.0,0.0,0.0,0.0,0.0,0.0,0.0,0.2857142857142857,0.02531645569620253,1.4249547920433996,0.01754250103711058,0.020202020202020204,0.010869565217391304,0.14285714285714285,0.0,0.0014183741134111624,-0.020202020202020204,-0.010869565217391304,-0.14285714285714285,0.0
rg3,1729,2,xgboost_balanced,base,0.03299869074509175,0.3170638680458069,fixed_0.5,0.014437834995123248,0.34348468069398297,0.05371848870759202,0.2120999331425054,0.0,0.0,0.0,-0.025814621222141714,373,14,7,0,1.0,0.03617571059431524,394,7,197,0.0,0.0,0.0,0.0,0.0,0.0,0.0,0.0,0.0,0.0,0.0,0.0,0.0,0.0,0.0,0.014437834995123248,0.0,0.0,0.0,0.0,0.0,0.0,0.0,0.0,0.0
rg3,1729,2,xgboost_balanced,temperature_differences,0.027431655678532972,0.09721968322992325,fixed_0.5,0.014678202578885795,0.3449612403100775,0.04557878269540922,0.1915647629936061,0.0,0.0,0.0,-0.02383704844238779,375,12,7,0,1.0,0.031007751937984496,394,7,197,0.0,0.0,0.0,0.0,0.0,0.0,0.0,0.0,0.0,0.0,0.0,0.0,0.0,0.0,0.0,0.014437834995123248,0.0,0.0,0.0,0.0,0.000240367583762547,0.0,0.0,0.0,0.0
rg3,1729,2,xgboost_balanced,pressure_difference,0.03874052958689259,0.38635993003845215,fixed_0.5,0.013833125696088836,0.316906607604282,0.047389011919441074,0.19805161529053034,0.0,0.0,0.0,-0.02383704844238779,375,12,7,0,1.0,0.031007751937984496,394,7,197,0.0,0.0,0.0,0.0,0.0,0.0,0.0,0.0,0.0,0.0,0.0,0.0,0.0,0.0,0.0,0.014437834995123248,0.0,0.0,0.0,0.0,-0.000604709299034412,0.0,0.0,0.0,0.0
rg3,1729,2,xgboost_balanced,shallower_tree,0.031164149304640374,0.3987961411476135,fixed_0.5,0.014052102654255053,0.3265042451088963,0.09184021700890296,0.31186007944922867,0.0,0.0,0.0,-0.04520868785207049,347,40,7,0,1.0,0.10335917312661498,394,7,197,0.0,0.0,0.0,0.0,0.0,0.0,0.0,0.0,0.0,0.0,0.0,0.0,0.0,0.0,0.0,0.014437834995123248,0.0,0.0,0.0,0.0,-0.0003857323408681945,0.0,0.0,0.0,0.0
rg3,1729,2,xgboost_balanced,inner_selected,0.03874052958689259,0.38635993003845215,fixed_0.5,0.013833125696088836,0.316906607604282,0.047389011919441074,0.19805161529053034,0.0,0.0,0.0,-0.02383704844238779,375,12,7,0,1.0,0.031007751937984496,394,7,197,0.0,0.0,0.0,0.0,0.0,0.0,0.0,0.0,0.0,0.0,0.0,0.0,0.0,0.0,0.0,0.014437834995123248,0.0,0.0,0.0,0.0,-0.000604709299034412,0.0,0.0,0.0,0.0
rg3,1729,2,xgboost_balanced,base,0.03299869074509175,0.3170638680458069,inner_f1,0.014437834995123248,0.34348468069398297,0.05371848870759202,0.2120999331425054,0.0,0.0,0.0,-0.043940028757668,349,38,7,0,1.0,0.09819121447028424,394,7,197,0.0,0.0,0.0,0.0,0.0,0.0,0.0,0.0,0.0,0.0,0.0,0.0,0.0,0.0,0.0,0.014437834995123248,0.0,0.0,0.0,0.0,0.0,0.0,0.0,0.0,0.0
rg3,1729,2,xgboost_balanced,temperature_differences,0.027431655678532972,0.09721968322992325,inner_f1,0.014678202578885795,0.3449612403100775,0.04557878269540922,0.1915647629936061,0.014388489208633094,0.007575757575757576,0.14285714285714285,-0.05475625733073911,256,131,6,1,0.8571428571428571,0.3385012919896641,394,7,197,0.0,0.0,0.0,0.0,0.0,0.0,0.0,0.0,0.0,0.0,0.0,0.0,0.0,0.0,0.0,0.014437834995123248,0.0,0.0,0.0,0.0,0.000240367583762547,0.014388489208633094,0.007575757575757576,0.14285714285714285,0.0
rg3,1729,2,xgboost_balanced,pressure_difference,0.03874052958689259,0.38635993003845215,inner_f1,0.013833125696088836,0.316906607604282,0.047389011919441074,0.19805161529053034,0.0,0.0,0.0,-0.03425297490066169,363,24,7,0,1.0,0.06201550387596899,394,7,197,0.0,0.0,0.0,0.0,0.0,0.0,0.0,0.0,0.0,0.0,0.0,0.0,0.0,0.0,0.0,0.014437834995123248,0.0,0.0,0.0,0.0,-0.000604709299034412,0.0,0.0,0.0,0.0
rg3,1729,2,xgboost_balanced,shallower_tree,0.031164149304640374,0.3987961411476135,inner_f1,0.014052102654255053,0.3265042451088963,0.09184021700890296,0.31186007944922867,0.0,0.0,0.0,-0.057002765922739985,327,60,7,0,1.0,0.15503875968992248,394,7,197,0.0,0.0,0.0,0.0,0.0,0.0,0.0,0.0,0.0,0.0,0.0,0.0,0.0,0.0,0.0,0.014437834995123248,0.0,0.0,0.0,0.0,-0.0003857323408681945,0.0,0.0,0.0,0.0
rg3,1729,2,xgboost_balanced,inner_selected,0.03874052958689259,0.38635993003845215,inner_f1,0.013833125696088836,0.316906607604282,0.047389011919441074,0.19805161529053034,0.0,0.0,0.0,-0.03425297490066169,363,24,7,0,1.0,0.06201550387596899,394,7,197,0.0,0.0,0.0,0.0,0.0,0.0,0.0,0.0,0.0,0.0,0.0,0.0,0.0,0.0,0.0,0.014437834995123248,0.0,0.0,0.0,0.0,-0.000604709299034412,0.0,0.0,0.0,0.0
rg3,1729,2,catboost_balanced,base,0.02728365958836245,0.3379084968641838,fixed_0.5,0.0168220233365081,0.39959394610557397,0.07212264214774645,0.2744796919687182,0.0,0.0,0.0,-0.02942631418226364,369,18,7,0,1.0,0.046511627906976744,394,7,197,0.0,0.0,0.0,0.0,0.0,0.0,0.0,0.0,0.0,0.0,0.0,0.0,0.14285714285714285,0.012658227848101266,0.7124773960216998,0.0168220233365081,0.0,0.0,0.0,0.0,0.0,0.0,0.0,0.0,0.0
rg3,1729,2,catboost_balanced,temperature_differences,0.02955282475079416,0.2669193827377459,fixed_0.5,0.017131358555845726,0.4165743816906607,0.05924231100497624,0.23297524358070715,0.0,0.0,0.0,-0.025814621222141714,373,14,7,0,1.0,0.03617571059431524,394,7,197,0.0,0.0,0.0,0.0,0.0,0.0,0.0,0.0,0.0,0.0,0.0,0.0,0.14285714285714285,0.012658227848101266,0.7124773960216998,0.0168220233365081,0.0,0.0,0.0,0.0,0.0003093352193376253,0.0,0.0,0.0,0.0
rg3,1729,2,catboost_balanced,pressure_difference,0.04658682194040955,0.5001337984762491,fixed_0.5,0.01592593056209152,0.337578442229605,0.06507403128048495,0.2566446135309167,0.0,0.0,0.0,-0.02942631418226364,369,18,7,0,1.0,0.046511627906976744,394,7,197,0.0,0.0,0.0,0.0,0.0,0.0,0.0,0.0,0.0,0.0,0.0,0.0,0.14285714285714285,0.012658227848101266,0.7124773960216998,0.0168220233365081,0.0,0.0,0.0,0.0,-0.0008960927744165806,0.0,0.0,0.0,0.0
rg3,1729,2,catboost_balanced,shallower_tree,0.03552945542054685,0.535700351697285,fixed_0.5,0.01797170919171384,0.40771502399409376,0.1020421014353078,0.35403667849962756,0.0,0.0,0.0,-0.041331555072747425,353,34,7,0,1.0,0.08785529715762273,394,7,197,0.0,0.0,0.0,0.0,0.0,0.0,0.0,0.0,0.0,0.0,0.0,0.0,0.14285714285714285,0.012658227848101266,0.7124773960216998,0.0168220233365081,0.0,0.0,0.0,0.0,0.0011496858552057405,0.0,0.0,0.0,0.0
rg3,1729,2,catboost_balanced,inner_selected,0.04658682194040955,0.5001337984762491,fixed_0.5,0.01592593056209152,0.337578442229605,0.06507403128048495,0.2566446135309167,0.0,0.0,0.0,-0.02942631418226364,369,18,7,0,1.0,0.046511627906976744,394,7,197,0.0,0.0,0.0,0.0,0.0,0.0,0.0,0.0,0.0,0.0,0.0,0.0,0.14285714285714285,0.012658227848101266,0.7124773960216998,0.0168220233365081,0.0,0.0,0.0,0.0,-0.0008960927744165806,0.0,0.0,0.0,0.0
rg3,1729,2,catboost_balanced,base,0.02728365958836245,0.3379084968641838,inner_f1,0.0168220233365081,0.39959394610557397,0.07212264214774645,0.2744796919687182,0.02531645569620253,0.013888888888888888,0.14285714285714285,-0.013880144857614737,316,71,6,1,0.8571428571428571,0.1834625322997416,394,7,197,0.0,0.0,0.0,0.0,0.0,0.0,0.0,0.0,0.0,0.0,0.0,0.0,0.14285714285714285,0.012658227848101266,0.7124773960216998,0.0168220233365081,0.02531645569620253,0.013888888888888888,0.14285714285714285,0.0,0.0,0.0,0.0,0.0,0.0
rg3,1729,2,catboost_balanced,temperature_differences,0.02955282475079416,0.2669193827377459,inner_f1,0.017131358555845726,0.4165743816906607,0.05924231100497624,0.23297524358070715,0.025974025974025976,0.014285714285714285,0.14285714285714285,-0.012247436753534275,318,69,6,1,0.8571428571428571,0.17829457364341086,394,7,197,0.0,0.0,0.0,0.0,0.0,0.0,0.0,0.0,0.0,0.0,0.0,0.0,0.14285714285714285,0.012658227848101266,0.7124773960216998,0.0168220233365081,0.02531645569620253,0.013888888888888888,0.14285714285714285,0.0,0.0003093352193376253,0.0006575702778234445,0.00039682539682539715,0.0,0.0
rg3,1729,2,catboost_balanced,pressure_difference,0.04658682194040955,0.5001337984762491,inner_f1,0.01592593056209152,0.337578442229605,0.06507403128048495,0.2566446135309167,0.0,0.0,0.0,-0.02942631418226364,369,18,7,0,1.0,0.046511627906976744,394,7,197,0.0,0.0,0.0,0.0,0.0,0.0,0.0,0.0,0.0,0.0,0.0,0.0,0.14285714285714285,0.012658227848101266,0.7124773960216998,0.0168220233365081,0.02531645569620253,0.013888888888888888,0.14285714285714285,0.0,-0.0008960927744165806,-0.02531645569620253,-0.013888888888888888,-0.14285714285714285,0.0
rg3,1729,2,catboost_balanced,shallower_tree,0.03552945542054685,0.535700351697285,inner_f1,0.01797170919171384,0.40771502399409376,0.1020421014353078,0.35403667849962756,0.0,0.0,0.0,-0.03574837476262026,361,26,7,0,1.0,0.06718346253229975,394,7,197,0.0,0.0,0.0,0.0,0.0,0.0,0.0,0.0,0.0,0.0,0.0,0.0,0.14285714285714285,0.012658227848101266,0.7124773960216998,0.0168220233365081,0.02531645569620253,0.013888888888888888,0.14285714285714285,0.0,0.0011496858552057405,-0.02531645569620253,-0.013888888888888888,-0.14285714285714285,0.0
rg3,1729,2,catboost_balanced,inner_selected,0.04658682194040955,0.5001337984762491,inner_f1,0.01592593056209152,0.337578442229605,0.06507403128048495,0.2566446135309167,0.0,0.0,0.0,-0.02942631418226364,369,18,7,0,1.0,0.046511627906976744,394,7,197,0.0,0.0,0.0,0.0,0.0,0.0,0.0,0.0,0.0,0.0,0.0,0.0,0.14285714285714285,0.012658227848101266,0.7124773960216998,0.0168220233365081,0.02531645569620253,0.013888888888888888,0.14285714285714285,0.0,-0.0008960927744165806,-0.02531645569620253,-0.013888888888888888,-0.14285714285714285,0.0
rg3,2026,0,xgboost_balanced,base,0.024154093263877324,0.2244531512260437,fixed_0.5,0.04591173436325463,0.5538944259874492,0.07635227424015516,0.26677909199437005,0.08888888888888889,0.05263157894736842,0.2857142857142857,0.08622817673497253,351,36,5,2,0.7142857142857143,0.09302325581395349,394,7,197,0.0,0.0,0.0,0.14285714285714285,0.08333333333333333,4.69047619047619,0.14285714285714285,0.05,2.814285714285714,0.2857142857142857,0.05,2.814285714285714,0.2857142857142857,0.02531645569620253,1.4249547920433996,0.04591173436325463,0.08888888888888889,0.05263157894736842,0.2857142857142857,0.2857142857142857,0.0,0.0,0.0,0.0,0.0
rg3,2026,0,xgboost_balanced,temperature_differences,0.02890315289290398,0.0721263438463211,fixed_0.5,0.025206461485753888,0.5871170173495754,0.05905158737220695,0.2203413427675788,0.0,0.0,0.0,-0.02942631418226364,369,18,7,0,1.0,0.046511627906976744,394,7,197,0.0,0.0,0.0,0.0,0.0,0.0,0.0,0.0,0.0,0.14285714285714285,0.025,1.407142857142857,0.2857142857142857,0.02531645569620253,1.4249547920433996,0.04591173436325463,0.08888888888888889,0.05263157894736842,0.2857142857142857,0.2857142857142857,-0.020705272877500742,-0.08888888888888889,-0.05263157894736842,-0.2857142857142857,-0.14285714285714285
rg3,2026,0,xgboost_balanced,pressure_difference,0.022395276301506114,0.09183670580387115,fixed_0.5,0.028494108730507457,0.5767811000369139,0.07865195722803085,0.2697250898477886,0.04878048780487805,0.029411764705882353,0.14285714285714285,0.027091271392221002,354,33,6,1,0.8571428571428571,0.08527131782945736,394,7,197,0.0,0.0,0.0,0.0,0.0,0.0,0.0,0.0,0.0,0.2857142857142857,0.05,2.814285714285714,0.2857142857142857,0.02531645569620253,1.4249547920433996,0.04591173436325463,0.08888888888888889,0.05263157894736842,0.2857142857142857,0.2857142857142857,-0.017417625632747173,-0.04010840108401084,-0.023219814241486066,-0.14285714285714285,0.0
rg3,2026,0,xgboost_balanced,shallower_tree,0.024765116500085026,0.36570224165916443,fixed_0.5,0.03454697483380796,0.562015503875969,0.11415080466864386,0.36583201935344406,0.05194805194805195,0.02857142857142857,0.2857142857142857,0.038018084922429314,319,68,5,2,0.7142857142857143,0.17571059431524547,394,7,197,0.0,0.0,0.0,0.0,0.0,0.0,0.14285714285714285,0.05,2.814285714285714,0.2857142857142857,0.05,2.814285714285714,0.2857142857142857,0.02531645569620253,1.4249547920433996,0.04591173436325463,0.08888888888888889,0.05263157894736842,0.2857142857142857,0.2857142857142857,-0.011364759529446669,-0.03694083694083694,-0.024060150375939848,0.0,0.0
rg3,2026,0,xgboost_balanced,inner_selected,0.02890315289290398,0.0721263438463211,fixed_0.5,0.025206461485753888,0.5871170173495754,0.05905158737220695,0.2203413427675788,0.0,0.0,0.0,-0.02942631418226364,369,18,7,0,1.0,0.046511627906976744,394,7,197,0.0,0.0,0.0,0.0,0.0,0.0,0.0,0.0,0.0,0.14285714285714285,0.025,1.407142857142857,0.2857142857142857,0.02531645569620253,1.4249547920433996,0.04591173436325463,0.08888888888888889,0.05263157894736842,0.2857142857142857,0.2857142857142857,-0.020705272877500742,-0.08888888888888889,-0.05263157894736842,-0.2857142857142857,-0.14285714285714285
rg3,2026,0,xgboost_balanced,base,0.024154093263877324,0.2244531512260437,inner_f1,0.04591173436325463,0.5538944259874492,0.07635227424015516,0.26677909199437005,0.032520325203252036,0.017241379310344827,0.2857142857142857,-0.0025677654240718797,273,114,5,2,0.7142857142857143,0.29457364341085274,394,7,197,0.0,0.0,0.0,0.14285714285714285,0.08333333333333333,4.69047619047619,0.14285714285714285,0.05,2.814285714285714,0.2857142857142857,0.05,2.814285714285714,0.2857142857142857,0.02531645569620253,1.4249547920433996,0.04591173436325463,0.032520325203252036,0.017241379310344827,0.2857142857142857,0.2857142857142857,0.0,0.0,0.0,0.0,0.0
rg3,2026,0,xgboost_balanced,temperature_differences,0.02890315289290398,0.0721263438463211,inner_f1,0.025206461485753888,0.5871170173495754,0.05905158737220695,0.2203413427675788,0.04149377593360996,0.021367521367521368,0.7142857142857143,0.03296595497675414,158,229,2,5,0.2857142857142857,0.5917312661498708,394,7,197,0.0,0.0,0.0,0.0,0.0,0.0,0.0,0.0,0.0,0.14285714285714285,0.025,1.407142857142857,0.2857142857142857,0.02531645569620253,1.4249547920433996,0.04591173436325463,0.032520325203252036,0.017241379310344827,0.2857142857142857,0.2857142857142857,-0.020705272877500742,0.00897345073035792,0.004126142057176541,0.4285714285714286,-0.14285714285714285
rg3,2026,0,xgboost_balanced,pressure_difference,0.022395276301506114,0.09183670580387115,inner_f1,0.028494108730507457,0.5767811000369139,0.07865195722803085,0.2697250898477886,0.04405286343612335,0.022727272727272728,0.7142857142857143,0.04222580993182173,172,215,2,5,0.2857142857142857,0.5555555555555556,394,7,197,0.0,0.0,0.0,0.0,0.0,0.0,0.0,0.0,0.0,0.2857142857142857,0.05,2.814285714285714,0.2857142857142857,0.02531645569620253,1.4249547920433996,0.04591173436325463,0.032520325203252036,0.017241379310344827,0.2857142857142857,0.2857142857142857,-0.017417625632747173,0.011532538232871314,0.0054858934169279006,0.4285714285714286,0.0
rg3,2026,0,xgboost_balanced,shallower_tree,0.024765116500085026,0.36570224165916443,inner_f1,0.03454697483380796,0.562015503875969,0.11415080466864386,0.36583201935344406,0.03418803418803419,0.01818181818181818,0.2857142857142857,0.001956647038829437,279,108,5,2,0.7142857142857143,0.27906976744186046,394,7,197,0.0,0.0,0.0,0.0,0.0,0.0,0.14285714285714285,0.05,2.814285714285714,0.2857142857142857,0.05,2.814285714285714,0.2857142857142857,0.02531645569620253,1.4249547920433996,0.04591173436325463,0.032520325203252036,0.017241379310344827,0.2857142857142857,0.2857142857142857,-0.011364759529446669,0.0016677089847821555,0.0009404388714733536,0.0,0.0
rg3,2026,0,xgboost_balanced,inner_selected,0.02890315289290398,0.0721263438463211,inner_f1,0.025206461485753888,0.5871170173495754,0.05905158737220695,0.2203413427675788,0.04149377593360996,0.021367521367521368,0.7142857142857143,0.03296595497675414,158,229,2,5,0.2857142857142857,0.5917312661498708,394,7,197,0.0,0.0,0.0,0.0,0.0,0.0,0.0,0.0,0.0,0.14285714285714285,0.025,1.407142857142857,0.2857142857142857,0.02531645569620253,1.4249547920433996,0.04591173436325463,0.032520325203252036,0.017241379310344827,0.2857142857142857,0.2857142857142857,-0.020705272877500742,0.00897345073035792,0.004126142057176541,0.4285714285714286,-0.14285714285714285
rg3,2026,0,catboost_balanced,base,0.019518323393665108,0.012146345569227434,fixed_0.5,0.035361389348722974,0.541343669250646,0.07502071577506472,0.2765806270672134,0.06451612903225806,0.041666666666666664,0.14285714285714285,0.04607840671160441,364,23,6,1,0.8571428571428571,0.059431524547803614,394,7,197,0.0,0.0,0.0,0.14285714285714285,0.08333333333333333,4.69047619047619,0.14285714285714285,0.05,2.814285714285714,0.14285714285714285,0.025,1.407142857142857,0.42857142857142855,0.0379746835443038,2.1374321880650995,0.035361389348722974,0.06451612903225806,0.041666666666666664,0.14285714285714285,0.14285714285714285,0.0,0.0,0.0,0.0,0.0
rg3,2026,0,catboost_balanced,temperature_differences,0.027313892827546073,0.12125905007640692,fixed_0.5,0.02023614855073269,0.4416758951642672,0.07402428768745137,0.27505282885017956,0.0,0.0,0.0,-0.031100884057415703,367,20,7,0,1.0,0.05167958656330749,394,7,197,0.0,0.0,0.0,0.0,0.0,0.0,0.0,0.0,0.0,0.14285714285714285,0.025,1.407142857142857,0.14285714285714285,0.012658227848101266,0.7124773960216998,0.035361389348722974,0.06451612903225806,0.041666666666666664,0.14285714285714285,0.14285714285714285,-0.015125240797990283,-0.06451612903225806,-0.041666666666666664,-0.14285714285714285,0.0
rg3,2026,0,catboost_balanced,pressure_difference,0.021555235007836963,0.07394941227201325,fixed_0.5,0.03064465683640051,0.5561092654115909,0.07825248360667038,0.28628723314134646,0.05714285714285714,0.03571428571428571,0.14285714285714285,0.03757864612448664,360,27,6,1,0.8571428571428571,0.06976744186046512,394,7,197,0.0,0.0,0.0,0.0,0.0,0.0,0.14285714285714285,0.05,2.814285714285714,0.14285714285714285,0.025,1.407142857142857,0.2857142857142857,0.02531645569620253,1.4249547920433996,0.035361389348722974,0.06451612903225806,0.041666666666666664,0.14285714285714285,0.14285714285714285,-0.0047167325123224635,-0.007373271889400922,-0.005952380952380952,0.0,0.0
rg3,2026,0,catboost_balanced,shallower_tree,0.0208048894391301,0.10388135781569181,fixed_0.5,0.038107005776178704,0.5878552971576226,0.11700863443567436,0.3787187349006036,0.08450704225352113,0.046875,0.42857142857142855,0.09703861748176523,326,61,4,3,0.5714285714285714,0.15762273901808785,394,7,197,0.0,0.0,0.0,0.0,0.0,0.0,0.14285714285714285,0.05,2.814285714285714,0.2857142857142857,0.05,2.814285714285714,0.42857142857142855,0.0379746835443038,2.1374321880650995,0.035361389348722974,0.06451612903225806,0.041666666666666664,0.14285714285714285,0.14285714285714285,0.00274561642745573,0.019990913221263062,0.005208333333333336,0.2857142857142857,0.14285714285714285
rg3,2026,0,catboost_balanced,inner_selected,0.027313892827546073,0.12125905007640692,fixed_0.5,0.02023614855073269,0.4416758951642672,0.07402428768745137,0.27505282885017956,0.0,0.0,0.0,-0.031100884057415703,367,20,7,0,1.0,0.05167958656330749,394,7,197,0.0,0.0,0.0,0.0,0.0,0.0,0.0,0.0,0.0,0.14285714285714285,0.025,1.407142857142857,0.14285714285714285,0.012658227848101266,0.7124773960216998,0.035361389348722974,0.06451612903225806,0.041666666666666664,0.14285714285714285,0.14285714285714285,-0.015125240797990283,-0.06451612903225806,-0.041666666666666664,-0.14285714285714285,0.0
rg3,2026,0,catboost_balanced,base,0.019518323393665108,0.012146345569227434,inner_f1,0.035361389348722974,0.541343669250646,0.07502071577506472,0.2765806270672134,0.03508771929824561,0.017857142857142856,1.0,0.009606506961737248,2,385,0,7,0.0,0.9948320413436692,394,7,197,0.0,0.0,0.0,0.14285714285714285,0.08333333333333333,4.69047619047619,0.14285714285714285,0.05,2.814285714285714,0.14285714285714285,0.025,1.407142857142857,0.42857142857142855,0.0379746835443038,2.1374321880650995,0.035361389348722974,0.03508771929824561,0.017857142857142856,1.0,0.14285714285714285,0.0,0.0,0.0,0.0,0.0
rg3,2026,0,catboost_balanced,temperature_differences,0.027313892827546073,0.12125905007640692,inner_f1,0.02023614855073269,0.4416758951642672,0.07402428768745137,0.27505282885017956,0.025974025974025976,0.013392857142857142,0.42857142857142855,-0.03800443954188033,166,221,4,3,0.5714285714285714,0.5710594315245479,394,7,197,0.0,0.0,0.0,0.0,0.0,0.0,0.0,0.0,0.0,0.14285714285714285,0.025,1.407142857142857,0.14285714285714285,0.012658227848101266,0.7124773960216998,0.035361389348722974,0.03508771929824561,0.017857142857142856,1.0,0.14285714285714285,-0.015125240797990283,-0.009113693324219636,-0.004464285714285714,-0.5714285714285714,0.0
rg3,2026,0,catboost_balanced,pressure_difference,0.021555235007836963,0.07394941227201325,inner_f1,0.03064465683640051,0.5561092654115909,0.07825248360667038,0.28628723314134646,0.033003300330033,0.016891891891891893,0.7142857142857143,-0.011506328688374985,96,291,2,5,0.2857142857142857,0.751937984496124,394,7,197,0.0,0.0,0.0,0.0,0.0,0.0,0.14285714285714285,0.05,2.814285714285714,0.14285714285714285,0.025,1.407142857142857,0.2857142857142857,0.02531645569620253,1.4249547920433996,0.035361389348722974,0.03508771929824561,0.017857142857142856,1.0,0.14285714285714285,-0.0047167325123224635,-0.002084418968212612,-0.0009652509652509633,-0.2857142857142857,0.0
rg3,2026,0,catboost_balanced,shallower_tree,0.0208048894391301,0.10388135781569181,inner_f1,0.038107005776178704,0.5878552971576226,0.11700863443567436,0.3787187349006036,0.03858520900321544,0.019736842105263157,0.8571428571428571,0.02741255107921032,89,298,1,6,0.14285714285714285,0.7700258397932817,394,7,197,0.0,0.0,0.0,0.0,0.0,0.0,0.14285714285714285,0.05,2.814285714285714,0.2857142857142857,0.05,2.814285714285714,0.42857142857142855,0.0379746835443038,2.1374321880650995,0.035361389348722974,0.03508771929824561,0.017857142857142856,1.0,0.14285714285714285,0.00274561642745573,0.003497489704969825,0.0018796992481203006,-0.1428571428571429,0.14285714285714285
rg3,2026,0,catboost_balanced,inner_selected,0.027313892827546073,0.12125905007640692,inner_f1,0.02023614855073269,0.4416758951642672,0.07402428768745137,0.27505282885017956,0.025974025974025976,0.013392857142857142,0.42857142857142855,-0.03800443954188033,166,221,4,3,0.5714285714285714,0.5710594315245479,394,7,197,0.0,0.0,0.0,0.0,0.0,0.0,0.0,0.0,0.0,0.14285714285714285,0.025,1.407142857142857,0.14285714285714285,0.012658227848101266,0.7124773960216998,0.035361389348722974,0.03508771929824561,0.017857142857142856,1.0,0.14285714285714285,-0.015125240797990283,-0.009113693324219636,-0.004464285714285714,-0.5714285714285714,0.0
rg3,2026,1,xgboost_balanced,base,0.024779744114669426,0.544589102268219,fixed_0.5,0.04285260044402568,0.607936507936508,0.048646213771610755,0.19383309973455118,0.09523809523809523,0.08333333333333333,0.1111111111111111,0.07176159933596753,374,11,8,1,0.8888888888888888,0.02857142857142857,394,9,197,0.0,0.0,0.0,0.1111111111111111,0.08333333333333333,3.648148148148148,0.1111111111111111,0.05,2.188888888888889,0.1111111111111111,0.025,1.0944444444444446,0.3333333333333333,0.0379746835443038,1.6624472573839664,0.04285260044402568,0.09523809523809523,0.08333333333333333,0.1111111111111111,0.1111111111111111,0.0,0.0,0.0,0.0,0.0
rg3,2026,1,xgboost_balanced,temperature_differences,0.021857523715046262,0.035214077681303024,fixed_0.5,0.0514278522161957,0.5790764790764791,0.041035995141555585,0.1755770927061182,0.0,0.0,0.0,-0.019013000182169188,379,6,9,0,1.0,0.015584415584415584,394,9,197,0.0,0.0,0.0,0.1111111111111111,0.08333333333333333,3.648148148148148,0.2222222222222222,0.1,4.377777777777778,0.2222222222222222,0.05,2.188888888888889,0.3333333333333333,0.0379746835443038,1.6624472573839664,0.04285260044402568,0.09523809523809523,0.08333333333333333,0.1111111111111111,0.1111111111111111,0.008575251772170021,-0.09523809523809523,-0.08333333333333333,-0.1111111111111111,0.1111111111111111
rg3,2026,1,xgboost_balanced,pressure_difference,0.018943436531349514,0.009846308268606663,fixed_0.5,0.059228164462456656,0.6004329004329004,0.05091331489684312,0.19926275696243284,0.07407407407407407,0.05555555555555555,0.1111111111111111,0.04790779586962839,368,17,8,1,0.8888888888888888,0.04415584415584416,394,9,197,0.0,0.0,0.0,0.1111111111111111,0.08333333333333333,3.648148148148148,0.1111111111111111,0.05,2.188888888888889,0.3333333333333333,0.075,3.283333333333333,0.3333333333333333,0.0379746835443038,1.6624472573839664,0.04285260044402568,0.09523809523809523,0.08333333333333333,0.1111111111111111,0.1111111111111111,0.016375564018430974,-0.021164021164021163,-0.027777777777777776,0.0,0.2222222222222222
rg3,2026,1,xgboost_balanced,shallower_tree,0.02233020969610106,0.7192420363426208,fixed_0.5,0.03498547972655939,0.5808080808080807,0.08500216401224993,0.2941992799560548,0.0392156862745098,0.023809523809523808,0.1111111111111111,0.002235488222919144,344,41,8,1,0.8888888888888888,0.10649350649350649,394,9,197,0.0,0.0,0.0,0.0,0.0,0.0,0.0,0.0,0.0,0.1111111111111111,0.025,1.0944444444444446,0.2222222222222222,0.02531645569620253,1.1082981715893108,0.04285260044402568,0.09523809523809523,0.08333333333333333,0.1111111111111111,0.1111111111111111,-0.007867120717466293,-0.05602240896358543,-0.05952380952380952,0.0,0.0
rg3,2026,1,xgboost_balanced,inner_selected,0.024779744114669426,0.544589102268219,fixed_0.5,0.04285260044402568,0.607936507936508,0.048646213771610755,0.19383309973455118,0.09523809523809523,0.08333333333333333,0.1111111111111111,0.07176159933596753,374,11,8,1,0.8888888888888888,0.02857142857142857,394,9,197,0.0,0.0,0.0,0.1111111111111111,0.08333333333333333,3.648148148148148,0.1111111111111111,0.05,2.188888888888889,0.1111111111111111,0.025,1.0944444444444446,0.3333333333333333,0.0379746835443038,1.6624472573839664,0.04285260044402568,0.09523809523809523,0.08333333333333333,0.1111111111111111,0.1111111111111111,0.0,0.0,0.0,0.0,0.0
rg3,2026,1,xgboost_balanced,base,0.024779744114669426,0.544589102268219,inner_f1,0.04285260044402568,0.607936507936508,0.048646213771610755,0.19383309973455118,0.0,0.0,0.0,-0.022011124543298285,377,8,9,0,1.0,0.02077922077922078,394,9,197,0.0,0.0,0.0,0.1111111111111111,0.08333333333333333,3.648148148148148,0.1111111111111111,0.05,2.188888888888889,0.1111111111111111,0.025,1.0944444444444446,0.3333333333333333,0.0379746835443038,1.6624472573839664,0.04285260044402568,0.0,0.0,0.0,0.1111111111111111,0.0,0.0,0.0,0.0,0.0
rg3,2026,1,xgboost_balanced,temperature_differences,0.021857523715046262,0.035214077681303024,inner_f1,0.0514278522161957,0.5790764790764791,0.041035995141555585,0.1755770927061182,0.04597701149425287,0.023809523809523808,0.6666666666666666,0.008621347906214773,139,246,3,6,0.3333333333333333,0.638961038961039,394,9,197,0.0,0.0,0.0,0.1111111111111111,0.08333333333333333,3.648148148148148,0.2222222222222222,0.1,4.377777777777778,0.2222222222222222,0.05,2.188888888888889,0.3333333333333333,0.0379746835443038,1.6624472573839664,0.04285260044402568,0.0,0.0,0.0,0.1111111111111111,0.008575251772170021,0.04597701149425287,0.023809523809523808,0.6666666666666666,0.1111111111111111
rg3,2026,1,xgboost_balanced,pressure_difference,0.018943436531349514,0.009846308268606663,inner_f1,0.059228164462456656,0.6004329004329004,0.05091331489684312,0.19926275696243284,0.04092071611253197,0.020942408376963352,0.8888888888888888,-0.07176159933596753,11,374,1,8,0.1111111111111111,0.9714285714285714,394,9,197,0.0,0.0,0.0,0.1111111111111111,0.08333333333333333,3.648148148148148,0.1111111111111111,0.05,2.188888888888889,0.3333333333333333,0.075,3.283333333333333,0.3333333333333333,0.0379746835443038,1.6624472573839664,0.04285260044402568,0.0,0.0,0.0,0.1111111111111111,0.016375564018430974,0.04092071611253197,0.020942408376963352,0.8888888888888888,0.2222222222222222
rg3,2026,1,xgboost_balanced,shallower_tree,0.02233020969610106,0.7192420363426208,inner_f1,0.03498547972655939,0.5808080808080807,0.08500216401224993,0.2941992799560548,0.0,0.0,0.0,-0.015484193222775274,381,4,9,0,1.0,0.01038961038961039,394,9,197,0.0,0.0,0.0,0.0,0.0,0.0,0.0,0.0,0.0,0.1111111111111111,0.025,1.0944444444444446,0.2222222222222222,0.02531645569620253,1.1082981715893108,0.04285260044402568,0.0,0.0,0.0,0.1111111111111111,-0.007867120717466293,0.0,0.0,0.0,0.0
rg3,2026,1,xgboost_balanced,inner_selected,0.024779744114669426,0.544589102268219,inner_f1,0.04285260044402568,0.607936507936508,0.048646213771610755,0.19383309973455118,0.0,0.0,0.0,-0.022011124543298285,377,8,9,0,1.0,0.02077922077922078,394,9,197,0.0,0.0,0.0,0.1111111111111111,0.08333333333333333,3.648148148148148,0.1111111111111111,0.05,2.188888888888889,0.1111111111111111,0.025,1.0944444444444446,0.3333333333333333,0.0379746835443038,1.6624472573839664,0.04285260044402568,0.0,0.0,0.0,0.1111111111111111,0.0,0.0,0.0,0.0,0.0
rg3,2026,1,catboost_balanced,base,0.01989072753308125,0.07784909994862228,fixed_0.5,0.03896913559246155,0.5721500721500722,0.05399586793189384,0.21992962774367486,0.0,0.0,0.0,-0.02467318856099134,375,10,9,0,1.0,0.025974025974025976,394,9,197,0.0,0.0,0.0,0.1111111111111111,0.08333333333333333,3.648148148148148,0.1111111111111111,0.05,2.188888888888889,0.1111111111111111,0.025,1.0944444444444446,0.3333333333333333,0.0379746835443038,1.6624472573839664,0.03896913559246155,0.0,0.0,0.0,0.1111111111111111,0.0,0.0,0.0,0.0,0.0
rg3,2026,1,catboost_balanced,temperature_differences,0.021874453829169853,0.06057357188238957,fixed_0.5,0.034494173668074696,0.5305916305916305,0.05385696270218449,0.2173655256990334,0.0,0.0,0.0,-0.029346959282671108,371,14,9,0,1.0,0.03636363636363636,394,9,197,0.0,0.0,0.0,0.0,0.0,0.0,0.0,0.0,0.0,0.1111111111111111,0.025,1.0944444444444446,0.4444444444444444,0.05063291139240506,2.2165963431786215,0.03896913559246155,0.0,0.0,0.0,0.1111111111111111,-0.004474961924386851,0.0,0.0,0.0,0.0
rg3,2026,1,catboost_balanced,pressure_difference,0.022300631278324712,0.4450222166377891,fixed_0.5,0.03771664125395104,0.6200577200577201,0.05347365242172393,0.21238069174847246,0.0,0.0,0.0,-0.02467318856099134,375,10,9,0,1.0,0.025974025974025976,394,9,197,0.0,0.0,0.0,0.0,0.0,0.0,0.1111111111111111,0.05,2.188888888888889,0.1111111111111111,0.025,1.0944444444444446,0.2222222222222222,0.02531645569620253,1.1082981715893108,0.03896913559246155,0.0,0.0,0.0,0.1111111111111111,-0.0012524943385105042,0.0,0.0,0.0,0.0
rg3,2026,1,catboost_balanced,shallower_tree,0.0188790530974722,0.58777733063432,fixed_0.5,0.028361185893111228,0.5461760461760461,0.09997834476691743,0.3433651762549464,0.046511627906976744,0.029411764705882353,0.1111111111111111,0.013512644269001341,352,33,8,1,0.8888888888888888,0.08571428571428572,394,9,197,0.0,0.0,0.0,0.0,0.0,0.0,0.0,0.0,0.0,0.1111111111111111,0.025,1.0944444444444446,0.2222222222222222,0.02531645569620253,1.1082981715893108,0.03896913559246155,0.0,0.0,0.0,0.1111111111111111,-0.01060794969935032,0.046511627906976744,0.029411764705882353,0.1111111111111111,0.0
rg3,2026,1,catboost_balanced,inner_selected,0.022300631278324712,0.4450222166377891,fixed_0.5,0.03771664125395104,0.6200577200577201,0.05347365242172393,0.21238069174847246,0.0,0.0,0.0,-0.02467318856099134,375,10,9,0,1.0,0.025974025974025976,394,9,197,0.0,0.0,0.0,0.0,0.0,0.0,0.1111111111111111,0.05,2.188888888888889,0.1111111111111111,0.025,1.0944444444444446,0.2222222222222222,0.02531645569620253,1.1082981715893108,0.03896913559246155,0.0,0.0,0.0,0.1111111111111111,-0.0012524943385105042,0.0,0.0,0.0,0.0
rg3,2026,1,catboost_balanced,base,0.01989072753308125,0.07784909994862228,inner_f1,0.03896913559246155,0.5721500721500722,0.05399586793189384,0.21992962774367486,0.05533596837944664,0.028688524590163935,0.7777777777777778,0.04990501074108165,148,237,2,7,0.2222222222222222,0.6155844155844156,394,9,197,0.0,0.0,0.0,0.1111111111111111,0.08333333333333333,3.648148148148148,0.1111111111111111,0.05,2.188888888888889,0.1111111111111111,0.025,1.0944444444444446,0.3333333333333333,0.0379746835443038,1.6624472573839664,0.03896913559246155,0.05533596837944664,0.028688524590163935,0.7777777777777778,0.1111111111111111,0.0,0.0,0.0,0.0,0.0
rg3,2026,1,catboost_balanced,temperature_differences,0.021874453829169853,0.06057357188238957,inner_f1,0.034494173668074696,0.5305916305916305,0.05385696270218449,0.2173655256990334,0.03636363636363636,0.018796992481203006,0.5555555555555556,-0.039036280856138736,124,261,4,5,0.4444444444444444,0.6779220779220779,394,9,197,0.0,0.0,0.0,0.0,0.0,0.0,0.0,0.0,0.0,0.1111111111111111,0.025,1.0944444444444446,0.4444444444444444,0.05063291139240506,2.2165963431786215,0.03896913559246155,0.05533596837944664,0.028688524590163935,0.7777777777777778,0.1111111111111111,-0.004474961924386851,-0.018972332015810278,-0.009891532108960929,-0.2222222222222222,0.0
rg3,2026,1,catboost_balanced,pressure_difference,0.022300631278324712,0.4450222166377891,inner_f1,0.03771664125395104,0.6200577200577201,0.05347365242172393,0.21238069174847246,0.06060606060606061,0.041666666666666664,0.1111111111111111,0.03208942239634471,362,23,8,1,0.8888888888888888,0.05974025974025974,394,9,197,0.0,0.0,0.0,0.0,0.0,0.0,0.1111111111111111,0.05,2.188888888888889,0.1111111111111111,0.025,1.0944444444444446,0.2222222222222222,0.02531645569620253,1.1082981715893108,0.03896913559246155,0.05533596837944664,0.028688524590163935,0.7777777777777778,0.1111111111111111,-0.0012524943385105042,0.005270092226613968,0.01297814207650273,-0.6666666666666667,0.0
rg3,2026,1,catboost_balanced,shallower_tree,0.0188790530974722,0.58777733063432,inner_f1,0.028361185893111228,0.5461760461760461,0.09997834476691743,0.3433651762549464,0.0,0.0,0.0,-0.03535656673920897,365,20,9,0,1.0,0.05194805194805195,394,9,197,0.0,0.0,0.0,0.0,0.0,0.0,0.0,0.0,0.0,0.1111111111111111,0.025,1.0944444444444446,0.2222222222222222,0.02531645569620253,1.1082981715893108,0.03896913559246155,0.05533596837944664,0.028688524590163935,0.7777777777777778,0.1111111111111111,-0.01060794969935032,-0.05533596837944664,-0.028688524590163935,-0.7777777777777778,0.0
rg3,2026,1,catboost_balanced,inner_selected,0.022300631278324712,0.4450222166377891,inner_f1,0.03771664125395104,0.6200577200577201,0.05347365242172393,0.21238069174847246,0.06060606060606061,0.041666666666666664,0.1111111111111111,0.03208942239634471,362,23,8,1,0.8888888888888888,0.05974025974025974,394,9,197,0.0,0.0,0.0,0.0,0.0,0.0,0.1111111111111111,0.05,2.188888888888889,0.1111111111111111,0.025,1.0944444444444446,0.2222222222222222,0.02531645569620253,1.1082981715893108,0.03896913559246155,0.05533596837944664,0.028688524590163935,0.7777777777777778,0.1111111111111111,-0.0012524943385105042,0.005270092226613968,0.01297814207650273,-0.6666666666666667,0.0
rg3,2026,2,xgboost_balanced,base,0.02352176247778264,0.2120208889245987,fixed_0.5,0.023669949015830992,0.4226551226551226,0.042869301542762785,0.19426477810188958,0.0,0.0,0.0,-0.015484193222775274,381,4,9,0,1.0,0.01038961038961039,394,9,197,0.0,0.0,0.0,0.0,0.0,0.0,0.0,0.0,0.0,0.1111111111111111,0.025,1.0944444444444446,0.2222222222222222,0.02531645569620253,1.1082981715893108,0.023669949015830992,0.0,0.0,0.0,0.1111111111111111,0.0,0.0,0.0,0.0,0.0
rg3,2026,2,xgboost_balanced,temperature_differences,0.01984420657031124,0.012127844616770744,fixed_0.5,0.026025474646058786,0.5150072150072149,0.040067885109598855,0.1745618031617788,0.0,0.0,0.0,-0.015484193222775274,381,4,9,0,1.0,0.01038961038961039,394,9,197,0.0,0.0,0.0,0.0,0.0,0.0,0.0,0.0,0.0,0.0,0.0,0.0,0.2222222222222222,0.02531645569620253,1.1082981715893108,0.023669949015830992,0.0,0.0,0.0,0.1111111111111111,0.0023555256302277942,0.0,0.0,0.0,-0.1111111111111111
rg3,2026,2,xgboost_balanced,pressure_difference,0.024098883143625127,0.08242946863174438,fixed_0.5,0.025577772786471022,0.43881673881673877,0.03694206516018555,0.17455598376650752,0.0,0.0,0.0,-0.010921011245091976,383,2,9,0,1.0,0.005194805194805195,394,9,197,0.0,0.0,0.0,0.0,0.0,0.0,0.0,0.0,0.0,0.1111111111111111,0.025,1.0944444444444446,0.2222222222222222,0.02531645569620253,1.1082981715893108,0.023669949015830992,0.0,0.0,0.0,0.1111111111111111,0.0019078237706400304,0.0,0.0,0.0,0.0
rg3,2026,2,xgboost_balanced,shallower_tree,0.020962450939167127,0.10006151348352432,fixed_0.5,0.029120558216081047,0.422077922077922,0.07312988385501994,0.28199052258043555,0.0,0.0,0.0,-0.029346959282671108,371,14,9,0,1.0,0.03636363636363636,394,9,197,0.0,0.0,0.0,0.0,0.0,0.0,0.0,0.0,0.0,0.2222222222222222,0.05,2.188888888888889,0.2222222222222222,0.02531645569620253,1.1082981715893108,0.023669949015830992,0.0,0.0,0.0,0.1111111111111111,0.005450609200250055,0.0,0.0,0.0,0.1111111111111111
rg3,2026,2,xgboost_balanced,inner_selected,0.024098883143625127,0.08242946863174438,fixed_0.5,0.025577772786471022,0.43881673881673877,0.03694206516018555,0.17455598376650752,0.0,0.0,0.0,-0.010921011245091976,383,2,9,0,1.0,0.005194805194805195,394,9,197,0.0,0.0,0.0,0.0,0.0,0.0,0.0,0.0,0.0,0.1111111111111111,0.025,1.0944444444444446,0.2222222222222222,0.02531645569620253,1.1082981715893108,0.023669949015830992,0.0,0.0,0.0,0.1111111111111111,0.0019078237706400304,0.0,0.0,0.0,0.0
rg3,2026,2,xgboost_balanced,base,0.02352176247778264,0.2120208889245987,inner_f1,0.023669949015830992,0.4226551226551226,0.042869301542762785,0.19426477810188958,0.056338028169014086,0.03225806451612903,0.2222222222222222,0.027233993529478983,325,60,7,2,0.7777777777777778,0.15584415584415584,394,9,197,0.0,0.0,0.0,0.0,0.0,0.0,0.0,0.0,0.0,0.1111111111111111,0.025,1.0944444444444446,0.2222222222222222,0.02531645569620253,1.1082981715893108,0.023669949015830992,0.056338028169014086,0.03225806451612903,0.2222222222222222,0.1111111111111111,0.0,0.0,0.0,0.0,0.0
rg3,2026,2,xgboost_balanced,temperature_differences,0.01984420657031124,0.012127844616770744,inner_f1,0.026025474646058786,0.5150072150072149,0.040067885109598855,0.1745618031617788,0.04481792717086835,0.022988505747126436,0.8888888888888888,0.0026854052793293774,45,340,1,8,0.1111111111111111,0.8831168831168831,394,9,197,0.0,0.0,0.0,0.0,0.0,0.0,0.0,0.0,0.0,0.0,0.0,0.0,0.2222222222222222,0.02531645569620253,1.1082981715893108,0.023669949015830992,0.056338028169014086,0.03225806451612903,0.2222222222222222,0.1111111111111111,0.0023555256302277942,-0.011520100998145738,-0.009269558769002595,0.6666666666666666,-0.1111111111111111
rg3,2026,2,xgboost_balanced,pressure_difference,0.024098883143625127,0.08242946863174438,inner_f1,0.025577772786471022,0.43881673881673877,0.03694206516018555,0.17455598376650752,0.03680981595092025,0.01948051948051948,0.3333333333333333,-0.018026547890612133,234,151,6,3,0.6666666666666666,0.3922077922077922,394,9,197,0.0,0.0,0.0,0.0,0.0,0.0,0.0,0.0,0.0,0.1111111111111111,0.025,1.0944444444444446,0.2222222222222222,0.02531645569620253,1.1082981715893108,0.023669949015830992,0.056338028169014086,0.03225806451612903,0.2222222222222222,0.1111111111111111,0.0019078237706400304,-0.019528212218093838,-0.012777545035609551,0.1111111111111111,0.0
rg3,2026,2,xgboost_balanced,shallower_tree,0.020962450939167127,0.10006151348352432,inner_f1,0.029120558216081047,0.422077922077922,0.07312988385501994,0.28199052258043555,0.038314176245210725,0.01984126984126984,0.5555555555555556,-0.026762100792208355,138,247,4,5,0.4444444444444444,0.6415584415584416,394,9,197,0.0,0.0,0.0,0.0,0.0,0.0,0.0,0.0,0.0,0.2222222222222222,0.05,2.188888888888889,0.2222222222222222,0.02531645569620253,1.1082981715893108,0.023669949015830992,0.056338028169014086,0.03225806451612903,0.2222222222222222,0.1111111111111111,0.005450609200250055,-0.01802385192380336,-0.012416794674859191,0.33333333333333337,0.1111111111111111
rg3,2026,2,xgboost_balanced,inner_selected,0.024098883143625127,0.08242946863174438,inner_f1,0.025577772786471022,0.43881673881673877,0.03694206516018555,0.17455598376650752,0.03680981595092025,0.01948051948051948,0.3333333333333333,-0.018026547890612133,234,151,6,3,0.6666666666666666,0.3922077922077922,394,9,197,0.0,0.0,0.0,0.0,0.0,0.0,0.0,0.0,0.0,0.1111111111111111,0.025,1.0944444444444446,0.2222222222222222,0.02531645569620253,1.1082981715893108,0.023669949015830992,0.056338028169014086,0.03225806451612903,0.2222222222222222,0.1111111111111111,0.0019078237706400304,-0.019528212218093838,-0.012777545035609551,0.1111111111111111,0.0
rg3,2026,2,catboost_balanced,base,0.0244602015792345,0.21904560431852907,fixed_0.5,0.03584458339324566,0.4786435786435786,0.05946863346076611,0.24327722538599184,0.10526315789473684,0.1,0.1111111111111111,0.0833405480282374,376,9,8,1,0.8888888888888888,0.023376623376623377,394,9,197,0.0,0.0,0.0,0.1111111111111111,0.08333333333333333,3.648148148148148,0.1111111111111111,0.05,2.188888888888889,0.1111111111111111,0.025,1.0944444444444446,0.1111111111111111,0.012658227848101266,0.5541490857946554,0.03584458339324566,0.10526315789473684,0.1,0.1111111111111111,0.1111111111111111,0.0,0.0,0.0,0.0,0.0
rg3,2026,2,catboost_balanced,temperature_differences,0.019718181919826175,0.20591039700860572,fixed_0.5,0.02905616468698509,0.5242424242424243,0.05265883732135272,0.22023538590895145,0.0,0.0,0.0,-0.022011124543298285,377,8,9,0,1.0,0.02077922077922078,394,9,197,0.0,0.0,0.0,0.0,0.0,0.0,0.0,0.0,0.0,0.1111111111111111,0.025,1.0944444444444446,0.2222222222222222,0.02531645569620253,1.1082981715893108,0.03584458339324566,0.10526315789473684,0.1,0.1111111111111111,0.1111111111111111,-0.006788418706260568,-0.10526315789473684,-0.1,-0.1111111111111111,0.0
rg3,2026,2,catboost_balanced,pressure_difference,0.01984286203223973,0.05945306890173598,fixed_0.5,0.02932009126317247,0.5248196248196249,0.050372477559508404,0.2182182988248777,0.0,0.0,0.0,-0.010921011245091976,383,2,9,0,1.0,0.005194805194805195,394,9,197,0.0,0.0,0.0,0.0,0.0,0.0,0.0,0.0,0.0,0.0,0.0,0.0,0.3333333333333333,0.0379746835443038,1.6624472573839664,0.03584458339324566,0.10526315789473684,0.1,0.1111111111111111,0.1111111111111111,-0.006524492130073188,-0.10526315789473684,-0.1,-0.1111111111111111,-0.1111111111111111
rg3,2026,2,catboost_balanced,shallower_tree,0.017780721808363147,0.005253330149999803,fixed_0.5,0.025925847747212745,0.47922077922077916,0.0923437238670404,0.3326438297489438,0.0,0.0,0.0,-0.04228918962178587,357,28,9,0,1.0,0.07272727272727272,394,9,197,0.0,0.0,0.0,0.0,0.0,0.0,0.0,0.0,0.0,0.0,0.0,0.0,0.2222222222222222,0.02531645569620253,1.1082981715893108,0.03584458339324566,0.10526315789473684,0.1,0.1111111111111111,0.1111111111111111,-0.009918735646032913,-0.10526315789473684,-0.1,-0.1111111111111111,-0.1111111111111111
rg3,2026,2,catboost_balanced,inner_selected,0.0244602015792345,0.21904560431852907,fixed_0.5,0.03584458339324566,0.4786435786435786,0.05946863346076611,0.24327722538599184,0.10526315789473684,0.1,0.1111111111111111,0.0833405480282374,376,9,8,1,0.8888888888888888,0.023376623376623377,394,9,197,0.0,0.0,0.0,0.1111111111111111,0.08333333333333333,3.648148148148148,0.1111111111111111,0.05,2.188888888888889,0.1111111111111111,0.025,1.0944444444444446,0.1111111111111111,0.012658227848101266,0.5541490857946554,0.03584458339324566,0.10526315789473684,0.1,0.1111111111111111,0.1111111111111111,0.0,0.0,0.0,0.0,0.0
rg3,2026,2,catboost_balanced,base,0.0244602015792345,0.21904560431852907,inner_f1,0.03584458339324566,0.4786435786435786,0.05946863346076611,0.24327722538599184,0.017699115044247787,0.009615384615384616,0.1111111111111111,-0.05301905692510283,282,103,8,1,0.8888888888888888,0.2675324675324675,394,9,197,0.0,0.0,0.0,0.1111111111111111,0.08333333333333333,3.648148148148148,0.1111111111111111,0.05,2.188888888888889,0.1111111111111111,0.025,1.0944444444444446,0.1111111111111111,0.012658227848101266,0.5541490857946554,0.03584458339324566,0.017699115044247787,0.009615384615384616,0.1111111111111111,0.1111111111111111,0.0,0.0,0.0,0.0,0.0
rg3,2026,2,catboost_balanced,temperature_differences,0.019718181919826175,0.20591039700860572,inner_f1,0.02905616468698509,0.5242424242424243,0.05265883732135272,0.22023538590895145,0.0380952380952381,0.020833333333333332,0.2222222222222222,-0.0076334035800001395,291,94,7,2,0.7777777777777778,0.24415584415584415,394,9,197,0.0,0.0,0.0,0.0,0.0,0.0,0.0,0.0,0.0,0.1111111111111111,0.025,1.0944444444444446,0.2222222222222222,0.02531645569620253,1.1082981715893108,0.03584458339324566,0.017699115044247787,0.009615384615384616,0.1111111111111111,0.1111111111111111,-0.006788418706260568,0.02039612305099031,0.011217948717948716,0.1111111111111111,0.0
rg3,2026,2,catboost_balanced,pressure_difference,0.01984286203223973,0.05945306890173598,inner_f1,0.02932009126317247,0.5248196248196249,0.050372477559508404,0.2182182988248777,0.04501607717041801,0.023178807947019868,0.7777777777777778,0.004076720964319332,90,295,2,7,0.2222222222222222,0.7662337662337663,394,9,197,0.0,0.0,0.0,0.0,0.0,0.0,0.0,0.0,0.0,0.0,0.0,0.0,0.3333333333333333,0.0379746835443038,1.6624472573839664,0.03584458339324566,0.017699115044247787,0.009615384615384616,0.1111111111111111,0.1111111111111111,-0.006524492130073188,0.02731696212617022,0.013563423331635252,0.6666666666666667,-0.1111111111111111
rg3,2026,2,catboost_balanced,shallower_tree,0.017780721808363147,0.005253330149999803,inner_f1,0.025925847747212745,0.47922077922077916,0.0923437238670404,0.3326438297489438,0.04466501240694789,0.02284263959390863,1.0,0.0,0,385,0,9,0.0,1.0,394,9,197,0.0,0.0,0.0,0.0,0.0,0.0,0.0,0.0,0.0,0.0,0.0,0.0,0.2222222222222222,0.02531645569620253,1.1082981715893108,0.03584458339324566,0.017699115044247787,0.009615384615384616,0.1111111111111111,0.1111111111111111,-0.009918735646032913,0.0269658973627001,0.013227254978524013,0.8888888888888888,-0.1111111111111111
rg3,2026,2,catboost_balanced,inner_selected,0.0244602015792345,0.21904560431852907,inner_f1,0.03584458339324566,0.4786435786435786,0.05946863346076611,0.24327722538599184,0.017699115044247787,0.009615384615384616,0.1111111111111111,-0.05301905692510283,282,103,8,1,0.8888888888888888,0.2675324675324675,394,9,197,0.0,0.0,0.0,0.1111111111111111,0.08333333333333333,3.648148148148148,0.1111111111111111,0.05,2.188888888888889,0.1111111111111111,0.025,1.0944444444444446,0.1111111111111111,0.012658227848101266,0.5541490857946554,0.03584458339324566,0.017699115044247787,0.009615384615384616,0.1111111111111111,0.1111111111111111,0.0,0.0,0.0,0.0,0.0
