cohort,method,feature_a,feature_b,correlation,records
all_products_reference,pearson,Injection_Time,Filling_Time,0.9957698538753124,5232
all_products_reference,pearson,Injection_Time,Plasticizing_Time,0.9866620022077616,5232
all_products_reference,pearson,Injection_Time,Cycle_Time,-0.935217813508803,5232
all_products_reference,pearson,Injection_Time,Clamp_Close_Time,0.8763036643187815,5232
all_products_reference,pearson,Injection_Time,Cushion_Position,-0.07217119930229375,5232
all_products_reference,pearson,Injection_Time,Switch_Over_Position,-0.04889874008411771,5232
all_products_reference,pearson,Injection_Time,Plasticizing_Position,0.9923623000523933,5232
all_products_reference,pearson,Injection_Time,Clamp_Open_Position,0.9877715504978589,5232
all_products_reference,pearson,Injection_Time,Max_Injection_Speed,-0.9984201547150618,5232
all_products_reference,pearson,Injection_Time,Max_Screw_RPM,-0.4521340965685503,5232
all_products_reference,pearson,Injection_Time,Average_Screw_RPM,-0.4082382375413512,5232
all_products_reference,pearson,Injection_Time,Max_Injection_Pressure,-0.12892774185675795,5232
all_products_reference,pearson,Injection_Time,Max_Switch_Over_Pressure,0.9946987162460048,5232
all_products_reference,pearson,Injection_Time,Max_Back_Pressure,-0.9840349523623917,5232
all_products_reference,pearson,Injection_Time,Average_Back_Pressure,-0.2517432388133209,5232
all_products_reference,pearson,Injection_Time,Barrel_Temperature_1,-0.7314072576767197,5232
all_products_reference,pearson,Injection_Time,Barrel_Temperature_2,-0.9449092211597538,5232
all_products_reference,pearson,Injection_Time,Barrel_Temperature_3,-0.9478781702405836,5232
all_products_reference,pearson,Injection_Time,Barrel_Temperature_4,-0.7934423356624862,5232
all_products_reference,pearson,Injection_Time,Barrel_Temperature_5,-0.9766004170446437,5232
all_products_reference,pearson,Injection_Time,Barrel_Temperature_6,-0.9569569321199803,5232
all_products_reference,pearson,Injection_Time,Barrel_Temperature_7,0.03332928330840392,5232
all_products_reference,pearson,Injection_Time,Hopper_Temperature,0.20827736937739993,5232
all_products_reference,pearson,Injection_Time,Mold_Temperature_3,-0.11508388804795863,5232
all_products_reference,pearson,Injection_Time,Mold_Temperature_4,-0.04617209898596565,5232
all_products_reference,pearson,Filling_Time,Plasticizing_Time,0.9790981146561355,5232
all_products_reference,pearson,Filling_Time,Cycle_Time,-0.9556281595682526,5232
all_products_reference,pearson,Filling_Time,Clamp_Close_Time,0.9109733482100192,5232
all_products_reference,pearson,Filling_Time,Cushion_Position,-0.03397398529851621,5232
all_products_reference,pearson,Filling_Time,Switch_Over_Position,-0.04904792787491622,5232
all_products_reference,pearson,Filling_Time,Plasticizing_Position,0.9973165673694627,5232
all_products_reference,pearson,Filling_Time,Clamp_Open_Position,0.9942316663281443,5232
all_products_reference,pearson,Filling_Time,Max_Injection_Speed,-0.9981950802333922,5232
all_products_reference,pearson,Filling_Time,Max_Screw_RPM,-0.4301294193077525,5232
all_products_reference,pearson,Filling_Time,Average_Screw_RPM,-0.40041056305429096,5232
all_products_reference,pearson,Filling_Time,Max_Injection_Pressure,-0.18430708307303725,5232
all_products_reference,pearson,Filling_Time,Max_Switch_Over_Pressure,0.998276004420322,5232
all_products_reference,pearson,Filling_Time,Max_Back_Pressure,-0.9699055055092486,5232
all_products_reference,pearson,Filling_Time,Average_Back_Pressure,-0.1792960231288236,5232
all_products_reference,pearson,Filling_Time,Barrel_Temperature_1,-0.6850774106910656,5232
all_products_reference,pearson,Filling_Time,Barrel_Temperature_2,-0.9201807543783126,5232
all_products_reference,pearson,Filling_Time,Barrel_Temperature_3,-0.9238890090696209,5232
all_products_reference,pearson,Filling_Time,Barrel_Temperature_4,-0.7556220011537753,5232
all_products_reference,pearson,Filling_Time,Barrel_Temperature_5,-0.9634049989199934,5232
all_products_reference,pearson,Filling_Time,Barrel_Temperature_6,-0.9552166392387925,5232
all_products_reference,pearson,Filling_Time,Barrel_Temperature_7,-0.005548432194405765,5232
all_products_reference,pearson,Filling_Time,Hopper_Temperature,0.2656845574247285,5232
all_products_reference,pearson,Filling_Time,Mold_Temperature_3,-0.09946676801837319,5232
all_products_reference,pearson,Filling_Time,Mold_Temperature_4,-0.03649055741896976,5232
all_products_reference,pearson,Plasticizing_Time,Cycle_Time,-0.9108224771409835,5232
all_products_reference,pearson,Plasticizing_Time,Clamp_Close_Time,0.8481002502494569,5232
all_products_reference,pearson,Plasticizing_Time,Cushion_Position,0.0031082564258272266,5232
all_products_reference,pearson,Plasticizing_Time,Switch_Over_Position,-0.049112212086487056,5232
all_products_reference,pearson,Plasticizing_Time,Plasticizing_Position,0.9763721636335768,5232
all_products_reference,pearson,Plasticizing_Time,Clamp_Open_Position,0.9644678050057364,5232
all_products_reference,pearson,Plasticizing_Time,Max_Injection_Speed,-0.9831159217538585,5232
all_products_reference,pearson,Plasticizing_Time,Max_Screw_RPM,-0.4195008657917967,5232
all_products_reference,pearson,Plasticizing_Time,Average_Screw_RPM,-0.3632412032184303,5232
all_products_reference,pearson,Plasticizing_Time,Max_Injection_Pressure,-0.04311646401301607,5232
all_products_reference,pearson,Plasticizing_Time,Max_Switch_Over_Pressure,0.9765739268848103,5232
all_products_reference,pearson,Plasticizing_Time,Max_Back_Pressure,-0.9784879599058723,5232
all_products_reference,pearson,Plasticizing_Time,Average_Back_Pressure,-0.32237208285965335,5232
all_products_reference,pearson,Plasticizing_Time,Barrel_Temperature_1,-0.7032854304250212,5232
all_products_reference,pearson,Plasticizing_Time,Barrel_Temperature_2,-0.9621348728524108,5232
all_products_reference,pearson,Plasticizing_Time,Barrel_Temperature_3,-0.9649985726895066,5232
all_products_reference,pearson,Plasticizing_Time,Barrel_Temperature_4,-0.8358230575154717,5232
all_products_reference,pearson,Plasticizing_Time,Barrel_Temperature_5,-0.9875849829342745,5232
all_products_reference,pearson,Plasticizing_Time,Barrel_Temperature_6,-0.9745287475957708,5232
all_products_reference,pearson,Plasticizing_Time,Barrel_Temperature_7,-0.04071251380341463,5232
all_products_reference,pearson,Plasticizing_Time,Hopper_Temperature,0.2126314890936488,5232
all_products_reference,pearson,Plasticizing_Time,Mold_Temperature_3,-0.06547919777571687,5232
all_products_reference,pearson,Plasticizing_Time,Mold_Temperature_4,-0.004916643093884236,5232
all_products_reference,pearson,Cycle_Time,Clamp_Close_Time,-0.9800834046141795,5232
all_products_reference,pearson,Cycle_Time,Cushion_Position,-0.05319776882403749,5232
all_products_reference,pearson,Cycle_Time,Switch_Over_Position,0.04760406014164813,5232
all_products_reference,pearson,Cycle_Time,Plasticizing_Position,-0.9688773409262432,5232
all_products_reference,pearson,Cycle_Time,Clamp_Open_Position,-0.9747631358093604,5232
all_products_reference,pearson,Cycle_Time,Max_Injection_Speed,0.9496667967198648,5232
all_products_reference,pearson,Cycle_Time,Max_Screw_RPM,0.35879169734224287,5232
all_products_reference,pearson,Cycle_Time,Average_Screw_RPM,0.3772622368947529,5232
all_products_reference,pearson,Cycle_Time,Max_Injection_Pressure,0.414094735927422,5232
all_products_reference,pearson,Cycle_Time,Max_Switch_Over_Pressure,-0.9573209655003929,5232
all_products_reference,pearson,Cycle_Time,Max_Back_Pressure,0.902493375144193,5232
all_products_reference,pearson,Cycle_Time,Average_Back_Pressure,-0.03590230738099409,5232
all_products_reference,pearson,Cycle_Time,Barrel_Temperature_1,0.5211769201984772,5232
all_products_reference,pearson,Cycle_Time,Barrel_Temperature_2,0.7921884391179473,5232
all_products_reference,pearson,Cycle_Time,Barrel_Temperature_3,0.7978796636909813,5232
all_products_reference,pearson,Cycle_Time,Barrel_Temperature_4,0.5873463232317098,5232
all_products_reference,pearson,Cycle_Time,Barrel_Temperature_5,0.8714164204698283,5232
all_products_reference,pearson,Cycle_Time,Barrel_Temperature_6,0.8929233900499562,5232
all_products_reference,pearson,Cycle_Time,Barrel_Temperature_7,0.09346924779043805,5232
all_products_reference,pearson,Cycle_Time,Hopper_Temperature,-0.4722556565044128,5232
all_products_reference,pearson,Cycle_Time,Mold_Temperature_3,0.039936730267059344,5232
all_products_reference,pearson,Cycle_Time,Mold_Temperature_4,0.010923664691309613,5232
all_products_reference,pearson,Clamp_Close_Time,Cushion_Position,0.1343300430045019,5232
all_products_reference,pearson,Clamp_Close_Time,Switch_Over_Position,-0.043825035323209256,5232
all_products_reference,pearson,Clamp_Close_Time,Plasticizing_Position,0.926763795769821,5232
all_products_reference,pearson,Clamp_Close_Time,Clamp_Open_Position,0.9353366859278672,5232
all_products_reference,pearson,Clamp_Close_Time,Max_Injection_Speed,-0.8971901291667694,5232
all_products_reference,pearson,Clamp_Close_Time,Max_Screw_RPM,-0.2919253393951701,5232
all_products_reference,pearson,Clamp_Close_Time,Average_Screw_RPM,-0.3223928253053813,5232
all_products_reference,pearson,Clamp_Close_Time,Max_Injection_Pressure,-0.5132865728781616,5232
all_products_reference,pearson,Clamp_Close_Time,Max_Switch_Over_Pressure,0.9122150080901046,5232
all_products_reference,pearson,Clamp_Close_Time,Max_Back_Pressure,-0.8186817988980435,5232
all_products_reference,pearson,Clamp_Close_Time,Average_Back_Pressure,0.19629451154587477,5232
all_products_reference,pearson,Clamp_Close_Time,Barrel_Temperature_1,-0.394445228385034,5232
all_products_reference,pearson,Clamp_Close_Time,Barrel_Temperature_2,-0.6979417040034398,5232
all_products_reference,pearson,Clamp_Close_Time,Barrel_Temperature_3,-0.7049607313519997,5232
all_products_reference,pearson,Clamp_Close_Time,Barrel_Temperature_4,-0.47555211658870333,5232
all_products_reference,pearson,Clamp_Close_Time,Barrel_Temperature_5,-0.7969609528176873,5232
all_products_reference,pearson,Clamp_Close_Time,Barrel_Temperature_6,-0.8411221333570396,5232
all_products_reference,pearson,Clamp_Close_Time,Barrel_Temperature_7,-0.1738695060174354,5232
all_products_reference,pearson,Clamp_Close_Time,Hopper_Temperature,0.5792957824608601,5232
all_products_reference,pearson,Clamp_Close_Time,Mold_Temperature_3,0.0013193528922753968,5232
all_products_reference,pearson,Clamp_Close_Time,Mold_Temperature_4,0.012291927682723733,5232
all_products_reference,pearson,Cushion_Position,Switch_Over_Position,-0.005292784200636781,5232
all_products_reference,pearson,Cushion_Position,Plasticizing_Position,-0.029160430484343382,5232
all_products_reference,pearson,Cushion_Position,Clamp_Open_Position,-0.05986925084814842,5232
all_products_reference,pearson,Cushion_Position,Max_Injection_Speed,0.06192741143588411,5232
all_products_reference,pearson,Cushion_Position,Max_Screw_RPM,0.33468416439254384,5232
all_products_reference,pearson,Cushion_Position,Average_Screw_RPM,0.031638449580065175,5232
all_products_reference,pearson,Cushion_Position,Max_Injection_Pressure,0.07563074720689611,5232
all_products_reference,pearson,Cushion_Position,Max_Switch_Over_Pressure,-0.04369034534222493,5232
all_products_reference,pearson,Cushion_Position,Max_Back_Pressure,0.10568547597206328,5232
all_products_reference,pearson,Cushion_Position,Average_Back_Pressure,0.16044373138222456,5232
all_products_reference,pearson,Cushion_Position,Barrel_Temperature_1,0.6600071147692117,5232
all_products_reference,pearson,Cushion_Position,Barrel_Temperature_2,0.06591667565008458,5232
all_products_reference,pearson,Cushion_Position,Barrel_Temperature_3,0.05709613775528137,5232
all_products_reference,pearson,Cushion_Position,Barrel_Temperature_4,0.028263371152852663,5232
all_products_reference,pearson,Cushion_Position,Barrel_Temperature_5,-0.004797323614281311,5232
all_products_reference,pearson,Cushion_Position,Barrel_Temperature_6,-0.16998689636805397,5232
all_products_reference,pearson,Cushion_Position,Barrel_Temperature_7,-0.9991732369053664,5232
all_products_reference,pearson,Cushion_Position,Hopper_Temperature,0.3669492839449769,5232
all_products_reference,pearson,Cushion_Position,Mold_Temperature_3,0.25404771929806386,5232
all_products_reference,pearson,Cushion_Position,Mold_Temperature_4,0.22412041581869746,5232
all_products_reference,pearson,Switch_Over_Position,Plasticizing_Position,-0.04915622323417626,5232
all_products_reference,pearson,Switch_Over_Position,Clamp_Open_Position,-0.04866737838745151,5232
all_products_reference,pearson,Switch_Over_Position,Max_Injection_Speed,0.04913686925912088,5232
all_products_reference,pearson,Switch_Over_Position,Max_Screw_RPM,0.01851531014482526,5232
all_products_reference,pearson,Switch_Over_Position,Average_Screw_RPM,0.02328675830978972,5232
all_products_reference,pearson,Switch_Over_Position,Max_Injection_Pressure,0.0068987058187651015,5232
all_products_reference,pearson,Switch_Over_Position,Max_Switch_Over_Pressure,-0.07009117087863458,5232
all_products_reference,pearson,Switch_Over_Position,Max_Back_Pressure,0.047315398147945144,5232
all_products_reference,pearson,Switch_Over_Position,Average_Back_Pressure,0.00815078659082779,5232
all_products_reference,pearson,Switch_Over_Position,Barrel_Temperature_1,0.028169823412919542,5232
all_products_reference,pearson,Switch_Over_Position,Barrel_Temperature_2,0.045292461644719915,5232
all_products_reference,pearson,Switch_Over_Position,Barrel_Temperature_3,0.04639092199647033,5232
all_products_reference,pearson,Switch_Over_Position,Barrel_Temperature_4,0.039820837227340915,5232
all_products_reference,pearson,Switch_Over_Position,Barrel_Temperature_5,0.050088413673351165,5232
all_products_reference,pearson,Switch_Over_Position,Barrel_Temperature_6,0.047945436507737874,5232
all_products_reference,pearson,Switch_Over_Position,Barrel_Temperature_7,0.007249529798167281,5232
all_products_reference,pearson,Switch_Over_Position,Hopper_Temperature,-0.009077492459102278,5232
all_products_reference,pearson,Switch_Over_Position,Mold_Temperature_3,0.007396194882441957,5232
all_products_reference,pearson,Switch_Over_Position,Mold_Temperature_4,-0.00018735321092559645,5232
all_products_reference,pearson,Plasticizing_Position,Clamp_Open_Position,0.9981264426143779,5232
all_products_reference,pearson,Plasticizing_Position,Max_Injection_Speed,-0.9969252220181837,5232
all_products_reference,pearson,Plasticizing_Position,Max_Screw_RPM,-0.4217035966346285,5232
all_products_reference,pearson,Plasticizing_Position,Average_Screw_RPM,-0.3871287788244162,5232
all_products_reference,pearson,Plasticizing_Position,Max_Injection_Pressure,-0.22616648964589592,5232
all_products_reference,pearson,Plasticizing_Position,Max_Switch_Over_Pressure,0.9973065872654494,5232
all_products_reference,pearson,Plasticizing_Position,Max_Back_Pressure,-0.9675008189165704,5232
all_products_reference,pearson,Plasticizing_Position,Average_Back_Pressure,-0.15049444281622112,5232
all_products_reference,pearson,Plasticizing_Position,Barrel_Temperature_1,-0.669641657260105,5232
all_products_reference,pearson,Plasticizing_Position,Barrel_Temperature_2,-0.9069716805137166,5232
all_products_reference,pearson,Plasticizing_Position,Barrel_Temperature_3,-0.9109031435981674,5232
all_products_reference,pearson,Plasticizing_Position,Barrel_Temperature_4,-0.7346478477169197,5232
all_products_reference,pearson,Plasticizing_Position,Barrel_Temperature_5,-0.9555317066188052,5232
all_products_reference,pearson,Plasticizing_Position,Barrel_Temperature_6,-0.9502323879283519,5232
all_products_reference,pearson,Plasticizing_Position,Barrel_Temperature_7,-0.010772108650672976,5232
all_products_reference,pearson,Plasticizing_Position,Hopper_Temperature,0.30336296135995233,5232
all_products_reference,pearson,Plasticizing_Position,Mold_Temperature_3,-0.07604271828940934,5232
all_products_reference,pearson,Plasticizing_Position,Mold_Temperature_4,-0.01822348929055899,5232
all_products_reference,pearson,Clamp_Open_Position,Max_Injection_Speed,-0.9936666110166299,5232
all_products_reference,pearson,Clamp_Open_Position,Max_Screw_RPM,-0.4275405009330596,5232
all_products_reference,pearson,Clamp_Open_Position,Average_Screw_RPM,-0.3986116064191673,5232
all_products_reference,pearson,Clamp_Open_Position,Max_Injection_Pressure,-0.27324619465088973,5232
all_products_reference,pearson,Clamp_Open_Position,Max_Switch_Over_Pressure,0.9951279220344083,5232
all_products_reference,pearson,Clamp_Open_Position,Max_Back_Pressure,-0.9599285944963403,5232
all_products_reference,pearson,Clamp_Open_Position,Average_Back_Pressure,-0.11174475762750552,5232
all_products_reference,pearson,Clamp_Open_Position,Barrel_Temperature_1,-0.6714708209139152,5232
all_products_reference,pearson,Clamp_Open_Position,Barrel_Temperature_2,-0.8878416410646257,5232
all_products_reference,pearson,Clamp_Open_Position,Barrel_Temperature_3,-0.8918266913600282,5232
all_products_reference,pearson,Clamp_Open_Position,Barrel_Temperature_4,-0.7050165249733463,5232
all_products_reference,pearson,Clamp_Open_Position,Barrel_Temperature_5,-0.9400061532469131,5232
all_products_reference,pearson,Clamp_Open_Position,Barrel_Temperature_6,-0.9325234972036168,5232
all_products_reference,pearson,Clamp_Open_Position,Barrel_Temperature_7,0.01965827561824145,5232
all_products_reference,pearson,Clamp_Open_Position,Hopper_Temperature,0.3212060246469872,5232
all_products_reference,pearson,Clamp_Open_Position,Mold_Temperature_3,-0.09329988579090155,5232
all_products_reference,pearson,Clamp_Open_Position,Mold_Temperature_4,-0.04044155640950135,5232
all_products_reference,pearson,Max_Injection_Speed,Max_Screw_RPM,0.44495273430339544,5232
all_products_reference,pearson,Max_Injection_Speed,Average_Screw_RPM,0.41241579375211584,5232
all_products_reference,pearson,Max_Injection_Speed,Max_Injection_Pressure,0.16452153418348944,5232
all_products_reference,pearson,Max_Injection_Speed,Max_Switch_Over_Pressure,-0.9976249287089082,5232
all_products_reference,pearson,Max_Injection_Speed,Max_Back_Pressure,0.9782812113710319,5232
all_products_reference,pearson,Max_Injection_Speed,Average_Back_Pressure,0.21090627389984642,5232
all_products_reference,pearson,Max_Injection_Speed,Barrel_Temperature_1,0.7126082227733038,5232
all_products_reference,pearson,Max_Injection_Speed,Barrel_Temperature_2,0.9321310338750842,5232
all_products_reference,pearson,Max_Injection_Speed,Barrel_Temperature_3,0.9354419196322109,5232
all_products_reference,pearson,Max_Injection_Speed,Barrel_Temperature_4,0.772102917343304,5232
all_products_reference,pearson,Max_Injection_Speed,Barrel_Temperature_5,0.9699917336000429,5232
all_products_reference,pearson,Max_Injection_Speed,Barrel_Temperature_6,0.9552310270542221,5232
all_products_reference,pearson,Max_Injection_Speed,Barrel_Temperature_7,-0.02260493457666024,5232
all_products_reference,pearson,Max_Injection_Speed,Hopper_Temperature,-0.2387757966389695,5232
all_products_reference,pearson,Max_Injection_Speed,Mold_Temperature_3,0.11071736776856851,5232
all_products_reference,pearson,Max_Injection_Speed,Mold_Temperature_4,0.044719048563176406,5232
all_products_reference,pearson,Max_Screw_RPM,Average_Screw_RPM,0.34149743729141213,5232
all_products_reference,pearson,Max_Screw_RPM,Max_Injection_Pressure,-0.02757380614907816,5232
all_products_reference,pearson,Max_Screw_RPM,Max_Switch_Over_Pressure,-0.43144361794372477,5232
all_products_reference,pearson,Max_Screw_RPM,Max_Back_Pressure,0.48669950030343384,5232
all_products_reference,pearson,Max_Screw_RPM,Average_Back_Pressure,0.28855187649276487,5232
all_products_reference,pearson,Max_Screw_RPM,Barrel_Temperature_1,0.5508732898221914,5232
all_products_reference,pearson,Max_Screw_RPM,Barrel_Temperature_2,0.4641650582644164,5232
all_products_reference,pearson,Max_Screw_RPM,Barrel_Temperature_3,0.46135905020414675,5232
all_products_reference,pearson,Max_Screw_RPM,Barrel_Temperature_4,0.4052316794512659,5232
all_products_reference,pearson,Max_Screw_RPM,Barrel_Temperature_5,0.43996162463088884,5232
all_products_reference,pearson,Max_Screw_RPM,Barrel_Temperature_6,0.3720686280356743,5232
all_products_reference,pearson,Max_Screw_RPM,Barrel_Temperature_7,-0.3194917356436081,5232
all_products_reference,pearson,Max_Screw_RPM,Hopper_Temperature,0.1333334930008411,5232
all_products_reference,pearson,Max_Screw_RPM,Mold_Temperature_3,0.3077475751342283,5232
all_products_reference,pearson,Max_Screw_RPM,Mold_Temperature_4,0.27358725039901827,5232
all_products_reference,pearson,Average_Screw_RPM,Max_Injection_Pressure,-0.019053437434020694,5232
all_products_reference,pearson,Average_Screw_RPM,Max_Switch_Over_Pressure,-0.4077752641964235,5232
all_products_reference,pearson,Average_Screw_RPM,Max_Back_Pressure,0.40805547692598354,5232
all_products_reference,pearson,Average_Screw_RPM,Average_Back_Pressure,0.12526105315286756,5232
all_products_reference,pearson,Average_Screw_RPM,Barrel_Temperature_1,0.318115206399605,5232
all_products_reference,pearson,Average_Screw_RPM,Barrel_Temperature_2,0.4035100773738815,5232
all_products_reference,pearson,Average_Screw_RPM,Barrel_Temperature_3,0.4045428037588714,5232
all_products_reference,pearson,Average_Screw_RPM,Barrel_Temperature_4,0.3509232551066491,5232
all_products_reference,pearson,Average_Screw_RPM,Barrel_Temperature_5,0.40842650472024256,5232
all_products_reference,pearson,Average_Screw_RPM,Barrel_Temperature_6,0.3976224325597327,5232
all_products_reference,pearson,Average_Screw_RPM,Barrel_Temperature_7,-0.016555275676383784,5232
all_products_reference,pearson,Average_Screw_RPM,Hopper_Temperature,0.12141330817011028,5232
all_products_reference,pearson,Average_Screw_RPM,Mold_Temperature_3,0.44329216613251193,5232
all_products_reference,pearson,Average_Screw_RPM,Mold_Temperature_4,0.3545534787739288,5232
all_products_reference,pearson,Max_Injection_Pressure,Max_Switch_Over_Pressure,-0.19664985383883715,5232
all_products_reference,pearson,Max_Injection_Pressure,Max_Back_Pressure,0.05519816079768064,5232
all_products_reference,pearson,Max_Injection_Pressure,Average_Back_Pressure,-0.8189563344526477,5232
all_products_reference,pearson,Max_Injection_Pressure,Barrel_Temperature_1,-0.15521898795428454,5232
all_products_reference,pearson,Max_Injection_Pressure,Barrel_Temperature_2,-0.18460962631182562,5232
all_products_reference,pearson,Max_Injection_Pressure,Barrel_Temperature_3,-0.17884850253086057,5232
all_products_reference,pearson,Max_Injection_Pressure,Barrel_Temperature_4,-0.42431275554615944,5232
all_products_reference,pearson,Max_Injection_Pressure,Barrel_Temperature_5,-0.0570625802666815,5232
all_products_reference,pearson,Max_Injection_Pressure,Barrel_Temperature_6,-0.009689831856845108,5232
all_products_reference,pearson,Max_Injection_Pressure,Barrel_Temperature_7,-0.05935524143710609,5232
all_products_reference,pearson,Max_Injection_Pressure,Hopper_Temperature,-0.7390673144842873,5232
all_products_reference,pearson,Max_Injection_Pressure,Mold_Temperature_3,-0.11705861444518997,5232
all_products_reference,pearson,Max_Injection_Pressure,Mold_Temperature_4,-0.024347183738145,5232
all_products_reference,pearson,Max_Switch_Over_Pressure,Max_Back_Pressure,-0.9675394316004926,5232
all_products_reference,pearson,Max_Switch_Over_Pressure,Average_Back_Pressure,-0.16732867729163706,5232
all_products_reference,pearson,Max_Switch_Over_Pressure,Barrel_Temperature_1,-0.6868954938172963,5232
all_products_reference,pearson,Max_Switch_Over_Pressure,Barrel_Temperature_2,-0.9155766410364192,5232
all_products_reference,pearson,Max_Switch_Over_Pressure,Barrel_Temperature_3,-0.9193070640202272,5232
all_products_reference,pearson,Max_Switch_Over_Pressure,Barrel_Temperature_4,-0.7485691959355804,5232
all_products_reference,pearson,Max_Switch_Over_Pressure,Barrel_Temperature_5,-0.9599124058699645,5232
all_products_reference,pearson,Max_Switch_Over_Pressure,Barrel_Temperature_6,-0.9502546351146095,5232
all_products_reference,pearson,Max_Switch_Over_Pressure,Barrel_Temperature_7,0.0040522081344914985,5232
all_products_reference,pearson,Max_Switch_Over_Pressure,Hopper_Temperature,0.2662326229702102,5232
all_products_reference,pearson,Max_Switch_Over_Pressure,Mold_Temperature_3,-0.09898699779432062,5232
all_products_reference,pearson,Max_Switch_Over_Pressure,Mold_Temperature_4,-0.03487438008595822,5232
all_products_reference,pearson,Max_Back_Pressure,Average_Back_Pressure,0.3767983188816672,5232
all_products_reference,pearson,Max_Back_Pressure,Barrel_Temperature_1,0.767906930555454,5232
all_products_reference,pearson,Max_Back_Pressure,Barrel_Temperature_2,0.9587668972785738,5232
all_products_reference,pearson,Max_Back_Pressure,Barrel_Temperature_3,0.9610193771178354,5232
all_products_reference,pearson,Max_Back_Pressure,Barrel_Temperature_4,0.8325210822376782,5232
all_products_reference,pearson,Max_Back_Pressure,Barrel_Temperature_5,0.9762732733212042,5232
all_products_reference,pearson,Max_Back_Pressure,Barrel_Temperature_6,0.9439065443016531,5232
all_products_reference,pearson,Max_Back_Pressure,Barrel_Temperature_7,-0.06850974045130745,5232
all_products_reference,pearson,Max_Back_Pressure,Hopper_Temperature,-0.13986242082414815,5232
all_products_reference,pearson,Max_Back_Pressure,Mold_Temperature_3,0.11173259508538802,5232
all_products_reference,pearson,Max_Back_Pressure,Mold_Temperature_4,0.03556931687441388,5232
all_products_reference,pearson,Average_Back_Pressure,Barrel_Temperature_1,0.541806136698794,5232
all_products_reference,pearson,Average_Back_Pressure,Barrel_Temperature_2,0.5230998987853045,5232
all_products_reference,pearson,Average_Back_Pressure,Barrel_Temperature_3,0.5173639127744785,5232
all_products_reference,pearson,Average_Back_Pressure,Barrel_Temperature_4,0.6919866621252351,5232
all_products_reference,pearson,Average_Back_Pressure,Barrel_Temperature_5,0.4018623323434711,5232
all_products_reference,pearson,Average_Back_Pressure,Barrel_Temperature_6,0.311095687976948,5232
all_products_reference,pearson,Average_Back_Pressure,Barrel_Temperature_7,-0.1615014823381649,5232
all_products_reference,pearson,Average_Back_Pressure,Hopper_Temperature,0.6183929344884062,5232
all_products_reference,pearson,Average_Back_Pressure,Mold_Temperature_3,0.12904436923565646,5232
all_products_reference,pearson,Average_Back_Pressure,Mold_Temperature_4,0.03103360542045688,5232
all_products_reference,pearson,Barrel_Temperature_1,Barrel_Temperature_2,0.7840301394591207,5232
all_products_reference,pearson,Barrel_Temperature_1,Barrel_Temperature_3,0.78046336390369,5232
all_products_reference,pearson,Barrel_Temperature_1,Barrel_Temperature_4,0.7223479268048332,5232
all_products_reference,pearson,Barrel_Temperature_1,Barrel_Temperature_5,0.7236547998914475,5232
all_products_reference,pearson,Barrel_Temperature_1,Barrel_Temperature_6,0.5906543860801788,5232
all_products_reference,pearson,Barrel_Temperature_1,Barrel_Temperature_7,-0.6362355939411559,5232
all_products_reference,pearson,Barrel_Temperature_1,Hopper_Temperature,0.2915237067036894,5232
all_products_reference,pearson,Barrel_Temperature_1,Mold_Temperature_3,0.27040711568920334,5232
all_products_reference,pearson,Barrel_Temperature_1,Mold_Temperature_4,0.17768690162309905,5232
all_products_reference,pearson,Barrel_Temperature_2,Barrel_Temperature_3,0.9942665844942195,5232
all_products_reference,pearson,Barrel_Temperature_2,Barrel_Temperature_4,0.9193056710320467,5232
all_products_reference,pearson,Barrel_Temperature_2,Barrel_Temperature_5,0.9819807049993936,5232
all_products_reference,pearson,Barrel_Temperature_2,Barrel_Temperature_6,0.9434849015831263,5232
all_products_reference,pearson,Barrel_Temperature_2,Barrel_Temperature_7,-0.03278737300834416,5232
all_products_reference,pearson,Barrel_Temperature_2,Hopper_Temperature,0.02388618870813084,5232
all_products_reference,pearson,Barrel_Temperature_2,Mold_Temperature_3,0.14354196624448293,5232
all_products_reference,pearson,Barrel_Temperature_2,Mold_Temperature_4,0.049688862167599275,5232
all_products_reference,pearson,Barrel_Temperature_3,Barrel_Temperature_4,0.9214334141542991,5232
all_products_reference,pearson,Barrel_Temperature_3,Barrel_Temperature_5,0.9848543132617101,5232
all_products_reference,pearson,Barrel_Temperature_3,Barrel_Temperature_6,0.9488418068811632,5232
all_products_reference,pearson,Barrel_Temperature_3,Barrel_Temperature_7,-0.023760817871106468,5232
all_products_reference,pearson,Barrel_Temperature_3,Hopper_Temperature,0.014431281416081217,5232
all_products_reference,pearson,Barrel_Temperature_3,Mold_Temperature_3,0.14339231266061464,5232
all_products_reference,pearson,Barrel_Temperature_3,Mold_Temperature_4,0.05036950339407103,5232
all_products_reference,pearson,Barrel_Temperature_4,Barrel_Temperature_5,0.8745712457158228,5232
all_products_reference,pearson,Barrel_Temperature_4,Barrel_Temperature_6,0.8305341872941712,5232
all_products_reference,pearson,Barrel_Temperature_4,Barrel_Temperature_7,-0.00355618357109255,5232
all_products_reference,pearson,Barrel_Temperature_4,Hopper_Temperature,0.20233138446632504,5232
all_products_reference,pearson,Barrel_Temperature_4,Mold_Temperature_3,0.1437187628442998,5232
all_products_reference,pearson,Barrel_Temperature_4,Mold_Temperature_4,0.0419215895028845,5232
all_products_reference,pearson,Barrel_Temperature_5,Barrel_Temperature_6,0.9765120619429494,5232
all_products_reference,pearson,Barrel_Temperature_5,Barrel_Temperature_7,0.04084976552349674,5232
all_products_reference,pearson,Barrel_Temperature_5,Hopper_Temperature,-0.10701607173786522,5232
all_products_reference,pearson,Barrel_Temperature_5,Mold_Temperature_3,0.11249350262812553,5232
all_products_reference,pearson,Barrel_Temperature_5,Mold_Temperature_4,0.031040388789092647,5232
all_products_reference,pearson,Barrel_Temperature_6,Barrel_Temperature_7,0.206362376044969,5232
all_products_reference,pearson,Barrel_Temperature_6,Hopper_Temperature,-0.21058130355097285,5232
all_products_reference,pearson,Barrel_Temperature_6,Mold_Temperature_3,0.0671869107969144,5232
all_products_reference,pearson,Barrel_Temperature_6,Mold_Temperature_4,-0.003416236853899256,5232
all_products_reference,pearson,Barrel_Temperature_7,Hopper_Temperature,-0.3844849689409888,5232
all_products_reference,pearson,Barrel_Temperature_7,Mold_Temperature_3,-0.2521695432856363,5232
all_products_reference,pearson,Barrel_Temperature_7,Mold_Temperature_4,-0.22376463882671824,5232
all_products_reference,pearson,Hopper_Temperature,Mold_Temperature_3,0.3700635607773084,5232
all_products_reference,pearson,Hopper_Temperature,Mold_Temperature_4,0.21068108853039533,5232
all_products_reference,pearson,Mold_Temperature_3,Mold_Temperature_4,0.9609840946329608,5232
all_products_reference,spearman,Injection_Time,Filling_Time,0.9786062391584094,5232
all_products_reference,spearman,Injection_Time,Plasticizing_Time,0.3837069224925119,5232
all_products_reference,spearman,Injection_Time,Cycle_Time,-0.20675567993187147,5232
all_products_reference,spearman,Injection_Time,Clamp_Close_Time,0.4140328861517228,5232
all_products_reference,spearman,Injection_Time,Cushion_Position,-0.4496347105560306,5232
all_products_reference,spearman,Injection_Time,Switch_Over_Position,-0.02266902560190271,5232
all_products_reference,spearman,Injection_Time,Plasticizing_Position,0.7544981991667632,5232
all_products_reference,spearman,Injection_Time,Clamp_Open_Position,0.733480976577458,5232
all_products_reference,spearman,Injection_Time,Max_Injection_Speed,-0.9175260619827089,5232
all_products_reference,spearman,Injection_Time,Max_Screw_RPM,-0.36243434950168596,5232
all_products_reference,spearman,Injection_Time,Average_Screw_RPM,0.023967017483423364,5232
all_products_reference,spearman,Injection_Time,Max_Injection_Pressure,-0.19590938531777216,5232
all_products_reference,spearman,Injection_Time,Max_Switch_Over_Pressure,0.9011460186248023,5232
all_products_reference,spearman,Injection_Time,Max_Back_Pressure,-0.4052305029842906,5232
all_products_reference,spearman,Injection_Time,Average_Back_Pressure,-0.3184669042593842,5232
all_products_reference,spearman,Injection_Time,Barrel_Temperature_1,-0.5489688163568953,5232
all_products_reference,spearman,Injection_Time,Barrel_Temperature_2,-0.5382301162075536,5232
all_products_reference,spearman,Injection_Time,Barrel_Temperature_3,-0.5636494765459164,5232
all_products_reference,spearman,Injection_Time,Barrel_Temperature_4,-0.5502661787806321,5232
all_products_reference,spearman,Injection_Time,Barrel_Temperature_5,-0.5732339610393926,5232
all_products_reference,spearman,Injection_Time,Barrel_Temperature_6,-0.5718857763600799,5232
all_products_reference,spearman,Injection_Time,Barrel_Temperature_7,0.024113257317339525,5232
all_products_reference,spearman,Injection_Time,Hopper_Temperature,0.002034892350206506,5232
all_products_reference,spearman,Injection_Time,Mold_Temperature_3,-0.14335358658325037,5232
all_products_reference,spearman,Injection_Time,Mold_Temperature_4,-0.03188351168808492,5232
all_products_reference,spearman,Filling_Time,Plasticizing_Time,0.37019082224865707,5232
all_products_reference,spearman,Filling_Time,Cycle_Time,-0.226110456188737,5232
all_products_reference,spearman,Filling_Time,Clamp_Close_Time,0.43254038741605655,5232
all_products_reference,spearman,Filling_Time,Cushion_Position,-0.47532514821106747,5232
all_products_reference,spearman,Filling_Time,Switch_Over_Position,-0.03470023501694765,5232
all_products_reference,spearman,Filling_Time,Plasticizing_Position,0.7681454089208379,5232
all_products_reference,spearman,Filling_Time,Clamp_Open_Position,0.7457092721680109,5232
all_products_reference,spearman,Filling_Time,Max_Injection_Speed,-0.9300733471311432,5232
all_products_reference,spearman,Filling_Time,Max_Screw_RPM,-0.346720056123016,5232
all_products_reference,spearman,Filling_Time,Average_Screw_RPM,0.032769354334484004,5232
all_products_reference,spearman,Filling_Time,Max_Injection_Pressure,-0.20762628258907673,5232
all_products_reference,spearman,Filling_Time,Max_Switch_Over_Pressure,0.9156014011703846,5232
all_products_reference,spearman,Filling_Time,Max_Back_Pressure,-0.38509233637705853,5232
all_products_reference,spearman,Filling_Time,Average_Back_Pressure,-0.2991833698451813,5232
all_products_reference,spearman,Filling_Time,Barrel_Temperature_1,-0.5314264224932173,5232
all_products_reference,spearman,Filling_Time,Barrel_Temperature_2,-0.5249300591585689,5232
all_products_reference,spearman,Filling_Time,Barrel_Temperature_3,-0.5466183887813278,5232
all_products_reference,spearman,Filling_Time,Barrel_Temperature_4,-0.5343647412546013,5232
all_products_reference,spearman,Filling_Time,Barrel_Temperature_5,-0.5609692805127817,5232
all_products_reference,spearman,Filling_Time,Barrel_Temperature_6,-0.5566489968327255,5232
all_products_reference,spearman,Filling_Time,Barrel_Temperature_7,-0.01248501270387101,5232
all_products_reference,spearman,Filling_Time,Hopper_Temperature,0.013744354574038223,5232
all_products_reference,spearman,Filling_Time,Mold_Temperature_3,-0.11604372701568445,5232
all_products_reference,spearman,Filling_Time,Mold_Temperature_4,-0.013219642829726956,5232
all_products_reference,spearman,Plasticizing_Time,Cycle_Time,-0.6639030120592695,5232
all_products_reference,spearman,Plasticizing_Time,Clamp_Close_Time,0.8151505623103817,5232
all_products_reference,spearman,Plasticizing_Time,Cushion_Position,-0.786498152669001,5232
all_products_reference,spearman,Plasticizing_Time,Switch_Over_Position,-0.043707276988962374,5232
all_products_reference,spearman,Plasticizing_Time,Plasticizing_Position,0.7376396319509793,5232
all_products_reference,spearman,Plasticizing_Time,Clamp_Open_Position,0.7260106696353243,5232
all_products_reference,spearman,Plasticizing_Time,Max_Injection_Speed,-0.22126782367194273,5232
all_products_reference,spearman,Plasticizing_Time,Max_Screw_RPM,-0.2527940025245657,5232
all_products_reference,spearman,Plasticizing_Time,Average_Screw_RPM,0.43500296500161745,5232
all_products_reference,spearman,Plasticizing_Time,Max_Injection_Pressure,-0.8171444864475549,5232
all_products_reference,spearman,Plasticizing_Time,Max_Switch_Over_Pressure,0.43654615400045343,5232
all_products_reference,spearman,Plasticizing_Time,Max_Back_Pressure,-0.5658419296695238,5232
all_products_reference,spearman,Plasticizing_Time,Average_Back_Pressure,-0.7392826605806173,5232
all_products_reference,spearman,Plasticizing_Time,Barrel_Temperature_1,-0.5387562509006888,5232
all_products_reference,spearman,Plasticizing_Time,Barrel_Temperature_2,-0.5513970014530399,5232
all_products_reference,spearman,Plasticizing_Time,Barrel_Temperature_3,-0.5553447547887241,5232
all_products_reference,spearman,Plasticizing_Time,Barrel_Temperature_4,-0.6070746773506718,5232
all_products_reference,spearman,Plasticizing_Time,Barrel_Temperature_5,-0.5619755122011212,5232
all_products_reference,spearman,Plasticizing_Time,Barrel_Temperature_6,-0.533490875336157,5232
all_products_reference,spearman,Plasticizing_Time,Barrel_Temperature_7,-0.02394756459079633,5232
all_products_reference,spearman,Plasticizing_Time,Hopper_Temperature,0.7761479115103532,5232
all_products_reference,spearman,Plasticizing_Time,Mold_Temperature_3,0.22985717724463248,5232
all_products_reference,spearman,Plasticizing_Time,Mold_Temperature_4,0.1643157554145398,5232
all_products_reference,spearman,Cycle_Time,Clamp_Close_Time,-0.6654622566189656,5232
all_products_reference,spearman,Cycle_Time,Cushion_Position,0.6544693029669502,5232
all_products_reference,spearman,Cycle_Time,Switch_Over_Position,0.04762057904427738,5232
all_products_reference,spearman,Cycle_Time,Plasticizing_Position,-0.3659345007867814,5232
all_products_reference,spearman,Cycle_Time,Clamp_Open_Position,-0.7578076299296395,5232
all_products_reference,spearman,Cycle_Time,Max_Injection_Speed,0.2899723029718395,5232
all_products_reference,spearman,Cycle_Time,Max_Screw_RPM,0.3573018351308947,5232
all_products_reference,spearman,Cycle_Time,Average_Screw_RPM,0.08242583245483451,5232
all_products_reference,spearman,Cycle_Time,Max_Injection_Pressure,0.8234942812772893,5232
all_products_reference,spearman,Cycle_Time,Max_Switch_Over_Pressure,-0.2957246269390843,5232
all_products_reference,spearman,Cycle_Time,Max_Back_Pressure,0.6698324663284877,5232
all_products_reference,spearman,Cycle_Time,Average_Back_Pressure,0.7263391827115364,5232
all_products_reference,spearman,Cycle_Time,Barrel_Temperature_1,0.5436249827824831,5232
all_products_reference,spearman,Cycle_Time,Barrel_Temperature_2,0.5491807216847273,5232
all_products_reference,spearman,Cycle_Time,Barrel_Temperature_3,0.5492624440700726,5232
all_products_reference,spearman,Cycle_Time,Barrel_Temperature_4,0.6174180104424137,5232
all_products_reference,spearman,Cycle_Time,Barrel_Temperature_5,0.5285985814481392,5232
all_products_reference,spearman,Cycle_Time,Barrel_Temperature_6,0.5440725385519679,5232
all_products_reference,spearman,Cycle_Time,Barrel_Temperature_7,0.02456068049203388,5232
all_products_reference,spearman,Cycle_Time,Hopper_Temperature,-0.5546392292419836,5232
all_products_reference,spearman,Cycle_Time,Mold_Temperature_3,0.09088685365241095,5232
all_products_reference,spearman,Cycle_Time,Mold_Temperature_4,0.13197077059996615,5232
all_products_reference,spearman,Clamp_Close_Time,Cushion_Position,-0.6760735234135526,5232
all_products_reference,spearman,Clamp_Close_Time,Switch_Over_Position,-0.03891793181523535,5232
all_products_reference,spearman,Clamp_Close_Time,Plasticizing_Position,0.6905260290973414,5232
all_products_reference,spearman,Clamp_Close_Time,Clamp_Open_Position,0.7849070016003936,5232
all_products_reference,spearman,Clamp_Close_Time,Max_Injection_Speed,-0.33613960060612175,5232
all_products_reference,spearman,Clamp_Close_Time,Max_Screw_RPM,-0.3989328542915288,5232
all_products_reference,spearman,Clamp_Close_Time,Average_Screw_RPM,0.2840164822915538,5232
all_products_reference,spearman,Clamp_Close_Time,Max_Injection_Pressure,-0.8025016388987342,5232
all_products_reference,spearman,Clamp_Close_Time,Max_Switch_Over_Pressure,0.46815697364894915,5232
all_products_reference,spearman,Clamp_Close_Time,Max_Back_Pressure,-0.6313595409726075,5232
all_products_reference,spearman,Clamp_Close_Time,Average_Back_Pressure,-0.7384621717002796,5232
all_products_reference,spearman,Clamp_Close_Time,Barrel_Temperature_1,-0.5557422256421002,5232
all_products_reference,spearman,Clamp_Close_Time,Barrel_Temperature_2,-0.5851333227111388,5232
all_products_reference,spearman,Clamp_Close_Time,Barrel_Temperature_3,-0.5696955945385401,5232
all_products_reference,spearman,Clamp_Close_Time,Barrel_Temperature_4,-0.5734465394152257,5232
all_products_reference,spearman,Clamp_Close_Time,Barrel_Temperature_5,-0.5787509995961568,5232
all_products_reference,spearman,Clamp_Close_Time,Barrel_Temperature_6,-0.5582090316477366,5232
all_products_reference,spearman,Clamp_Close_Time,Barrel_Temperature_7,-0.02536274944949856,5232
all_products_reference,spearman,Clamp_Close_Time,Hopper_Temperature,0.6433613237804959,5232
all_products_reference,spearman,Clamp_Close_Time,Mold_Temperature_3,-0.011838847637866027,5232
all_products_reference,spearman,Clamp_Close_Time,Mold_Temperature_4,-0.08705708165393526,5232
all_products_reference,spearman,Cushion_Position,Switch_Over_Position,0.025555642213603593,5232
all_products_reference,spearman,Cushion_Position,Plasticizing_Position,-0.6830021443129445,5232
all_products_reference,spearman,Cushion_Position,Clamp_Open_Position,-0.7523713401865448,5232
all_products_reference,spearman,Cushion_Position,Max_Injection_Speed,0.41978881988636624,5232
all_products_reference,spearman,Cushion_Position,Max_Screw_RPM,0.07680450345563185,5232
all_products_reference,spearman,Cushion_Position,Average_Screw_RPM,-0.2556655097460032,5232
all_products_reference,spearman,Cushion_Position,Max_Injection_Pressure,0.7566987726205969,5232
all_products_reference,spearman,Cushion_Position,Max_Switch_Over_Pressure,-0.518994678560467,5232
all_products_reference,spearman,Cushion_Position,Max_Back_Pressure,0.4761880385378364,5232
all_products_reference,spearman,Cushion_Position,Average_Back_Pressure,0.5666990116810245,5232
all_products_reference,spearman,Cushion_Position,Barrel_Temperature_1,0.5234698028958856,5232
all_products_reference,spearman,Cushion_Position,Barrel_Temperature_2,0.528792169287949,5232
all_products_reference,spearman,Cushion_Position,Barrel_Temperature_3,0.5267830507514806,5232
all_products_reference,spearman,Cushion_Position,Barrel_Temperature_4,0.5506840376058358,5232
all_products_reference,spearman,Cushion_Position,Barrel_Temperature_5,0.5383766302127108,5232
all_products_reference,spearman,Cushion_Position,Barrel_Temperature_6,0.5391921586139199,5232
all_products_reference,spearman,Cushion_Position,Barrel_Temperature_7,-0.02426098123743652,5232
all_products_reference,spearman,Cushion_Position,Hopper_Temperature,-0.5445970215952491,5232
all_products_reference,spearman,Cushion_Position,Mold_Temperature_3,-0.22946662518640984,5232
all_products_reference,spearman,Cushion_Position,Mold_Temperature_4,-0.22997265597231795,5232
all_products_reference,spearman,Switch_Over_Position,Plasticizing_Position,-0.042425412217978305,5232
all_products_reference,spearman,Switch_Over_Position,Clamp_Open_Position,-0.029386285078190574,5232
all_products_reference,spearman,Switch_Over_Position,Max_Injection_Speed,0.026456258769738342,5232
all_products_reference,spearman,Switch_Over_Position,Max_Screw_RPM,0.011361476019235678,5232
all_products_reference,spearman,Switch_Over_Position,Average_Screw_RPM,-0.005993949290733064,5232
all_products_reference,spearman,Switch_Over_Position,Max_Injection_Pressure,0.02213502283699583,5232
all_products_reference,spearman,Switch_Over_Position,Max_Switch_Over_Pressure,-0.048382088589085395,5232
all_products_reference,spearman,Switch_Over_Position,Max_Back_Pressure,0.02063185118760782,5232
all_products_reference,spearman,Switch_Over_Position,Average_Back_Pressure,0.019741948699658365,5232
all_products_reference,spearman,Switch_Over_Position,Barrel_Temperature_1,0.015227170440302152,5232
all_products_reference,spearman,Switch_Over_Position,Barrel_Temperature_2,0.020748924798524814,5232
all_products_reference,spearman,Switch_Over_Position,Barrel_Temperature_3,0.023748868491504895,5232
all_products_reference,spearman,Switch_Over_Position,Barrel_Temperature_4,0.03358322882604769,5232
all_products_reference,spearman,Switch_Over_Position,Barrel_Temperature_5,0.05031617098356228,5232
all_products_reference,spearman,Switch_Over_Position,Barrel_Temperature_6,0.041461453649867336,5232
all_products_reference,spearman,Switch_Over_Position,Barrel_Temperature_7,0.44670044163873324,5232
all_products_reference,spearman,Switch_Over_Position,Hopper_Temperature,-0.022822908293362552,5232
all_products_reference,spearman,Switch_Over_Position,Mold_Temperature_3,0.0012745779528871,5232
all_products_reference,spearman,Switch_Over_Position,Mold_Temperature_4,-0.005578139884260781,5232
all_products_reference,spearman,Plasticizing_Position,Clamp_Open_Position,0.7446989858350247,5232
all_products_reference,spearman,Plasticizing_Position,Max_Injection_Speed,-0.5888152598970358,5232
all_products_reference,spearman,Plasticizing_Position,Max_Screw_RPM,-0.27001992466636376,5232
all_products_reference,spearman,Plasticizing_Position,Average_Screw_RPM,0.44882441589814764,5232
all_products_reference,spearman,Plasticizing_Position,Max_Injection_Pressure,-0.5472949387969287,5232
all_products_reference,spearman,Plasticizing_Position,Max_Switch_Over_Pressure,0.7024117465101442,5232
all_products_reference,spearman,Plasticizing_Position,Max_Back_Pressure,-0.524853372356903,5232
all_products_reference,spearman,Plasticizing_Position,Average_Back_Pressure,-0.5724003463706636,5232
all_products_reference,spearman,Plasticizing_Position,Barrel_Temperature_1,-0.5242317826847205,5232
all_products_reference,spearman,Plasticizing_Position,Barrel_Temperature_2,-0.5445628115771921,5232
all_products_reference,spearman,Plasticizing_Position,Barrel_Temperature_3,-0.5272442302025444,5232
all_products_reference,spearman,Plasticizing_Position,Barrel_Temperature_4,-0.5380481360676854,5232
all_products_reference,spearman,Plasticizing_Position,Barrel_Temperature_5,-0.556065351563709,5232
all_products_reference,spearman,Plasticizing_Position,Barrel_Temperature_6,-0.5615180249358136,5232
all_products_reference,spearman,Plasticizing_Position,Barrel_Temperature_7,-0.012302885348417189,5232
all_products_reference,spearman,Plasticizing_Position,Hopper_Temperature,0.40104261411322545,5232
all_products_reference,spearman,Plasticizing_Position,Mold_Temperature_3,0.22476205183865514,5232
all_products_reference,spearman,Plasticizing_Position,Mold_Temperature_4,0.24137959673918524,5232
all_products_reference,spearman,Clamp_Open_Position,Max_Injection_Speed,-0.7442226449276732,5232
all_products_reference,spearman,Clamp_Open_Position,Max_Screw_RPM,-0.48403788920034335,5232
all_products_reference,spearman,Clamp_Open_Position,Average_Screw_RPM,-0.007732716837952903,5232
all_products_reference,spearman,Clamp_Open_Position,Max_Injection_Pressure,-0.7450194464447232,5232
all_products_reference,spearman,Clamp_Open_Position,Max_Switch_Over_Pressure,0.7444800564089691,5232
all_products_reference,spearman,Clamp_Open_Position,Max_Back_Pressure,-0.7276300740973694,5232
all_products_reference,spearman,Clamp_Open_Position,Average_Back_Pressure,-0.7236264063454589,5232
all_products_reference,spearman,Clamp_Open_Position,Barrel_Temperature_1,-0.7282535665566467,5232
all_products_reference,spearman,Clamp_Open_Position,Barrel_Temperature_2,-0.7285971534826445,5232
all_products_reference,spearman,Clamp_Open_Position,Barrel_Temperature_3,-0.7306362641935634,5232
all_products_reference,spearman,Clamp_Open_Position,Barrel_Temperature_4,-0.7271036521225498,5232
all_products_reference,spearman,Clamp_Open_Position,Barrel_Temperature_5,-0.7281422628316858,5232
all_products_reference,spearman,Clamp_Open_Position,Barrel_Temperature_6,-0.7295960783174763,5232
all_products_reference,spearman,Clamp_Open_Position,Barrel_Temperature_7,0.032171809850493414,5232
all_products_reference,spearman,Clamp_Open_Position,Hopper_Temperature,0.4347347622406671,5232
all_products_reference,spearman,Clamp_Open_Position,Mold_Temperature_3,-0.1526589073568843,5232
all_products_reference,spearman,Clamp_Open_Position,Mold_Temperature_4,-0.1290126549223121,5232
all_products_reference,spearman,Max_Injection_Speed,Max_Screw_RPM,0.3987857960573125,5232
all_products_reference,spearman,Max_Injection_Speed,Average_Screw_RPM,0.2853427887253858,5232
all_products_reference,spearman,Max_Injection_Speed,Max_Injection_Pressure,0.18417200559731886,5232
all_products_reference,spearman,Max_Injection_Speed,Max_Switch_Over_Pressure,-0.8610252073001001,5232
all_products_reference,spearman,Max_Injection_Speed,Max_Back_Pressure,0.4380736029415009,5232
all_products_reference,spearman,Max_Injection_Speed,Average_Back_Pressure,0.28972563099239423,5232
all_products_reference,spearman,Max_Injection_Speed,Barrel_Temperature_1,0.5462395352537097,5232
all_products_reference,spearman,Max_Injection_Speed,Barrel_Temperature_2,0.5279177546961379,5232
all_products_reference,spearman,Max_Injection_Speed,Barrel_Temperature_3,0.5463585571958843,5232
all_products_reference,spearman,Max_Injection_Speed,Barrel_Temperature_4,0.5203476587304675,5232
all_products_reference,spearman,Max_Injection_Speed,Barrel_Temperature_5,0.5523151147372756,5232
all_products_reference,spearman,Max_Injection_Speed,Barrel_Temperature_6,0.5572812025880322,5232
all_products_reference,spearman,Max_Injection_Speed,Barrel_Temperature_7,-0.02397132837026483,5232
all_products_reference,spearman,Max_Injection_Speed,Hopper_Temperature,0.09969906923799031,5232
all_products_reference,spearman,Max_Injection_Speed,Mold_Temperature_3,0.262780437217292,5232
all_products_reference,spearman,Max_Injection_Speed,Mold_Temperature_4,0.1299001488553258,5232
all_products_reference,spearman,Max_Screw_RPM,Average_Screw_RPM,0.22770338783117655,5232
all_products_reference,spearman,Max_Screw_RPM,Max_Injection_Pressure,0.30959296836309075,5232
all_products_reference,spearman,Max_Screw_RPM,Max_Switch_Over_Pressure,-0.3746794839643923,5232
all_products_reference,spearman,Max_Screw_RPM,Max_Back_Pressure,0.5418086450357383,5232
all_products_reference,spearman,Max_Screw_RPM,Average_Back_Pressure,0.4811715958299878,5232
all_products_reference,spearman,Max_Screw_RPM,Barrel_Temperature_1,0.40090222349957044,5232
all_products_reference,spearman,Max_Screw_RPM,Barrel_Temperature_2,0.3999348526876258,5232
all_products_reference,spearman,Max_Screw_RPM,Barrel_Temperature_3,0.3868002765655409,5232
all_products_reference,spearman,Max_Screw_RPM,Barrel_Temperature_4,0.3650836546020278,5232
all_products_reference,spearman,Max_Screw_RPM,Barrel_Temperature_5,0.38507060837549123,5232
all_products_reference,spearman,Max_Screw_RPM,Barrel_Temperature_6,0.3617924989182917,5232
all_products_reference,spearman,Max_Screw_RPM,Barrel_Temperature_7,-0.024423975186724112,5232
all_products_reference,spearman,Max_Screw_RPM,Hopper_Temperature,-0.16468805972298517,5232
all_products_reference,spearman,Max_Screw_RPM,Mold_Temperature_3,0.2633156425996425,5232
all_products_reference,spearman,Max_Screw_RPM,Mold_Temperature_4,0.2668138308948393,5232
all_products_reference,spearman,Average_Screw_RPM,Max_Injection_Pressure,-0.19815957717662985,5232
all_products_reference,spearman,Average_Screw_RPM,Max_Switch_Over_Pressure,0.013342941173948897,5232
all_products_reference,spearman,Average_Screw_RPM,Max_Back_Pressure,0.11058407520019564,5232
all_products_reference,spearman,Average_Screw_RPM,Average_Back_Pressure,-0.08018518334382639,5232
all_products_reference,spearman,Average_Screw_RPM,Barrel_Temperature_1,0.034941191297662766,5232
all_products_reference,spearman,Average_Screw_RPM,Barrel_Temperature_2,0.006890946349539619,5232
all_products_reference,spearman,Average_Screw_RPM,Barrel_Temperature_3,0.01953636959236866,5232
all_products_reference,spearman,Average_Screw_RPM,Barrel_Temperature_4,0.005905404507594644,5232
all_products_reference,spearman,Average_Screw_RPM,Barrel_Temperature_5,-3.3130164693026465e-05,5232
all_products_reference,spearman,Average_Screw_RPM,Barrel_Temperature_6,0.008519865968115853,5232
all_products_reference,spearman,Average_Screw_RPM,Barrel_Temperature_7,-0.024971564170629477,5232
all_products_reference,spearman,Average_Screw_RPM,Hopper_Temperature,0.35863597965635335,5232
all_products_reference,spearman,Average_Screw_RPM,Mold_Temperature_3,0.4566256535994827,5232
all_products_reference,spearman,Average_Screw_RPM,Mold_Temperature_4,0.3546379114354963,5232
all_products_reference,spearman,Max_Injection_Pressure,Max_Switch_Over_Pressure,-0.257150601075442,5232
all_products_reference,spearman,Max_Injection_Pressure,Max_Back_Pressure,0.7206307106142023,5232
all_products_reference,spearman,Max_Injection_Pressure,Average_Back_Pressure,0.8299488880214935,5232
all_products_reference,spearman,Max_Injection_Pressure,Barrel_Temperature_1,0.5366662069980053,5232
all_products_reference,spearman,Max_Injection_Pressure,Barrel_Temperature_2,0.5564148798010145,5232
all_products_reference,spearman,Max_Injection_Pressure,Barrel_Temperature_3,0.5220654282888912,5232
all_products_reference,spearman,Max_Injection_Pressure,Barrel_Temperature_4,0.5195297534572096,5232
all_products_reference,spearman,Max_Injection_Pressure,Barrel_Temperature_5,0.5264275503583742,5232
all_products_reference,spearman,Max_Injection_Pressure,Barrel_Temperature_6,0.5263595829324152,5232
all_products_reference,spearman,Max_Injection_Pressure,Barrel_Temperature_7,-0.024187896576652275,5232
all_products_reference,spearman,Max_Injection_Pressure,Hopper_Temperature,-0.7100479817398568,5232
all_products_reference,spearman,Max_Injection_Pressure,Mold_Temperature_3,-0.13280768673852722,5232
all_products_reference,spearman,Max_Injection_Pressure,Mold_Temperature_4,-0.05335820984415006,5232
all_products_reference,spearman,Max_Switch_Over_Pressure,Max_Back_Pressure,-0.35157731825101635,5232
all_products_reference,spearman,Max_Switch_Over_Pressure,Average_Back_Pressure,-0.30615617689227387,5232
all_products_reference,spearman,Max_Switch_Over_Pressure,Barrel_Temperature_1,-0.5360482431261366,5232
all_products_reference,spearman,Max_Switch_Over_Pressure,Barrel_Temperature_2,-0.5231228807600427,5232
all_products_reference,spearman,Max_Switch_Over_Pressure,Barrel_Temperature_3,-0.5612043433138449,5232
all_products_reference,spearman,Max_Switch_Over_Pressure,Barrel_Temperature_4,-0.5624956489378199,5232
all_products_reference,spearman,Max_Switch_Over_Pressure,Barrel_Temperature_5,-0.5735677025801517,5232
all_products_reference,spearman,Max_Switch_Over_Pressure,Barrel_Temperature_6,-0.5335294844108162,5232
all_products_reference,spearman,Max_Switch_Over_Pressure,Barrel_Temperature_7,-0.01227174922199557,5232
all_products_reference,spearman,Max_Switch_Over_Pressure,Hopper_Temperature,0.12357770926448886,5232
all_products_reference,spearman,Max_Switch_Over_Pressure,Mold_Temperature_3,-0.09949771488414019,5232
all_products_reference,spearman,Max_Switch_Over_Pressure,Mold_Temperature_4,-0.02160478647851273,5232
all_products_reference,spearman,Max_Back_Pressure,Average_Back_Pressure,0.9460776730145394,5232
all_products_reference,spearman,Max_Back_Pressure,Barrel_Temperature_1,0.5728529414568703,5232
all_products_reference,spearman,Max_Back_Pressure,Barrel_Temperature_2,0.5699528116749428,5232
all_products_reference,spearman,Max_Back_Pressure,Barrel_Temperature_3,0.5674281286711178,5232
all_products_reference,spearman,Max_Back_Pressure,Barrel_Temperature_4,0.6722496067212747,5232
all_products_reference,spearman,Max_Back_Pressure,Barrel_Temperature_5,0.5386031462463611,5232
all_products_reference,spearman,Max_Back_Pressure,Barrel_Temperature_6,0.5286594610027189,5232
all_products_reference,spearman,Max_Back_Pressure,Barrel_Temperature_7,-0.023970362990781487,5232
all_products_reference,spearman,Max_Back_Pressure,Hopper_Temperature,-0.38994437040672664,5232
all_products_reference,spearman,Max_Back_Pressure,Mold_Temperature_3,-0.0006696817265686418,5232
all_products_reference,spearman,Max_Back_Pressure,Mold_Temperature_4,0.004655113530119988,5232
all_products_reference,spearman,Average_Back_Pressure,Barrel_Temperature_1,0.5613593647119909,5232
all_products_reference,spearman,Average_Back_Pressure,Barrel_Temperature_2,0.5718151643177272,5232
all_products_reference,spearman,Average_Back_Pressure,Barrel_Temperature_3,0.564413420724181,5232
all_products_reference,spearman,Average_Back_Pressure,Barrel_Temperature_4,0.6658721817610858,5232
all_products_reference,spearman,Average_Back_Pressure,Barrel_Temperature_5,0.544901633345109,5232
all_products_reference,spearman,Average_Back_Pressure,Barrel_Temperature_6,0.5221920082577806,5232
all_products_reference,spearman,Average_Back_Pressure,Barrel_Temperature_7,-0.023835937109410035,5232
all_products_reference,spearman,Average_Back_Pressure,Hopper_Temperature,-0.5844504806248312,5232
all_products_reference,spearman,Average_Back_Pressure,Mold_Temperature_3,-0.10944563045216524,5232
all_products_reference,spearman,Average_Back_Pressure,Mold_Temperature_4,-0.058645604116670705,5232
all_products_reference,spearman,Barrel_Temperature_1,Barrel_Temperature_2,0.5458645141334714,5232
all_products_reference,spearman,Barrel_Temperature_1,Barrel_Temperature_3,0.683942711783526,5232
all_products_reference,spearman,Barrel_Temperature_1,Barrel_Temperature_4,0.5309999173130175,5232
all_products_reference,spearman,Barrel_Temperature_1,Barrel_Temperature_5,0.5956491154352627,5232
all_products_reference,spearman,Barrel_Temperature_1,Barrel_Temperature_6,0.5843925930216216,5232
all_products_reference,spearman,Barrel_Temperature_1,Barrel_Temperature_7,-0.023970937542465577,5232
all_products_reference,spearman,Barrel_Temperature_1,Hopper_Temperature,-0.3012473976652795,5232
all_products_reference,spearman,Barrel_Temperature_1,Mold_Temperature_3,0.14977385608290872,5232
all_products_reference,spearman,Barrel_Temperature_1,Mold_Temperature_4,0.1200798373745732,5232
all_products_reference,spearman,Barrel_Temperature_2,Barrel_Temperature_3,0.5798213760708444,5232
all_products_reference,spearman,Barrel_Temperature_2,Barrel_Temperature_4,0.5360695096130222,5232
all_products_reference,spearman,Barrel_Temperature_2,Barrel_Temperature_5,0.5571222590709898,5232
all_products_reference,spearman,Barrel_Temperature_2,Barrel_Temperature_6,0.523896965988653,5232
all_products_reference,spearman,Barrel_Temperature_2,Barrel_Temperature_7,-0.023808308186145582,5232
all_products_reference,spearman,Barrel_Temperature_2,Hopper_Temperature,-0.2971920335534696,5232
all_products_reference,spearman,Barrel_Temperature_2,Mold_Temperature_3,0.13131594535578783,5232
all_products_reference,spearman,Barrel_Temperature_2,Mold_Temperature_4,0.10453245872666754,5232
all_products_reference,spearman,Barrel_Temperature_3,Barrel_Temperature_4,0.6140645796514861,5232
all_products_reference,spearman,Barrel_Temperature_3,Barrel_Temperature_5,0.60961483355211,5232
all_products_reference,spearman,Barrel_Temperature_3,Barrel_Temperature_6,0.5862066851778205,5232
all_products_reference,spearman,Barrel_Temperature_3,Barrel_Temperature_7,-0.02387494003613178,5232
all_products_reference,spearman,Barrel_Temperature_3,Hopper_Temperature,-0.307092925301241,5232
all_products_reference,spearman,Barrel_Temperature_3,Mold_Temperature_3,0.1544291805704895,5232
all_products_reference,spearman,Barrel_Temperature_3,Mold_Temperature_4,0.12406013227240471,5232
all_products_reference,spearman,Barrel_Temperature_4,Barrel_Temperature_5,0.5216050560264502,5232
all_products_reference,spearman,Barrel_Temperature_4,Barrel_Temperature_6,0.5342793877117528,5232
all_products_reference,spearman,Barrel_Temperature_4,Barrel_Temperature_7,-0.0012866254242496335,5232
all_products_reference,spearman,Barrel_Temperature_4,Hopper_Temperature,-0.3169673957926036,5232
all_products_reference,spearman,Barrel_Temperature_4,Mold_Temperature_3,0.1270051206143826,5232
all_products_reference,spearman,Barrel_Temperature_4,Mold_Temperature_4,0.10424172873277225,5232
all_products_reference,spearman,Barrel_Temperature_5,Barrel_Temperature_6,0.5538017652884772,5232
all_products_reference,spearman,Barrel_Temperature_5,Barrel_Temperature_7,0.024018142093479085,5232
all_products_reference,spearman,Barrel_Temperature_5,Hopper_Temperature,-0.32400118522281274,5232
all_products_reference,spearman,Barrel_Temperature_5,Mold_Temperature_3,0.11641019112029778,5232
all_products_reference,spearman,Barrel_Temperature_5,Mold_Temperature_4,0.08422195946531945,5232
all_products_reference,spearman,Barrel_Temperature_6,Barrel_Temperature_7,0.02406609693513273,5232
all_products_reference,spearman,Barrel_Temperature_6,Hopper_Temperature,-0.29085903265067153,5232
all_products_reference,spearman,Barrel_Temperature_6,Mold_Temperature_3,0.15254706874237303,5232
all_products_reference,spearman,Barrel_Temperature_6,Mold_Temperature_4,0.12165953061009739,5232
all_products_reference,spearman,Barrel_Temperature_7,Hopper_Temperature,-0.02395004669115752,5232
all_products_reference,spearman,Barrel_Temperature_7,Mold_Temperature_3,-0.02395510043925085,5232
all_products_reference,spearman,Barrel_Temperature_7,Mold_Temperature_4,-0.023956403524181304,5232
all_products_reference,spearman,Hopper_Temperature,Mold_Temperature_3,0.3652851060466395,5232
all_products_reference,spearman,Hopper_Temperature,Mold_Temperature_4,0.21634693219440637,5232
all_products_reference,spearman,Mold_Temperature_3,Mold_Temperature_4,0.9610040586169987,5232
s14_pooled_reference,pearson,Injection_Time,Filling_Time,0.9966597409050765,5230
s14_pooled_reference,pearson,Injection_Time,Plasticizing_Time,0.9909194026711567,5230
s14_pooled_reference,pearson,Injection_Time,Cycle_Time,-0.943084425379886,5230
s14_pooled_reference,pearson,Injection_Time,Clamp_Close_Time,0.8963737368491173,5230
s14_pooled_reference,pearson,Injection_Time,Cushion_Position,-0.9574397281152833,5230
s14_pooled_reference,pearson,Injection_Time,Switch_Over_Position,-0.049178054329114984,5230
s14_pooled_reference,pearson,Injection_Time,Plasticizing_Position,0.9934050159026085,5230
s14_pooled_reference,pearson,Injection_Time,Clamp_Open_Position,0.9878830829397143,5230
s14_pooled_reference,pearson,Injection_Time,Max_Injection_Speed,-0.9987562553669626,5230
s14_pooled_reference,pearson,Injection_Time,Max_Screw_RPM,-0.46658886449076,5230
s14_pooled_reference,pearson,Injection_Time,Average_Screw_RPM,-0.4082655848174458,5230
s14_pooled_reference,pearson,Injection_Time,Max_Injection_Pressure,-0.13027250585332034,5230
s14_pooled_reference,pearson,Injection_Time,Max_Switch_Over_Pressure,0.9951341439181182,5230
s14_pooled_reference,pearson,Injection_Time,Max_Back_Pressure,-0.9847399592196798,5230
s14_pooled_reference,pearson,Injection_Time,Average_Back_Pressure,-0.25654014850426365,5230
s14_pooled_reference,pearson,Injection_Time,Barrel_Temperature_1,-0.9270000805402067,5230
s14_pooled_reference,pearson,Injection_Time,Barrel_Temperature_2,-0.9508785168707428,5230
s14_pooled_reference,pearson,Injection_Time,Barrel_Temperature_3,-0.9537280716829234,5230
s14_pooled_reference,pearson,Injection_Time,Barrel_Temperature_4,-0.8062081922313241,5230
s14_pooled_reference,pearson,Injection_Time,Barrel_Temperature_5,-0.9826488467528154,5230
s14_pooled_reference,pearson,Injection_Time,Barrel_Temperature_6,-0.9890958794973507,5230
s14_pooled_reference,pearson,Injection_Time,Hopper_Temperature,0.24114543146744705,5230
s14_pooled_reference,pearson,Injection_Time,Mold_Temperature_3,-0.1109017733483756,5230
s14_pooled_reference,pearson,Injection_Time,Mold_Temperature_4,-0.03991609261428428,5230
s14_pooled_reference,pearson,Filling_Time,Plasticizing_Time,0.9804418881792067,5230
s14_pooled_reference,pearson,Filling_Time,Cycle_Time,-0.959840025969486,5230
s14_pooled_reference,pearson,Filling_Time,Clamp_Close_Time,0.9247205584077858,5230
s14_pooled_reference,pearson,Filling_Time,Cushion_Position,-0.9737358366259159,5230
s14_pooled_reference,pearson,Filling_Time,Switch_Over_Position,-0.04900869968810045,5230
s14_pooled_reference,pearson,Filling_Time,Plasticizing_Position,0.9973391623216545,5230
s14_pooled_reference,pearson,Filling_Time,Clamp_Open_Position,0.9948435807227595,5230
s14_pooled_reference,pearson,Filling_Time,Max_Injection_Speed,-0.9986165286433937,5230
s14_pooled_reference,pearson,Filling_Time,Max_Screw_RPM,-0.45582937169607823,5230
s14_pooled_reference,pearson,Filling_Time,Average_Screw_RPM,-0.4005607998399413,5230
s14_pooled_reference,pearson,Filling_Time,Max_Injection_Pressure,-0.19717367405454622,5230
s14_pooled_reference,pearson,Filling_Time,Max_Switch_Over_Pressure,0.9983943425547727,5230
s14_pooled_reference,pearson,Filling_Time,Max_Back_Pressure,-0.9725854496428463,5230
s14_pooled_reference,pearson,Filling_Time,Average_Back_Pressure,-0.1850880883347977,5230
s14_pooled_reference,pearson,Filling_Time,Barrel_Temperature_1,-0.8966523952236669,5230
s14_pooled_reference,pearson,Filling_Time,Barrel_Temperature_2,-0.9250671799378383,5230
s14_pooled_reference,pearson,Filling_Time,Barrel_Temperature_3,-0.928346292554999,5230
s14_pooled_reference,pearson,Filling_Time,Barrel_Temperature_4,-0.7648745720090702,5230
s14_pooled_reference,pearson,Filling_Time,Barrel_Temperature_5,-0.9660671288875917,5230
s14_pooled_reference,pearson,Filling_Time,Barrel_Temperature_6,-0.977304194395893,5230
s14_pooled_reference,pearson,Filling_Time,Hopper_Temperature,0.2906771130826915,5230
s14_pooled_reference,pearson,Filling_Time,Mold_Temperature_3,-0.10417725409197533,5230
s14_pooled_reference,pearson,Filling_Time,Mold_Temperature_4,-0.03867219468963094,5230
s14_pooled_reference,pearson,Plasticizing_Time,Cycle_Time,-0.9142133193080174,5230
s14_pooled_reference,pearson,Plasticizing_Time,Clamp_Close_Time,0.8573758769131642,5230
s14_pooled_reference,pearson,Plasticizing_Time,Cushion_Position,-0.9295153127998643,5230
s14_pooled_reference,pearson,Plasticizing_Time,Switch_Over_Position,-0.04888683810955263,5230
s14_pooled_reference,pearson,Plasticizing_Time,Plasticizing_Position,0.9777161276017202,5230
s14_pooled_reference,pearson,Plasticizing_Time,Clamp_Open_Position,0.9682258690818693,5230
s14_pooled_reference,pearson,Plasticizing_Time,Max_Injection_Speed,-0.9855974886672862,5230
s14_pooled_reference,pearson,Plasticizing_Time,Max_Screw_RPM,-0.45641244242108286,5230
s14_pooled_reference,pearson,Plasticizing_Time,Average_Screw_RPM,-0.36395716471541456,5230
s14_pooled_reference,pearson,Plasticizing_Time,Max_Injection_Pressure,-0.06327661328927564,5230
s14_pooled_reference,pearson,Plasticizing_Time,Max_Switch_Over_Pressure,0.9788389228702987,5230
s14_pooled_reference,pearson,Plasticizing_Time,Max_Back_Pressure,-0.9851645825857487,5230
s14_pooled_reference,pearson,Plasticizing_Time,Average_Back_Pressure,-0.3317248690170422,5230
s14_pooled_reference,pearson,Plasticizing_Time,Barrel_Temperature_1,-0.9472530292826474,5230
s14_pooled_reference,pearson,Plasticizing_Time,Barrel_Temperature_2,-0.9661916498198437,5230
s14_pooled_reference,pearson,Plasticizing_Time,Barrel_Temperature_3,-0.96836010928959,5230
s14_pooled_reference,pearson,Plasticizing_Time,Barrel_Temperature_4,-0.841395370476355,5230
s14_pooled_reference,pearson,Plasticizing_Time,Barrel_Temperature_5,-0.9878782055566167,5230
s14_pooled_reference,pearson,Plasticizing_Time,Barrel_Temperature_6,-0.9885706547712146,5230
s14_pooled_reference,pearson,Plasticizing_Time,Hopper_Temperature,0.2247684987918775,5230
s14_pooled_reference,pearson,Plasticizing_Time,Mold_Temperature_3,-0.07680982945685647,5230
s14_pooled_reference,pearson,Plasticizing_Time,Mold_Temperature_4,-0.013872104987838862,5230
s14_pooled_reference,pearson,Cycle_Time,Clamp_Close_Time,-0.9830338174397788,5230
s14_pooled_reference,pearson,Cycle_Time,Cushion_Position,0.993341123843934,5230
s14_pooled_reference,pearson,Cycle_Time,Switch_Over_Position,0.047165136765199685,5230
s14_pooled_reference,pearson,Cycle_Time,Plasticizing_Position,-0.97257370829993,5230
s14_pooled_reference,pearson,Cycle_Time,Clamp_Open_Position,-0.9811067837925566,5230
s14_pooled_reference,pearson,Cycle_Time,Max_Injection_Speed,0.9569807829531052,5230
s14_pooled_reference,pearson,Cycle_Time,Max_Screw_RPM,0.41285046171267115,5230
s14_pooled_reference,pearson,Cycle_Time,Average_Screw_RPM,0.38120833739541893,5230
s14_pooled_reference,pearson,Cycle_Time,Max_Injection_Pressure,0.4372799583203084,5230
s14_pooled_reference,pearson,Cycle_Time,Max_Switch_Over_Pressure,-0.9621140817823772,5230
s14_pooled_reference,pearson,Cycle_Time,Max_Back_Pressure,0.9155291463899737,5230
s14_pooled_reference,pearson,Cycle_Time,Average_Back_Pressure,-0.016112968668073536,5230
s14_pooled_reference,pearson,Cycle_Time,Barrel_Temperature_1,0.7629047112446231,5230
s14_pooled_reference,pearson,Cycle_Time,Barrel_Temperature_2,0.8063577310481296,5230
s14_pooled_reference,pearson,Cycle_Time,Barrel_Temperature_3,0.810848126282681,5230
s14_pooled_reference,pearson,Cycle_Time,Barrel_Temperature_4,0.6028639450243373,5230
s14_pooled_reference,pearson,Cycle_Time,Barrel_Temperature_5,0.8766172337219339,5230
s14_pooled_reference,pearson,Cycle_Time,Barrel_Temperature_6,0.9015148825686085,5230
s14_pooled_reference,pearson,Cycle_Time,Hopper_Temperature,-0.47726665268666096,5230
s14_pooled_reference,pearson,Cycle_Time,Mold_Temperature_3,0.0671300799680437,5230
s14_pooled_reference,pearson,Cycle_Time,Mold_Temperature_4,0.033200435673245,5230
s14_pooled_reference,pearson,Clamp_Close_Time,Cushion_Position,-0.9842292505065181,5230
s14_pooled_reference,pearson,Clamp_Close_Time,Switch_Over_Position,-0.04326000636434429,5230
s14_pooled_reference,pearson,Clamp_Close_Time,Plasticizing_Position,0.9397349849122273,5230
s14_pooled_reference,pearson,Clamp_Close_Time,Clamp_Open_Position,0.9534963856708439,5230
s14_pooled_reference,pearson,Clamp_Close_Time,Max_Injection_Speed,-0.9161917612718511,5230
s14_pooled_reference,pearson,Clamp_Close_Time,Max_Screw_RPM,-0.3733610217118746,5230
s14_pooled_reference,pearson,Clamp_Close_Time,Average_Screw_RPM,-0.33110041984743893,5230
s14_pooled_reference,pearson,Clamp_Close_Time,Max_Injection_Pressure,-0.5530305527892333,5230
s14_pooled_reference,pearson,Clamp_Close_Time,Max_Switch_Over_Pressure,0.9273031952550086,5230
s14_pooled_reference,pearson,Clamp_Close_Time,Max_Back_Pressure,-0.845993835347985,5230
s14_pooled_reference,pearson,Clamp_Close_Time,Average_Back_Pressure,0.17003265346891672,5230
s14_pooled_reference,pearson,Clamp_Close_Time,Barrel_Temperature_1,-0.6717225819767371,5230
s14_pooled_reference,pearson,Clamp_Close_Time,Barrel_Temperature_2,-0.7220971641192061,5230
s14_pooled_reference,pearson,Clamp_Close_Time,Barrel_Temperature_3,-0.7272868106276204,5230
s14_pooled_reference,pearson,Clamp_Close_Time,Barrel_Temperature_4,-0.4953762824196904,5230
s14_pooled_reference,pearson,Clamp_Close_Time,Barrel_Temperature_5,-0.8073820022570016,5230
s14_pooled_reference,pearson,Clamp_Close_Time,Barrel_Temperature_6,-0.8406071590292005,5230
s14_pooled_reference,pearson,Clamp_Close_Time,Hopper_Temperature,0.5670829116435802,5230
s14_pooled_reference,pearson,Clamp_Close_Time,Mold_Temperature_3,-0.04596656795970047,5230
s14_pooled_reference,pearson,Clamp_Close_Time,Mold_Temperature_4,-0.028167531073089388,5230
s14_pooled_reference,pearson,Cushion_Position,Switch_Over_Position,0.048079038839584934,5230
s14_pooled_reference,pearson,Cushion_Position,Plasticizing_Position,-0.9835315761024789,5230
s14_pooled_reference,pearson,Cushion_Position,Clamp_Open_Position,-0.990246252514365,5230
s14_pooled_reference,pearson,Cushion_Position,Max_Injection_Speed,0.97006248951488,5230
s14_pooled_reference,pearson,Cushion_Position,Max_Screw_RPM,0.40311725560657824,5230
s14_pooled_reference,pearson,Cushion_Position,Average_Screw_RPM,0.37290422728111106,5230
s14_pooled_reference,pearson,Cushion_Position,Max_Injection_Pressure,0.4073752190104292,5230
s14_pooled_reference,pearson,Cushion_Position,Max_Switch_Over_Pressure,-0.9761370813317016,5230
s14_pooled_reference,pearson,Cushion_Position,Max_Back_Pressure,0.9195583829437837,5230
s14_pooled_reference,pearson,Cushion_Position,Average_Back_Pressure,-0.013111944427112441,5230
s14_pooled_reference,pearson,Cushion_Position,Barrel_Temperature_1,0.78522733459606,5230
s14_pooled_reference,pearson,Cushion_Position,Barrel_Temperature_2,0.8267897758490712,5230
s14_pooled_reference,pearson,Cushion_Position,Barrel_Temperature_3,0.8312440130692991,5230
s14_pooled_reference,pearson,Cushion_Position,Barrel_Temperature_4,0.6255696644533355,5230
s14_pooled_reference,pearson,Cushion_Position,Barrel_Temperature_5,0.8940249223045479,5230
s14_pooled_reference,pearson,Cushion_Position,Barrel_Temperature_6,0.9177937194830859,5230
s14_pooled_reference,pearson,Cushion_Position,Hopper_Temperature,-0.4568570860303092,5230
s14_pooled_reference,pearson,Cushion_Position,Mold_Temperature_3,0.05532471610545477,5230
s14_pooled_reference,pearson,Cushion_Position,Mold_Temperature_4,0.014380247768609742,5230
s14_pooled_reference,pearson,Switch_Over_Position,Plasticizing_Position,-0.049082561645732464,5230
s14_pooled_reference,pearson,Switch_Over_Position,Clamp_Open_Position,-0.04883912589288471,5230
s14_pooled_reference,pearson,Switch_Over_Position,Max_Injection_Speed,0.04931337612400778,5230
s14_pooled_reference,pearson,Switch_Over_Position,Max_Screw_RPM,0.0219810963305571,5230
s14_pooled_reference,pearson,Switch_Over_Position,Average_Screw_RPM,0.02340747660556387,5230
s14_pooled_reference,pearson,Switch_Over_Position,Max_Injection_Pressure,0.007911017577374004,5230
s14_pooled_reference,pearson,Switch_Over_Position,Max_Switch_Over_Pressure,-0.07012872972718734,5230
s14_pooled_reference,pearson,Switch_Over_Position,Max_Back_Pressure,0.047924945205511764,5230
s14_pooled_reference,pearson,Switch_Over_Position,Average_Back_Pressure,0.009537825211501842,5230
s14_pooled_reference,pearson,Switch_Over_Position,Barrel_Temperature_1,0.04266547494834996,5230
s14_pooled_reference,pearson,Switch_Over_Position,Barrel_Temperature_2,0.04574255319380027,5230
s14_pooled_reference,pearson,Switch_Over_Position,Barrel_Temperature_3,0.04676152070056049,5230
s14_pooled_reference,pearson,Switch_Over_Position,Barrel_Temperature_4,0.040302193652916506,5230
s14_pooled_reference,pearson,Switch_Over_Position,Barrel_Temperature_5,0.049928082074581145,5230
s14_pooled_reference,pearson,Switch_Over_Position,Barrel_Temperature_6,0.04756577955819229,5230
s14_pooled_reference,pearson,Switch_Over_Position,Hopper_Temperature,-0.0069908723789633,5230
s14_pooled_reference,pearson,Switch_Over_Position,Mold_Temperature_3,0.009524941809963283,5230
s14_pooled_reference,pearson,Switch_Over_Position,Mold_Temperature_4,0.0014674218665233596,5230
s14_pooled_reference,pearson,Plasticizing_Position,Clamp_Open_Position,0.9987902512092326,5230
s14_pooled_reference,pearson,Plasticizing_Position,Max_Injection_Speed,-0.9975466946358128,5230
s14_pooled_reference,pearson,Plasticizing_Position,Max_Screw_RPM,-0.44880546786400916,5230
s14_pooled_reference,pearson,Plasticizing_Position,Average_Screw_RPM,-0.38744497464969824,5230
s14_pooled_reference,pearson,Plasticizing_Position,Max_Injection_Pressure,-0.24043574909194967,5230
s14_pooled_reference,pearson,Plasticizing_Position,Max_Switch_Over_Pressure,0.9974462271353312,5230
s14_pooled_reference,pearson,Plasticizing_Position,Max_Back_Pressure,-0.9705829900290827,5230
s14_pooled_reference,pearson,Plasticizing_Position,Average_Back_Pressure,-0.1570730078219674,5230
s14_pooled_reference,pearson,Plasticizing_Position,Barrel_Temperature_1,-0.8813335305653064,5230
s14_pooled_reference,pearson,Plasticizing_Position,Barrel_Temperature_2,-0.9124168687273134,5230
s14_pooled_reference,pearson,Plasticizing_Position,Barrel_Temperature_3,-0.9158708207641868,5230
s14_pooled_reference,pearson,Plasticizing_Position,Barrel_Temperature_4,-0.7443654582896171,5230
s14_pooled_reference,pearson,Plasticizing_Position,Barrel_Temperature_5,-0.9582856945340298,5230
s14_pooled_reference,pearson,Plasticizing_Position,Barrel_Temperature_6,-0.9714336429254313,5230
s14_pooled_reference,pearson,Plasticizing_Position,Hopper_Temperature,0.3291780030074919,5230
s14_pooled_reference,pearson,Plasticizing_Position,Mold_Temperature_3,-0.08148429849921052,5230
s14_pooled_reference,pearson,Plasticizing_Position,Mold_Temperature_4,-0.02118298637165868,5230
s14_pooled_reference,pearson,Clamp_Open_Position,Max_Injection_Speed,-0.9941627599936541,5230
s14_pooled_reference,pearson,Clamp_Open_Position,Max_Screw_RPM,-0.4452921491344948,5230
s14_pooled_reference,pearson,Clamp_Open_Position,Average_Screw_RPM,-0.39889167987393126,5230
s14_pooled_reference,pearson,Clamp_Open_Position,Max_Injection_Pressure,-0.28156841365929774,5230
s14_pooled_reference,pearson,Clamp_Open_Position,Max_Switch_Over_Pressure,0.9953234923708993,5230
s14_pooled_reference,pearson,Clamp_Open_Position,Max_Back_Pressure,-0.9613045917302353,5230
s14_pooled_reference,pearson,Clamp_Open_Position,Average_Back_Pressure,-0.11584950958502523,5230
s14_pooled_reference,pearson,Clamp_Open_Position,Barrel_Temperature_1,-0.8607980080617202,5230
s14_pooled_reference,pearson,Clamp_Open_Position,Barrel_Temperature_2,-0.8944875521771307,5230
s14_pooled_reference,pearson,Clamp_Open_Position,Barrel_Temperature_3,-0.8982442974203009,5230
s14_pooled_reference,pearson,Clamp_Open_Position,Barrel_Temperature_4,-0.7177307210566617,5230
s14_pooled_reference,pearson,Clamp_Open_Position,Barrel_Temperature_5,-0.9456781395807482,5230
s14_pooled_reference,pearson,Clamp_Open_Position,Barrel_Temperature_6,-0.9614916607500364,5230
s14_pooled_reference,pearson,Clamp_Open_Position,Hopper_Temperature,0.3582257526372861,5230
s14_pooled_reference,pearson,Clamp_Open_Position,Mold_Temperature_3,-0.0922112483538266,5230
s14_pooled_reference,pearson,Clamp_Open_Position,Mold_Temperature_4,-0.03726517297273152,5230
s14_pooled_reference,pearson,Max_Injection_Speed,Max_Screw_RPM,0.4619625019571929,5230
s14_pooled_reference,pearson,Max_Injection_Speed,Average_Screw_RPM,0.41210780762740873,5230
s14_pooled_reference,pearson,Max_Injection_Speed,Max_Injection_Pressure,0.17695428939652788,5230
s14_pooled_reference,pearson,Max_Injection_Speed,Max_Switch_Over_Pressure,-0.9979802814210185,5230
s14_pooled_reference,pearson,Max_Injection_Speed,Max_Back_Pressure,0.9793099091582682,5230
s14_pooled_reference,pearson,Max_Injection_Speed,Average_Back_Pressure,0.2117123680957711,5230
s14_pooled_reference,pearson,Max_Injection_Speed,Barrel_Temperature_1,0.9087337164752413,5230
s14_pooled_reference,pearson,Max_Injection_Speed,Barrel_Temperature_2,0.9357162787360784,5230
s14_pooled_reference,pearson,Max_Injection_Speed,Barrel_Temperature_3,0.9388607924392757,5230
s14_pooled_reference,pearson,Max_Injection_Speed,Barrel_Temperature_4,0.7805407519373045,5230
s14_pooled_reference,pearson,Max_Injection_Speed,Barrel_Temperature_5,0.9736173161901412,5230
s14_pooled_reference,pearson,Max_Injection_Speed,Barrel_Temperature_6,0.9830479159500409,5230
s14_pooled_reference,pearson,Max_Injection_Speed,Hopper_Temperature,-0.27433599730147434,5230
s14_pooled_reference,pearson,Max_Injection_Speed,Mold_Temperature_3,0.108222973834275,5230
s14_pooled_reference,pearson,Max_Injection_Speed,Mold_Temperature_4,0.040571515248146145,5230
s14_pooled_reference,pearson,Max_Screw_RPM,Average_Screw_RPM,0.35463336896666214,5230
s14_pooled_reference,pearson,Max_Screw_RPM,Max_Injection_Pressure,-0.044609022620369504,5230
s14_pooled_reference,pearson,Max_Screw_RPM,Max_Switch_Over_Pressure,-0.4542478224568583,5230
s14_pooled_reference,pearson,Max_Screw_RPM,Max_Back_Pressure,0.49172230401877354,5230
s14_pooled_reference,pearson,Max_Screw_RPM,Average_Back_Pressure,0.2538099250241133,5230
s14_pooled_reference,pearson,Max_Screw_RPM,Barrel_Temperature_1,0.4757983050184791,5230
s14_pooled_reference,pearson,Max_Screw_RPM,Barrel_Temperature_2,0.4793756682048221,5230
s14_pooled_reference,pearson,Max_Screw_RPM,Barrel_Temperature_3,0.47928801503745,5230
s14_pooled_reference,pearson,Max_Screw_RPM,Barrel_Temperature_4,0.42859725731057846,5230
s14_pooled_reference,pearson,Max_Screw_RPM,Barrel_Temperature_5,0.47823524812377616,5230
s14_pooled_reference,pearson,Max_Screw_RPM,Barrel_Temperature_6,0.4721684506415704,5230
s14_pooled_reference,pearson,Max_Screw_RPM,Hopper_Temperature,0.008338598870112271,5230
s14_pooled_reference,pearson,Max_Screw_RPM,Mold_Temperature_3,0.24715992635209105,5230
s14_pooled_reference,pearson,Max_Screw_RPM,Mold_Temperature_4,0.21861571007558067,5230
s14_pooled_reference,pearson,Average_Screw_RPM,Max_Injection_Pressure,-0.015625438473024323,5230
s14_pooled_reference,pearson,Average_Screw_RPM,Max_Switch_Over_Pressure,-0.40797202652496906,5230
s14_pooled_reference,pearson,Average_Screw_RPM,Max_Back_Pressure,0.4079389796059567,5230
s14_pooled_reference,pearson,Average_Screw_RPM,Average_Back_Pressure,0.12338446989552138,5230
s14_pooled_reference,pearson,Average_Screw_RPM,Barrel_Temperature_1,0.3991571495743513,5230
s14_pooled_reference,pearson,Average_Screw_RPM,Barrel_Temperature_2,0.4036756100967038,5230
s14_pooled_reference,pearson,Average_Screw_RPM,Barrel_Temperature_3,0.4047170594015081,5230
s14_pooled_reference,pearson,Average_Screw_RPM,Barrel_Temperature_4,0.3528983858669701,5230
s14_pooled_reference,pearson,Average_Screw_RPM,Barrel_Temperature_5,0.40941687288244344,5230
s14_pooled_reference,pearson,Average_Screw_RPM,Barrel_Temperature_6,0.4098603155029433,5230
s14_pooled_reference,pearson,Average_Screw_RPM,Hopper_Temperature,0.123752404125085,5230
s14_pooled_reference,pearson,Average_Screw_RPM,Mold_Temperature_3,0.4536189906907471,5230
s14_pooled_reference,pearson,Average_Screw_RPM,Mold_Temperature_4,0.35989575170030286,5230
s14_pooled_reference,pearson,Max_Injection_Pressure,Max_Switch_Over_Pressure,-0.2054682574474087,5230
s14_pooled_reference,pearson,Max_Injection_Pressure,Max_Back_Pressure,0.055507700131591925,5230
s14_pooled_reference,pearson,Max_Injection_Pressure,Average_Back_Pressure,-0.8410409113806916,5230
s14_pooled_reference,pearson,Max_Injection_Pressure,Barrel_Temperature_1,-0.23192088472090158,5230
s14_pooled_reference,pearson,Max_Injection_Pressure,Barrel_Temperature_2,-0.1642989368936832,5230
s14_pooled_reference,pearson,Max_Injection_Pressure,Barrel_Temperature_3,-0.1581459652127004,5230
s14_pooled_reference,pearson,Max_Injection_Pressure,Barrel_Temperature_4,-0.3999095476588133,5230
s14_pooled_reference,pearson,Max_Injection_Pressure,Barrel_Temperature_5,-0.03396703855406257,5230
s14_pooled_reference,pearson,Max_Injection_Pressure,Barrel_Temperature_6,0.027704291343136286,5230
s14_pooled_reference,pearson,Max_Injection_Pressure,Hopper_Temperature,-0.8271812964051547,5230
s14_pooled_reference,pearson,Max_Injection_Pressure,Mold_Temperature_3,-0.1312578511223829,5230
s14_pooled_reference,pearson,Max_Injection_Pressure,Mold_Temperature_4,-0.03649418645720202,5230
s14_pooled_reference,pearson,Max_Switch_Over_Pressure,Max_Back_Pressure,-0.9696147526826536,5230
s14_pooled_reference,pearson,Max_Switch_Over_Pressure,Average_Back_Pressure,-0.1734045924896671,5230
s14_pooled_reference,pearson,Max_Switch_Over_Pressure,Barrel_Temperature_1,-0.8922831591320197,5230
s14_pooled_reference,pearson,Max_Switch_Over_Pressure,Barrel_Temperature_2,-0.9213383284644705,5230
s14_pooled_reference,pearson,Max_Switch_Over_Pressure,Barrel_Temperature_3,-0.9247066906676611,5230
s14_pooled_reference,pearson,Max_Switch_Over_Pressure,Barrel_Temperature_4,-0.7596549676053994,5230
s14_pooled_reference,pearson,Max_Switch_Over_Pressure,Barrel_Temperature_5,-0.9638114404889249,5230
s14_pooled_reference,pearson,Max_Switch_Over_Pressure,Barrel_Temperature_6,-0.9751299755540094,5230
s14_pooled_reference,pearson,Max_Switch_Over_Pressure,Hopper_Temperature,0.29319591117179405,5230
s14_pooled_reference,pearson,Max_Switch_Over_Pressure,Mold_Temperature_3,-0.1016488769417443,5230
s14_pooled_reference,pearson,Max_Switch_Over_Pressure,Mold_Temperature_4,-0.03496435523200466,5230
s14_pooled_reference,pearson,Max_Back_Pressure,Average_Back_Pressure,0.3773020383437283,5230
s14_pooled_reference,pearson,Max_Back_Pressure,Barrel_Temperature_1,0.9454120928652072,5230
s14_pooled_reference,pearson,Max_Back_Pressure,Barrel_Temperature_2,0.9637075300679354,5230
s14_pooled_reference,pearson,Max_Back_Pressure,Barrel_Temperature_3,0.9661846175180278,5230
s14_pooled_reference,pearson,Max_Back_Pressure,Barrel_Temperature_4,0.84453253538601,5230
s14_pooled_reference,pearson,Max_Back_Pressure,Barrel_Temperature_5,0.9843334567012157,5230
s14_pooled_reference,pearson,Max_Back_Pressure,Barrel_Temperature_6,0.983695022160086,5230
s14_pooled_reference,pearson,Max_Back_Pressure,Hopper_Temperature,-0.1839104276474485,5230
s14_pooled_reference,pearson,Max_Back_Pressure,Mold_Temperature_3,0.09779063159998994,5230
s14_pooled_reference,pearson,Max_Back_Pressure,Mold_Temperature_4,0.020775407231169673,5230
s14_pooled_reference,pearson,Average_Back_Pressure,Barrel_Temperature_1,0.5709242901654181,5230
s14_pooled_reference,pearson,Average_Back_Pressure,Barrel_Temperature_2,0.5181120844637742,5230
s14_pooled_reference,pearson,Average_Back_Pressure,Barrel_Temperature_3,0.5137927253047267,5230
s14_pooled_reference,pearson,Average_Back_Pressure,Barrel_Temperature_4,0.6918018996729238,5230
s14_pooled_reference,pearson,Average_Back_Pressure,Barrel_Temperature_5,0.40947565757124327,5230
s14_pooled_reference,pearson,Average_Back_Pressure,Barrel_Temperature_6,0.3504492293250676,5230
s14_pooled_reference,pearson,Average_Back_Pressure,Hopper_Temperature,0.5976342964373655,5230
s14_pooled_reference,pearson,Average_Back_Pressure,Mold_Temperature_3,0.08686507633585226,5230
s14_pooled_reference,pearson,Average_Back_Pressure,Mold_Temperature_4,-0.007793970489537185,5230
s14_pooled_reference,pearson,Barrel_Temperature_1,Barrel_Temperature_2,0.9896394681902188,5230
s14_pooled_reference,pearson,Barrel_Temperature_1,Barrel_Temperature_3,0.9922373354175765,5230
s14_pooled_reference,pearson,Barrel_Temperature_1,Barrel_Temperature_4,0.9340474133016913,5230
s14_pooled_reference,pearson,Barrel_Temperature_1,Barrel_Temperature_5,0.972747366285176,5230
s14_pooled_reference,pearson,Barrel_Temperature_1,Barrel_Temperature_6,0.95643684232946,5230
s14_pooled_reference,pearson,Barrel_Temperature_1,Hopper_Temperature,0.04938784160691231,5230
s14_pooled_reference,pearson,Barrel_Temperature_1,Mold_Temperature_3,0.14425234064371886,5230
s14_pooled_reference,pearson,Barrel_Temperature_1,Mold_Temperature_4,0.04593116967865245,5230
s14_pooled_reference,pearson,Barrel_Temperature_2,Barrel_Temperature_3,0.9942490869768561,5230
s14_pooled_reference,pearson,Barrel_Temperature_2,Barrel_Temperature_4,0.9201378762274686,5230
s14_pooled_reference,pearson,Barrel_Temperature_2,Barrel_Temperature_5,0.9850109694281813,5230
s14_pooled_reference,pearson,Barrel_Temperature_2,Barrel_Temperature_6,0.9718574427891872,5230
s14_pooled_reference,pearson,Barrel_Temperature_2,Hopper_Temperature,-0.00531991631822306,5230
s14_pooled_reference,pearson,Barrel_Temperature_2,Mold_Temperature_3,0.13678374724263445,5230
s14_pooled_reference,pearson,Barrel_Temperature_2,Mold_Temperature_4,0.04242089543996523,5230
s14_pooled_reference,pearson,Barrel_Temperature_3,Barrel_Temperature_4,0.9222280089610276,5230
s14_pooled_reference,pearson,Barrel_Temperature_3,Barrel_Temperature_5,0.9872321607031616,5230
s14_pooled_reference,pearson,Barrel_Temperature_3,Barrel_Temperature_6,0.9751606349011736,5230
s14_pooled_reference,pearson,Barrel_Temperature_3,Hopper_Temperature,-0.011611433389593487,5230
s14_pooled_reference,pearson,Barrel_Temperature_3,Mold_Temperature_3,0.1390051762168728,5230
s14_pooled_reference,pearson,Barrel_Temperature_3,Mold_Temperature_4,0.04521053930262481,5230
s14_pooled_reference,pearson,Barrel_Temperature_4,Barrel_Temperature_5,0.8777316881066927,5230
s14_pooled_reference,pearson,Barrel_Temperature_4,Barrel_Temperature_6,0.8512311166821744,5230
s14_pooled_reference,pearson,Barrel_Temperature_4,Hopper_Temperature,0.19512479034910363,5230
s14_pooled_reference,pearson,Barrel_Temperature_4,Mold_Temperature_3,0.14331886343911718,5230
s14_pooled_reference,pearson,Barrel_Temperature_4,Mold_Temperature_4,0.04067678011778011,5230
s14_pooled_reference,pearson,Barrel_Temperature_5,Barrel_Temperature_6,0.9901581745238234,5230
s14_pooled_reference,pearson,Barrel_Temperature_5,Hopper_Temperature,-0.11320732093209847,5230
s14_pooled_reference,pearson,Barrel_Temperature_5,Mold_Temperature_3,0.12470041980788964,5230
s14_pooled_reference,pearson,Barrel_Temperature_5,Mold_Temperature_4,0.04047550458441908,5230
s14_pooled_reference,pearson,Barrel_Temperature_6,Hopper_Temperature,-0.1607450869118584,5230
s14_pooled_reference,pearson,Barrel_Temperature_6,Mold_Temperature_3,0.12355029402454365,5230
s14_pooled_reference,pearson,Barrel_Temperature_6,Mold_Temperature_4,0.044041375956848476,5230
s14_pooled_reference,pearson,Hopper_Temperature,Mold_Temperature_3,0.30384212767332164,5230
s14_pooled_reference,pearson,Hopper_Temperature,Mold_Temperature_4,0.13845845913956809,5230
s14_pooled_reference,pearson,Mold_Temperature_3,Mold_Temperature_4,0.9593939957082158,5230
s14_pooled_reference,spearman,Injection_Time,Filling_Time,0.9792571916618802,5230
s14_pooled_reference,spearman,Injection_Time,Plasticizing_Time,0.3848180896865012,5230
s14_pooled_reference,spearman,Injection_Time,Cycle_Time,-0.2070793115170413,5230
s14_pooled_reference,spearman,Injection_Time,Clamp_Close_Time,0.41461976993105576,5230
s14_pooled_reference,spearman,Injection_Time,Cushion_Position,-0.4490596581855497,5230
s14_pooled_reference,spearman,Injection_Time,Switch_Over_Position,-0.03738934402963186,5230
s14_pooled_reference,spearman,Injection_Time,Plasticizing_Position,0.7548887467021471,5230
s14_pooled_reference,spearman,Injection_Time,Clamp_Open_Position,0.7331227469466816,5230
s14_pooled_reference,spearman,Injection_Time,Max_Injection_Speed,-0.9180966568689604,5230
s14_pooled_reference,spearman,Injection_Time,Max_Screw_RPM,-0.3623757939814219,5230
s14_pooled_reference,spearman,Injection_Time,Average_Screw_RPM,0.024630214850236948,5230
s14_pooled_reference,spearman,Injection_Time,Max_Injection_Pressure,-0.19504125328900276,5230
s14_pooled_reference,spearman,Injection_Time,Max_Switch_Over_Pressure,0.9016991684334512,5230
s14_pooled_reference,spearman,Injection_Time,Max_Back_Pressure,-0.404545390345786,5230
s14_pooled_reference,spearman,Injection_Time,Average_Back_Pressure,-0.3183420654809506,5230
s14_pooled_reference,spearman,Injection_Time,Barrel_Temperature_1,-0.5491137577667521,5230
s14_pooled_reference,spearman,Injection_Time,Barrel_Temperature_2,-0.538364223635705,5230
s14_pooled_reference,spearman,Injection_Time,Barrel_Temperature_3,-0.5638134635115523,5230
s14_pooled_reference,spearman,Injection_Time,Barrel_Temperature_4,-0.5508359634453236,5230
s14_pooled_reference,spearman,Injection_Time,Barrel_Temperature_5,-0.5745681452482366,5230
s14_pooled_reference,spearman,Injection_Time,Barrel_Temperature_6,-0.5732210573122138,5230
s14_pooled_reference,spearman,Injection_Time,Hopper_Temperature,0.0021936852875920365,5230
s14_pooled_reference,spearman,Injection_Time,Mold_Temperature_3,-0.14319513274157716,5230
s14_pooled_reference,spearman,Injection_Time,Mold_Temperature_4,-0.031480831466693227,5230
s14_pooled_reference,spearman,Filling_Time,Plasticizing_Time,0.37019677180132887,5230
s14_pooled_reference,spearman,Filling_Time,Cycle_Time,-0.2253392554839703,5230
s14_pooled_reference,spearman,Filling_Time,Clamp_Close_Time,0.4319939477589345,5230
s14_pooled_reference,spearman,Filling_Time,Cushion_Position,-0.47545818620348157,5230
s14_pooled_reference,spearman,Filling_Time,Switch_Over_Position,-0.03254700234092904,5230
s14_pooled_reference,spearman,Filling_Time,Plasticizing_Position,0.7678780011157156,5230
s14_pooled_reference,spearman,Filling_Time,Clamp_Open_Position,0.746259340354365,5230
s14_pooled_reference,spearman,Filling_Time,Max_Injection_Speed,-0.9313159209861944,5230
s14_pooled_reference,spearman,Filling_Time,Max_Screw_RPM,-0.34740131914290295,5230
s14_pooled_reference,spearman,Filling_Time,Average_Screw_RPM,0.03252846448136014,5230
s14_pooled_reference,spearman,Filling_Time,Max_Injection_Pressure,-0.20745043504168995,5230
s14_pooled_reference,spearman,Filling_Time,Max_Switch_Over_Pressure,0.9155041192161761,5230
s14_pooled_reference,spearman,Filling_Time,Max_Back_Pressure,-0.3850588379801341,5230
s14_pooled_reference,spearman,Filling_Time,Average_Back_Pressure,-0.2997108969457951,5230
s14_pooled_reference,spearman,Filling_Time,Barrel_Temperature_1,-0.5322174757967228,5230
s14_pooled_reference,spearman,Filling_Time,Barrel_Temperature_2,-0.5257139843536878,5230
s14_pooled_reference,spearman,Filling_Time,Barrel_Temperature_3,-0.5474295914386254,5230
s14_pooled_reference,spearman,Filling_Time,Barrel_Temperature_4,-0.5347535846519816,5230
s14_pooled_reference,spearman,Filling_Time,Barrel_Temperature_5,-0.5611955827297526,5230
s14_pooled_reference,spearman,Filling_Time,Barrel_Temperature_6,-0.5568707530597303,5230
s14_pooled_reference,spearman,Filling_Time,Hopper_Temperature,0.012919883404053409,5230
s14_pooled_reference,spearman,Filling_Time,Mold_Temperature_3,-0.11668342751839525,5230
s14_pooled_reference,spearman,Filling_Time,Mold_Temperature_4,-0.013633185908358214,5230
s14_pooled_reference,spearman,Plasticizing_Time,Cycle_Time,-0.6646805992405522,5230
s14_pooled_reference,spearman,Plasticizing_Time,Clamp_Close_Time,0.8161431701531807,5230
s14_pooled_reference,spearman,Plasticizing_Time,Cushion_Position,-0.7885761277298732,5230
s14_pooled_reference,spearman,Plasticizing_Time,Switch_Over_Position,-0.03690761393825577,5230
s14_pooled_reference,spearman,Plasticizing_Time,Plasticizing_Position,0.7380760164922239,5230
s14_pooled_reference,spearman,Plasticizing_Time,Clamp_Open_Position,0.7280712690969825,5230
s14_pooled_reference,spearman,Plasticizing_Time,Max_Injection_Speed,-0.22152373361649227,5230
s14_pooled_reference,spearman,Plasticizing_Time,Max_Screw_RPM,-0.25316501852662243,5230
s14_pooled_reference,spearman,Plasticizing_Time,Average_Screw_RPM,0.4350010652880631,5230
s14_pooled_reference,spearman,Plasticizing_Time,Max_Injection_Pressure,-0.81925170212447,5230
s14_pooled_reference,spearman,Plasticizing_Time,Max_Switch_Over_Pressure,0.43663760490335574,5230
s14_pooled_reference,spearman,Plasticizing_Time,Max_Back_Pressure,-0.5671537010627062,5230
s14_pooled_reference,spearman,Plasticizing_Time,Average_Back_Pressure,-0.7401255320689171,5230
s14_pooled_reference,spearman,Plasticizing_Time,Barrel_Temperature_1,-0.5393756072661923,5230
s14_pooled_reference,spearman,Plasticizing_Time,Barrel_Temperature_2,-0.5520228541964363,5230
s14_pooled_reference,spearman,Plasticizing_Time,Barrel_Temperature_3,-0.555976917876766,5230
s14_pooled_reference,spearman,Plasticizing_Time,Barrel_Temperature_4,-0.6070758829042592,5230
s14_pooled_reference,spearman,Plasticizing_Time,Barrel_Temperature_5,-0.5614711488703141,5230
s14_pooled_reference,spearman,Plasticizing_Time,Barrel_Temperature_6,-0.532952644140973,5230
s14_pooled_reference,spearman,Plasticizing_Time,Hopper_Temperature,0.7770388558599991,5230
s14_pooled_reference,spearman,Plasticizing_Time,Mold_Temperature_3,0.23012093275778697,5230
s14_pooled_reference,spearman,Plasticizing_Time,Mold_Temperature_4,0.16434037281917863,5230
s14_pooled_reference,spearman,Cycle_Time,Clamp_Close_Time,-0.6650475902124267,5230
s14_pooled_reference,spearman,Cycle_Time,Cushion_Position,0.65525234926545,5230
s14_pooled_reference,spearman,Cycle_Time,Switch_Over_Position,0.04099756401002003,5230
s14_pooled_reference,spearman,Cycle_Time,Plasticizing_Position,-0.3653290578256575,5230
s14_pooled_reference,spearman,Cycle_Time,Clamp_Open_Position,-0.7591463965157849,5230
s14_pooled_reference,spearman,Cycle_Time,Max_Injection_Speed,0.2914833910935104,5230
s14_pooled_reference,spearman,Cycle_Time,Max_Screw_RPM,0.3588112072862953,5230
s14_pooled_reference,spearman,Cycle_Time,Average_Screw_RPM,0.08309322699295237,5230
s14_pooled_reference,spearman,Cycle_Time,Max_Injection_Pressure,0.824474320370523,5230
s14_pooled_reference,spearman,Cycle_Time,Max_Switch_Over_Pressure,-0.2950377517041228,5230
s14_pooled_reference,spearman,Cycle_Time,Max_Back_Pressure,0.670698421765365,5230
s14_pooled_reference,spearman,Cycle_Time,Average_Back_Pressure,0.7283722495212441,5230
s14_pooled_reference,spearman,Cycle_Time,Barrel_Temperature_1,0.5454412862555843,5230
s14_pooled_reference,spearman,Cycle_Time,Barrel_Temperature_2,0.5510038726003994,5230
s14_pooled_reference,spearman,Cycle_Time,Barrel_Temperature_3,0.551090682289033,5230
s14_pooled_reference,spearman,Cycle_Time,Barrel_Temperature_4,0.6186021890410629,5230
s14_pooled_reference,spearman,Cycle_Time,Barrel_Temperature_5,0.5292184691721366,5230
s14_pooled_reference,spearman,Cycle_Time,Barrel_Temperature_6,0.5447123255208159,5230
s14_pooled_reference,spearman,Cycle_Time,Hopper_Temperature,-0.5541155590506343,5230
s14_pooled_reference,spearman,Cycle_Time,Mold_Temperature_3,0.09216899286732716,5230
s14_pooled_reference,spearman,Cycle_Time,Mold_Temperature_4,0.13310630993060632,5230
s14_pooled_reference,spearman,Clamp_Close_Time,Cushion_Position,-0.6769074737751288,5230
s14_pooled_reference,spearman,Clamp_Close_Time,Switch_Over_Position,-0.030865467247073647,5230
s14_pooled_reference,spearman,Clamp_Close_Time,Plasticizing_Position,0.6902951050409617,5230
s14_pooled_reference,spearman,Clamp_Close_Time,Clamp_Open_Position,0.7863236404213955,5230
s14_pooled_reference,spearman,Clamp_Close_Time,Max_Injection_Speed,-0.3377578294705713,5230
s14_pooled_reference,spearman,Clamp_Close_Time,Max_Screw_RPM,-0.4005493017272578,5230
s14_pooled_reference,spearman,Clamp_Close_Time,Average_Screw_RPM,0.28366267552444546,5230
s14_pooled_reference,spearman,Clamp_Close_Time,Max_Injection_Pressure,-0.8034886453698603,5230
s14_pooled_reference,spearman,Clamp_Close_Time,Max_Switch_Over_Pressure,0.4676555403296152,5230
s14_pooled_reference,spearman,Clamp_Close_Time,Max_Back_Pressure,-0.632211343725507,5230
s14_pooled_reference,spearman,Clamp_Close_Time,Average_Back_Pressure,-0.7405830266092706,5230
s14_pooled_reference,spearman,Clamp_Close_Time,Barrel_Temperature_1,-0.557636923279763,5230
s14_pooled_reference,spearman,Clamp_Close_Time,Barrel_Temperature_2,-0.5870647460430435,5230
s14_pooled_reference,spearman,Clamp_Close_Time,Barrel_Temperature_3,-0.5716134413611672,5230
s14_pooled_reference,spearman,Clamp_Close_Time,Barrel_Temperature_4,-0.5746442946332495,5230
s14_pooled_reference,spearman,Clamp_Close_Time,Barrel_Temperature_5,-0.5794576372175355,5230
s14_pooled_reference,spearman,Clamp_Close_Time,Barrel_Temperature_6,-0.5588918688062062,5230
s14_pooled_reference,spearman,Clamp_Close_Time,Hopper_Temperature,0.6429289084647329,5230
s14_pooled_reference,spearman,Clamp_Close_Time,Mold_Temperature_3,-0.013069385765185022,5230
s14_pooled_reference,spearman,Clamp_Close_Time,Mold_Temperature_4,-0.0881732572549841,5230
s14_pooled_reference,spearman,Cushion_Position,Switch_Over_Position,0.04071023362723698,5230
s14_pooled_reference,spearman,Cushion_Position,Plasticizing_Position,-0.6833689681497245,5230
s14_pooled_reference,spearman,Cushion_Position,Clamp_Open_Position,-0.7521242543000846,5230
s14_pooled_reference,spearman,Cushion_Position,Max_Injection_Speed,0.4202757084366334,5230
s14_pooled_reference,spearman,Cushion_Position,Max_Screw_RPM,0.076819951726515,5230
s14_pooled_reference,spearman,Cushion_Position,Average_Screw_RPM,-0.25652645690047665,5230
s14_pooled_reference,spearman,Cushion_Position,Max_Injection_Pressure,0.7564129467717278,5230
s14_pooled_reference,spearman,Cushion_Position,Max_Switch_Over_Pressure,-0.5191692757402693,5230
s14_pooled_reference,spearman,Cushion_Position,Max_Back_Pressure,0.4756503344414969,5230
s14_pooled_reference,spearman,Cushion_Position,Average_Back_Pressure,0.5673681315391627,5230
s14_pooled_reference,spearman,Cushion_Position,Barrel_Temperature_1,0.5240790706152768,5230
s14_pooled_reference,spearman,Cushion_Position,Barrel_Temperature_2,0.529416378322971,5230
s14_pooled_reference,spearman,Cushion_Position,Barrel_Temperature_3,0.5274066443395182,5230
s14_pooled_reference,spearman,Cushion_Position,Barrel_Temperature_4,0.5517386876623008,5230
s14_pooled_reference,spearman,Cushion_Position,Barrel_Temperature_5,0.5401712459820273,5230
s14_pooled_reference,spearman,Cushion_Position,Barrel_Temperature_6,0.5409913035735564,5230
s14_pooled_reference,spearman,Cushion_Position,Hopper_Temperature,-0.5452307898524661,5230
s14_pooled_reference,spearman,Cushion_Position,Mold_Temperature_3,-0.22973384861612037,5230
s14_pooled_reference,spearman,Cushion_Position,Mold_Temperature_4,-0.23041331616827512,5230
s14_pooled_reference,spearman,Switch_Over_Position,Plasticizing_Position,-0.04127753882499738,5230
s14_pooled_reference,spearman,Switch_Over_Position,Clamp_Open_Position,-0.04894667006543633,5230
s14_pooled_reference,spearman,Switch_Over_Position,Max_Injection_Speed,0.04155371577449577,5230
s14_pooled_reference,spearman,Switch_Over_Position,Max_Screw_RPM,0.024898806710238315,5230
s14_pooled_reference,spearman,Switch_Over_Position,Average_Screw_RPM,0.005762406622216901,5230
s14_pooled_reference,spearman,Switch_Over_Position,Max_Injection_Pressure,0.0368480386627909,5230
s14_pooled_reference,spearman,Switch_Over_Position,Max_Switch_Over_Pressure,-0.04795478642928359,5230
s14_pooled_reference,spearman,Switch_Over_Position,Max_Back_Pressure,0.03503946893616015,5230
s14_pooled_reference,spearman,Switch_Over_Position,Average_Back_Pressure,0.03397706890962582,5230
s14_pooled_reference,spearman,Switch_Over_Position,Barrel_Temperature_1,0.028995397693040274,5230
s14_pooled_reference,spearman,Switch_Over_Position,Barrel_Temperature_2,0.03508939035192748,5230
s14_pooled_reference,spearman,Switch_Over_Position,Barrel_Temperature_3,0.03847778389481343,5230
s14_pooled_reference,spearman,Switch_Over_Position,Barrel_Temperature_4,0.0381828956772099,5230
s14_pooled_reference,spearman,Switch_Over_Position,Barrel_Temperature_5,0.04426356879700715,5230
s14_pooled_reference,spearman,Switch_Over_Position,Barrel_Temperature_6,0.03433692104552855,5230
s14_pooled_reference,spearman,Switch_Over_Position,Hopper_Temperature,-0.013568564222354777,5230
s14_pooled_reference,spearman,Switch_Over_Position,Mold_Temperature_3,0.013383511473549749,5230
s14_pooled_reference,spearman,Switch_Over_Position,Mold_Temperature_4,0.005720386215643755,5230
s14_pooled_reference,spearman,Plasticizing_Position,Clamp_Open_Position,0.7452390756650189,5230
s14_pooled_reference,spearman,Plasticizing_Position,Max_Injection_Speed,-0.589657646573411,5230
s14_pooled_reference,spearman,Plasticizing_Position,Max_Screw_RPM,-0.2706160245112503,5230
s14_pooled_reference,spearman,Plasticizing_Position,Average_Screw_RPM,0.44896480307218084,5230
s14_pooled_reference,spearman,Plasticizing_Position,Max_Injection_Pressure,-0.5475058950662562,5230
s14_pooled_reference,spearman,Plasticizing_Position,Max_Switch_Over_Pressure,0.7020690927018057,5230
s14_pooled_reference,spearman,Plasticizing_Position,Max_Back_Pressure,-0.5249799188402651,5230
s14_pooled_reference,spearman,Plasticizing_Position,Average_Back_Pressure,-0.5732421787725377,5230
s14_pooled_reference,spearman,Plasticizing_Position,Barrel_Temperature_1,-0.5250134551062776,5230
s14_pooled_reference,spearman,Plasticizing_Position,Barrel_Temperature_2,-0.545368288353506,5230
s14_pooled_reference,spearman,Plasticizing_Position,Barrel_Temperature_3,-0.5280319654665458,5230
s14_pooled_reference,spearman,Plasticizing_Position,Barrel_Temperature_4,-0.5384373593790595,5230
s14_pooled_reference,spearman,Plasticizing_Position,Barrel_Temperature_5,-0.5562936119693106,5230
s14_pooled_reference,spearman,Plasticizing_Position,Barrel_Temperature_6,-0.5617530459765167,5230
s14_pooled_reference,spearman,Plasticizing_Position,Hopper_Temperature,0.4006647058651455,5230
s14_pooled_reference,spearman,Plasticizing_Position,Mold_Temperature_3,0.22451551453048377,5230
s14_pooled_reference,spearman,Plasticizing_Position,Mold_Temperature_4,0.2412350961717787,5230
s14_pooled_reference,spearman,Clamp_Open_Position,Max_Injection_Speed,-0.7447600533860469,5230
s14_pooled_reference,spearman,Clamp_Open_Position,Max_Screw_RPM,-0.48417380837667945,5230
s14_pooled_reference,spearman,Clamp_Open_Position,Average_Screw_RPM,-0.006863976003001622,5230
s14_pooled_reference,spearman,Clamp_Open_Position,Max_Injection_Pressure,-0.744764136481116,5230
s14_pooled_reference,spearman,Clamp_Open_Position,Max_Switch_Over_Pressure,0.7450188605394521,5230
s14_pooled_reference,spearman,Clamp_Open_Position,Max_Back_Pressure,-0.7272688923200291,5230
s14_pooled_reference,spearman,Clamp_Open_Position,Average_Back_Pressure,-0.7241510458802282,5230
s14_pooled_reference,spearman,Clamp_Open_Position,Barrel_Temperature_1,-0.7287746120940507,5230
s14_pooled_reference,spearman,Clamp_Open_Position,Barrel_Temperature_2,-0.7291273501420619,5230
s14_pooled_reference,spearman,Clamp_Open_Position,Barrel_Temperature_3,-0.7311703041851613,5230
s14_pooled_reference,spearman,Clamp_Open_Position,Barrel_Temperature_4,-0.7281791780170049,5230
s14_pooled_reference,spearman,Clamp_Open_Position,Barrel_Temperature_5,-0.7302114006325715,5230
s14_pooled_reference,spearman,Clamp_Open_Position,Barrel_Temperature_6,-0.7316710361450915,5230
s14_pooled_reference,spearman,Clamp_Open_Position,Hopper_Temperature,0.43564396489485135,5230
s14_pooled_reference,spearman,Clamp_Open_Position,Mold_Temperature_3,-0.1524717583235554,5230
s14_pooled_reference,spearman,Clamp_Open_Position,Mold_Temperature_4,-0.12863848296094416,5230
s14_pooled_reference,spearman,Max_Injection_Speed,Max_Screw_RPM,0.3981579222614486,5230
s14_pooled_reference,spearman,Max_Injection_Speed,Average_Screw_RPM,0.28481526041900224,5230
s14_pooled_reference,spearman,Max_Injection_Speed,Max_Injection_Pressure,0.18438556021236616,5230
s14_pooled_reference,spearman,Max_Injection_Speed,Max_Switch_Over_Pressure,-0.862185580617351,5230
s14_pooled_reference,spearman,Max_Injection_Speed,Max_Back_Pressure,0.4380912564882099,5230
s14_pooled_reference,spearman,Max_Injection_Speed,Average_Back_Pressure,0.28892149715233334,5230
s14_pooled_reference,spearman,Max_Injection_Speed,Barrel_Temperature_1,0.5457191453718242,5230
s14_pooled_reference,spearman,Max_Injection_Speed,Barrel_Temperature_2,0.5273813477056991,5230
s14_pooled_reference,spearman,Max_Injection_Speed,Barrel_Temperature_3,0.5458424724286258,5230
s14_pooled_reference,spearman,Max_Injection_Speed,Barrel_Temperature_4,0.5202234659305799,5230
s14_pooled_reference,spearman,Max_Injection_Speed,Barrel_Temperature_5,0.5529536190447911,5230
s14_pooled_reference,spearman,Max_Injection_Speed,Barrel_Temperature_6,0.5579256908522098,5230
s14_pooled_reference,spearman,Max_Injection_Speed,Hopper_Temperature,0.09866443960042197,5230
s14_pooled_reference,spearman,Max_Injection_Speed,Mold_Temperature_3,0.26193306266638755,5230
s14_pooled_reference,spearman,Max_Injection_Speed,Mold_Temperature_4,0.12901673008954406,5230
s14_pooled_reference,spearman,Max_Screw_RPM,Average_Screw_RPM,0.22714319299341001,5230
s14_pooled_reference,spearman,Max_Screw_RPM,Max_Injection_Pressure,0.3098490873664723,5230
s14_pooled_reference,spearman,Max_Screw_RPM,Max_Switch_Over_Pressure,-0.3753843485346804,5230
s14_pooled_reference,spearman,Max_Screw_RPM,Max_Back_Pressure,0.5419271402085966,5230
s14_pooled_reference,spearman,Max_Screw_RPM,Average_Back_Pressure,0.48060969512311946,5230
s14_pooled_reference,spearman,Max_Screw_RPM,Barrel_Temperature_1,0.40026203927552334,5230
s14_pooled_reference,spearman,Max_Screw_RPM,Barrel_Temperature_2,0.39929129352616993,5230
s14_pooled_reference,spearman,Max_Screw_RPM,Barrel_Temperature_3,0.38613842097256496,5230
s14_pooled_reference,spearman,Max_Screw_RPM,Barrel_Temperature_4,0.3648735657569829,5230
s14_pooled_reference,spearman,Max_Screw_RPM,Barrel_Temperature_5,0.38558775427963,5230
s14_pooled_reference,spearman,Max_Screw_RPM,Barrel_Temperature_6,0.3622809827512808,5230
s14_pooled_reference,spearman,Max_Screw_RPM,Hopper_Temperature,-0.1659527333268779,5230
s14_pooled_reference,spearman,Max_Screw_RPM,Mold_Temperature_3,0.26251412537505137,5230
s14_pooled_reference,spearman,Max_Screw_RPM,Mold_Temperature_4,0.2661259825465502,5230
s14_pooled_reference,spearman,Average_Screw_RPM,Max_Injection_Pressure,-0.19896211387185725,5230
s14_pooled_reference,spearman,Average_Screw_RPM,Max_Switch_Over_Pressure,0.013095457685912318,5230
s14_pooled_reference,spearman,Average_Screw_RPM,Max_Back_Pressure,0.11003356287542806,5230
s14_pooled_reference,spearman,Average_Screw_RPM,Average_Back_Pressure,-0.08105173172032523,5230
s14_pooled_reference,spearman,Average_Screw_RPM,Barrel_Temperature_1,0.03417654762952483,5230
s14_pooled_reference,spearman,Average_Screw_RPM,Barrel_Temperature_2,0.006105621341905357,5230
s14_pooled_reference,spearman,Average_Screw_RPM,Barrel_Temperature_3,0.01875959661337244,5230
s14_pooled_reference,spearman,Average_Screw_RPM,Barrel_Temperature_4,0.005682698316520591,5230
s14_pooled_reference,spearman,Average_Screw_RPM,Barrel_Temperature_5,0.0003698167914176667,5230
s14_pooled_reference,spearman,Average_Screw_RPM,Barrel_Temperature_6,0.008932047682439648,5230
s14_pooled_reference,spearman,Average_Screw_RPM,Hopper_Temperature,0.3583381219025121,5230
s14_pooled_reference,spearman,Average_Screw_RPM,Mold_Temperature_3,0.4563244398914672,5230
s14_pooled_reference,spearman,Average_Screw_RPM,Mold_Temperature_4,0.3542532310050639,5230
s14_pooled_reference,spearman,Max_Injection_Pressure,Max_Switch_Over_Pressure,-0.25702412139247566,5230
s14_pooled_reference,spearman,Max_Injection_Pressure,Max_Back_Pressure,0.7203768818703459,5230
s14_pooled_reference,spearman,Max_Injection_Pressure,Average_Back_Pressure,0.8309220475090859,5230
s14_pooled_reference,spearman,Max_Injection_Pressure,Barrel_Temperature_1,0.537288935317042,5230
s14_pooled_reference,spearman,Max_Injection_Pressure,Barrel_Temperature_2,0.55706926702217,5230
s14_pooled_reference,spearman,Max_Injection_Pressure,Barrel_Temperature_3,0.5226816337090091,5230
s14_pooled_reference,spearman,Max_Injection_Pressure,Barrel_Temperature_4,0.5205536999416694,5230
s14_pooled_reference,spearman,Max_Injection_Pressure,Barrel_Temperature_5,0.5282028400152081,5230
s14_pooled_reference,spearman,Max_Injection_Pressure,Barrel_Temperature_6,0.52813833464134,5230
s14_pooled_reference,spearman,Max_Injection_Pressure,Hopper_Temperature,-0.7108717037573048,5230
s14_pooled_reference,spearman,Max_Injection_Pressure,Mold_Temperature_3,-0.13296196856961942,5230
s14_pooled_reference,spearman,Max_Injection_Pressure,Mold_Temperature_4,-0.05359332301523703,5230
s14_pooled_reference,spearman,Max_Switch_Over_Pressure,Max_Back_Pressure,-0.3514989157213464,5230
s14_pooled_reference,spearman,Max_Switch_Over_Pressure,Average_Back_Pressure,-0.30669086576022764,5230
s14_pooled_reference,spearman,Max_Switch_Over_Pressure,Barrel_Temperature_1,-0.5368429106607163,5230
s14_pooled_reference,spearman,Max_Switch_Over_Pressure,Barrel_Temperature_2,-0.5239032798593587,5230
s14_pooled_reference,spearman,Max_Switch_Over_Pressure,Barrel_Temperature_3,-0.5620305077139642,5230
s14_pooled_reference,spearman,Max_Switch_Over_Pressure,Barrel_Temperature_4,-0.5629092687469748,5230
s14_pooled_reference,spearman,Max_Switch_Over_Pressure,Barrel_Temperature_5,-0.5738171816469942,5230
s14_pooled_reference,spearman,Max_Switch_Over_Pressure,Barrel_Temperature_6,-0.5337327755717959,5230
s14_pooled_reference,spearman,Max_Switch_Over_Pressure,Hopper_Temperature,0.12288174747645778,5230
s14_pooled_reference,spearman,Max_Switch_Over_Pressure,Mold_Temperature_3,-0.10011656754273107,5230
s14_pooled_reference,spearman,Max_Switch_Over_Pressure,Mold_Temperature_4,-0.02202808058930937,5230
s14_pooled_reference,spearman,Max_Back_Pressure,Average_Back_Pressure,0.9466731721232096,5230
s14_pooled_reference,spearman,Max_Back_Pressure,Barrel_Temperature_1,0.5730239447310903,5230
s14_pooled_reference,spearman,Max_Back_Pressure,Barrel_Temperature_2,0.5701214458732156,5230
s14_pooled_reference,spearman,Max_Back_Pressure,Barrel_Temperature_3,0.5675941488248338,5230
s14_pooled_reference,spearman,Max_Back_Pressure,Barrel_Temperature_4,0.6729018647012456,5230
s14_pooled_reference,spearman,Max_Back_Pressure,Barrel_Temperature_5,0.5398872796367179,5230
s14_pooled_reference,spearman,Max_Back_Pressure,Barrel_Temperature_6,0.529936283015542,5230
s14_pooled_reference,spearman,Max_Back_Pressure,Hopper_Temperature,-0.390548992695198,5230
s14_pooled_reference,spearman,Max_Back_Pressure,Mold_Temperature_3,-0.0009931033630026353,5230
s14_pooled_reference,spearman,Max_Back_Pressure,Mold_Temperature_4,0.004252849080642563,5230
s14_pooled_reference,spearman,Average_Back_Pressure,Barrel_Temperature_1,0.5608539875718606,5230
s14_pooled_reference,spearman,Average_Back_Pressure,Barrel_Temperature_2,0.5713215825507805,5230
s14_pooled_reference,spearman,Average_Back_Pressure,Barrel_Temperature_3,0.5639099000298282,5230
s14_pooled_reference,spearman,Average_Back_Pressure,Barrel_Temperature_4,0.6658525196461168,5230
s14_pooled_reference,spearman,Average_Back_Pressure,Barrel_Temperature_5,0.5455225739568451,5230
s14_pooled_reference,spearman,Average_Back_Pressure,Barrel_Temperature_6,0.5227879214767878,5230
s14_pooled_reference,spearman,Average_Back_Pressure,Hopper_Temperature,-0.5862744754146711,5230
s14_pooled_reference,spearman,Average_Back_Pressure,Mold_Temperature_3,-0.11072258737322581,5230
s14_pooled_reference,spearman,Average_Back_Pressure,Mold_Temperature_4,-0.05969392311247725,5230
s14_pooled_reference,spearman,Barrel_Temperature_1,Barrel_Temperature_2,0.545341881897997,5230
s14_pooled_reference,spearman,Barrel_Temperature_1,Barrel_Temperature_3,0.6835779758002279,5230
s14_pooled_reference,spearman,Barrel_Temperature_1,Barrel_Temperature_4,0.5308757536743345,5230
s14_pooled_reference,spearman,Barrel_Temperature_1,Barrel_Temperature_5,0.5963358750503363,5230
s14_pooled_reference,spearman,Barrel_Temperature_1,Barrel_Temperature_6,0.5850677299399838,5230
s14_pooled_reference,spearman,Barrel_Temperature_1,Hopper_Temperature,-0.30274292984419915,5230
s14_pooled_reference,spearman,Barrel_Temperature_1,Mold_Temperature_3,0.14879648174854493,5230
s14_pooled_reference,spearman,Barrel_Temperature_1,Mold_Temperature_4,0.11919798635958108,5230
s14_pooled_reference,spearman,Barrel_Temperature_2,Barrel_Temperature_3,0.5793362178620025,5230
s14_pooled_reference,spearman,Barrel_Temperature_2,Barrel_Temperature_4,0.5359579589937332,5230
s14_pooled_reference,spearman,Barrel_Temperature_2,Barrel_Temperature_5,0.5577565574518346,5230
s14_pooled_reference,spearman,Barrel_Temperature_2,Barrel_Temperature_6,0.5244941452571158,5230
s14_pooled_reference,spearman,Barrel_Temperature_2,Hopper_Temperature,-0.298683615392784,5230
s14_pooled_reference,spearman,Barrel_Temperature_2,Mold_Temperature_3,0.13031711915547364,5230
s14_pooled_reference,spearman,Barrel_Temperature_2,Mold_Temperature_4,0.1036433329326297,5230
s14_pooled_reference,spearman,Barrel_Temperature_3,Barrel_Temperature_4,0.6140048488430615,5230
s14_pooled_reference,spearman,Barrel_Temperature_3,Barrel_Temperature_5,0.610311609943316,5230
s14_pooled_reference,spearman,Barrel_Temperature_3,Barrel_Temperature_6,0.5868777313226798,5230
s14_pooled_reference,spearman,Barrel_Temperature_3,Hopper_Temperature,-0.3086001057676872,5230
s14_pooled_reference,spearman,Barrel_Temperature_3,Mold_Temperature_3,0.15345421425554936,5230
s14_pooled_reference,spearman,Barrel_Temperature_3,Mold_Temperature_4,0.12318663749078082,5230
s14_pooled_reference,spearman,Barrel_Temperature_4,Barrel_Temperature_5,0.521529154469643,5230
s14_pooled_reference,spearman,Barrel_Temperature_4,Barrel_Temperature_6,0.5342298761917218,5230
s14_pooled_reference,spearman,Barrel_Temperature_4,Hopper_Temperature,-0.3178540976155496,5230
s14_pooled_reference,spearman,Barrel_Temperature_4,Mold_Temperature_3,0.12651848682891276,5230
s14_pooled_reference,spearman,Barrel_Temperature_4,Mold_Temperature_4,0.10386476967288498,5230
s14_pooled_reference,spearman,Barrel_Temperature_5,Barrel_Temperature_6,0.5532854427469714,5230
s14_pooled_reference,spearman,Barrel_Temperature_5,Hopper_Temperature,-0.3243740785613983,5230
s14_pooled_reference,spearman,Barrel_Temperature_5,Mold_Temperature_3,0.11654449527286738,5230
s14_pooled_reference,spearman,Barrel_Temperature_5,Mold_Temperature_4,0.08445401264492132,5230
s14_pooled_reference,spearman,Barrel_Temperature_6,Hopper_Temperature,-0.2911944317942118,5230
s14_pooled_reference,spearman,Barrel_Temperature_6,Mold_Temperature_3,0.15272334912965527,5230
s14_pooled_reference,spearman,Barrel_Temperature_6,Mold_Temperature_4,0.12192744049589263,5230
s14_pooled_reference,spearman,Hopper_Temperature,Mold_Temperature_3,0.3645561043360256,5230
s14_pooled_reference,spearman,Hopper_Temperature,Mold_Temperature_4,0.21558872985678695,5230
s14_pooled_reference,spearman,Mold_Temperature_3,Mold_Temperature_4,0.9609868600267342,5230
cn7,pearson,Injection_Time,Filling_Time,0.09511569252485441,3974
cn7,pearson,Injection_Time,Plasticizing_Time,0.4807962028187688,3974
cn7,pearson,Injection_Time,Cycle_Time,0.8299724871435888,3974
cn7,pearson,Injection_Time,Clamp_Close_Time,-0.7622881959354472,3974
cn7,pearson,Injection_Time,Cushion_Position,0.7875337317092688,3974
cn7,pearson,Injection_Time,Plasticizing_Position,-0.7084235259949783,3974
cn7,pearson,Injection_Time,Clamp_Open_Position,-0.7670982810558274,3974
cn7,pearson,Injection_Time,Max_Injection_Speed,0.06736726192860684,3974
cn7,pearson,Injection_Time,Max_Screw_RPM,-0.0941517684398683,3974
cn7,pearson,Injection_Time,Average_Screw_RPM,0.007291470607085617,3974
cn7,pearson,Injection_Time,Max_Injection_Pressure,0.8314437176250848,3974
cn7,pearson,Injection_Time,Max_Switch_Over_Pressure,-0.1987287015868121,3974
cn7,pearson,Injection_Time,Max_Back_Pressure,-0.3421387329588447,3974
cn7,pearson,Injection_Time,Average_Back_Pressure,-0.6687653740896827,3974
cn7,pearson,Injection_Time,Barrel_Temperature_1,-0.7547761861947757,3974
cn7,pearson,Injection_Time,Barrel_Temperature_2,-0.747908417093594,3974
cn7,pearson,Injection_Time,Barrel_Temperature_3,-0.7512991611207681,3974
cn7,pearson,Injection_Time,Barrel_Temperature_4,-0.6909622357471098,3974
cn7,pearson,Injection_Time,Barrel_Temperature_5,-0.7220962987243221,3974
cn7,pearson,Injection_Time,Barrel_Temperature_6,-0.6571548968767051,3974
cn7,pearson,Injection_Time,Hopper_Temperature,-0.7100235967178021,3974
cn7,pearson,Injection_Time,Mold_Temperature_3,-0.11903829296287019,3974
cn7,pearson,Injection_Time,Mold_Temperature_4,-0.014667106394610127,3974
cn7,pearson,Filling_Time,Plasticizing_Time,-0.507866129698506,3974
cn7,pearson,Filling_Time,Cycle_Time,-0.38832085308777275,3974
cn7,pearson,Filling_Time,Clamp_Close_Time,0.5646401137424822,3974
cn7,pearson,Filling_Time,Cushion_Position,-0.5260950323959246,3974
cn7,pearson,Filling_Time,Plasticizing_Position,0.5785490315665862,3974
cn7,pearson,Filling_Time,Clamp_Open_Position,0.5651855663801846,3974
cn7,pearson,Filling_Time,Max_Injection_Speed,-0.8926400385646394,3974
cn7,pearson,Filling_Time,Max_Screw_RPM,0.10393420424737304,3974
cn7,pearson,Filling_Time,Average_Screw_RPM,0.10922753828089178,3974
cn7,pearson,Filling_Time,Max_Injection_Pressure,-0.4678686020047262,3974
cn7,pearson,Filling_Time,Max_Switch_Over_Pressure,0.8705955988354463,3974
cn7,pearson,Filling_Time,Max_Back_Pressure,0.5652225022325695,3974
cn7,pearson,Filling_Time,Average_Back_Pressure,0.6180588575340641,3974
cn7,pearson,Filling_Time,Barrel_Temperature_1,0.5478287019180339,3974
cn7,pearson,Filling_Time,Barrel_Temperature_2,0.5552891508514375,3974
cn7,pearson,Filling_Time,Barrel_Temperature_3,0.5579844510470228,3974
cn7,pearson,Filling_Time,Barrel_Temperature_4,0.5121898108249727,3974
cn7,pearson,Filling_Time,Barrel_Temperature_5,0.5485114791718069,3974
cn7,pearson,Filling_Time,Barrel_Temperature_6,0.452227774062295,3974
cn7,pearson,Filling_Time,Hopper_Temperature,0.33848286710621445,3974
cn7,pearson,Filling_Time,Mold_Temperature_3,0.025625906768260768,3974
cn7,pearson,Filling_Time,Mold_Temperature_4,0.005621394709006908,3974
cn7,pearson,Plasticizing_Time,Cycle_Time,0.653848305793391,3974
cn7,pearson,Plasticizing_Time,Clamp_Close_Time,-0.6897479597332606,3974
cn7,pearson,Plasticizing_Time,Cushion_Position,0.6862655355188713,3974
cn7,pearson,Plasticizing_Time,Plasticizing_Position,-0.6324387647981629,3974
cn7,pearson,Plasticizing_Time,Clamp_Open_Position,-0.7266218282779987,3974
cn7,pearson,Plasticizing_Time,Max_Injection_Speed,0.7364188669348498,3974
cn7,pearson,Plasticizing_Time,Max_Screw_RPM,0.009026175762626048,3974
cn7,pearson,Plasticizing_Time,Average_Screw_RPM,0.3333026478349952,3974
cn7,pearson,Plasticizing_Time,Max_Injection_Pressure,0.671208354697218,3974
cn7,pearson,Plasticizing_Time,Max_Switch_Over_Pressure,-0.658595401277361,3974
cn7,pearson,Plasticizing_Time,Max_Back_Pressure,-0.49920053903992523,3974
cn7,pearson,Plasticizing_Time,Average_Back_Pressure,-0.7252997845993996,3974
cn7,pearson,Plasticizing_Time,Barrel_Temperature_1,-0.7078983351653794,3974
cn7,pearson,Plasticizing_Time,Barrel_Temperature_2,-0.710534472940317,3974
cn7,pearson,Plasticizing_Time,Barrel_Temperature_3,-0.709981281339177,3974
cn7,pearson,Plasticizing_Time,Barrel_Temperature_4,-0.6707785596570813,3974
cn7,pearson,Plasticizing_Time,Barrel_Temperature_5,-0.6943109183258546,3974
cn7,pearson,Plasticizing_Time,Barrel_Temperature_6,-0.5805959790144173,3974
cn7,pearson,Plasticizing_Time,Hopper_Temperature,-0.2867286322374948,3974
cn7,pearson,Plasticizing_Time,Mold_Temperature_3,0.21730525837786077,3974
cn7,pearson,Plasticizing_Time,Mold_Temperature_4,0.18769559721261694,3974
cn7,pearson,Cycle_Time,Clamp_Close_Time,-0.9283426743579475,3974
cn7,pearson,Cycle_Time,Cushion_Position,0.931138216783447,3974
cn7,pearson,Cycle_Time,Plasticizing_Position,-0.8871653215256414,3974
cn7,pearson,Cycle_Time,Clamp_Open_Position,-0.9382293793036129,3974
cn7,pearson,Cycle_Time,Max_Injection_Speed,0.4382653243112463,3974
cn7,pearson,Cycle_Time,Max_Screw_RPM,-0.1178556812502927,3974
cn7,pearson,Cycle_Time,Average_Screw_RPM,-0.03120070583925475,3974
cn7,pearson,Cycle_Time,Max_Injection_Pressure,0.9542662052740192,3974
cn7,pearson,Cycle_Time,Max_Switch_Over_Pressure,-0.5466778375985655,3974
cn7,pearson,Cycle_Time,Max_Back_Pressure,-0.41010413215801195,3974
cn7,pearson,Cycle_Time,Average_Back_Pressure,-0.8139806065042899,3974
cn7,pearson,Cycle_Time,Barrel_Temperature_1,-0.9218053875757054,3974
cn7,pearson,Cycle_Time,Barrel_Temperature_2,-0.9177271452083122,3974
cn7,pearson,Cycle_Time,Barrel_Temperature_3,-0.9221497180050264,3974
cn7,pearson,Cycle_Time,Barrel_Temperature_4,-0.8377211155972131,3974
cn7,pearson,Cycle_Time,Barrel_Temperature_5,-0.8903655410585973,3974
cn7,pearson,Cycle_Time,Barrel_Temperature_6,-0.791221603353797,3974
cn7,pearson,Cycle_Time,Hopper_Temperature,-0.7917184831706646,3974
cn7,pearson,Cycle_Time,Mold_Temperature_3,-0.11903253730733707,3974
cn7,pearson,Cycle_Time,Mold_Temperature_4,-0.014211513274593236,3974
cn7,pearson,Clamp_Close_Time,Cushion_Position,-0.9900549187976693,3974
cn7,pearson,Clamp_Close_Time,Plasticizing_Position,0.9641960700486147,3974
cn7,pearson,Clamp_Close_Time,Clamp_Open_Position,0.9955468553283023,3974
cn7,pearson,Clamp_Close_Time,Max_Injection_Speed,-0.6125251785804683,3974
cn7,pearson,Clamp_Close_Time,Max_Screw_RPM,0.14066382121610324,3974
cn7,pearson,Clamp_Close_Time,Average_Screw_RPM,0.1050745798883583,3974
cn7,pearson,Clamp_Close_Time,Max_Injection_Pressure,-0.9896887096456977,3974
cn7,pearson,Clamp_Close_Time,Max_Switch_Over_Pressure,0.7190850662987659,3974
cn7,pearson,Clamp_Close_Time,Max_Back_Pressure,0.6526436633898084,3974
cn7,pearson,Clamp_Close_Time,Average_Back_Pressure,0.9498211221570355,3974
cn7,pearson,Clamp_Close_Time,Barrel_Temperature_1,0.9742292544498322,3974
cn7,pearson,Clamp_Close_Time,Barrel_Temperature_2,0.9724456692890816,3974
cn7,pearson,Clamp_Close_Time,Barrel_Temperature_3,0.9779354074874625,3974
cn7,pearson,Clamp_Close_Time,Barrel_Temperature_4,0.8977387207536464,3974
cn7,pearson,Clamp_Close_Time,Barrel_Temperature_5,0.9472024680284891,3974
cn7,pearson,Clamp_Close_Time,Barrel_Temperature_6,0.8323846513034281,3974
cn7,pearson,Clamp_Close_Time,Hopper_Temperature,0.827499653491123,3974
cn7,pearson,Clamp_Close_Time,Mold_Temperature_3,0.13411347483811423,3974
cn7,pearson,Clamp_Close_Time,Mold_Temperature_4,0.02821514181028292,3974
cn7,pearson,Cushion_Position,Plasticizing_Position,-0.9649183462121568,3974
cn7,pearson,Cushion_Position,Clamp_Open_Position,-0.9916834154942064,3974
cn7,pearson,Cushion_Position,Max_Injection_Speed,0.5888286400846139,3974
cn7,pearson,Cushion_Position,Max_Screw_RPM,-0.20581010408825628,3974
cn7,pearson,Cushion_Position,Average_Screw_RPM,-0.1020659417711413,3974
cn7,pearson,Cushion_Position,Max_Injection_Pressure,0.9911469101272774,3974
cn7,pearson,Cushion_Position,Max_Switch_Over_Pressure,-0.6998834485471428,3974
cn7,pearson,Cushion_Position,Max_Back_Pressure,-0.6485439073043839,3974
cn7,pearson,Cushion_Position,Average_Back_Pressure,-0.9452259681202334,3974
cn7,pearson,Cushion_Position,Barrel_Temperature_1,-0.9712745168050582,3974
cn7,pearson,Cushion_Position,Barrel_Temperature_2,-0.9704455510851443,3974
cn7,pearson,Cushion_Position,Barrel_Temperature_3,-0.9748789326787696,3974
cn7,pearson,Cushion_Position,Barrel_Temperature_4,-0.8937927363284849,3974
cn7,pearson,Cushion_Position,Barrel_Temperature_5,-0.9436927394881014,3974
cn7,pearson,Cushion_Position,Barrel_Temperature_6,-0.8294280817445693,3974
cn7,pearson,Cushion_Position,Hopper_Temperature,-0.8336244867913438,3974
cn7,pearson,Cushion_Position,Mold_Temperature_3,-0.18816688619894004,3974
cn7,pearson,Cushion_Position,Mold_Temperature_4,-0.08737884952948345,3974
cn7,pearson,Plasticizing_Position,Clamp_Open_Position,0.9597233767783137,3974
cn7,pearson,Plasticizing_Position,Max_Injection_Speed,-0.6091799787888706,3974
cn7,pearson,Plasticizing_Position,Max_Screw_RPM,0.19023151359035648,3974
cn7,pearson,Plasticizing_Position,Average_Screw_RPM,0.2736291809163448,3974
cn7,pearson,Plasticizing_Position,Max_Injection_Pressure,-0.953888110724797,3974
cn7,pearson,Plasticizing_Position,Max_Switch_Over_Pressure,0.7366876510312153,3974
cn7,pearson,Plasticizing_Position,Max_Back_Pressure,0.6064419980749822,3974
cn7,pearson,Plasticizing_Position,Average_Back_Pressure,0.9072389994550909,3974
cn7,pearson,Plasticizing_Position,Barrel_Temperature_1,0.9411998030695344,3974
cn7,pearson,Plasticizing_Position,Barrel_Temperature_2,0.9387496045687556,3974
cn7,pearson,Plasticizing_Position,Barrel_Temperature_3,0.9447670232707204,3974
cn7,pearson,Plasticizing_Position,Barrel_Temperature_4,0.8659644540806207,3974
cn7,pearson,Plasticizing_Position,Barrel_Temperature_5,0.9113489670022876,3974
cn7,pearson,Plasticizing_Position,Barrel_Temperature_6,0.799339711506409,3974
cn7,pearson,Plasticizing_Position,Hopper_Temperature,0.8047977787840642,3974
cn7,pearson,Plasticizing_Position,Mold_Temperature_3,0.31086703781655384,3974
cn7,pearson,Plasticizing_Position,Mold_Temperature_4,0.2261321808306756,3974
cn7,pearson,Clamp_Open_Position,Max_Injection_Speed,-0.6315744377664465,3974
cn7,pearson,Clamp_Open_Position,Max_Screw_RPM,0.14457745443432868,3974
cn7,pearson,Clamp_Open_Position,Average_Screw_RPM,0.06250179928948191,3974
cn7,pearson,Clamp_Open_Position,Max_Injection_Pressure,-0.9905540987071566,3974
cn7,pearson,Clamp_Open_Position,Max_Switch_Over_Pressure,0.7259054399498602,3974
cn7,pearson,Clamp_Open_Position,Max_Back_Pressure,0.6475232075368712,3974
cn7,pearson,Clamp_Open_Position,Average_Back_Pressure,0.9525315778029765,3974
cn7,pearson,Clamp_Open_Position,Barrel_Temperature_1,0.9783837671880562,3974
cn7,pearson,Clamp_Open_Position,Barrel_Temperature_2,0.9778367964323419,3974
cn7,pearson,Clamp_Open_Position,Barrel_Temperature_3,0.9821425307228736,3974
cn7,pearson,Clamp_Open_Position,Barrel_Temperature_4,0.9027496081463765,3974
cn7,pearson,Clamp_Open_Position,Barrel_Temperature_5,0.9519393137001433,3974
cn7,pearson,Clamp_Open_Position,Barrel_Temperature_6,0.8353150791673492,3974
cn7,pearson,Clamp_Open_Position,Hopper_Temperature,0.8059126273642865,3974
cn7,pearson,Clamp_Open_Position,Mold_Temperature_3,0.11479696935641738,3974
cn7,pearson,Clamp_Open_Position,Mold_Temperature_4,0.015638619139120638,3974
cn7,pearson,Max_Injection_Speed,Max_Screw_RPM,-0.06254761211847226,3974
cn7,pearson,Max_Injection_Speed,Average_Screw_RPM,0.11226907822994815,3974
cn7,pearson,Max_Injection_Speed,Max_Injection_Pressure,0.5315191309539617,3974
cn7,pearson,Max_Injection_Speed,Max_Switch_Over_Pressure,-0.8862147165704038,3974
cn7,pearson,Max_Injection_Speed,Max_Back_Pressure,-0.6709676436540722,3974
cn7,pearson,Max_Injection_Speed,Average_Back_Pressure,-0.7160777729134619,3974
cn7,pearson,Max_Injection_Speed,Barrel_Temperature_1,-0.6126805378335934,3974
cn7,pearson,Max_Injection_Speed,Barrel_Temperature_2,-0.6208607290468062,3974
cn7,pearson,Max_Injection_Speed,Barrel_Temperature_3,-0.6210371577192257,3974
cn7,pearson,Max_Injection_Speed,Barrel_Temperature_4,-0.5791535798044738,3974
cn7,pearson,Max_Injection_Speed,Barrel_Temperature_5,-0.6107708743962555,3974
cn7,pearson,Max_Injection_Speed,Barrel_Temperature_6,-0.500252591704027,3974
cn7,pearson,Max_Injection_Speed,Hopper_Temperature,-0.2814032672257743,3974
cn7,pearson,Max_Injection_Speed,Mold_Temperature_3,0.07634135982575464,3974
cn7,pearson,Max_Injection_Speed,Mold_Temperature_4,0.06163905900509125,3974
cn7,pearson,Max_Screw_RPM,Average_Screw_RPM,0.24156533652418005,3974
cn7,pearson,Max_Screw_RPM,Max_Injection_Pressure,-0.14873087846056224,3974
cn7,pearson,Max_Screw_RPM,Max_Switch_Over_Pressure,0.0954745258538155,3974
cn7,pearson,Max_Screw_RPM,Max_Back_Pressure,0.22450193707389518,3974
cn7,pearson,Max_Screw_RPM,Average_Back_Pressure,0.17606670566037488,3974
cn7,pearson,Max_Screw_RPM,Barrel_Temperature_1,0.15138951173185816,3974
cn7,pearson,Max_Screw_RPM,Barrel_Temperature_2,0.15151381018381066,3974
cn7,pearson,Max_Screw_RPM,Barrel_Temperature_3,0.1468389469288952,3974
cn7,pearson,Max_Screw_RPM,Barrel_Temperature_4,0.12651988640241518,3974
cn7,pearson,Max_Screw_RPM,Barrel_Temperature_5,0.14131311026695706,3974
cn7,pearson,Max_Screw_RPM,Barrel_Temperature_6,0.1106304560949336,3974
cn7,pearson,Max_Screw_RPM,Hopper_Temperature,0.1712061904165525,3974
cn7,pearson,Max_Screw_RPM,Mold_Temperature_3,0.24607874444637517,3974
cn7,pearson,Max_Screw_RPM,Mold_Temperature_4,0.2436118219309075,3974
cn7,pearson,Average_Screw_RPM,Max_Injection_Pressure,-0.08173553399215083,3974
cn7,pearson,Average_Screw_RPM,Max_Switch_Over_Pressure,0.11565853725833876,3974
cn7,pearson,Average_Screw_RPM,Max_Back_Pressure,0.07534478930717321,3974
cn7,pearson,Average_Screw_RPM,Average_Back_Pressure,0.048660812548693116,3974
cn7,pearson,Average_Screw_RPM,Barrel_Temperature_1,0.06882464420835244,3974
cn7,pearson,Average_Screw_RPM,Barrel_Temperature_2,0.06159115324325968,3974
cn7,pearson,Average_Screw_RPM,Barrel_Temperature_3,0.06604137897110303,3974
cn7,pearson,Average_Screw_RPM,Barrel_Temperature_4,0.05419958458023632,3974
cn7,pearson,Average_Screw_RPM,Barrel_Temperature_5,0.05339799395718119,3974
cn7,pearson,Average_Screw_RPM,Barrel_Temperature_6,0.051893805042116076,3974
cn7,pearson,Average_Screw_RPM,Hopper_Temperature,0.25599917122254384,3974
cn7,pearson,Average_Screw_RPM,Mold_Temperature_3,0.48222740517982415,3974
cn7,pearson,Average_Screw_RPM,Mold_Temperature_4,0.41560687554652725,3974
cn7,pearson,Max_Injection_Pressure,Max_Switch_Over_Pressure,-0.642075358958324,3974
cn7,pearson,Max_Injection_Pressure,Max_Back_Pressure,-0.6013484223331838,3974
cn7,pearson,Max_Injection_Pressure,Average_Back_Pressure,-0.9266565367112802,3974
cn7,pearson,Max_Injection_Pressure,Barrel_Temperature_1,-0.9698169989301703,3974
cn7,pearson,Max_Injection_Pressure,Barrel_Temperature_2,-0.9675368770810423,3974
cn7,pearson,Max_Injection_Pressure,Barrel_Temperature_3,-0.9731732773256797,3974
cn7,pearson,Max_Injection_Pressure,Barrel_Temperature_4,-0.8957497851350029,3974
cn7,pearson,Max_Injection_Pressure,Barrel_Temperature_5,-0.9420790453719978,3974
cn7,pearson,Max_Injection_Pressure,Barrel_Temperature_6,-0.8299895985003186,3974
cn7,pearson,Max_Injection_Pressure,Hopper_Temperature,-0.843494894518537,3974
cn7,pearson,Max_Injection_Pressure,Mold_Temperature_3,-0.16123148972783038,3974
cn7,pearson,Max_Injection_Pressure,Mold_Temperature_4,-0.05225659441455781,3974
cn7,pearson,Max_Switch_Over_Pressure,Max_Back_Pressure,0.6853058995004414,3974
cn7,pearson,Max_Switch_Over_Pressure,Average_Back_Pressure,0.7762105613881949,3974
cn7,pearson,Max_Switch_Over_Pressure,Barrel_Temperature_1,0.7071323505821772,3974
cn7,pearson,Max_Switch_Over_Pressure,Barrel_Temperature_2,0.7146490720177748,3974
cn7,pearson,Max_Switch_Over_Pressure,Barrel_Temperature_3,0.711894042319072,3974
cn7,pearson,Max_Switch_Over_Pressure,Barrel_Temperature_4,0.642111821488497,3974
cn7,pearson,Max_Switch_Over_Pressure,Barrel_Temperature_5,0.6893903246198048,3974
cn7,pearson,Max_Switch_Over_Pressure,Barrel_Temperature_6,0.6026959600598244,3974
cn7,pearson,Max_Switch_Over_Pressure,Hopper_Temperature,0.47090414409751136,3974
cn7,pearson,Max_Switch_Over_Pressure,Mold_Temperature_3,0.05927064805465737,3974
cn7,pearson,Max_Switch_Over_Pressure,Mold_Temperature_4,0.019976160542848776,3974
cn7,pearson,Max_Back_Pressure,Average_Back_Pressure,0.8448368962989508,3974
cn7,pearson,Max_Back_Pressure,Barrel_Temperature_1,0.6292312682661135,3974
cn7,pearson,Max_Back_Pressure,Barrel_Temperature_2,0.63287729214827,3974
cn7,pearson,Max_Back_Pressure,Barrel_Temperature_3,0.6358171487458892,3974
cn7,pearson,Max_Back_Pressure,Barrel_Temperature_4,0.6134427237880757,3974
cn7,pearson,Max_Back_Pressure,Barrel_Temperature_5,0.6262898985452973,3974
cn7,pearson,Max_Back_Pressure,Barrel_Temperature_6,0.5029426029627038,3974
cn7,pearson,Max_Back_Pressure,Hopper_Temperature,0.49682774826567533,3974
cn7,pearson,Max_Back_Pressure,Mold_Temperature_3,-0.04540913979531246,3974
cn7,pearson,Max_Back_Pressure,Mold_Temperature_4,-0.12053856010032467,3974
cn7,pearson,Average_Back_Pressure,Barrel_Temperature_1,0.9296266897127531,3974
cn7,pearson,Average_Back_Pressure,Barrel_Temperature_2,0.9310270087900541,3974
cn7,pearson,Average_Back_Pressure,Barrel_Temperature_3,0.9351651516482613,3974
cn7,pearson,Average_Back_Pressure,Barrel_Temperature_4,0.8682175212710054,3974
cn7,pearson,Average_Back_Pressure,Barrel_Temperature_5,0.9115479235013388,3974
cn7,pearson,Average_Back_Pressure,Barrel_Temperature_6,0.7799210098015941,3974
cn7,pearson,Average_Back_Pressure,Hopper_Temperature,0.742062064628652,3974
cn7,pearson,Average_Back_Pressure,Mold_Temperature_3,0.06021807548979398,3974
cn7,pearson,Average_Back_Pressure,Mold_Temperature_4,-0.030651912676660256,3974
cn7,pearson,Barrel_Temperature_1,Barrel_Temperature_2,0.9561602956206188,3974
cn7,pearson,Barrel_Temperature_1,Barrel_Temperature_3,0.9720788460666727,3974
cn7,pearson,Barrel_Temperature_1,Barrel_Temperature_4,0.8788074860880111,3974
cn7,pearson,Barrel_Temperature_1,Barrel_Temperature_5,0.9334778703813243,3974
cn7,pearson,Barrel_Temperature_1,Barrel_Temperature_6,0.8233948160470667,3974
cn7,pearson,Barrel_Temperature_1,Hopper_Temperature,0.789004237885908,3974
cn7,pearson,Barrel_Temperature_1,Mold_Temperature_3,0.1206867973067702,3974
cn7,pearson,Barrel_Temperature_1,Mold_Temperature_4,0.024145469136016534,3974
cn7,pearson,Barrel_Temperature_2,Barrel_Temperature_3,0.9626980585068913,3974
cn7,pearson,Barrel_Temperature_2,Barrel_Temperature_4,0.8790509615549585,3974
cn7,pearson,Barrel_Temperature_2,Barrel_Temperature_5,0.9298353957074639,3974
cn7,pearson,Barrel_Temperature_2,Barrel_Temperature_6,0.8081110088206145,3974
cn7,pearson,Barrel_Temperature_2,Hopper_Temperature,0.7894507192392584,3974
cn7,pearson,Barrel_Temperature_2,Mold_Temperature_3,0.112702983618328,3974
cn7,pearson,Barrel_Temperature_2,Mold_Temperature_4,0.015614023832586713,3974
cn7,pearson,Barrel_Temperature_3,Barrel_Temperature_4,0.893643034644532,3974
cn7,pearson,Barrel_Temperature_3,Barrel_Temperature_5,0.937926660571924,3974
cn7,pearson,Barrel_Temperature_3,Barrel_Temperature_6,0.8274139665701383,3974
cn7,pearson,Barrel_Temperature_3,Hopper_Temperature,0.7926642670579995,3974
cn7,pearson,Barrel_Temperature_3,Mold_Temperature_3,0.1220529897495996,3974
cn7,pearson,Barrel_Temperature_3,Mold_Temperature_4,0.023902115535159463,3974
cn7,pearson,Barrel_Temperature_4,Barrel_Temperature_5,0.8459190934820875,3974
cn7,pearson,Barrel_Temperature_4,Barrel_Temperature_6,0.7435097091307619,3974
cn7,pearson,Barrel_Temperature_4,Hopper_Temperature,0.7230320156383289,3974
cn7,pearson,Barrel_Temperature_4,Mold_Temperature_3,0.10157207241850115,3974
cn7,pearson,Barrel_Temperature_4,Mold_Temperature_4,0.015449598527633442,3974
cn7,pearson,Barrel_Temperature_5,Barrel_Temperature_6,0.7923254700845686,3974
cn7,pearson,Barrel_Temperature_5,Hopper_Temperature,0.7627954788712787,3974
cn7,pearson,Barrel_Temperature_5,Mold_Temperature_3,0.10138553561486532,3974
cn7,pearson,Barrel_Temperature_5,Mold_Temperature_4,0.007444081184528838,3974
cn7,pearson,Barrel_Temperature_6,Hopper_Temperature,0.6802804959854111,3974
cn7,pearson,Barrel_Temperature_6,Mold_Temperature_3,0.11113055178200046,3974
cn7,pearson,Barrel_Temperature_6,Mold_Temperature_4,0.02466959012534228,3974
cn7,pearson,Hopper_Temperature,Mold_Temperature_3,0.3637122689180594,3974
cn7,pearson,Hopper_Temperature,Mold_Temperature_4,0.1740395890649291,3974
cn7,pearson,Mold_Temperature_3,Mold_Temperature_4,0.9620748502538866,3974
cn7,spearman,Injection_Time,Filling_Time,0.9630777919786266,3974
cn7,spearman,Injection_Time,Plasticizing_Time,-0.3830513832614765,3974
cn7,spearman,Injection_Time,Cycle_Time,0.8108602369239586,3974
cn7,spearman,Injection_Time,Clamp_Close_Time,-0.3888303851281822,3974
cn7,spearman,Injection_Time,Cushion_Position,0.2339415236282311,3974
cn7,spearman,Injection_Time,Plasticizing_Position,0.455454552243047,3974
cn7,spearman,Injection_Time,Clamp_Open_Position,-0.11646495461521636,3974
cn7,spearman,Injection_Time,Max_Injection_Speed,-0.8259091344512238,3974
cn7,spearman,Injection_Time,Max_Screw_RPM,0.023367291757990356,3974
cn7,spearman,Injection_Time,Average_Screw_RPM,0.0197962785192108,3974
cn7,spearman,Injection_Time,Max_Injection_Pressure,0.7905014406173684,3974
cn7,spearman,Injection_Time,Max_Switch_Over_Pressure,0.7889902836857663,3974
cn7,spearman,Injection_Time,Max_Back_Pressure,0.32478761719726584,3974
cn7,spearman,Injection_Time,Average_Back_Pressure,0.5125016100058303,3974
cn7,spearman,Injection_Time,Barrel_Temperature_1,0.006861805985659926,3974
cn7,spearman,Injection_Time,Barrel_Temperature_2,0.03213670844831011,3974
cn7,spearman,Injection_Time,Barrel_Temperature_3,-0.02372819239480013,3974
cn7,spearman,Injection_Time,Barrel_Temperature_4,0.001859764903184042,3974
cn7,spearman,Injection_Time,Barrel_Temperature_5,-0.04891468280028718,3974
cn7,spearman,Injection_Time,Barrel_Temperature_6,-0.044019969278260025,3974
cn7,spearman,Injection_Time,Hopper_Temperature,-0.5235464276543624,3974
cn7,spearman,Injection_Time,Mold_Temperature_3,-0.0400145974055428,3974
cn7,spearman,Injection_Time,Mold_Temperature_4,0.09377281880130918,3974
cn7,spearman,Filling_Time,Plasticizing_Time,-0.4049425055061943,3974
cn7,spearman,Filling_Time,Cycle_Time,0.7862105686389004,3974
cn7,spearman,Filling_Time,Clamp_Close_Time,-0.35398766256563013,3974
cn7,spearman,Filling_Time,Cushion_Position,0.20572068711395747,3974
cn7,spearman,Filling_Time,Plasticizing_Position,0.4866655640456803,3974
cn7,spearman,Filling_Time,Clamp_Open_Position,0.11670325484558267,3974
cn7,spearman,Filling_Time,Max_Injection_Speed,-0.8486391295883674,3974
cn7,spearman,Filling_Time,Max_Screw_RPM,0.05183321021768083,3974
cn7,spearman,Filling_Time,Average_Screw_RPM,0.024438831696534068,3974
cn7,spearman,Filling_Time,Max_Injection_Pressure,0.7610011063797502,3974
cn7,spearman,Filling_Time,Max_Switch_Over_Pressure,0.813448034501118,3974
cn7,spearman,Filling_Time,Max_Back_Pressure,0.35244324213120426,3974
cn7,spearman,Filling_Time,Average_Back_Pressure,0.5385265562222447,3974
cn7,spearman,Filling_Time,Barrel_Temperature_1,0.040545396243493646,3974
cn7,spearman,Filling_Time,Barrel_Temperature_2,0.055217281048820566,3974
cn7,spearman,Filling_Time,Barrel_Temperature_3,0.008791987320932554,3974
cn7,spearman,Filling_Time,Barrel_Temperature_4,0.02971704321899893,3974
cn7,spearman,Filling_Time,Barrel_Temperature_5,-0.02121130098939948,3974
cn7,spearman,Filling_Time,Barrel_Temperature_6,-0.009413120791181763,3974
cn7,spearman,Filling_Time,Hopper_Temperature,-0.49338595415049086,3974
cn7,spearman,Filling_Time,Mold_Temperature_3,-0.012709752806466886,3974
cn7,spearman,Filling_Time,Mold_Temperature_4,0.09887622273722255,3974
cn7,spearman,Plasticizing_Time,Cycle_Time,-0.2688293458842862,3974
cn7,spearman,Plasticizing_Time,Clamp_Close_Time,0.6015739523174234,3974
cn7,spearman,Plasticizing_Time,Cushion_Position,-0.5694150143414488,3974
cn7,spearman,Plasticizing_Time,Plasticizing_Position,0.43210454429974376,3974
cn7,spearman,Plasticizing_Time,Clamp_Open_Position,-0.11622505364511404,3974
cn7,spearman,Plasticizing_Time,Max_Injection_Speed,0.7380153187549526,3974
cn7,spearman,Plasticizing_Time,Max_Screw_RPM,0.19339538423326122,3974
cn7,spearman,Plasticizing_Time,Average_Screw_RPM,0.7240896284859933,3974
cn7,spearman,Plasticizing_Time,Max_Injection_Pressure,-0.6379436910953215,3974
cn7,spearman,Plasticizing_Time,Max_Switch_Over_Pressure,-0.2501298584626055,3974
cn7,spearman,Plasticizing_Time,Max_Back_Pressure,-0.03851955191773266,3974
cn7,spearman,Plasticizing_Time,Average_Back_Pressure,-0.4318026467582322,3974
cn7,spearman,Plasticizing_Time,Barrel_Temperature_1,0.020476051717928916,3974
cn7,spearman,Plasticizing_Time,Barrel_Temperature_2,-0.007747182926851216,3974
cn7,spearman,Plasticizing_Time,Barrel_Temperature_3,-0.011963897655279852,3974
cn7,spearman,Plasticizing_Time,Barrel_Temperature_4,-0.12748453100251736,3974
cn7,spearman,Plasticizing_Time,Barrel_Temperature_5,-0.028639818492576304,3974
cn7,spearman,Plasticizing_Time,Barrel_Temperature_6,0.04052124403793841,3974
cn7,spearman,Plasticizing_Time,Hopper_Temperature,0.8135045650725183,3974
cn7,spearman,Plasticizing_Time,Mold_Temperature_3,0.5905969375213198,3974
cn7,spearman,Plasticizing_Time,Mold_Temperature_4,0.4710831727608699,3974
cn7,spearman,Cycle_Time,Clamp_Close_Time,-0.19297866437799172,3974
cn7,spearman,Cycle_Time,Cushion_Position,0.2088591579691195,3974
cn7,spearman,Cycle_Time,Plasticizing_Position,0.45905630622515037,3974
cn7,spearman,Cycle_Time,Clamp_Open_Position,-0.12295276973085792,3974
cn7,spearman,Cycle_Time,Max_Injection_Speed,-0.6305978146053861,3974
cn7,spearman,Cycle_Time,Max_Screw_RPM,-0.008694685351996521,3974
cn7,spearman,Cycle_Time,Average_Screw_RPM,0.07973491714067554,3974
cn7,spearman,Cycle_Time,Max_Injection_Pressure,0.6168576344882158,3974
cn7,spearman,Cycle_Time,Max_Switch_Over_Pressure,0.6224657124735419,3974
cn7,spearman,Cycle_Time,Max_Back_Pressure,0.27833221159737437,3974
cn7,spearman,Cycle_Time,Average_Back_Pressure,0.4174601423319039,3974
cn7,spearman,Cycle_Time,Barrel_Temperature_1,-0.010083617331150397,3974
cn7,spearman,Cycle_Time,Barrel_Temperature_2,-0.0009998788574474972,3974
cn7,spearman,Cycle_Time,Barrel_Temperature_3,-0.00548821341764919,3974
cn7,spearman,Cycle_Time,Barrel_Temperature_4,0.15670845524400465,3974
cn7,spearman,Cycle_Time,Barrel_Temperature_5,-0.056010817619040795,3974
cn7,spearman,Cycle_Time,Barrel_Temperature_6,-0.019175610880289316,3974
cn7,spearman,Cycle_Time,Hopper_Temperature,-0.40904803198338663,3974
cn7,spearman,Cycle_Time,Mold_Temperature_3,-0.032893341193774676,3974
cn7,spearman,Cycle_Time,Mold_Temperature_4,0.06821038878306869,3974
cn7,spearman,Clamp_Close_Time,Cushion_Position,-0.2408472405217625,3974
cn7,spearman,Clamp_Close_Time,Plasticizing_Position,0.29692478159921654,3974
cn7,spearman,Clamp_Close_Time,Clamp_Open_Position,0.13376004410089376,3974
cn7,spearman,Clamp_Close_Time,Max_Injection_Speed,0.5771902378904298,3974
cn7,spearman,Clamp_Close_Time,Max_Screw_RPM,-0.04018637799816725,3974
cn7,spearman,Clamp_Close_Time,Average_Screw_RPM,0.46041360978492274,3974
cn7,spearman,Clamp_Close_Time,Max_Injection_Pressure,-0.5403723559973691,3974
cn7,spearman,Clamp_Close_Time,Max_Switch_Over_Pressure,-0.2577886733535635,3974
cn7,spearman,Clamp_Close_Time,Max_Back_Pressure,-0.13808108688655635,3974
cn7,spearman,Clamp_Close_Time,Average_Back_Pressure,-0.41043697505718146,3974
cn7,spearman,Clamp_Close_Time,Barrel_Temperature_1,0.03264726646735046,3974
cn7,spearman,Clamp_Close_Time,Barrel_Temperature_2,-0.040788664786763656,3974
cn7,spearman,Clamp_Close_Time,Barrel_Temperature_3,0.004597542018642596,3974
cn7,spearman,Clamp_Close_Time,Barrel_Temperature_4,-0.010195811702454632,3974
cn7,spearman,Clamp_Close_Time,Barrel_Temperature_5,-0.017024755505446937,3974
cn7,spearman,Clamp_Close_Time,Barrel_Temperature_6,0.038336813389172754,3974
cn7,spearman,Clamp_Close_Time,Hopper_Temperature,0.506981188509004,3974
cn7,spearman,Clamp_Close_Time,Mold_Temperature_3,0.21333278231519098,3974
cn7,spearman,Clamp_Close_Time,Mold_Temperature_4,0.06261072778248297,3974
cn7,spearman,Cushion_Position,Plasticizing_Position,-0.2865008369903236,3974
cn7,spearman,Cushion_Position,Clamp_Open_Position,-0.11981711533539205,3974
cn7,spearman,Cushion_Position,Max_Injection_Speed,-0.33508423695879236,3974
cn7,spearman,Cushion_Position,Max_Screw_RPM,-0.5411168555790807,3974
cn7,spearman,Cushion_Position,Average_Screw_RPM,-0.46123904128877524,3974
cn7,spearman,Cushion_Position,Max_Injection_Pressure,0.49433154919105393,3974
cn7,spearman,Cushion_Position,Max_Switch_Over_Pressure,0.10598625390951809,3974
cn7,spearman,Cushion_Position,Max_Back_Pressure,-0.1389890543874755,3974
cn7,spearman,Cushion_Position,Average_Back_Pressure,0.0804760482165447,3974
cn7,spearman,Cushion_Position,Barrel_Temperature_1,-0.05276852252850256,3974
cn7,spearman,Cushion_Position,Barrel_Temperature_2,-0.04148326334756614,3974
cn7,spearman,Cushion_Position,Barrel_Temperature_3,-0.05022372837909277,3974
cn7,spearman,Cushion_Position,Barrel_Temperature_4,0.016292725383892707,3974
cn7,spearman,Cushion_Position,Barrel_Temperature_5,-0.02034307477689362,3974
cn7,spearman,Cushion_Position,Barrel_Temperature_6,-0.019911867583150063,3974
cn7,spearman,Cushion_Position,Hopper_Temperature,-0.45202992792609037,3974
cn7,spearman,Cushion_Position,Mold_Temperature_3,-0.5395747150457467,3974
cn7,spearman,Cushion_Position,Mold_Temperature_4,-0.5103140221305206,3974
cn7,spearman,Plasticizing_Position,Clamp_Open_Position,0.11670448708803209,3974
cn7,spearman,Plasticizing_Position,Max_Injection_Speed,-0.07652464233304956,3974
cn7,spearman,Plasticizing_Position,Max_Screw_RPM,0.18791581482662914,3974
cn7,spearman,Plasticizing_Position,Average_Screw_RPM,0.6824308116685099,3974
cn7,spearman,Plasticizing_Position,Max_Injection_Pressure,-0.013943999299112103,3974
cn7,spearman,Plasticizing_Position,Max_Switch_Over_Pressure,0.333765733425762,3974
cn7,spearman,Plasticizing_Position,Max_Back_Pressure,0.03819745666921862,3974
cn7,spearman,Plasticizing_Position,Average_Back_Pressure,-0.07850019113817108,3974
cn7,spearman,Plasticizing_Position,Barrel_Temperature_1,0.05632772238046111,3974
cn7,spearman,Plasticizing_Position,Barrel_Temperature_2,0.010321833463364181,3974
cn7,spearman,Plasticizing_Position,Barrel_Temperature_3,0.05211333459885261,3974
cn7,spearman,Plasticizing_Position,Barrel_Temperature_4,0.022264932306788426,3974
cn7,spearman,Plasticizing_Position,Barrel_Temperature_5,-0.01368606401178483,3974
cn7,spearman,Plasticizing_Position,Barrel_Temperature_6,-0.021175286338782812,3974
cn7,spearman,Plasticizing_Position,Hopper_Temperature,0.1844266560788989,3974
cn7,spearman,Plasticizing_Position,Mold_Temperature_3,0.5488461026257332,3974
cn7,spearman,Plasticizing_Position,Mold_Temperature_4,0.5335276722606308,3974
cn7,spearman,Clamp_Open_Position,Max_Injection_Speed,-0.11653775388143943,3974
cn7,spearman,Clamp_Open_Position,Max_Screw_RPM,0.11532877097000933,3974
cn7,spearman,Clamp_Open_Position,Average_Screw_RPM,-0.009014960950412295,3974
cn7,spearman,Clamp_Open_Position,Max_Injection_Pressure,-0.1189940170336416,3974
cn7,spearman,Clamp_Open_Position,Max_Switch_Over_Pressure,0.11669318294336271,3974
cn7,spearman,Clamp_Open_Position,Max_Back_Pressure,0.11659229321882673,3974
cn7,spearman,Clamp_Open_Position,Average_Back_Pressure,0.11703967695045242,3974
cn7,spearman,Clamp_Open_Position,Barrel_Temperature_1,0.11660070331399316,3974
cn7,spearman,Clamp_Open_Position,Barrel_Temperature_2,0.11673020737614984,3974
cn7,spearman,Clamp_Open_Position,Barrel_Temperature_3,0.11745333724006263,3974
cn7,spearman,Clamp_Open_Position,Barrel_Temperature_4,0.11638945251743203,3974
cn7,spearman,Clamp_Open_Position,Barrel_Temperature_5,0.11711141530142058,3974
cn7,spearman,Clamp_Open_Position,Barrel_Temperature_6,0.11763627618156217,3974
cn7,spearman,Clamp_Open_Position,Hopper_Temperature,0.11634911303676562,3974
cn7,spearman,Clamp_Open_Position,Mold_Temperature_3,0.10705300054973228,3974
cn7,spearman,Clamp_Open_Position,Mold_Temperature_4,0.013216979991747464,3974
cn7,spearman,Max_Injection_Speed,Max_Screw_RPM,0.041209694623127645,3974
cn7,spearman,Max_Injection_Speed,Average_Screw_RPM,0.451508424189859,3974
cn7,spearman,Max_Injection_Speed,Max_Injection_Pressure,-0.8085674493288248,3974
cn7,spearman,Max_Injection_Speed,Max_Switch_Over_Pressure,-0.6884079669137938,3974
cn7,spearman,Max_Injection_Speed,Max_Back_Pressure,-0.22394033160675955,3974
cn7,spearman,Max_Injection_Speed,Average_Back_Pressure,-0.5543625265912556,3974
cn7,spearman,Max_Injection_Speed,Barrel_Temperature_1,-0.00670169834593621,3974
cn7,spearman,Max_Injection_Speed,Barrel_Temperature_2,-0.05074075779068975,3974
cn7,spearman,Max_Injection_Speed,Barrel_Temperature_3,-0.009902289185113903,3974
cn7,spearman,Max_Injection_Speed,Barrel_Temperature_4,-0.0605812323280575,3974
cn7,spearman,Max_Injection_Speed,Barrel_Temperature_5,0.004563208451580107,3974
cn7,spearman,Max_Injection_Speed,Barrel_Temperature_6,0.014698784809835998,3974
cn7,spearman,Max_Injection_Speed,Hopper_Temperature,0.6778180833506579,3974
cn7,spearman,Max_Injection_Speed,Mold_Temperature_3,0.24926133746886162,3974
cn7,spearman,Max_Injection_Speed,Mold_Temperature_4,0.10482261202059395,3974
cn7,spearman,Max_Screw_RPM,Average_Screw_RPM,0.30994497772820806,3974
cn7,spearman,Max_Screw_RPM,Max_Injection_Pressure,-0.09306362201734188,3974
cn7,spearman,Max_Screw_RPM,Max_Switch_Over_Pressure,-0.006303464140048636,3974
cn7,spearman,Max_Screw_RPM,Max_Back_Pressure,0.31791149589867446,3974
cn7,spearman,Max_Screw_RPM,Average_Back_Pressure,0.21743855996487466,3974
cn7,spearman,Max_Screw_RPM,Barrel_Temperature_1,0.0602251051604605,3974
cn7,spearman,Max_Screw_RPM,Barrel_Temperature_2,0.0629355268863584,3974
cn7,spearman,Max_Screw_RPM,Barrel_Temperature_3,0.03414855495200257,3974
cn7,spearman,Max_Screw_RPM,Barrel_Temperature_4,0.0004212736385967989,3974
cn7,spearman,Max_Screw_RPM,Barrel_Temperature_5,0.03449012996003262,3974
cn7,spearman,Max_Screw_RPM,Barrel_Temperature_6,-0.00757075628671526,3974
cn7,spearman,Max_Screw_RPM,Hopper_Temperature,0.09361706241677968,3974
cn7,spearman,Max_Screw_RPM,Mold_Temperature_3,0.22653569327149783,3974
cn7,spearman,Max_Screw_RPM,Mold_Temperature_4,0.2638864663915715,3974
cn7,spearman,Average_Screw_RPM,Max_Injection_Pressure,-0.3359258466611946,3974
cn7,spearman,Average_Screw_RPM,Max_Switch_Over_Pressure,0.012976507167735388,3974
cn7,spearman,Average_Screw_RPM,Max_Back_Pressure,0.187648815817623,3974
cn7,spearman,Average_Screw_RPM,Average_Back_Pressure,-0.12137583918671827,3974
cn7,spearman,Average_Screw_RPM,Barrel_Temperature_1,0.039420110305847564,3974
cn7,spearman,Average_Screw_RPM,Barrel_Temperature_2,-0.004954424952638219,3974
cn7,spearman,Average_Screw_RPM,Barrel_Temperature_3,0.01941633029463763,3974
cn7,spearman,Average_Screw_RPM,Barrel_Temperature_4,-0.006269443938811425,3974
cn7,spearman,Average_Screw_RPM,Barrel_Temperature_5,-0.012347657097028985,3974
cn7,spearman,Average_Screw_RPM,Barrel_Temperature_6,0.004133280993143678,3974
cn7,spearman,Average_Screw_RPM,Hopper_Temperature,0.44450939735718414,3974
cn7,spearman,Average_Screw_RPM,Mold_Temperature_3,0.510412801334162,3974
cn7,spearman,Average_Screw_RPM,Mold_Temperature_4,0.447652612114893,3974
cn7,spearman,Max_Injection_Pressure,Max_Switch_Over_Pressure,0.6423036373301757,3974
cn7,spearman,Max_Injection_Pressure,Max_Back_Pressure,0.38545173910182406,3974
cn7,spearman,Max_Injection_Pressure,Average_Back_Pressure,0.6413310056872558,3974
cn7,spearman,Max_Injection_Pressure,Barrel_Temperature_1,-0.006213713991420638,3974
cn7,spearman,Max_Injection_Pressure,Barrel_Temperature_2,0.0375069629775971,3974
cn7,spearman,Max_Injection_Pressure,Barrel_Temperature_3,-0.04788347706871937,3974
cn7,spearman,Max_Injection_Pressure,Barrel_Temperature_4,-0.05169076579715909,3974
cn7,spearman,Max_Injection_Pressure,Barrel_Temperature_5,-0.03241847846108496,3974
cn7,spearman,Max_Injection_Pressure,Barrel_Temperature_6,-0.0284418576818071,3974
cn7,spearman,Max_Injection_Pressure,Hopper_Temperature,-0.6395769989841408,3974
cn7,spearman,Max_Injection_Pressure,Mold_Temperature_3,-0.418816519086807,3974
cn7,spearman,Max_Injection_Pressure,Mold_Temperature_4,-0.28278550424293786,3974
cn7,spearman,Max_Switch_Over_Pressure,Max_Back_Pressure,0.42073355265589,3974
cn7,spearman,Max_Switch_Over_Pressure,Average_Back_Pressure,0.5154127610141824,3974
cn7,spearman,Max_Switch_Over_Pressure,Barrel_Temperature_1,0.02780697403465408,3974
cn7,spearman,Max_Switch_Over_Pressure,Barrel_Temperature_2,0.057914035510165086,3974
cn7,spearman,Max_Switch_Over_Pressure,Barrel_Temperature_3,-0.02648394011476465,3974
cn7,spearman,Max_Switch_Over_Pressure,Barrel_Temperature_4,-0.03858687477018721,3974
cn7,spearman,Max_Switch_Over_Pressure,Barrel_Temperature_5,-0.05117493882566109,3974
cn7,spearman,Max_Switch_Over_Pressure,Barrel_Temperature_6,0.041835224551027395,3974
cn7,spearman,Max_Switch_Over_Pressure,Hopper_Temperature,-0.28411419995487397,3974
cn7,spearman,Max_Switch_Over_Pressure,Mold_Temperature_3,0.01741879249260692,3974
cn7,spearman,Max_Switch_Over_Pressure,Mold_Temperature_4,0.08738633753397683,3974
cn7,spearman,Max_Back_Pressure,Average_Back_Pressure,0.8809215703039229,3974
cn7,spearman,Max_Back_Pressure,Barrel_Temperature_1,0.06073933786458118,3974
cn7,spearman,Max_Back_Pressure,Barrel_Temperature_2,0.05355461932513092,3974
cn7,spearman,Max_Back_Pressure,Barrel_Temperature_3,0.03853565569702003,3974
cn7,spearman,Max_Back_Pressure,Barrel_Temperature_4,0.27184744793705773,3974
cn7,spearman,Max_Back_Pressure,Barrel_Temperature_5,-0.019307957394144797,3974
cn7,spearman,Max_Back_Pressure,Barrel_Temperature_6,-0.04377414148303713,3974
cn7,spearman,Max_Back_Pressure,Hopper_Temperature,-0.04683396208099326,3974
cn7,spearman,Max_Back_Pressure,Mold_Temperature_3,-0.21732947645047582,3974
cn7,spearman,Max_Back_Pressure,Mold_Temperature_4,-0.1833868967580754,3974
cn7,spearman,Average_Back_Pressure,Barrel_Temperature_1,0.03815349000783161,3974
cn7,spearman,Average_Back_Pressure,Barrel_Temperature_2,0.061231181494241005,3974
cn7,spearman,Average_Back_Pressure,Barrel_Temperature_3,0.034663256517452154,3974
cn7,spearman,Average_Back_Pressure,Barrel_Temperature_4,0.25924062806216003,3974
cn7,spearman,Average_Back_Pressure,Barrel_Temperature_5,-0.0031689451675390333,3974
cn7,spearman,Average_Back_Pressure,Barrel_Temperature_6,-0.05464577645334724,3974
cn7,spearman,Average_Back_Pressure,Hopper_Temperature,-0.3930522351958412,3974
cn7,spearman,Average_Back_Pressure,Mold_Temperature_3,-0.39728919424322356,3974
cn7,spearman,Average_Back_Pressure,Mold_Temperature_4,-0.29985902590161073,3974
cn7,spearman,Barrel_Temperature_1,Barrel_Temperature_2,-0.00826975089861681,3974
cn7,spearman,Barrel_Temperature_1,Barrel_Temperature_3,0.29352061219856646,3974
cn7,spearman,Barrel_Temperature_1,Barrel_Temperature_4,-0.0376311858447314,3974
cn7,spearman,Barrel_Temperature_1,Barrel_Temperature_5,0.10281320916620318,3974
cn7,spearman,Barrel_Temperature_1,Barrel_Temperature_6,0.07175363959984256,3974
cn7,spearman,Barrel_Temperature_1,Hopper_Temperature,0.0189698946348046,3974
cn7,spearman,Barrel_Temperature_1,Mold_Temperature_3,0.04436174367747312,3974
cn7,spearman,Barrel_Temperature_1,Mold_Temperature_4,0.03368476259631223,3974
cn7,spearman,Barrel_Temperature_2,Barrel_Temperature_3,0.06661327606939317,3974
cn7,spearman,Barrel_Temperature_2,Barrel_Temperature_4,-0.027803645040733956,3974
cn7,spearman,Barrel_Temperature_2,Barrel_Temperature_5,0.018427359028912748,3974
cn7,spearman,Barrel_Temperature_2,Barrel_Temperature_6,-0.06017429215092412,3974
cn7,spearman,Barrel_Temperature_2,Hopper_Temperature,0.03216712806190665,3974
cn7,spearman,Barrel_Temperature_2,Mold_Temperature_3,0.010719699734000228,3974
cn7,spearman,Barrel_Temperature_2,Mold_Temperature_4,0.009284101092263197,3974
cn7,spearman,Barrel_Temperature_3,Barrel_Temperature_4,0.14053309704521533,3974
cn7,spearman,Barrel_Temperature_3,Barrel_Temperature_5,0.12783269289877844,3974
cn7,spearman,Barrel_Temperature_3,Barrel_Temperature_6,0.07427846182844522,3974
cn7,spearman,Barrel_Temperature_3,Hopper_Temperature,0.008899964681286846,3974
cn7,spearman,Barrel_Temperature_3,Mold_Temperature_3,0.04902289783660334,3974
cn7,spearman,Barrel_Temperature_3,Mold_Temperature_4,0.03827048671060146,3974
cn7,spearman,Barrel_Temperature_4,Barrel_Temperature_5,-0.06076401215541934,3974
cn7,spearman,Barrel_Temperature_4,Barrel_Temperature_6,-0.03614851763999363,3974
cn7,spearman,Barrel_Temperature_4,Hopper_Temperature,-0.005542428155671078,3974
cn7,spearman,Barrel_Temperature_4,Mold_Temperature_3,0.009036751964945038,3974
cn7,spearman,Barrel_Temperature_4,Mold_Temperature_4,0.010265158275296737,3974
cn7,spearman,Barrel_Temperature_5,Barrel_Temperature_6,0.0024080713403153973,3974
cn7,spearman,Barrel_Temperature_5,Hopper_Temperature,-0.014587730146744403,3974
cn7,spearman,Barrel_Temperature_5,Mold_Temperature_3,-0.012265630935865012,3974
cn7,spearman,Barrel_Temperature_5,Mold_Temperature_4,-0.026956454809646122,3974
cn7,spearman,Barrel_Temperature_6,Hopper_Temperature,0.042919853573011646,3974
cn7,spearman,Barrel_Temperature_6,Mold_Temperature_3,0.049767878190295,3974
cn7,spearman,Barrel_Temperature_6,Mold_Temperature_4,0.035167226196405985,3974
cn7,spearman,Hopper_Temperature,Mold_Temperature_3,0.5380690252390176,3974
cn7,spearman,Hopper_Temperature,Mold_Temperature_4,0.39977615599915783,3974
cn7,spearman,Mold_Temperature_3,Mold_Temperature_4,0.9648322990170671,3974
cn7_lh,pearson,Injection_Time,Filling_Time,0.15040109990109043,1985
cn7_lh,pearson,Injection_Time,Plasticizing_Time,0.44929431185700547,1985
cn7_lh,pearson,Injection_Time,Cycle_Time,0.8169543258623506,1985
cn7_lh,pearson,Injection_Time,Clamp_Close_Time,-0.7430977088813003,1985
cn7_lh,pearson,Injection_Time,Cushion_Position,0.7707681281303589,1985
cn7_lh,pearson,Injection_Time,Plasticizing_Position,-0.6844738630884584,1985
cn7_lh,pearson,Injection_Time,Clamp_Open_Position,-0.748355914643867,1985
cn7_lh,pearson,Injection_Time,Max_Injection_Speed,0.014806896261417363,1985
cn7_lh,pearson,Injection_Time,Max_Screw_RPM,-0.08376546541194768,1985
cn7_lh,pearson,Injection_Time,Average_Screw_RPM,0.0129036542783967,1985
cn7_lh,pearson,Injection_Time,Max_Injection_Pressure,0.8188491625242016,1985
cn7_lh,pearson,Injection_Time,Max_Switch_Over_Pressure,-0.14833229650202195,1985
cn7_lh,pearson,Injection_Time,Max_Back_Pressure,-0.3045405924575628,1985
cn7_lh,pearson,Injection_Time,Average_Back_Pressure,-0.6412706874003163,1985
cn7_lh,pearson,Injection_Time,Barrel_Temperature_1,-0.7350657559095215,1985
cn7_lh,pearson,Injection_Time,Barrel_Temperature_2,-0.7274668794341632,1985
cn7_lh,pearson,Injection_Time,Barrel_Temperature_3,-0.730976891478058,1985
cn7_lh,pearson,Injection_Time,Barrel_Temperature_4,-0.6664523309363921,1985
cn7_lh,pearson,Injection_Time,Barrel_Temperature_5,-0.6994643128701751,1985
cn7_lh,pearson,Injection_Time,Barrel_Temperature_6,-0.6316858978393077,1985
cn7_lh,pearson,Injection_Time,Hopper_Temperature,-0.6884854544726836,1985
cn7_lh,pearson,Injection_Time,Mold_Temperature_3,-0.11928619995078013,1985
cn7_lh,pearson,Injection_Time,Mold_Temperature_4,-0.017774047676145013,1985
cn7_lh,pearson,Filling_Time,Plasticizing_Time,-0.48637727472927483,1985
cn7_lh,pearson,Filling_Time,Cycle_Time,-0.3531917076572714,1985
cn7_lh,pearson,Filling_Time,Clamp_Close_Time,0.5421020852534368,1985
cn7_lh,pearson,Filling_Time,Cushion_Position,-0.5005074004546402,1985
cn7_lh,pearson,Filling_Time,Plasticizing_Position,0.5570843493457545,1985
cn7_lh,pearson,Filling_Time,Clamp_Open_Position,0.5426891435971308,1985
cn7_lh,pearson,Filling_Time,Max_Injection_Speed,-0.8884523716772971,1985
cn7_lh,pearson,Filling_Time,Max_Screw_RPM,0.0956000115275022,1985
cn7_lh,pearson,Filling_Time,Average_Screw_RPM,0.10714804201153301,1985
cn7_lh,pearson,Filling_Time,Max_Injection_Pressure,-0.4377056006122447,1985
cn7_lh,pearson,Filling_Time,Max_Switch_Over_Pressure,0.86561463304507,1985
cn7_lh,pearson,Filling_Time,Max_Back_Pressure,0.5471665261308436,1985
cn7_lh,pearson,Filling_Time,Average_Back_Pressure,0.5995225371200739,1985
cn7_lh,pearson,Filling_Time,Barrel_Temperature_1,0.5241085953032671,1985
cn7_lh,pearson,Filling_Time,Barrel_Temperature_2,0.532146632254647,1985
cn7_lh,pearson,Filling_Time,Barrel_Temperature_3,0.5348900296105176,1985
cn7_lh,pearson,Filling_Time,Barrel_Temperature_4,0.486586900010386,1985
cn7_lh,pearson,Filling_Time,Barrel_Temperature_5,0.5248703563013832,1985
cn7_lh,pearson,Filling_Time,Barrel_Temperature_6,0.4243464460357817,1985
cn7_lh,pearson,Filling_Time,Hopper_Temperature,0.30383287664065733,1985
cn7_lh,pearson,Filling_Time,Mold_Temperature_3,0.023060958450383754,1985
cn7_lh,pearson,Filling_Time,Mold_Temperature_4,0.007350162133787184,1985
cn7_lh,pearson,Plasticizing_Time,Cycle_Time,0.6301422765980385,1985
cn7_lh,pearson,Plasticizing_Time,Clamp_Close_Time,-0.6688680455622871,1985
cn7_lh,pearson,Plasticizing_Time,Cushion_Position,0.6651155673519339,1985
cn7_lh,pearson,Plasticizing_Time,Plasticizing_Position,-0.6069001080461786,1985
cn7_lh,pearson,Plasticizing_Time,Clamp_Open_Position,-0.7090290816042659,1985
cn7_lh,pearson,Plasticizing_Time,Max_Injection_Speed,0.7233353181470326,1985
cn7_lh,pearson,Plasticizing_Time,Max_Screw_RPM,0.02177625264488577,1985
cn7_lh,pearson,Plasticizing_Time,Average_Screw_RPM,0.3470769647590976,1985
cn7_lh,pearson,Plasticizing_Time,Max_Injection_Pressure,0.648720919125897,1985
cn7_lh,pearson,Plasticizing_Time,Max_Switch_Over_Pressure,-0.63964146706537,1985
cn7_lh,pearson,Plasticizing_Time,Max_Back_Pressure,-0.47365863882703146,1985
cn7_lh,pearson,Plasticizing_Time,Average_Back_Pressure,-0.7074034042119234,1985
cn7_lh,pearson,Plasticizing_Time,Barrel_Temperature_1,-0.6886974647109686,1985
cn7_lh,pearson,Plasticizing_Time,Barrel_Temperature_2,-0.6914926711889754,1985
cn7_lh,pearson,Plasticizing_Time,Barrel_Temperature_3,-0.6907425236428704,1985
cn7_lh,pearson,Plasticizing_Time,Barrel_Temperature_4,-0.6489201116027346,1985
cn7_lh,pearson,Plasticizing_Time,Barrel_Temperature_5,-0.6738695023786604,1985
cn7_lh,pearson,Plasticizing_Time,Barrel_Temperature_6,-0.5537275969397075,1985
cn7_lh,pearson,Plasticizing_Time,Hopper_Temperature,-0.23983470845413088,1985
cn7_lh,pearson,Plasticizing_Time,Mold_Temperature_3,0.22617229935123973,1985
cn7_lh,pearson,Plasticizing_Time,Mold_Temperature_4,0.19021847663257882,1985
cn7_lh,pearson,Cycle_Time,Clamp_Close_Time,-0.9202394601518874,1985
cn7_lh,pearson,Cycle_Time,Cushion_Position,0.9233713688765376,1985
cn7_lh,pearson,Cycle_Time,Plasticizing_Position,-0.8746831266736437,1985
cn7_lh,pearson,Cycle_Time,Clamp_Open_Position,-0.9312539018465992,1985
cn7_lh,pearson,Cycle_Time,Max_Injection_Speed,0.4011440833816406,1985
cn7_lh,pearson,Cycle_Time,Max_Screw_RPM,-0.10696415777172234,1985
cn7_lh,pearson,Cycle_Time,Average_Screw_RPM,-0.026046004891869545,1985
cn7_lh,pearson,Cycle_Time,Max_Injection_Pressure,0.9491538759132977,1985
cn7_lh,pearson,Cycle_Time,Max_Switch_Over_Pressure,-0.5128564738643651,1985
cn7_lh,pearson,Cycle_Time,Max_Back_Pressure,-0.36972557386307925,1985
cn7_lh,pearson,Cycle_Time,Average_Back_Pressure,-0.7934882915827903,1985
cn7_lh,pearson,Cycle_Time,Barrel_Temperature_1,-0.9132008255226052,1985
cn7_lh,pearson,Cycle_Time,Barrel_Temperature_2,-0.908595819365246,1985
cn7_lh,pearson,Cycle_Time,Barrel_Temperature_3,-0.913257347181775,1985
cn7_lh,pearson,Cycle_Time,Barrel_Temperature_4,-0.8212044417446799,1985
cn7_lh,pearson,Cycle_Time,Barrel_Temperature_5,-0.8783643489931293,1985
cn7_lh,pearson,Cycle_Time,Barrel_Temperature_6,-0.7724172924806757,1985
cn7_lh,pearson,Cycle_Time,Hopper_Temperature,-0.7729014907952086,1985
cn7_lh,pearson,Cycle_Time,Mold_Temperature_3,-0.1203797274027398,1985
cn7_lh,pearson,Cycle_Time,Mold_Temperature_4,-0.018054712497753225,1985
cn7_lh,pearson,Clamp_Close_Time,Cushion_Position,-0.9888506294196705,1985
cn7_lh,pearson,Clamp_Close_Time,Plasticizing_Position,0.9600793494525645,1985
cn7_lh,pearson,Clamp_Close_Time,Clamp_Open_Position,0.9950098576732535,1985
cn7_lh,pearson,Clamp_Close_Time,Max_Injection_Speed,-0.5885652934094497,1985
cn7_lh,pearson,Clamp_Close_Time,Max_Screw_RPM,0.13075077567773472,1985
cn7_lh,pearson,Clamp_Close_Time,Average_Screw_RPM,0.10405626711153783,1985
cn7_lh,pearson,Clamp_Close_Time,Max_Injection_Pressure,-0.9884359522434226,1985
cn7_lh,pearson,Clamp_Close_Time,Max_Switch_Over_Pressure,0.6995081271695602,1985
cn7_lh,pearson,Clamp_Close_Time,Max_Back_Pressure,0.6311292634796388,1985
cn7_lh,pearson,Clamp_Close_Time,Average_Back_Pressure,0.94407772479406,1985
cn7_lh,pearson,Clamp_Close_Time,Barrel_Temperature_1,0.971335239295512,1985
cn7_lh,pearson,Clamp_Close_Time,Barrel_Temperature_2,0.9692952716443825,1985
cn7_lh,pearson,Clamp_Close_Time,Barrel_Temperature_3,0.9751710544244482,1985
cn7_lh,pearson,Clamp_Close_Time,Barrel_Temperature_4,0.887236481426033,1985
cn7_lh,pearson,Clamp_Close_Time,Barrel_Temperature_5,0.9411842986582913,1985
cn7_lh,pearson,Clamp_Close_Time,Barrel_Temperature_6,0.8174157341745171,1985
cn7_lh,pearson,Clamp_Close_Time,Hopper_Temperature,0.8119386541865907,1985
cn7_lh,pearson,Clamp_Close_Time,Mold_Temperature_3,0.13679449307359107,1985
cn7_lh,pearson,Clamp_Close_Time,Mold_Temperature_4,0.033104941374919525,1985
cn7_lh,pearson,Cushion_Position,Plasticizing_Position,-0.9608586809288393,1985
cn7_lh,pearson,Cushion_Position,Clamp_Open_Position,-0.9906729048331899,1985
cn7_lh,pearson,Cushion_Position,Max_Injection_Speed,0.5628787095314355,1985
cn7_lh,pearson,Cushion_Position,Max_Screw_RPM,-0.19977726878084798,1985
cn7_lh,pearson,Cushion_Position,Average_Screw_RPM,-0.10079843626510626,1985
cn7_lh,pearson,Cushion_Position,Max_Injection_Pressure,0.9900778756609021,1985
cn7_lh,pearson,Cushion_Position,Max_Switch_Over_Pressure,-0.6785667204585959,1985
cn7_lh,pearson,Cushion_Position,Max_Back_Pressure,-0.6266738478306394,1985
cn7_lh,pearson,Cushion_Position,Average_Back_Pressure,-0.9389441977163466,1985
cn7_lh,pearson,Cushion_Position,Barrel_Temperature_1,-0.9680175300884151,1985
cn7_lh,pearson,Cushion_Position,Barrel_Temperature_2,-0.9670739586501239,1985
cn7_lh,pearson,Cushion_Position,Barrel_Temperature_3,-0.9717465277418111,1985
cn7_lh,pearson,Cushion_Position,Barrel_Temperature_4,-0.8828520157146185,1985
cn7_lh,pearson,Cushion_Position,Barrel_Temperature_5,-0.9372739278041698,1985
cn7_lh,pearson,Cushion_Position,Barrel_Temperature_6,-0.8141755661222153,1985
cn7_lh,pearson,Cushion_Position,Hopper_Temperature,-0.8186745534744108,1985
cn7_lh,pearson,Cushion_Position,Mold_Temperature_3,-0.1939802908651732,1985
cn7_lh,pearson,Cushion_Position,Mold_Temperature_4,-0.0957292520094191,1985
cn7_lh,pearson,Plasticizing_Position,Clamp_Open_Position,0.955084119205542,1985
cn7_lh,pearson,Plasticizing_Position,Max_Injection_Speed,-0.5850720580549451,1985
cn7_lh,pearson,Plasticizing_Position,Max_Screw_RPM,0.1830258515095947,1985
cn7_lh,pearson,Plasticizing_Position,Average_Screw_RPM,0.2816987918542723,1985
cn7_lh,pearson,Plasticizing_Position,Max_Injection_Pressure,-0.9485624126783377,1985
cn7_lh,pearson,Plasticizing_Position,Max_Switch_Over_Pressure,0.7185574781717756,1985
cn7_lh,pearson,Plasticizing_Position,Max_Back_Pressure,0.5812697250932515,1985
cn7_lh,pearson,Plasticizing_Position,Average_Back_Pressure,0.8968442993766779,1985
cn7_lh,pearson,Plasticizing_Position,Barrel_Temperature_1,0.9345733522672672,1985
cn7_lh,pearson,Plasticizing_Position,Barrel_Temperature_2,0.9319166369308204,1985
cn7_lh,pearson,Plasticizing_Position,Barrel_Temperature_3,0.9383150795956442,1985
cn7_lh,pearson,Plasticizing_Position,Barrel_Temperature_4,0.8522756976266779,1985
cn7_lh,pearson,Plasticizing_Position,Barrel_Temperature_5,0.9014527869428427,1985
cn7_lh,pearson,Plasticizing_Position,Barrel_Temperature_6,0.781364167553038,1985
cn7_lh,pearson,Plasticizing_Position,Hopper_Temperature,0.787160596916145,1985
cn7_lh,pearson,Plasticizing_Position,Mold_Temperature_3,0.32275161447221296,1985
cn7_lh,pearson,Plasticizing_Position,Mold_Temperature_4,0.24154600935652643,1985
cn7_lh,pearson,Clamp_Open_Position,Max_Injection_Speed,-0.6092121535976196,1985
cn7_lh,pearson,Clamp_Open_Position,Max_Screw_RPM,0.13488087075564592,1985
cn7_lh,pearson,Clamp_Open_Position,Average_Screw_RPM,0.05896753364537719,1985
cn7_lh,pearson,Clamp_Open_Position,Max_Injection_Pressure,-0.9893903743013022,1985
cn7_lh,pearson,Clamp_Open_Position,Max_Switch_Over_Pressure,0.706992477458561,1985
cn7_lh,pearson,Clamp_Open_Position,Max_Back_Pressure,0.6255740844740152,1985
cn7_lh,pearson,Clamp_Open_Position,Average_Back_Pressure,0.9470931154239289,1985
cn7_lh,pearson,Clamp_Open_Position,Barrel_Temperature_1,0.9760013383675179,1985
cn7_lh,pearson,Clamp_Open_Position,Barrel_Temperature_2,0.9753190801840593,1985
cn7_lh,pearson,Clamp_Open_Position,Barrel_Temperature_3,0.9798630260092994,1985
cn7_lh,pearson,Clamp_Open_Position,Barrel_Temperature_4,0.8927778901214717,1985
cn7_lh,pearson,Clamp_Open_Position,Barrel_Temperature_5,0.946485264966408,1985
cn7_lh,pearson,Clamp_Open_Position,Barrel_Temperature_6,0.8206108829224051,1985
cn7_lh,pearson,Clamp_Open_Position,Hopper_Temperature,0.7881098314927873,1985
cn7_lh,pearson,Clamp_Open_Position,Mold_Temperature_3,0.11642644165917473,1985
cn7_lh,pearson,Clamp_Open_Position,Mold_Temperature_4,0.019876412006392053,1985
cn7_lh,pearson,Max_Injection_Speed,Max_Screw_RPM,-0.05244300519794609,1985
cn7_lh,pearson,Max_Injection_Speed,Average_Screw_RPM,0.11948987132914633,1985
cn7_lh,pearson,Max_Injection_Speed,Max_Injection_Pressure,0.5007741167378427,1985
cn7_lh,pearson,Max_Injection_Speed,Max_Switch_Over_Pressure,-0.8806287947023681,1985
cn7_lh,pearson,Max_Injection_Speed,Max_Back_Pressure,-0.6554593393714879,1985
cn7_lh,pearson,Max_Injection_Speed,Average_Back_Pressure,-0.7004273309577733,1985
cn7_lh,pearson,Max_Injection_Speed,Barrel_Temperature_1,-0.5889053188924099,1985
cn7_lh,pearson,Max_Injection_Speed,Barrel_Temperature_2,-0.5977515663273039,1985
cn7_lh,pearson,Max_Injection_Speed,Barrel_Temperature_3,-0.597749028484526,1985
cn7_lh,pearson,Max_Injection_Speed,Barrel_Temperature_4,-0.5535195453150719,1985
cn7_lh,pearson,Max_Injection_Speed,Barrel_Temperature_5,-0.5868648980847984,1985
cn7_lh,pearson,Max_Injection_Speed,Barrel_Temperature_6,-0.47091715425229286,1985
cn7_lh,pearson,Max_Injection_Speed,Hopper_Temperature,-0.2380910696138288,1985
cn7_lh,pearson,Max_Injection_Speed,Mold_Temperature_3,0.0815280530617732,1985
cn7_lh,pearson,Max_Injection_Speed,Mold_Temperature_4,0.061259850072864414,1985
cn7_lh,pearson,Max_Screw_RPM,Average_Screw_RPM,0.24049511817363725,1985
cn7_lh,pearson,Max_Screw_RPM,Max_Injection_Pressure,-0.1393943582539292,1985
cn7_lh,pearson,Max_Screw_RPM,Max_Switch_Over_Pressure,0.0852141552028295,1985
cn7_lh,pearson,Max_Screw_RPM,Max_Back_Pressure,0.21830433908121813,1985
cn7_lh,pearson,Max_Screw_RPM,Average_Back_Pressure,0.168169640506196,1985
cn7_lh,pearson,Max_Screw_RPM,Barrel_Temperature_1,0.14188008931956156,1985
cn7_lh,pearson,Max_Screw_RPM,Barrel_Temperature_2,0.14235455032801714,1985
cn7_lh,pearson,Max_Screw_RPM,Barrel_Temperature_3,0.1373088497249707,1985
cn7_lh,pearson,Max_Screw_RPM,Barrel_Temperature_4,0.11592870785803502,1985
cn7_lh,pearson,Max_Screw_RPM,Barrel_Temperature_5,0.13127515078452512,1985
cn7_lh,pearson,Max_Screw_RPM,Barrel_Temperature_6,0.10022169579816453,1985
cn7_lh,pearson,Max_Screw_RPM,Hopper_Temperature,0.16319391913381862,1985
cn7_lh,pearson,Max_Screw_RPM,Mold_Temperature_3,0.24543805602908075,1985
cn7_lh,pearson,Max_Screw_RPM,Mold_Temperature_4,0.24431974587417718,1985
cn7_lh,pearson,Average_Screw_RPM,Max_Injection_Pressure,-0.07936948666604048,1985
cn7_lh,pearson,Average_Screw_RPM,Max_Switch_Over_Pressure,0.11372515951181425,1985
cn7_lh,pearson,Average_Screw_RPM,Max_Back_Pressure,0.07256498409820035,1985
cn7_lh,pearson,Average_Screw_RPM,Average_Back_Pressure,0.04436560828137174,1985
cn7_lh,pearson,Average_Screw_RPM,Barrel_Temperature_1,0.065507978791618,1985
cn7_lh,pearson,Average_Screw_RPM,Barrel_Temperature_2,0.05813863462685943,1985
cn7_lh,pearson,Average_Screw_RPM,Barrel_Temperature_3,0.06275602266268558,1985
cn7_lh,pearson,Average_Screw_RPM,Barrel_Temperature_4,0.05038920269121033,1985
cn7_lh,pearson,Average_Screw_RPM,Barrel_Temperature_5,0.049310841521882816,1985
cn7_lh,pearson,Average_Screw_RPM,Barrel_Temperature_6,0.04833071363533536,1985
cn7_lh,pearson,Average_Screw_RPM,Hopper_Temperature,0.26043925880854,1985
cn7_lh,pearson,Average_Screw_RPM,Mold_Temperature_3,0.48166935901756724,1985
cn7_lh,pearson,Average_Screw_RPM,Mold_Temperature_4,0.4155022763871154,1985
cn7_lh,pearson,Max_Injection_Pressure,Max_Switch_Over_Pressure,-0.615626942605905,1985
cn7_lh,pearson,Max_Injection_Pressure,Max_Back_Pressure,-0.5755017201958412,1985
cn7_lh,pearson,Max_Injection_Pressure,Average_Back_Pressure,-0.9181960845981484,1985
cn7_lh,pearson,Max_Injection_Pressure,Barrel_Temperature_1,-0.9664132145881235,1985
cn7_lh,pearson,Max_Injection_Pressure,Barrel_Temperature_2,-0.9637793570550246,1985
cn7_lh,pearson,Max_Injection_Pressure,Barrel_Temperature_3,-0.9698170436085678,1985
cn7_lh,pearson,Max_Injection_Pressure,Barrel_Temperature_4,-0.8850159329025562,1985
cn7_lh,pearson,Max_Injection_Pressure,Barrel_Temperature_5,-0.9354862876167979,1985
cn7_lh,pearson,Max_Injection_Pressure,Barrel_Temperature_6,-0.8147395071204278,1985
cn7_lh,pearson,Max_Injection_Pressure,Hopper_Temperature,-0.8295406485525951,1985
cn7_lh,pearson,Max_Injection_Pressure,Mold_Temperature_3,-0.16557613619284178,1985
cn7_lh,pearson,Max_Injection_Pressure,Mold_Temperature_4,-0.05864293574077353,1985
cn7_lh,pearson,Max_Switch_Over_Pressure,Max_Back_Pressure,0.6688668164320336,1985
cn7_lh,pearson,Max_Switch_Over_Pressure,Average_Back_Pressure,0.7614737114814988,1985
cn7_lh,pearson,Max_Switch_Over_Pressure,Barrel_Temperature_1,0.6865976987114555,1985
cn7_lh,pearson,Max_Switch_Over_Pressure,Barrel_Temperature_2,0.6949107200314243,1985
cn7_lh,pearson,Max_Switch_Over_Pressure,Barrel_Temperature_3,0.6916237886285248,1985
cn7_lh,pearson,Max_Switch_Over_Pressure,Barrel_Temperature_4,0.6169052637264942,1985
cn7_lh,pearson,Max_Switch_Over_Pressure,Barrel_Temperature_5,0.6673006636146123,1985
cn7_lh,pearson,Max_Switch_Over_Pressure,Barrel_Temperature_6,0.576298569572457,1985
cn7_lh,pearson,Max_Switch_Over_Pressure,Hopper_Temperature,0.4352360035621182,1985
cn7_lh,pearson,Max_Switch_Over_Pressure,Mold_Temperature_3,0.05711166418705939,1985
cn7_lh,pearson,Max_Switch_Over_Pressure,Mold_Temperature_4,0.022532391904761487,1985
cn7_lh,pearson,Max_Back_Pressure,Average_Back_Pressure,0.8386227366796696,1985
cn7_lh,pearson,Max_Back_Pressure,Barrel_Temperature_1,0.6058748653674818,1985
cn7_lh,pearson,Max_Back_Pressure,Barrel_Temperature_2,0.6098197097025546,1985
cn7_lh,pearson,Max_Back_Pressure,Barrel_Temperature_3,0.6127941355705256,1985
cn7_lh,pearson,Max_Back_Pressure,Barrel_Temperature_4,0.5893922689122895,1985
cn7_lh,pearson,Max_Back_Pressure,Barrel_Temperature_5,0.6027014028874449,1985
cn7_lh,pearson,Max_Back_Pressure,Barrel_Temperature_6,0.47297710793394226,1985
cn7_lh,pearson,Max_Back_Pressure,Hopper_Temperature,0.46636096640530167,1985
cn7_lh,pearson,Max_Back_Pressure,Mold_Temperature_3,-0.049713237477898437,1985
cn7_lh,pearson,Max_Back_Pressure,Mold_Temperature_4,-0.12131137569816317,1985
cn7_lh,pearson,Average_Back_Pressure,Barrel_Temperature_1,0.9217787872362322,1985
cn7_lh,pearson,Average_Back_Pressure,Barrel_Temperature_2,0.9232804970168844,1985
cn7_lh,pearson,Average_Back_Pressure,Barrel_Temperature_3,0.9276179942260232,1985
cn7_lh,pearson,Average_Back_Pressure,Barrel_Temperature_4,0.8547048882700379,1985
cn7_lh,pearson,Average_Back_Pressure,Barrel_Temperature_5,0.9017226928930262,1985
cn7_lh,pearson,Average_Back_Pressure,Barrel_Temperature_6,0.7599359603034287,1985
cn7_lh,pearson,Average_Back_Pressure,Hopper_Temperature,0.7183492123701541,1985
cn7_lh,pearson,Average_Back_Pressure,Mold_Temperature_3,0.05846412859348306,1985
cn7_lh,pearson,Average_Back_Pressure,Mold_Temperature_4,-0.02920491840154329,1985
cn7_lh,pearson,Barrel_Temperature_1,Barrel_Temperature_2,0.9513264627911064,1985
cn7_lh,pearson,Barrel_Temperature_1,Barrel_Temperature_3,0.9688312605355315,1985
cn7_lh,pearson,Barrel_Temperature_1,Barrel_Temperature_4,0.8664640279528149,1985
cn7_lh,pearson,Barrel_Temperature_1,Barrel_Temperature_5,0.9260581334207576,1985
cn7_lh,pearson,Barrel_Temperature_1,Barrel_Temperature_6,0.8077018927487026,1985
cn7_lh,pearson,Barrel_Temperature_1,Hopper_Temperature,0.7697709797849068,1985
cn7_lh,pearson,Barrel_Temperature_1,Mold_Temperature_3,0.12233089568816231,1985
cn7_lh,pearson,Barrel_Temperature_1,Mold_Temperature_4,0.028568816738819478,1985
cn7_lh,pearson,Barrel_Temperature_2,Barrel_Temperature_3,0.9582543623123768,1985
cn7_lh,pearson,Barrel_Temperature_2,Barrel_Temperature_4,0.8666227828855371,1985
cn7_lh,pearson,Barrel_Temperature_2,Barrel_Temperature_5,0.9220401325782688,1985
cn7_lh,pearson,Barrel_Temperature_2,Barrel_Temperature_6,0.7907151727867404,1985
cn7_lh,pearson,Barrel_Temperature_2,Hopper_Temperature,0.7701764235810821,1985
cn7_lh,pearson,Barrel_Temperature_2,Mold_Temperature_3,0.1142192509246902,1985
cn7_lh,pearson,Barrel_Temperature_2,Mold_Temperature_4,0.019940582933837683,1985
cn7_lh,pearson,Barrel_Temperature_3,Barrel_Temperature_4,0.8825666671187105,1985
cn7_lh,pearson,Barrel_Temperature_3,Barrel_Temperature_5,0.9307568106407011,1985
cn7_lh,pearson,Barrel_Temperature_3,Barrel_Temperature_6,0.8118145614044976,1985
cn7_lh,pearson,Barrel_Temperature_3,Hopper_Temperature,0.7734779127114232,1985
cn7_lh,pearson,Barrel_Temperature_3,Mold_Temperature_3,0.12399217320732259,1985
cn7_lh,pearson,Barrel_Temperature_3,Mold_Temperature_4,0.028603428685499154,1985
cn7_lh,pearson,Barrel_Temperature_4,Barrel_Temperature_5,0.8301675532020989,1985
cn7_lh,pearson,Barrel_Temperature_4,Barrel_Temperature_6,0.7209496993026431,1985
cn7_lh,pearson,Barrel_Temperature_4,Hopper_Temperature,0.6986665322769838,1985
cn7_lh,pearson,Barrel_Temperature_4,Mold_Temperature_3,0.1018839998938579,1985
cn7_lh,pearson,Barrel_Temperature_4,Mold_Temperature_4,0.019361789684504988,1985
cn7_lh,pearson,Barrel_Temperature_5,Barrel_Temperature_6,0.7736799261142717,1985
cn7_lh,pearson,Barrel_Temperature_5,Hopper_Temperature,0.7411499430744144,1985
cn7_lh,pearson,Barrel_Temperature_5,Mold_Temperature_3,0.10180277985570489,1985
cn7_lh,pearson,Barrel_Temperature_5,Mold_Temperature_4,0.010903587280349332,1985
cn7_lh,pearson,Barrel_Temperature_6,Hopper_Temperature,0.6543697892525122,1985
cn7_lh,pearson,Barrel_Temperature_6,Mold_Temperature_3,0.11172427157585203,1985
cn7_lh,pearson,Barrel_Temperature_6,Mold_Temperature_4,0.028836832216613213,1985
cn7_lh,pearson,Hopper_Temperature,Mold_Temperature_3,0.37398588847958536,1985
cn7_lh,pearson,Hopper_Temperature,Mold_Temperature_4,0.18382160380228754,1985
cn7_lh,pearson,Mold_Temperature_3,Mold_Temperature_4,0.9623247702503699,1985
cn7_lh,spearman,Injection_Time,Filling_Time,0.9660479989508591,1985
cn7_lh,spearman,Injection_Time,Plasticizing_Time,-0.3855330434751868,1985
cn7_lh,spearman,Injection_Time,Cycle_Time,0.81051732770859,1985
cn7_lh,spearman,Injection_Time,Clamp_Close_Time,-0.3883635799661281,1985
cn7_lh,spearman,Injection_Time,Cushion_Position,0.23371241035938126,1985
cn7_lh,spearman,Injection_Time,Plasticizing_Position,0.4572630814929998,1985
cn7_lh,spearman,Injection_Time,Clamp_Open_Position,-0.10988747949124808,1985
cn7_lh,spearman,Injection_Time,Max_Injection_Speed,-0.8286991749239914,1985
cn7_lh,spearman,Injection_Time,Max_Screw_RPM,0.02432111415128175,1985
cn7_lh,spearman,Injection_Time,Average_Screw_RPM,0.019039003637703666,1985
cn7_lh,spearman,Injection_Time,Max_Injection_Pressure,0.7903201692631423,1985
cn7_lh,spearman,Injection_Time,Max_Switch_Over_Pressure,0.7915402529133294,1985
cn7_lh,spearman,Injection_Time,Max_Back_Pressure,0.3267100571646174,1985
cn7_lh,spearman,Injection_Time,Average_Back_Pressure,0.5149068103825392,1985
cn7_lh,spearman,Injection_Time,Barrel_Temperature_1,0.007678266388537725,1985
cn7_lh,spearman,Injection_Time,Barrel_Temperature_2,0.034281853414290644,1985
cn7_lh,spearman,Injection_Time,Barrel_Temperature_3,-0.022020595692168125,1985
cn7_lh,spearman,Injection_Time,Barrel_Temperature_4,0.0033780489887484783,1985
cn7_lh,spearman,Injection_Time,Barrel_Temperature_5,-0.04785776594429326,1985
cn7_lh,spearman,Injection_Time,Barrel_Temperature_6,-0.04211985524925603,1985
cn7_lh,spearman,Injection_Time,Hopper_Temperature,-0.5229453702001925,1985
cn7_lh,spearman,Injection_Time,Mold_Temperature_3,-0.039439614394528685,1985
cn7_lh,spearman,Injection_Time,Mold_Temperature_4,0.09262750677854734,1985
cn7_lh,spearman,Filling_Time,Plasticizing_Time,-0.4044114221000218,1985
cn7_lh,spearman,Filling_Time,Cycle_Time,0.7889977077374745,1985
cn7_lh,spearman,Filling_Time,Clamp_Close_Time,-0.35686291934710057,1985
cn7_lh,spearman,Filling_Time,Cushion_Position,0.20855118486104554,1985
cn7_lh,spearman,Filling_Time,Plasticizing_Position,0.48552158433446146,1985
cn7_lh,spearman,Filling_Time,Clamp_Open_Position,0.11011239903878237,1985
cn7_lh,spearman,Filling_Time,Max_Injection_Speed,-0.8484371986645977,1985
cn7_lh,spearman,Filling_Time,Max_Screw_RPM,0.04976825057467874,1985
cn7_lh,spearman,Filling_Time,Average_Screw_RPM,0.02394521155002882,1985
cn7_lh,spearman,Filling_Time,Max_Injection_Pressure,0.7638140810891858,1985
cn7_lh,spearman,Filling_Time,Max_Switch_Over_Pressure,0.8130075234120223,1985
cn7_lh,spearman,Filling_Time,Max_Back_Pressure,0.3513138686680157,1985
cn7_lh,spearman,Filling_Time,Average_Back_Pressure,0.5378667250031971,1985
cn7_lh,spearman,Filling_Time,Barrel_Temperature_1,0.03837799841779237,1985
cn7_lh,spearman,Filling_Time,Barrel_Temperature_2,0.05433818919380016,1985
cn7_lh,spearman,Filling_Time,Barrel_Temperature_3,0.007469492519538445,1985
cn7_lh,spearman,Filling_Time,Barrel_Temperature_4,0.028174955620730555,1985
cn7_lh,spearman,Filling_Time,Barrel_Temperature_5,-0.023188875371708502,1985
cn7_lh,spearman,Filling_Time,Barrel_Temperature_6,-0.010538064641885416,1985
cn7_lh,spearman,Filling_Time,Hopper_Temperature,-0.49579265852365656,1985
cn7_lh,spearman,Filling_Time,Mold_Temperature_3,-0.014346637642280342,1985
cn7_lh,spearman,Filling_Time,Mold_Temperature_4,0.09906742983306063,1985
cn7_lh,spearman,Plasticizing_Time,Cycle_Time,-0.27106627891666996,1985
cn7_lh,spearman,Plasticizing_Time,Clamp_Close_Time,0.604394827551145,1985
cn7_lh,spearman,Plasticizing_Time,Cushion_Position,-0.5718575097566851,1985
cn7_lh,spearman,Plasticizing_Time,Plasticizing_Position,0.4342578944753054,1985
cn7_lh,spearman,Plasticizing_Time,Clamp_Open_Position,-0.10966065985573209,1985
cn7_lh,spearman,Plasticizing_Time,Max_Injection_Speed,0.7378800857301095,1985
cn7_lh,spearman,Plasticizing_Time,Max_Screw_RPM,0.19515609116862112,1985
cn7_lh,spearman,Plasticizing_Time,Average_Screw_RPM,0.7245741652886103,1985
cn7_lh,spearman,Plasticizing_Time,Max_Injection_Pressure,-0.6406740717354984,1985
cn7_lh,spearman,Plasticizing_Time,Max_Switch_Over_Pressure,-0.24931751941516675,1985
cn7_lh,spearman,Plasticizing_Time,Max_Back_Pressure,-0.0369338885878596,1985
cn7_lh,spearman,Plasticizing_Time,Average_Back_Pressure,-0.43113351588599097,1985
cn7_lh,spearman,Plasticizing_Time,Barrel_Temperature_1,0.021824075391618687,1985
cn7_lh,spearman,Plasticizing_Time,Barrel_Temperature_2,-0.0059848245050692465,1985
cn7_lh,spearman,Plasticizing_Time,Barrel_Temperature_3,-0.010294005383847782,1985
cn7_lh,spearman,Plasticizing_Time,Barrel_Temperature_4,-0.12600269790184987,1985
cn7_lh,spearman,Plasticizing_Time,Barrel_Temperature_5,-0.02719030632623384,1985
cn7_lh,spearman,Plasticizing_Time,Barrel_Temperature_6,0.042354802820971024,1985
cn7_lh,spearman,Plasticizing_Time,Hopper_Temperature,0.8164314998451174,1985
cn7_lh,spearman,Plasticizing_Time,Mold_Temperature_3,0.5924957382702215,1985
cn7_lh,spearman,Plasticizing_Time,Mold_Temperature_4,0.47057969026340846,1985
cn7_lh,spearman,Cycle_Time,Clamp_Close_Time,-0.19167346735999893,1985
cn7_lh,spearman,Cycle_Time,Cushion_Position,0.20837094998459701,1985
cn7_lh,spearman,Cycle_Time,Plasticizing_Position,0.4611668945771633,1985
cn7_lh,spearman,Cycle_Time,Clamp_Open_Position,-0.11601810457337938,1985
cn7_lh,spearman,Cycle_Time,Max_Injection_Speed,-0.6331439734056834,1985
cn7_lh,spearman,Cycle_Time,Max_Screw_RPM,-0.007821629888371899,1985
cn7_lh,spearman,Cycle_Time,Average_Screw_RPM,0.07923807707828524,1985
cn7_lh,spearman,Cycle_Time,Max_Injection_Pressure,0.616113276601821,1985
cn7_lh,spearman,Cycle_Time,Max_Switch_Over_Pressure,0.6248827421689882,1985
cn7_lh,spearman,Cycle_Time,Max_Back_Pressure,0.2800301890847123,1985
cn7_lh,spearman,Cycle_Time,Average_Back_Pressure,0.41953101192039943,1985
cn7_lh,spearman,Cycle_Time,Barrel_Temperature_1,-0.009142785418507268,1985
cn7_lh,spearman,Cycle_Time,Barrel_Temperature_2,0.0009428869004198047,1985
cn7_lh,spearman,Cycle_Time,Barrel_Temperature_3,-0.003831127289660675,1985
cn7_lh,spearman,Cycle_Time,Barrel_Temperature_4,0.15834989967421967,1985
cn7_lh,spearman,Cycle_Time,Barrel_Temperature_5,-0.054968569149954995,1985
cn7_lh,spearman,Cycle_Time,Barrel_Temperature_6,-0.017338804662703343,1985
cn7_lh,spearman,Cycle_Time,Hopper_Temperature,-0.40834070773811865,1985
cn7_lh,spearman,Cycle_Time,Mold_Temperature_3,-0.03205995704796492,1985
cn7_lh,spearman,Cycle_Time,Mold_Temperature_4,0.0671470156229787,1985
cn7_lh,spearman,Clamp_Close_Time,Cushion_Position,-0.23911593389475028,1985
cn7_lh,spearman,Clamp_Close_Time,Plasticizing_Position,0.2953550350226677,1985
cn7_lh,spearman,Clamp_Close_Time,Clamp_Open_Position,0.12624110867470226,1985
cn7_lh,spearman,Clamp_Close_Time,Max_Injection_Speed,0.5803424052243731,1985
cn7_lh,spearman,Clamp_Close_Time,Max_Screw_RPM,-0.04209014012187907,1985
cn7_lh,spearman,Clamp_Close_Time,Average_Screw_RPM,0.4608131963080524,1985
cn7_lh,spearman,Clamp_Close_Time,Max_Injection_Pressure,-0.5397392357677125,1985
cn7_lh,spearman,Clamp_Close_Time,Max_Switch_Over_Pressure,-0.2605309849885276,1985
cn7_lh,spearman,Clamp_Close_Time,Max_Back_Pressure,-0.13969949978055002,1985
cn7_lh,spearman,Clamp_Close_Time,Average_Back_Pressure,-0.41288494195234204,1985
cn7_lh,spearman,Clamp_Close_Time,Barrel_Temperature_1,0.03055333024506322,1985
cn7_lh,spearman,Clamp_Close_Time,Barrel_Temperature_2,-0.04201528946048297,1985
cn7_lh,spearman,Clamp_Close_Time,Barrel_Temperature_3,0.0032500746373953352,1985
cn7_lh,spearman,Clamp_Close_Time,Barrel_Temperature_4,-0.011362089466410348,1985
cn7_lh,spearman,Clamp_Close_Time,Barrel_Temperature_5,-0.01883221674739666,1985
cn7_lh,spearman,Clamp_Close_Time,Barrel_Temperature_6,0.037221170771763526,1985
cn7_lh,spearman,Clamp_Close_Time,Hopper_Temperature,0.5064772104133062,1985
cn7_lh,spearman,Clamp_Close_Time,Mold_Temperature_3,0.2119607088833939,1985
cn7_lh,spearman,Clamp_Close_Time,Mold_Temperature_4,0.06292881352898376,1985
cn7_lh,spearman,Cushion_Position,Plasticizing_Position,-0.2844981832456094,1985
cn7_lh,spearman,Cushion_Position,Clamp_Open_Position,-0.1130583969279318,1985
cn7_lh,spearman,Cushion_Position,Max_Injection_Speed,-0.3377503457683402,1985
cn7_lh,spearman,Cushion_Position,Max_Screw_RPM,-0.5401927299542203,1985
cn7_lh,spearman,Cushion_Position,Average_Screw_RPM,-0.46144986205927685,1985
cn7_lh,spearman,Cushion_Position,Max_Injection_Pressure,0.4942222059549708,1985
cn7_lh,spearman,Cushion_Position,Max_Switch_Over_Pressure,0.10870502711744114,1985
cn7_lh,spearman,Cushion_Position,Max_Back_Pressure,-0.13773831699147143,1985
cn7_lh,spearman,Cushion_Position,Average_Back_Pressure,0.0823836891537331,1985
cn7_lh,spearman,Cushion_Position,Barrel_Temperature_1,-0.05033322668000968,1985
cn7_lh,spearman,Cushion_Position,Barrel_Temperature_2,-0.040884334746116864,1985
cn7_lh,spearman,Cushion_Position,Barrel_Temperature_3,-0.04914470711540906,1985
cn7_lh,spearman,Cushion_Position,Barrel_Temperature_4,0.017777453707939084,1985
cn7_lh,spearman,Cushion_Position,Barrel_Temperature_5,-0.0183401246506683,1985
cn7_lh,spearman,Cushion_Position,Barrel_Temperature_6,-0.01908723221846267,1985
cn7_lh,spearman,Cushion_Position,Hopper_Temperature,-0.4515571105597385,1985
cn7_lh,spearman,Cushion_Position,Mold_Temperature_3,-0.5387965021683334,1985
cn7_lh,spearman,Cushion_Position,Mold_Temperature_4,-0.5108863052836142,1985
cn7_lh,spearman,Plasticizing_Position,Clamp_Open_Position,0.11011415079936329,1985
cn7_lh,spearman,Plasticizing_Position,Max_Injection_Speed,-0.07469134454662646,1985
cn7_lh,spearman,Plasticizing_Position,Max_Screw_RPM,0.18608495389805813,1985
cn7_lh,spearman,Plasticizing_Position,Average_Screw_RPM,0.6827874725630676,1985
cn7_lh,spearman,Plasticizing_Position,Max_Injection_Pressure,-0.012730602537046056,1985
cn7_lh,spearman,Plasticizing_Position,Max_Switch_Over_Pressure,0.3321001648317026,1985
cn7_lh,spearman,Plasticizing_Position,Max_Back_Pressure,0.03667234738099152,1985
cn7_lh,spearman,Plasticizing_Position,Average_Back_Pressure,-0.08041078556135128,1985
cn7_lh,spearman,Plasticizing_Position,Barrel_Temperature_1,0.05383678162361736,1985
cn7_lh,spearman,Plasticizing_Position,Barrel_Temperature_2,0.00979930270075184,1985
cn7_lh,spearman,Plasticizing_Position,Barrel_Temperature_3,0.05114180015382311,1985
cn7_lh,spearman,Plasticizing_Position,Barrel_Temperature_4,0.020993916996930033,1985
cn7_lh,spearman,Plasticizing_Position,Barrel_Temperature_5,-0.015758208820087632,1985
cn7_lh,spearman,Plasticizing_Position,Barrel_Temperature_6,-0.02194904314007816,1985
cn7_lh,spearman,Plasticizing_Position,Hopper_Temperature,0.18344575283356931,1985
cn7_lh,spearman,Plasticizing_Position,Mold_Temperature_3,0.5481184009215424,1985
cn7_lh,spearman,Plasticizing_Position,Mold_Temperature_4,0.5340321831026644,1985
cn7_lh,spearman,Clamp_Open_Position,Max_Injection_Speed,-0.10995599905043789,1985
cn7_lh,spearman,Clamp_Open_Position,Max_Screw_RPM,0.10870638509424714,1985
cn7_lh,spearman,Clamp_Open_Position,Average_Screw_RPM,-0.008511441290729433,1985
cn7_lh,spearman,Clamp_Open_Position,Max_Injection_Pressure,-0.11227576842457583,1985
cn7_lh,spearman,Clamp_Open_Position,Max_Switch_Over_Pressure,0.11010315630542855,1985
cn7_lh,spearman,Clamp_Open_Position,Max_Back_Pressure,0.11000791061201387,1985
cn7_lh,spearman,Clamp_Open_Position,Average_Back_Pressure,0.11043096529292154,1985
cn7_lh,spearman,Clamp_Open_Position,Barrel_Temperature_1,0.11001577024308966,1985
cn7_lh,spearman,Clamp_Open_Position,Barrel_Temperature_2,0.1101381784102807,1985
cn7_lh,spearman,Clamp_Open_Position,Barrel_Temperature_3,0.11082038876085633,1985
cn7_lh,spearman,Clamp_Open_Position,Barrel_Temperature_4,0.10981592319333093,1985
cn7_lh,spearman,Clamp_Open_Position,Barrel_Temperature_5,0.11049772576651205,1985
cn7_lh,spearman,Clamp_Open_Position,Barrel_Temperature_6,0.11099412159587195,1985
cn7_lh,spearman,Clamp_Open_Position,Hopper_Temperature,0.1097778687866324,1985
cn7_lh,spearman,Clamp_Open_Position,Mold_Temperature_3,0.10328137518573444,1985
cn7_lh,spearman,Clamp_Open_Position,Mold_Temperature_4,0.019985574604585905,1985
cn7_lh,spearman,Max_Injection_Speed,Max_Screw_RPM,0.043116245926071765,1985
cn7_lh,spearman,Max_Injection_Speed,Average_Screw_RPM,0.4522273970116983,1985
cn7_lh,spearman,Max_Injection_Speed,Max_Injection_Pressure,-0.8114658219210411,1985
cn7_lh,spearman,Max_Injection_Speed,Max_Switch_Over_Pressure,-0.6879014639695554,1985
cn7_lh,spearman,Max_Injection_Speed,Max_Back_Pressure,-0.22273021608303545,1985
cn7_lh,spearman,Max_Injection_Speed,Average_Back_Pressure,-0.5538864968676419,1985
cn7_lh,spearman,Max_Injection_Speed,Barrel_Temperature_1,-0.004836540079498958,1985
cn7_lh,spearman,Max_Injection_Speed,Barrel_Temperature_2,-0.049579193927317924,1985
cn7_lh,spearman,Max_Injection_Speed,Barrel_Temperature_3,-0.008482903801155923,1985
cn7_lh,spearman,Max_Injection_Speed,Barrel_Temperature_4,-0.059156679997741546,1985
cn7_lh,spearman,Max_Injection_Speed,Barrel_Temperature_5,0.006293201222302567,1985
cn7_lh,spearman,Max_Injection_Speed,Barrel_Temperature_6,0.016046464351751305,1985
cn7_lh,spearman,Max_Injection_Speed,Hopper_Temperature,0.6803935895404434,1985
cn7_lh,spearman,Max_Injection_Speed,Mold_Temperature_3,0.25112244884190704,1985
cn7_lh,spearman,Max_Injection_Speed,Mold_Temperature_4,0.10464293704732498,1985
cn7_lh,spearman,Max_Screw_RPM,Average_Screw_RPM,0.31013269436391305,1985
cn7_lh,spearman,Max_Screw_RPM,Max_Injection_Pressure,-0.09226623391327853,1985
cn7_lh,spearman,Max_Screw_RPM,Max_Switch_Over_Pressure,-0.008527422264836952,1985
cn7_lh,spearman,Max_Screw_RPM,Max_Back_Pressure,0.31651771155221387,1985
cn7_lh,spearman,Max_Screw_RPM,Average_Back_Pressure,0.21580341466523498,1985
cn7_lh,spearman,Max_Screw_RPM,Barrel_Temperature_1,0.05812126270568619,1985
cn7_lh,spearman,Max_Screw_RPM,Barrel_Temperature_2,0.061933105874891536,1985
cn7_lh,spearman,Max_Screw_RPM,Barrel_Temperature_3,0.03274988708182017,1985
cn7_lh,spearman,Max_Screw_RPM,Barrel_Temperature_4,-0.0015410594507538635,1985
cn7_lh,spearman,Max_Screw_RPM,Barrel_Temperature_5,0.03250897077534957,1985
cn7_lh,spearman,Max_Screw_RPM,Barrel_Temperature_6,-0.008841955265162144,1985
cn7_lh,spearman,Max_Screw_RPM,Hopper_Temperature,0.0922226689754883,1985
cn7_lh,spearman,Max_Screw_RPM,Mold_Temperature_3,0.22556369603219492,1985
cn7_lh,spearman,Max_Screw_RPM,Mold_Temperature_4,0.26448994579957036,1985
cn7_lh,spearman,Average_Screw_RPM,Max_Injection_Pressure,-0.3366711292926052,1985
cn7_lh,spearman,Average_Screw_RPM,Max_Switch_Over_Pressure,0.012441654823523824,1985
cn7_lh,spearman,Average_Screw_RPM,Max_Back_Pressure,0.18814081433511462,1985
cn7_lh,spearman,Average_Screw_RPM,Average_Back_Pressure,-0.12148631385419426,1985
cn7_lh,spearman,Average_Screw_RPM,Barrel_Temperature_1,0.03892936575128257,1985
cn7_lh,spearman,Average_Screw_RPM,Barrel_Temperature_2,-0.004210295814829605,1985
cn7_lh,spearman,Average_Screw_RPM,Barrel_Temperature_3,0.019859806728172363,1985
cn7_lh,spearman,Average_Screw_RPM,Barrel_Temperature_4,-0.0059618563248068105,1985
cn7_lh,spearman,Average_Screw_RPM,Barrel_Temperature_5,-0.012523444341236811,1985
cn7_lh,spearman,Average_Screw_RPM,Barrel_Temperature_6,0.004787557475088692,1985
cn7_lh,spearman,Average_Screw_RPM,Hopper_Temperature,0.44528411049527417,1985
cn7_lh,spearman,Average_Screw_RPM,Mold_Temperature_3,0.5106111574826048,1985
cn7_lh,spearman,Average_Screw_RPM,Mold_Temperature_4,0.44724608500606944,1985
cn7_lh,spearman,Max_Injection_Pressure,Max_Switch_Over_Pressure,0.6448841061085911,1985
cn7_lh,spearman,Max_Injection_Pressure,Max_Back_Pressure,0.38717364028920764,1985
cn7_lh,spearman,Max_Injection_Pressure,Average_Back_Pressure,0.6437215649534286,1985
cn7_lh,spearman,Max_Injection_Pressure,Barrel_Temperature_1,-0.005063858869715749,1985
cn7_lh,spearman,Max_Injection_Pressure,Barrel_Temperature_2,0.0392069851031888,1985
cn7_lh,spearman,Max_Injection_Pressure,Barrel_Temperature_3,-0.04650064315909526,1985
cn7_lh,spearman,Max_Injection_Pressure,Barrel_Temperature_4,-0.050756813668288034,1985
cn7_lh,spearman,Max_Injection_Pressure,Barrel_Temperature_5,-0.0313027783335628,1985
cn7_lh,spearman,Max_Injection_Pressure,Barrel_Temperature_6,-0.026920581076139326,1985
cn7_lh,spearman,Max_Injection_Pressure,Hopper_Temperature,-0.6393724034788848,1985
cn7_lh,spearman,Max_Injection_Pressure,Mold_Temperature_3,-0.4184743057905446,1985
cn7_lh,spearman,Max_Injection_Pressure,Mold_Temperature_4,-0.28392500896780504,1985
cn7_lh,spearman,Max_Switch_Over_Pressure,Max_Back_Pressure,0.4198831845849351,1985
cn7_lh,spearman,Max_Switch_Over_Pressure,Average_Back_Pressure,0.5147668708140023,1985
cn7_lh,spearman,Max_Switch_Over_Pressure,Barrel_Temperature_1,0.025509437245334006,1985
cn7_lh,spearman,Max_Switch_Over_Pressure,Barrel_Temperature_2,0.05716684625758068,1985
cn7_lh,spearman,Max_Switch_Over_Pressure,Barrel_Temperature_3,-0.027818461344425376,1985
cn7_lh,spearman,Max_Switch_Over_Pressure,Barrel_Temperature_4,-0.04022094517431397,1985
cn7_lh,spearman,Max_Switch_Over_Pressure,Barrel_Temperature_5,-0.053240988636353036,1985
cn7_lh,spearman,Max_Switch_Over_Pressure,Barrel_Temperature_6,0.04092141963433843,1985
cn7_lh,spearman,Max_Switch_Over_Pressure,Hopper_Temperature,-0.28610202710423677,1985
cn7_lh,spearman,Max_Switch_Over_Pressure,Mold_Temperature_3,0.015760316771097075,1985
cn7_lh,spearman,Max_Switch_Over_Pressure,Mold_Temperature_4,0.08745269605127313,1985
cn7_lh,spearman,Max_Back_Pressure,Average_Back_Pressure,0.8805759867362514,1985
cn7_lh,spearman,Max_Back_Pressure,Barrel_Temperature_1,0.05905537496897025,1985
cn7_lh,spearman,Max_Back_Pressure,Barrel_Temperature_2,0.05198992233228092,1985
cn7_lh,spearman,Max_Back_Pressure,Barrel_Temperature_3,0.0368256357877679,1985
cn7_lh,spearman,Max_Back_Pressure,Barrel_Temperature_4,0.2701242134135443,1985
cn7_lh,spearman,Max_Back_Pressure,Barrel_Temperature_5,-0.021354780845969087,1985
cn7_lh,spearman,Max_Back_Pressure,Barrel_Temperature_6,-0.04562765742255743,1985
cn7_lh,spearman,Max_Back_Pressure,Hopper_Temperature,-0.04863978697194404,1985
cn7_lh,spearman,Max_Back_Pressure,Mold_Temperature_3,-0.2186339235982649,1985
cn7_lh,spearman,Max_Back_Pressure,Mold_Temperature_4,-0.18285981638841686,1985
cn7_lh,spearman,Average_Back_Pressure,Barrel_Temperature_1,0.03639211966555647,1985
cn7_lh,spearman,Average_Back_Pressure,Barrel_Temperature_2,0.059719779558171156,1985
cn7_lh,spearman,Average_Back_Pressure,Barrel_Temperature_3,0.032970523812479766,1985
cn7_lh,spearman,Average_Back_Pressure,Barrel_Temperature_4,0.25754200457245807,1985
cn7_lh,spearman,Average_Back_Pressure,Barrel_Temperature_5,-0.005156243486754265,1985
cn7_lh,spearman,Average_Back_Pressure,Barrel_Temperature_6,-0.05647859776002417,1985
cn7_lh,spearman,Average_Back_Pressure,Hopper_Temperature,-0.3956127319770128,1985
cn7_lh,spearman,Average_Back_Pressure,Mold_Temperature_3,-0.39906704189917325,1985
cn7_lh,spearman,Average_Back_Pressure,Mold_Temperature_4,-0.2995460267718817,1985
cn7_lh,spearman,Barrel_Temperature_1,Barrel_Temperature_2,-0.009099750341608372,1985
cn7_lh,spearman,Barrel_Temperature_1,Barrel_Temperature_3,0.2928996218457741,1985
cn7_lh,spearman,Barrel_Temperature_1,Barrel_Temperature_4,-0.039239210491303314,1985
cn7_lh,spearman,Barrel_Temperature_1,Barrel_Temperature_5,0.10101940467055653,1985
cn7_lh,spearman,Barrel_Temperature_1,Barrel_Temperature_6,0.07096843570606892,1985
cn7_lh,spearman,Barrel_Temperature_1,Hopper_Temperature,0.01750010413054291,1985
cn7_lh,spearman,Barrel_Temperature_1,Mold_Temperature_3,0.042648531215084044,1985
cn7_lh,spearman,Barrel_Temperature_1,Mold_Temperature_4,0.03365191512570454,1985
cn7_lh,spearman,Barrel_Temperature_2,Barrel_Temperature_3,0.06479970335970574,1985
cn7_lh,spearman,Barrel_Temperature_2,Barrel_Temperature_4,-0.029812564820213754,1985
cn7_lh,spearman,Barrel_Temperature_2,Barrel_Temperature_5,0.017178282038724856,1985
cn7_lh,spearman,Barrel_Temperature_2,Barrel_Temperature_6,-0.06248624012852923,1985
cn7_lh,spearman,Barrel_Temperature_2,Hopper_Temperature,0.030575277740323644,1985
cn7_lh,spearman,Barrel_Temperature_2,Mold_Temperature_3,0.010279852410107513,1985
cn7_lh,spearman,Barrel_Temperature_2,Mold_Temperature_4,0.010675048389768073,1985
cn7_lh,spearman,Barrel_Temperature_3,Barrel_Temperature_4,0.1389594012251237,1985
cn7_lh,spearman,Barrel_Temperature_3,Barrel_Temperature_5,0.12655089772510306,1985
cn7_lh,spearman,Barrel_Temperature_3,Barrel_Temperature_6,0.0725333996885522,1985
cn7_lh,spearman,Barrel_Temperature_3,Hopper_Temperature,0.0072497816068877435,1985
cn7_lh,spearman,Barrel_Temperature_3,Mold_Temperature_3,0.04833406986906765,1985
cn7_lh,spearman,Barrel_Temperature_3,Mold_Temperature_4,0.03934579636361794,1985
cn7_lh,spearman,Barrel_Temperature_4,Barrel_Temperature_5,-0.06268701283185105,1985
cn7_lh,spearman,Barrel_Temperature_4,Barrel_Temperature_6,-0.03815304371812279,1985
cn7_lh,spearman,Barrel_Temperature_4,Hopper_Temperature,-0.007426285555344809,1985
cn7_lh,spearman,Barrel_Temperature_4,Mold_Temperature_3,0.008280600526966449,1985
cn7_lh,spearman,Barrel_Temperature_4,Mold_Temperature_4,0.011270489196212975,1985
cn7_lh,spearman,Barrel_Temperature_5,Barrel_Temperature_6,0.0010446095226412653,1985
cn7_lh,spearman,Barrel_Temperature_5,Hopper_Temperature,-0.016241648169539526,1985
cn7_lh,spearman,Barrel_Temperature_5,Mold_Temperature_3,-0.013620650212478186,1985
cn7_lh,spearman,Barrel_Temperature_5,Mold_Temperature_4,-0.026601939108097487,1985
cn7_lh,spearman,Barrel_Temperature_6,Hopper_Temperature,0.04129925570495421,1985
cn7_lh,spearman,Barrel_Temperature_6,Mold_Temperature_3,0.04926739904191378,1985
cn7_lh,spearman,Barrel_Temperature_6,Mold_Temperature_4,0.0365081633523406,1985
cn7_lh,spearman,Hopper_Temperature,Mold_Temperature_3,0.5380536965587288,1985
cn7_lh,spearman,Hopper_Temperature,Mold_Temperature_4,0.40101592932715807,1985
cn7_lh,spearman,Mold_Temperature_3,Mold_Temperature_4,0.9657619626407207,1985
cn7_rh,pearson,Injection_Time,Filling_Time,0.0451641340887867,1989
cn7_rh,pearson,Injection_Time,Plasticizing_Time,0.5088461820263314,1989
cn7_rh,pearson,Injection_Time,Cycle_Time,0.8412378803435624,1989
cn7_rh,pearson,Injection_Time,Clamp_Close_Time,-0.7787446175594954,1989
cn7_rh,pearson,Injection_Time,Cushion_Position,0.8019660697930345,1989
cn7_rh,pearson,Injection_Time,Plasticizing_Position,-0.7288936860916603,1989
cn7_rh,pearson,Injection_Time,Clamp_Open_Position,-0.7831809558490505,1989
cn7_rh,pearson,Injection_Time,Max_Injection_Speed,0.11446633265973757,1989
cn7_rh,pearson,Injection_Time,Max_Screw_RPM,-0.10390579864712152,1989
cn7_rh,pearson,Injection_Time,Average_Screw_RPM,0.0020477806758172285,1989
cn7_rh,pearson,Injection_Time,Max_Injection_Pressure,0.842397661537233,1989
cn7_rh,pearson,Injection_Time,Max_Switch_Over_Pressure,-0.24341817318637424,1989
cn7_rh,pearson,Injection_Time,Max_Back_Pressure,-0.37578621755616076,1989
cn7_rh,pearson,Injection_Time,Average_Back_Pressure,-0.6922456638209642,1989
cn7_rh,pearson,Injection_Time,Barrel_Temperature_1,-0.771695261779069,1989
cn7_rh,pearson,Injection_Time,Barrel_Temperature_2,-0.7654387834804747,1989
cn7_rh,pearson,Injection_Time,Barrel_Temperature_3,-0.76869671537045,1989
cn7_rh,pearson,Injection_Time,Barrel_Temperature_4,-0.7120412350380958,1989
cn7_rh,pearson,Injection_Time,Barrel_Temperature_5,-0.7414823433154145,1989
cn7_rh,pearson,Injection_Time,Barrel_Temperature_6,-0.6792973051178007,1989
cn7_rh,pearson,Injection_Time,Hopper_Temperature,-0.7287512691887286,1989
cn7_rh,pearson,Injection_Time,Mold_Temperature_3,-0.11892765592773778,1989
cn7_rh,pearson,Injection_Time,Mold_Temperature_4,-0.011780889223654813,1989
cn7_rh,pearson,Filling_Time,Plasticizing_Time,-0.5275839952767817,1989
cn7_rh,pearson,Filling_Time,Cycle_Time,-0.4193761501329676,1989
cn7_rh,pearson,Filling_Time,Clamp_Close_Time,0.5848370881696177,1989
cn7_rh,pearson,Filling_Time,Cushion_Position,-0.5488797936686166,1989
cn7_rh,pearson,Filling_Time,Plasticizing_Position,0.5978356666220352,1989
cn7_rh,pearson,Filling_Time,Clamp_Open_Position,0.5853470034750504,1989
cn7_rh,pearson,Filling_Time,Max_Injection_Speed,-0.8965200071425112,1989
cn7_rh,pearson,Filling_Time,Max_Screw_RPM,0.11195092068345178,1989
cn7_rh,pearson,Filling_Time,Average_Screw_RPM,0.11126303759933827,1989
cn7_rh,pearson,Filling_Time,Max_Injection_Pressure,-0.49452934262299275,1989
cn7_rh,pearson,Filling_Time,Max_Switch_Over_Pressure,0.8752199602443821,1989
cn7_rh,pearson,Filling_Time,Max_Back_Pressure,0.5818631663686069,1989
cn7_rh,pearson,Filling_Time,Average_Back_Pressure,0.6348340413236743,1989
cn7_rh,pearson,Filling_Time,Barrel_Temperature_1,0.5690587233549999,1989
cn7_rh,pearson,Filling_Time,Barrel_Temperature_2,0.5760175066643396,1989
cn7_rh,pearson,Filling_Time,Barrel_Temperature_3,0.5786516204736737,1989
cn7_rh,pearson,Filling_Time,Barrel_Temperature_4,0.5351103238208512,1989
cn7_rh,pearson,Filling_Time,Barrel_Temperature_5,0.5696729992013219,1989
cn7_rh,pearson,Filling_Time,Barrel_Temperature_6,0.4773364366888548,1989
cn7_rh,pearson,Filling_Time,Hopper_Temperature,0.3696023407772439,1989
cn7_rh,pearson,Filling_Time,Mold_Temperature_3,0.02810802626145751,1989
cn7_rh,pearson,Filling_Time,Mold_Temperature_4,0.003962421486432158,1989
cn7_rh,pearson,Plasticizing_Time,Cycle_Time,0.6745782439260049,1989
cn7_rh,pearson,Plasticizing_Time,Clamp_Close_Time,-0.7080518265635172,1989
cn7_rh,pearson,Plasticizing_Time,Cushion_Position,0.7047963096308514,1989
cn7_rh,pearson,Plasticizing_Time,Plasticizing_Position,-0.6546994529063258,1989
cn7_rh,pearson,Plasticizing_Time,Clamp_Open_Position,-0.7421649628581222,1989
cn7_rh,pearson,Plasticizing_Time,Max_Injection_Speed,0.7483095207364481,1989
cn7_rh,pearson,Plasticizing_Time,Max_Screw_RPM,-0.0030073629546672953,1989
cn7_rh,pearson,Plasticizing_Time,Average_Screw_RPM,0.32044433437914055,1989
cn7_rh,pearson,Plasticizing_Time,Max_Injection_Pressure,0.6908648492385636,1989
cn7_rh,pearson,Plasticizing_Time,Max_Switch_Over_Pressure,-0.6756320401647957,1989
cn7_rh,pearson,Plasticizing_Time,Max_Back_Pressure,-0.522353985432626,1989
cn7_rh,pearson,Plasticizing_Time,Average_Back_Pressure,-0.7410712973789519,1989
cn7_rh,pearson,Plasticizing_Time,Barrel_Temperature_1,-0.7247802310578689,1989
cn7_rh,pearson,Plasticizing_Time,Barrel_Temperature_2,-0.7272806228580198,1989
cn7_rh,pearson,Plasticizing_Time,Barrel_Temperature_3,-0.7269127524556841,1989
cn7_rh,pearson,Plasticizing_Time,Barrel_Temperature_4,-0.6899762618050662,1989
cn7_rh,pearson,Plasticizing_Time,Barrel_Temperature_5,-0.7122513254914573,1989
cn7_rh,pearson,Plasticizing_Time,Barrel_Temperature_6,-0.6043332764687696,1989
cn7_rh,pearson,Plasticizing_Time,Hopper_Temperature,-0.32805786760709665,1989
cn7_rh,pearson,Plasticizing_Time,Mold_Temperature_3,0.20902602094930087,1989
cn7_rh,pearson,Plasticizing_Time,Mold_Temperature_4,0.18541286425570147,1989
cn7_rh,pearson,Cycle_Time,Clamp_Close_Time,-0.9349418532955174,1989
cn7_rh,pearson,Cycle_Time,Cushion_Position,0.9374652708261724,1989
cn7_rh,pearson,Cycle_Time,Plasticizing_Position,-0.8973620407846207,1989
cn7_rh,pearson,Cycle_Time,Clamp_Open_Position,-0.9439129093814609,1989
cn7_rh,pearson,Cycle_Time,Max_Injection_Speed,0.47071715351759547,1989
cn7_rh,pearson,Cycle_Time,Max_Screw_RPM,-0.1279050488890264,1989
cn7_rh,pearson,Cycle_Time,Average_Screw_RPM,-0.03593358985342839,1989
cn7_rh,pearson,Cycle_Time,Max_Injection_Pressure,0.9584398356964486,1989
cn7_rh,pearson,Cycle_Time,Max_Switch_Over_Pressure,-0.5759103466794073,1989
cn7_rh,pearson,Cycle_Time,Max_Back_Pressure,-0.4452679660710856,1989
cn7_rh,pearson,Cycle_Time,Average_Back_Pressure,-0.8307554379247938,1989
cn7_rh,pearson,Cycle_Time,Barrel_Temperature_1,-0.9288562593013513,1989
cn7_rh,pearson,Cycle_Time,Barrel_Temperature_2,-0.9252011474885243,1989
cn7_rh,pearson,Cycle_Time,Barrel_Temperature_3,-0.9293833436899629,1989
cn7_rh,pearson,Cycle_Time,Barrel_Temperature_4,-0.8513997515130574,1989
cn7_rh,pearson,Cycle_Time,Barrel_Temperature_5,-0.9001991761247883,1989
cn7_rh,pearson,Cycle_Time,Barrel_Temperature_6,-0.8071131176562222,1989
cn7_rh,pearson,Cycle_Time,Hopper_Temperature,-0.8076188610735507,1989
cn7_rh,pearson,Cycle_Time,Mold_Temperature_3,-0.11808917693084463,1989
cn7_rh,pearson,Cycle_Time,Mold_Temperature_4,-0.01077544998770802,1989
cn7_rh,pearson,Clamp_Close_Time,Cushion_Position,-0.99102155395932,1989
cn7_rh,pearson,Clamp_Close_Time,Plasticizing_Position,0.9675299208283925,1989
cn7_rh,pearson,Clamp_Close_Time,Clamp_Open_Position,0.9959775419693815,1989
cn7_rh,pearson,Clamp_Close_Time,Max_Injection_Speed,-0.6336539184316976,1989
cn7_rh,pearson,Clamp_Close_Time,Max_Screw_RPM,0.14985179614546074,1989
cn7_rh,pearson,Clamp_Close_Time,Average_Screw_RPM,0.10627893445399564,1989
cn7_rh,pearson,Clamp_Close_Time,Max_Injection_Pressure,-0.9906936646920587,1989
cn7_rh,pearson,Clamp_Close_Time,Max_Switch_Over_Pressure,0.7361792737352701,1989
cn7_rh,pearson,Clamp_Close_Time,Max_Back_Pressure,0.6716414833686071,1989
cn7_rh,pearson,Clamp_Close_Time,Average_Back_Pressure,0.9544877270412627,1989
cn7_rh,pearson,Clamp_Close_Time,Barrel_Temperature_1,0.9765963577544241,1989
cn7_rh,pearson,Clamp_Close_Time,Barrel_Temperature_2,0.9750121557543691,1989
cn7_rh,pearson,Clamp_Close_Time,Barrel_Temperature_3,0.9801490067551353,1989
cn7_rh,pearson,Clamp_Close_Time,Barrel_Temperature_4,0.9064097432577444,1989
cn7_rh,pearson,Clamp_Close_Time,Barrel_Temperature_5,0.9521003554062576,1989
cn7_rh,pearson,Clamp_Close_Time,Barrel_Temperature_6,0.8450428106130496,1989
cn7_rh,pearson,Clamp_Close_Time,Hopper_Temperature,0.8406462967572805,1989
cn7_rh,pearson,Clamp_Close_Time,Mold_Temperature_3,0.13209541581589324,1989
cn7_rh,pearson,Clamp_Close_Time,Mold_Temperature_4,0.023928112682491356,1989
cn7_rh,pearson,Cushion_Position,Plasticizing_Position,-0.9682063620621311,1989
cn7_rh,pearson,Cushion_Position,Clamp_Open_Position,-0.9924940499789164,1989
cn7_rh,pearson,Cushion_Position,Max_Injection_Speed,0.6116404734754063,1989
cn7_rh,pearson,Cushion_Position,Max_Screw_RPM,-0.21170792469258695,1989
cn7_rh,pearson,Cushion_Position,Average_Screw_RPM,-0.10348334073421189,1989
cn7_rh,pearson,Cushion_Position,Max_Injection_Pressure,0.9920048722099459,1989
cn7_rh,pearson,Cushion_Position,Max_Switch_Over_Pressure,-0.7184394332087538,1989
cn7_rh,pearson,Cushion_Position,Max_Back_Pressure,-0.667842006005255,1989
cn7_rh,pearson,Cushion_Position,Average_Back_Pressure,-0.9503288601197137,1989
cn7_rh,pearson,Cushion_Position,Barrel_Temperature_1,-0.9739350953735234,1989
cn7_rh,pearson,Cushion_Position,Barrel_Temperature_2,-0.9731906437982618,1989
cn7_rh,pearson,Cushion_Position,Barrel_Temperature_3,-0.9773884683161602,1989
cn7_rh,pearson,Cushion_Position,Barrel_Temperature_4,-0.9028226329366076,1989
cn7_rh,pearson,Cushion_Position,Barrel_Temperature_5,-0.9489156191775556,1989
cn7_rh,pearson,Cushion_Position,Barrel_Temperature_6,-0.8423209033416877,1989
cn7_rh,pearson,Cushion_Position,Hopper_Temperature,-0.8462651317819894,1989
cn7_rh,pearson,Cushion_Position,Mold_Temperature_3,-0.18349232889749703,1989
cn7_rh,pearson,Cushion_Position,Mold_Temperature_4,-0.0801570618704861,1989
cn7_rh,pearson,Plasticizing_Position,Clamp_Open_Position,0.9634782588734915,1989
cn7_rh,pearson,Plasticizing_Position,Max_Injection_Speed,-0.6304551932430801,1989
cn7_rh,pearson,Plasticizing_Position,Max_Screw_RPM,0.19712019048749246,1989
cn7_rh,pearson,Plasticizing_Position,Average_Screw_RPM,0.2670408744692831,1989
cn7_rh,pearson,Plasticizing_Position,Max_Injection_Pressure,-0.958197971999227,1989
cn7_rh,pearson,Plasticizing_Position,Max_Switch_Over_Pressure,0.7525556072681896,1989
cn7_rh,pearson,Plasticizing_Position,Max_Back_Pressure,0.6285568129950136,1989
cn7_rh,pearson,Plasticizing_Position,Average_Back_Pressure,0.9157104291503178,1989
cn7_rh,pearson,Plasticizing_Position,Barrel_Temperature_1,0.946607648240313,1989
cn7_rh,pearson,Plasticizing_Position,Barrel_Temperature_2,0.9443173042652865,1989
cn7_rh,pearson,Plasticizing_Position,Barrel_Temperature_3,0.9499815904923954,1989
cn7_rh,pearson,Plasticizing_Position,Barrel_Temperature_4,0.8772719370658282,1989
cn7_rh,pearson,Plasticizing_Position,Barrel_Temperature_5,0.9194234296394759,1989
cn7_rh,pearson,Plasticizing_Position,Barrel_Temperature_6,0.814510190432732,1989
cn7_rh,pearson,Plasticizing_Position,Hopper_Temperature,0.8196845648264844,1989
cn7_rh,pearson,Plasticizing_Position,Mold_Temperature_3,0.30094150807784303,1989
cn7_rh,pearson,Plasticizing_Position,Mold_Temperature_4,0.21282166107504596,1989
cn7_rh,pearson,Clamp_Open_Position,Max_Injection_Speed,-0.6513531942997323,1989
cn7_rh,pearson,Clamp_Open_Position,Max_Screw_RPM,0.15358022027395327,1989
cn7_rh,pearson,Clamp_Open_Position,Average_Screw_RPM,0.06583774985364761,1989
cn7_rh,pearson,Clamp_Open_Position,Max_Injection_Pressure,-0.9914866424114844,1989
cn7_rh,pearson,Clamp_Open_Position,Max_Switch_Over_Pressure,0.7424447696133595,1989
cn7_rh,pearson,Clamp_Open_Position,Max_Back_Pressure,0.6668879964310899,1989
cn7_rh,pearson,Clamp_Open_Position,Average_Back_Pressure,0.9569509574460889,1989
cn7_rh,pearson,Clamp_Open_Position,Barrel_Temperature_1,0.980340370760316,1989
cn7_rh,pearson,Clamp_Open_Position,Barrel_Temperature_2,0.9798943498324434,1989
cn7_rh,pearson,Clamp_Open_Position,Barrel_Temperature_3,0.9839642874221699,1989
cn7_rh,pearson,Clamp_Open_Position,Barrel_Temperature_4,0.9109870695749088,1989
cn7_rh,pearson,Clamp_Open_Position,Barrel_Temperature_5,0.9563803233955087,1989
cn7_rh,pearson,Clamp_Open_Position,Barrel_Temperature_6,0.8477557067208278,1989
cn7_rh,pearson,Clamp_Open_Position,Hopper_Temperature,0.8209123120662639,1989
cn7_rh,pearson,Clamp_Open_Position,Mold_Temperature_3,0.11367610083131559,1989
cn7_rh,pearson,Clamp_Open_Position,Mold_Temperature_4,0.011906393367900508,1989
cn7_rh,pearson,Max_Injection_Speed,Max_Screw_RPM,-0.07217765947423062,1989
cn7_rh,pearson,Max_Injection_Speed,Average_Screw_RPM,0.1054245607034827,1989
cn7_rh,pearson,Max_Injection_Speed,Max_Injection_Pressure,0.5583781134941116,1989
cn7_rh,pearson,Max_Injection_Speed,Max_Switch_Over_Pressure,-0.8912929707611554,1989
cn7_rh,pearson,Max_Injection_Speed,Max_Back_Pressure,-0.6851226146291843,1989
cn7_rh,pearson,Max_Injection_Speed,Average_Back_Pressure,-0.7301337951175977,1989
cn7_rh,pearson,Max_Injection_Speed,Barrel_Temperature_1,-0.6336874233427475,1989
cn7_rh,pearson,Max_Injection_Speed,Barrel_Temperature_2,-0.6412919963900204,1989
cn7_rh,pearson,Max_Injection_Speed,Barrel_Temperature_3,-0.6415958438067744,1989
cn7_rh,pearson,Max_Injection_Speed,Barrel_Temperature_4,-0.6018297878576566,1989
cn7_rh,pearson,Max_Injection_Speed,Barrel_Temperature_5,-0.6318892907752223,1989
cn7_rh,pearson,Max_Injection_Speed,Barrel_Temperature_6,-0.5263767392579155,1989
cn7_rh,pearson,Max_Injection_Speed,Hopper_Temperature,-0.3198692955307969,1989
cn7_rh,pearson,Max_Injection_Speed,Mold_Temperature_3,0.0714191543838294,1989
cn7_rh,pearson,Max_Injection_Speed,Mold_Temperature_4,0.06202404586598684,1989
cn7_rh,pearson,Max_Screw_RPM,Average_Screw_RPM,0.2426296368338605,1989
cn7_rh,pearson,Max_Screw_RPM,Max_Injection_Pressure,-0.15742579875315302,1989
cn7_rh,pearson,Max_Screw_RPM,Max_Switch_Over_Pressure,0.10518477028852063,1989
cn7_rh,pearson,Max_Screw_RPM,Max_Back_Pressure,0.23047366559362106,1989
cn7_rh,pearson,Max_Screw_RPM,Average_Back_Pressure,0.18354098311931166,1989
cn7_rh,pearson,Max_Screw_RPM,Barrel_Temperature_1,0.16026182998958902,1989
cn7_rh,pearson,Max_Screw_RPM,Barrel_Temperature_2,0.1600689162050899,1989
cn7_rh,pearson,Max_Screw_RPM,Barrel_Temperature_3,0.15569791943071185,1989
cn7_rh,pearson,Max_Screw_RPM,Barrel_Temperature_4,0.13635418906977667,1989
cn7_rh,pearson,Max_Screw_RPM,Barrel_Temperature_5,0.15063942036080424,1989
cn7_rh,pearson,Max_Screw_RPM,Barrel_Temperature_6,0.12035425414244705,1989
cn7_rh,pearson,Max_Screw_RPM,Hopper_Temperature,0.17879142443873858,1989
cn7_rh,pearson,Max_Screw_RPM,Mold_Temperature_3,0.2467178439276681,1989
cn7_rh,pearson,Max_Screw_RPM,Mold_Temperature_4,0.24291236645288977,1989
cn7_rh,pearson,Average_Screw_RPM,Max_Injection_Pressure,-0.08408056607807267,1989
cn7_rh,pearson,Average_Screw_RPM,Max_Switch_Over_Pressure,0.11756717225755339,1989
cn7_rh,pearson,Average_Screw_RPM,Max_Back_Pressure,0.07803200711152325,1989
cn7_rh,pearson,Average_Screw_RPM,Average_Back_Pressure,0.05265246042724981,1989
cn7_rh,pearson,Average_Screw_RPM,Barrel_Temperature_1,0.07198067842508377,1989
cn7_rh,pearson,Average_Screw_RPM,Barrel_Temperature_2,0.06485260679232853,1989
cn7_rh,pearson,Average_Screw_RPM,Barrel_Temperature_3,0.06916563099751535,1989
cn7_rh,pearson,Average_Screw_RPM,Barrel_Temperature_4,0.05777821136339062,1989
cn7_rh,pearson,Average_Screw_RPM,Barrel_Temperature_5,0.05721434125601478,1989
cn7_rh,pearson,Average_Screw_RPM,Barrel_Temperature_6,0.05526155659029627,1989
cn7_rh,pearson,Average_Screw_RPM,Hopper_Temperature,0.25222734772498856,1989
cn7_rh,pearson,Average_Screw_RPM,Mold_Temperature_3,0.48278462423211566,1989
cn7_rh,pearson,Average_Screw_RPM,Mold_Temperature_4,0.4157120748711981,1989
cn7_rh,pearson,Max_Injection_Pressure,Max_Switch_Over_Pressure,-0.6649399236047695,1989
cn7_rh,pearson,Max_Injection_Pressure,Max_Back_Pressure,-0.6240014559785761,1989
cn7_rh,pearson,Max_Injection_Pressure,Average_Back_Pressure,-0.9335217936372734,1989
cn7_rh,pearson,Max_Injection_Pressure,Barrel_Temperature_1,-0.9725973890835827,1989
cn7_rh,pearson,Max_Injection_Pressure,Barrel_Temperature_2,-0.9705948274177152,1989
cn7_rh,pearson,Max_Injection_Pressure,Barrel_Temperature_3,-0.9758598395972101,1989
cn7_rh,pearson,Max_Injection_Pressure,Barrel_Temperature_4,-0.9046100136792734,1989
cn7_rh,pearson,Max_Injection_Pressure,Barrel_Temperature_5,-0.9474422335145564,1989
cn7_rh,pearson,Max_Injection_Pressure,Barrel_Temperature_6,-0.8428807186773402,1989
cn7_rh,pearson,Max_Injection_Pressure,Hopper_Temperature,-0.8553117370770734,1989
cn7_rh,pearson,Max_Injection_Pressure,Mold_Temperature_3,-0.15780302265143759,1989
cn7_rh,pearson,Max_Injection_Pressure,Mold_Temperature_4,-0.04669944846046266,1989
cn7_rh,pearson,Max_Switch_Over_Pressure,Max_Back_Pressure,0.7001655927889022,1989
cn7_rh,pearson,Max_Switch_Over_Pressure,Average_Back_Pressure,0.7891945392409774,1989
cn7_rh,pearson,Max_Switch_Over_Pressure,Barrel_Temperature_1,0.725044570069456,1989
cn7_rh,pearson,Max_Switch_Over_Pressure,Barrel_Temperature_2,0.7318802813438304,1989
cn7_rh,pearson,Max_Switch_Over_Pressure,Barrel_Temperature_3,0.7295735502924536,1989
cn7_rh,pearson,Max_Switch_Over_Pressure,Barrel_Temperature_4,0.6640889130082822,1989
cn7_rh,pearson,Max_Switch_Over_Pressure,Barrel_Temperature_5,0.708625525982176,1989
cn7_rh,pearson,Max_Switch_Over_Pressure,Barrel_Temperature_6,0.6259186047157868,1989
cn7_rh,pearson,Max_Switch_Over_Pressure,Hopper_Temperature,0.5022471903246746,1989
cn7_rh,pearson,Max_Switch_Over_Pressure,Mold_Temperature_3,0.061357035756014706,1989
cn7_rh,pearson,Max_Switch_Over_Pressure,Mold_Temperature_4,0.017580422646758426,1989
cn7_rh,pearson,Max_Back_Pressure,Average_Back_Pressure,0.8507779580899693,1989
cn7_rh,pearson,Max_Back_Pressure,Barrel_Temperature_1,0.6498154599736226,1989
cn7_rh,pearson,Max_Back_Pressure,Barrel_Temperature_2,0.6532004618802567,1989
cn7_rh,pearson,Max_Back_Pressure,Barrel_Temperature_3,0.6560863752308423,1989
cn7_rh,pearson,Max_Back_Pressure,Barrel_Temperature_4,0.63468488478533,1989
cn7_rh,pearson,Max_Back_Pressure,Barrel_Temperature_5,0.647072323718422,1989
cn7_rh,pearson,Max_Back_Pressure,Barrel_Temperature_6,0.5295591411596798,1989
cn7_rh,pearson,Max_Back_Pressure,Hopper_Temperature,0.5238852356121985,1989
cn7_rh,pearson,Max_Back_Pressure,Mold_Temperature_3,-0.041325847531736515,1989
cn7_rh,pearson,Max_Back_Pressure,Mold_Temperature_4,-0.1198568463638132,1989
cn7_rh,pearson,Average_Back_Pressure,Barrel_Temperature_1,0.9360440378863556,1989
cn7_rh,pearson,Average_Back_Pressure,Barrel_Temperature_2,0.9373532791076761,1989
cn7_rh,pearson,Average_Back_Pressure,Barrel_Temperature_3,0.941286930775636,1989
cn7_rh,pearson,Average_Back_Pressure,Barrel_Temperature_4,0.8793957623883147,1989
cn7_rh,pearson,Average_Back_Pressure,Barrel_Temperature_5,0.919581708880659,1989
cn7_rh,pearson,Average_Back_Pressure,Barrel_Temperature_6,0.7967856498791199,1989
cn7_rh,pearson,Average_Back_Pressure,Hopper_Temperature,0.7620428896656866,1989
cn7_rh,pearson,Average_Back_Pressure,Mold_Temperature_3,0.06194880621738229,1989
cn7_rh,pearson,Average_Back_Pressure,Mold_Temperature_4,-0.03202247159831173,1989
cn7_rh,pearson,Barrel_Temperature_1,Barrel_Temperature_2,0.9601122841328448,1989
cn7_rh,pearson,Barrel_Temperature_1,Barrel_Temperature_3,0.9747386351076748,1989
cn7_rh,pearson,Barrel_Temperature_1,Barrel_Temperature_4,0.8890271391153677,1989
cn7_rh,pearson,Barrel_Temperature_1,Barrel_Temperature_5,0.939550971454464,1989
cn7_rh,pearson,Barrel_Temperature_1,Barrel_Temperature_6,0.836672915158119,1989
cn7_rh,pearson,Barrel_Temperature_1,Hopper_Temperature,0.8052458482481306,1989
cn7_rh,pearson,Barrel_Temperature_1,Mold_Temperature_3,0.11948598331948307,1989
cn7_rh,pearson,Barrel_Temperature_1,Mold_Temperature_4,0.020212742760859374,1989
cn7_rh,pearson,Barrel_Temperature_2,Barrel_Temperature_3,0.9663132184100697,1989
cn7_rh,pearson,Barrel_Temperature_2,Barrel_Temperature_4,0.8893328971817787,1989
cn7_rh,pearson,Barrel_Temperature_2,Barrel_Temperature_5,0.9362080926606735,1989
cn7_rh,pearson,Barrel_Temperature_2,Barrel_Temperature_6,0.8228090082182233,1989
cn7_rh,pearson,Barrel_Temperature_2,Hopper_Temperature,0.8057178203658872,1989
cn7_rh,pearson,Barrel_Temperature_2,Mold_Temperature_3,0.11160718724102571,1989
cn7_rh,pearson,Barrel_Temperature_2,Mold_Temperature_4,0.011754733911095442,1989
cn7_rh,pearson,Barrel_Temperature_3,Barrel_Temperature_4,0.9027817288225742,1989
cn7_rh,pearson,Barrel_Temperature_3,Barrel_Temperature_5,0.9437547612511175,1989
cn7_rh,pearson,Barrel_Temperature_3,Barrel_Temperature_6,0.8405955964531948,1989
cn7_rh,pearson,Barrel_Temperature_3,Hopper_Temperature,0.8088039093539946,1989
cn7_rh,pearson,Barrel_Temperature_3,Mold_Temperature_3,0.12068614581192248,1989
cn7_rh,pearson,Barrel_Temperature_3,Mold_Temperature_4,0.019786224086498702,1989
cn7_rh,pearson,Barrel_Temperature_4,Barrel_Temperature_5,0.8589542477879059,1989
cn7_rh,pearson,Barrel_Temperature_4,Barrel_Temperature_6,0.7626564789774609,1989
cn7_rh,pearson,Barrel_Temperature_4,Hopper_Temperature,0.7437049890280204,1989
cn7_rh,pearson,Barrel_Temperature_4,Mold_Temperature_3,0.1014851333170648,1989
cn7_rh,pearson,Barrel_Temperature_4,Mold_Temperature_4,0.0119176095221727,1989
cn7_rh,pearson,Barrel_Temperature_5,Barrel_Temperature_6,0.8080759292412656,1989
cn7_rh,pearson,Barrel_Temperature_5,Hopper_Temperature,0.7810565056916182,1989
cn7_rh,pearson,Barrel_Temperature_5,Mold_Temperature_3,0.10124892106188996,1989
cn7_rh,pearson,Barrel_Temperature_5,Mold_Temperature_4,0.004343697711566228,1989
cn7_rh,pearson,Barrel_Temperature_6,Hopper_Temperature,0.7025560778420452,1989
cn7_rh,pearson,Barrel_Temperature_6,Mold_Temperature_3,0.1107320918386808,1989
cn7_rh,pearson,Barrel_Temperature_6,Mold_Temperature_4,0.020850235752704383,1989
cn7_rh,pearson,Hopper_Temperature,Mold_Temperature_3,0.354686695708315,1989
cn7_rh,pearson,Hopper_Temperature,Mold_Temperature_4,0.16522009788728073,1989
cn7_rh,pearson,Mold_Temperature_3,Mold_Temperature_4,0.9618260076067191,1989
cn7_rh,spearman,Injection_Time,Filling_Time,0.9601165752878617,1989
cn7_rh,spearman,Injection_Time,Plasticizing_Time,-0.3805774063891006,1989
cn7_rh,spearman,Injection_Time,Cycle_Time,0.8112020196089488,1989
cn7_rh,spearman,Injection_Time,Clamp_Close_Time,-0.3892960919063999,1989
cn7_rh,spearman,Injection_Time,Cushion_Position,0.23417141521489832,1989
cn7_rh,spearman,Injection_Time,Plasticizing_Position,0.45365084327252675,1989
cn7_rh,spearman,Injection_Time,Clamp_Open_Position,-0.12267193033483145,1989
cn7_rh,spearman,Injection_Time,Max_Injection_Speed,-0.8231275991591058,1989
cn7_rh,spearman,Injection_Time,Max_Screw_RPM,0.022417538772395457,1989
cn7_rh,spearman,Injection_Time,Average_Screw_RPM,0.020551007506503276,1989
cn7_rh,spearman,Injection_Time,Max_Injection_Pressure,0.7906825239295828,1989
cn7_rh,spearman,Injection_Time,Max_Switch_Over_Pressure,0.7864477349608389,1989
cn7_rh,spearman,Injection_Time,Max_Back_Pressure,0.322871110325586,1989
cn7_rh,spearman,Injection_Time,Average_Back_Pressure,0.5101041856741573,1989
cn7_rh,spearman,Injection_Time,Barrel_Temperature_1,0.006046749906547823,1989
cn7_rh,spearman,Injection_Time,Barrel_Temperature_2,0.029998855309884182,1989
cn7_rh,spearman,Injection_Time,Barrel_Temperature_3,-0.025430579934499604,1989
cn7_rh,spearman,Injection_Time,Barrel_Temperature_4,0.00034564820884032166,1989
cn7_rh,spearman,Injection_Time,Barrel_Temperature_5,-0.0499687535463955,1989
cn7_rh,spearman,Injection_Time,Barrel_Temperature_6,-0.045913744273471634,1989
cn7_rh,spearman,Injection_Time,Hopper_Temperature,-0.524146095338288,1989
cn7_rh,spearman,Injection_Time,Mold_Temperature_3,-0.04058854051575303,1989
cn7_rh,spearman,Injection_Time,Mold_Temperature_4,0.09491465646159972,1989
cn7_rh,spearman,Filling_Time,Plasticizing_Time,-0.4054721107749527,1989
cn7_rh,spearman,Filling_Time,Cycle_Time,0.783432227338644,1989
cn7_rh,spearman,Filling_Time,Clamp_Close_Time,-0.35112315400192395,1989
cn7_rh,spearman,Filling_Time,Cushion_Position,0.20290065368221843,1989
cn7_rh,spearman,Filling_Time,Plasticizing_Position,0.48780545009082654,1989
cn7_rh,spearman,Filling_Time,Clamp_Open_Position,0.12292284391021054,1989
cn7_rh,spearman,Filling_Time,Max_Injection_Speed,-0.8488405023855673,1989
cn7_rh,spearman,Filling_Time,Max_Screw_RPM,0.05389066455763495,1989
cn7_rh,spearman,Filling_Time,Average_Screw_RPM,0.02493102032826585,1989
cn7_rh,spearman,Filling_Time,Max_Injection_Pressure,0.7581970381897501,1989
cn7_rh,spearman,Filling_Time,Max_Switch_Over_Pressure,0.8138868933031836,1989
cn7_rh,spearman,Filling_Time,Max_Back_Pressure,0.35356916663239707,1989
cn7_rh,spearman,Filling_Time,Average_Back_Pressure,0.5391846879333663,1989
cn7_rh,spearman,Filling_Time,Barrel_Temperature_1,0.04270511501449703,1989
cn7_rh,spearman,Filling_Time,Barrel_Temperature_2,0.05609443113365846,1989
cn7_rh,spearman,Filling_Time,Barrel_Temperature_3,0.010110432481131085,1989
cn7_rh,spearman,Filling_Time,Barrel_Temperature_4,0.03125387445726845,1989
cn7_rh,spearman,Filling_Time,Barrel_Temperature_5,-0.019240163614074657,1989
cn7_rh,spearman,Filling_Time,Barrel_Temperature_6,-0.008291144107011244,1989
cn7_rh,spearman,Filling_Time,Hopper_Temperature,-0.4909870161270405,1989
cn7_rh,spearman,Filling_Time,Mold_Temperature_3,-0.011077992449879611,1989
cn7_rh,spearman,Filling_Time,Mold_Temperature_4,0.09868613626953897,1989
cn7_rh,spearman,Plasticizing_Time,Cycle_Time,-0.26659942132399866,1989
cn7_rh,spearman,Plasticizing_Time,Clamp_Close_Time,0.5987633664867663,1989
cn7_rh,spearman,Plasticizing_Time,Cushion_Position,-0.5669804008829682,1989
cn7_rh,spearman,Plasticizing_Time,Plasticizing_Position,0.42995794961160644,1989
cn7_rh,spearman,Plasticizing_Time,Clamp_Open_Position,-0.122419761574037,1989
cn7_rh,spearman,Plasticizing_Time,Max_Injection_Speed,0.738150067085694,1989
cn7_rh,spearman,Plasticizing_Time,Max_Screw_RPM,0.19164143455397298,1989
cn7_rh,spearman,Plasticizing_Time,Average_Screw_RPM,0.7236060952721388,1989
cn7_rh,spearman,Plasticizing_Time,Max_Injection_Pressure,-0.6352215127619039,1989
cn7_rh,spearman,Plasticizing_Time,Max_Switch_Over_Pressure,-0.25093980776667796,1989
cn7_rh,spearman,Plasticizing_Time,Max_Back_Pressure,-0.04010001352357109,1989
cn7_rh,spearman,Plasticizing_Time,Average_Back_Pressure,-0.4324697296660227,1989
cn7_rh,spearman,Plasticizing_Time,Barrel_Temperature_1,0.01913219799274326,1989
cn7_rh,spearman,Plasticizing_Time,Barrel_Temperature_2,-0.009504140239272275,1989
cn7_rh,spearman,Plasticizing_Time,Barrel_Temperature_3,-0.013628697737030506,1989
cn7_rh,spearman,Plasticizing_Time,Barrel_Temperature_4,-0.12896169769809496,1989
cn7_rh,spearman,Plasticizing_Time,Barrel_Temperature_5,-0.030084682209756096,1989
cn7_rh,spearman,Plasticizing_Time,Barrel_Temperature_6,0.03869335993444255,1989
cn7_rh,spearman,Plasticizing_Time,Hopper_Temperature,0.810586277958712,1989
cn7_rh,spearman,Plasticizing_Time,Mold_Temperature_3,0.5887035833451502,1989
cn7_rh,spearman,Plasticizing_Time,Mold_Temperature_4,0.47158513929464474,1989
cn7_rh,spearman,Cycle_Time,Clamp_Close_Time,-0.194278777130769,1989
cn7_rh,spearman,Cycle_Time,Cushion_Position,0.2093468559160615,1989
cn7_rh,spearman,Cycle_Time,Plasticizing_Position,0.4569522597379622,1989
cn7_rh,spearman,Cycle_Time,Clamp_Open_Position,-0.12949525630247438,1989
cn7_rh,spearman,Cycle_Time,Max_Injection_Speed,-0.6280597274447768,1989
cn7_rh,spearman,Cycle_Time,Max_Screw_RPM,-0.00956362156820199,1989
cn7_rh,spearman,Cycle_Time,Average_Screw_RPM,0.08023001052267574,1989
cn7_rh,spearman,Cycle_Time,Max_Injection_Pressure,0.6175994673395215,1989
cn7_rh,spearman,Cycle_Time,Max_Switch_Over_Pressure,0.6200561579889724,1989
cn7_rh,spearman,Cycle_Time,Max_Back_Pressure,0.2766392244750536,1989
cn7_rh,spearman,Cycle_Time,Average_Back_Pressure,0.41539571520206686,1989
cn7_rh,spearman,Cycle_Time,Barrel_Temperature_1,-0.011022327497454475,1989
cn7_rh,spearman,Cycle_Time,Barrel_Temperature_2,-0.0029361467884860587,1989
cn7_rh,spearman,Cycle_Time,Barrel_Temperature_3,-0.007140256035186669,1989
cn7_rh,spearman,Cycle_Time,Barrel_Temperature_4,0.15507137840226468,1989
cn7_rh,spearman,Cycle_Time,Barrel_Temperature_5,-0.057050249167940076,1989
cn7_rh,spearman,Cycle_Time,Barrel_Temperature_6,-0.02100640899691448,1989
cn7_rh,spearman,Cycle_Time,Hopper_Temperature,-0.4097537293655182,1989
cn7_rh,spearman,Cycle_Time,Mold_Temperature_3,-0.03372576792324536,1989
cn7_rh,spearman,Cycle_Time,Mold_Temperature_4,0.06926668037273563,1989
cn7_rh,spearman,Clamp_Close_Time,Cushion_Position,-0.24257172490995454,1989
cn7_rh,spearman,Clamp_Close_Time,Plasticizing_Position,0.29848858925565,1989
cn7_rh,spearman,Clamp_Close_Time,Clamp_Open_Position,0.14084951268585622,1989
cn7_rh,spearman,Clamp_Close_Time,Max_Injection_Speed,0.57404952055678,1989
cn7_rh,spearman,Clamp_Close_Time,Max_Screw_RPM,-0.03829060267559753,1989
cn7_rh,spearman,Clamp_Close_Time,Average_Screw_RPM,0.4600155085230543,1989
cn7_rh,spearman,Clamp_Close_Time,Max_Injection_Pressure,-0.5410029237934122,1989
cn7_rh,spearman,Clamp_Close_Time,Max_Switch_Over_Pressure,-0.25505672988680794,1989
cn7_rh,spearman,Clamp_Close_Time,Max_Back_Pressure,-0.13646734787703357,1989
cn7_rh,spearman,Clamp_Close_Time,Average_Back_Pressure,-0.40799729201325413,1989
cn7_rh,spearman,Clamp_Close_Time,Barrel_Temperature_1,0.03473334145456301,1989
cn7_rh,spearman,Clamp_Close_Time,Barrel_Temperature_2,-0.039565723600685825,1989
cn7_rh,spearman,Clamp_Close_Time,Barrel_Temperature_3,0.005940554970470065,1989
cn7_rh,spearman,Clamp_Close_Time,Barrel_Temperature_4,-0.009032902723826366,1989
cn7_rh,spearman,Clamp_Close_Time,Barrel_Temperature_5,-0.015223416224063238,1989
cn7_rh,spearman,Clamp_Close_Time,Barrel_Temperature_6,0.039449103796751296,1989
cn7_rh,spearman,Clamp_Close_Time,Hopper_Temperature,0.507483426212361,1989
cn7_rh,spearman,Clamp_Close_Time,Mold_Temperature_3,0.21469993605937407,1989
cn7_rh,spearman,Clamp_Close_Time,Mold_Temperature_4,0.06229445085621232,1989
cn7_rh,spearman,Cushion_Position,Plasticizing_Position,-0.28849544030751295,1989
cn7_rh,spearman,Cushion_Position,Clamp_Open_Position,-0.12619376878391053,1989
cn7_rh,spearman,Cushion_Position,Max_Injection_Speed,-0.33242707022405454,1989
cn7_rh,spearman,Cushion_Position,Max_Screw_RPM,-0.5420375909661552,1989
cn7_rh,spearman,Cushion_Position,Average_Screw_RPM,-0.46102907237028995,1989
cn7_rh,spearman,Cushion_Position,Max_Injection_Pressure,0.49444117824066486,1989
cn7_rh,spearman,Cushion_Position,Max_Switch_Over_Pressure,0.10327777375783012,1989
cn7_rh,spearman,Cushion_Position,Max_Back_Pressure,-0.14023662770088557,1989
cn7_rh,spearman,Cushion_Position,Average_Back_Pressure,0.07857428807098717,1989
cn7_rh,spearman,Cushion_Position,Barrel_Temperature_1,-0.055194397469420765,1989
cn7_rh,spearman,Cushion_Position,Barrel_Temperature_2,-0.042081767761169835,1989
cn7_rh,spearman,Cushion_Position,Barrel_Temperature_3,-0.051299625175969914,1989
cn7_rh,spearman,Cushion_Position,Barrel_Temperature_4,0.014813092474078596,1989
cn7_rh,spearman,Cushion_Position,Barrel_Temperature_5,-0.0223391864643175,1989
cn7_rh,spearman,Cushion_Position,Barrel_Temperature_6,-0.02073492105073035,1989
cn7_rh,spearman,Cushion_Position,Hopper_Temperature,-0.45250118670028533,1989
cn7_rh,spearman,Cushion_Position,Mold_Temperature_3,-0.5403499876017763,1989
cn7_rh,spearman,Cushion_Position,Mold_Temperature_4,-0.509743652275006,1989
cn7_rh,spearman,Plasticizing_Position,Clamp_Open_Position,0.12292348494302392,1989
cn7_rh,spearman,Plasticizing_Position,Max_Injection_Speed,-0.07835193970506953,1989
cn7_rh,spearman,Plasticizing_Position,Max_Screw_RPM,0.18974002300921422,1989
cn7_rh,spearman,Plasticizing_Position,Average_Screw_RPM,0.6820746856289452,1989
cn7_rh,spearman,Plasticizing_Position,Max_Injection_Pressure,-0.015153682101286215,1989
cn7_rh,spearman,Plasticizing_Position,Max_Switch_Over_Pressure,0.33542503854404127,1989
cn7_rh,spearman,Plasticizing_Position,Max_Back_Pressure,0.03971846101046502,1989
cn7_rh,spearman,Plasticizing_Position,Average_Back_Pressure,-0.07659531227340985,1989
cn7_rh,spearman,Plasticizing_Position,Barrel_Temperature_1,0.05880912708440029,1989
cn7_rh,spearman,Plasticizing_Position,Barrel_Temperature_2,0.010844473385536915,1989
cn7_rh,spearman,Plasticizing_Position,Barrel_Temperature_3,0.053082309442435305,1989
cn7_rh,spearman,Plasticizing_Position,Barrel_Temperature_4,0.023531867479065337,1989
cn7_rh,spearman,Plasticizing_Position,Barrel_Temperature_5,-0.01162080243764634,1989
cn7_rh,spearman,Plasticizing_Position,Barrel_Temperature_6,-0.02040266345437679,1989
cn7_rh,spearman,Plasticizing_Position,Hopper_Temperature,0.18540429159628022,1989
cn7_rh,spearman,Plasticizing_Position,Mold_Temperature_3,0.5495712771975388,1989
cn7_rh,spearman,Plasticizing_Position,Mold_Temperature_4,0.5330251907964961,1989
cn7_rh,spearman,Clamp_Open_Position,Max_Injection_Speed,-0.12274879590880501,1989
cn7_rh,spearman,Clamp_Open_Position,Max_Screw_RPM,0.12156256321415639,1989
cn7_rh,spearman,Clamp_Open_Position,Average_Screw_RPM,-0.00948916074904657,1989
cn7_rh,spearman,Clamp_Open_Position,Max_Injection_Pressure,-0.12533348692996446,1989
cn7_rh,spearman,Clamp_Open_Position,Max_Switch_Over_Pressure,0.12291194491459735,1989
cn7_rh,spearman,Clamp_Open_Position,Max_Back_Pressure,0.12280573764056314,1989
cn7_rh,spearman,Clamp_Open_Position,Average_Back_Pressure,0.12327592331082042,1989
cn7_rh,spearman,Clamp_Open_Position,Barrel_Temperature_1,0.12281468018275345,1989
cn7_rh,spearman,Clamp_Open_Position,Barrel_Temperature_2,0.12295084395197609,1989
cn7_rh,spearman,Clamp_Open_Position,Barrel_Temperature_3,0.123712601256503,1989
cn7_rh,spearman,Clamp_Open_Position,Barrel_Temperature_4,0.12259275633267512,1989
cn7_rh,spearman,Clamp_Open_Position,Barrel_Temperature_5,0.12335251509592772,1989
cn7_rh,spearman,Clamp_Open_Position,Barrel_Temperature_6,0.12390403949682928,1989
cn7_rh,spearman,Clamp_Open_Position,Hopper_Temperature,0.12255025847713412,1989
cn7_rh,spearman,Clamp_Open_Position,Mold_Temperature_3,0.11073035870648541,1989
cn7_rh,spearman,Clamp_Open_Position,Mold_Temperature_4,0.007215246652784334,1989
cn7_rh,spearman,Max_Injection_Speed,Max_Screw_RPM,0.03931003207517461,1989
cn7_rh,spearman,Max_Injection_Speed,Average_Screw_RPM,0.45079086085714515,1989
cn7_rh,spearman,Max_Injection_Speed,Max_Injection_Pressure,-0.8056780988768745,1989
cn7_rh,spearman,Max_Injection_Speed,Max_Switch_Over_Pressure,-0.6889129639250796,1989
cn7_rh,spearman,Max_Injection_Speed,Max_Back_Pressure,-0.22514691103694895,1989
cn7_rh,spearman,Max_Injection_Speed,Average_Back_Pressure,-0.5548375090541738,1989
cn7_rh,spearman,Max_Injection_Speed,Barrel_Temperature_1,-0.008560952797523766,1989
cn7_rh,spearman,Max_Injection_Speed,Barrel_Temperature_2,-0.05189887636415806,1989
cn7_rh,spearman,Max_Injection_Speed,Barrel_Temperature_3,-0.011317226964138094,1989
cn7_rh,spearman,Max_Injection_Speed,Barrel_Temperature_4,-0.06200118004927441,1989
cn7_rh,spearman,Max_Injection_Speed,Barrel_Temperature_5,0.002838521883766433,1989
cn7_rh,spearman,Max_Injection_Speed,Barrel_Temperature_6,0.013355203897063106,1989
cn7_rh,spearman,Max_Injection_Speed,Hopper_Temperature,0.675250430286362,1989
cn7_rh,spearman,Max_Injection_Speed,Mold_Temperature_3,0.24740528676230708,1989
cn7_rh,spearman,Max_Injection_Speed,Mold_Temperature_4,0.10500068867334844,1989
cn7_rh,spearman,Max_Screw_RPM,Average_Screw_RPM,0.30975887570394633,1989
cn7_rh,spearman,Max_Screw_RPM,Max_Injection_Pressure,-0.09385721270785241,1989
cn7_rh,spearman,Max_Screw_RPM,Max_Switch_Over_Pressure,-0.004087624924845576,1989
cn7_rh,spearman,Max_Screw_RPM,Max_Back_Pressure,0.3193004257620417,1989
cn7_rh,spearman,Max_Screw_RPM,Average_Back_Pressure,0.21906791362372388,1989
cn7_rh,spearman,Max_Screw_RPM,Barrel_Temperature_1,0.06232141644637303,1989
cn7_rh,spearman,Max_Screw_RPM,Barrel_Temperature_2,0.06393364118131646,1989
cn7_rh,spearman,Max_Screw_RPM,Barrel_Temperature_3,0.03554144025824035,1989
cn7_rh,spearman,Max_Screw_RPM,Barrel_Temperature_4,0.0023756653496647883,1989
cn7_rh,spearman,Max_Screw_RPM,Barrel_Temperature_5,0.036464201521887854,1989
cn7_rh,spearman,Max_Screw_RPM,Barrel_Temperature_6,-0.006304791469973057,1989
cn7_rh,spearman,Max_Screw_RPM,Hopper_Temperature,0.09500581947443099,1989
cn7_rh,spearman,Max_Screw_RPM,Mold_Temperature_3,0.22750460071346768,1989
cn7_rh,spearman,Max_Screw_RPM,Mold_Temperature_4,0.26328698307189713,1989
cn7_rh,spearman,Average_Screw_RPM,Max_Injection_Pressure,-0.3351824460915538,1989
cn7_rh,spearman,Average_Screw_RPM,Max_Switch_Over_Pressure,0.013509859881797056,1989
cn7_rh,spearman,Average_Screw_RPM,Max_Back_Pressure,0.18715895429453908,1989
cn7_rh,spearman,Average_Screw_RPM,Average_Back_Pressure,-0.12126498932832225,1989
cn7_rh,spearman,Average_Screw_RPM,Barrel_Temperature_1,0.03990960930933341,1989
cn7_rh,spearman,Average_Screw_RPM,Barrel_Temperature_2,-0.005696230513063195,1989
cn7_rh,spearman,Average_Screw_RPM,Barrel_Temperature_3,0.018974064171511915,1989
cn7_rh,spearman,Average_Screw_RPM,Barrel_Temperature_4,-0.006576230511648865,1989
cn7_rh,spearman,Average_Screw_RPM,Barrel_Temperature_5,-0.012171902333426224,1989
cn7_rh,spearman,Average_Screw_RPM,Barrel_Temperature_6,0.0034809999527834062,1989
cn7_rh,spearman,Average_Screw_RPM,Hopper_Temperature,0.4437365499619748,1989
cn7_rh,spearman,Average_Screw_RPM,Mold_Temperature_3,0.510214928718195,1989
cn7_rh,spearman,Average_Screw_RPM,Mold_Temperature_4,0.44805838923357205,1989
cn7_rh,spearman,Max_Injection_Pressure,Max_Switch_Over_Pressure,0.6397313498416464,1989
cn7_rh,spearman,Max_Injection_Pressure,Max_Back_Pressure,0.38373440930998987,1989
cn7_rh,spearman,Max_Injection_Pressure,Average_Back_Pressure,0.6389475393784751,1989
cn7_rh,spearman,Max_Injection_Pressure,Barrel_Temperature_1,-0.0073603143998991075,1989
cn7_rh,spearman,Max_Injection_Pressure,Barrel_Temperature_2,0.03581187167974088,1989
cn7_rh,spearman,Max_Injection_Pressure,Barrel_Temperature_3,-0.04926254272892703,1989
cn7_rh,spearman,Max_Injection_Pressure,Barrel_Temperature_4,-0.052623130290770564,1989
cn7_rh,spearman,Max_Injection_Pressure,Barrel_Temperature_5,-0.03353118178236026,1989
cn7_rh,spearman,Max_Injection_Pressure,Barrel_Temperature_6,-0.02995882151577092,1989
cn7_rh,spearman,Max_Injection_Pressure,Hopper_Temperature,-0.6397815316725328,1989
cn7_rh,spearman,Max_Injection_Pressure,Mold_Temperature_3,-0.41915810005830983,1989
cn7_rh,spearman,Max_Injection_Pressure,Mold_Temperature_4,-0.28165014630243124,1989
cn7_rh,spearman,Max_Switch_Over_Pressure,Max_Back_Pressure,0.4215817142222109,1989
cn7_rh,spearman,Max_Switch_Over_Pressure,Average_Back_Pressure,0.5160571325082606,1989
cn7_rh,spearman,Max_Switch_Over_Pressure,Barrel_Temperature_1,0.030096161414896332,1989
cn7_rh,spearman,Max_Switch_Over_Pressure,Barrel_Temperature_2,0.05865993901831064,1989
cn7_rh,spearman,Max_Switch_Over_Pressure,Barrel_Temperature_3,-0.025153430585462034,1989
cn7_rh,spearman,Max_Switch_Over_Pressure,Barrel_Temperature_4,-0.03695833034603417,1989
cn7_rh,spearman,Max_Switch_Over_Pressure,Barrel_Temperature_5,-0.04911565038862134,1989
cn7_rh,spearman,Max_Switch_Over_Pressure,Barrel_Temperature_6,0.042746950369342736,1989
cn7_rh,spearman,Max_Switch_Over_Pressure,Hopper_Temperature,-0.28213283671785594,1989
cn7_rh,spearman,Max_Switch_Over_Pressure,Mold_Temperature_3,0.019071849655632033,1989
cn7_rh,spearman,Max_Switch_Over_Pressure,Mold_Temperature_4,0.08732051592209522,1989
cn7_rh,spearman,Max_Back_Pressure,Average_Back_Pressure,0.8812657473666815,1989
cn7_rh,spearman,Max_Back_Pressure,Barrel_Temperature_1,0.06241818359206117,1989
cn7_rh,spearman,Max_Back_Pressure,Barrel_Temperature_2,0.0551137922792354,1989
cn7_rh,spearman,Max_Back_Pressure,Barrel_Temperature_3,0.040239705537091976,1989
cn7_rh,spearman,Max_Back_Pressure,Barrel_Temperature_4,0.27356395318225213,1989
cn7_rh,spearman,Max_Back_Pressure,Barrel_Temperature_5,-0.01726803360495808,1989
cn7_rh,spearman,Max_Back_Pressure,Barrel_Temperature_6,-0.0419272279229003,1989
cn7_rh,spearman,Max_Back_Pressure,Hopper_Temperature,-0.04503409727822029,1989
cn7_rh,spearman,Max_Back_Pressure,Mold_Temperature_3,-0.21602802223525497,1989
cn7_rh,spearman,Max_Back_Pressure,Mold_Temperature_4,-0.1839117056585123,1989
cn7_rh,spearman,Average_Back_Pressure,Barrel_Temperature_1,0.0399094049598531,1989
cn7_rh,spearman,Average_Back_Pressure,Barrel_Temperature_2,0.06273729133324772,1989
cn7_rh,spearman,Average_Back_Pressure,Barrel_Temperature_3,0.036350098433328336,1989
cn7_rh,spearman,Average_Back_Pressure,Barrel_Temperature_4,0.2609326503353557,1989
cn7_rh,spearman,Average_Back_Pressure,Barrel_Temperature_5,-0.0011883150655749109,1989
cn7_rh,spearman,Average_Back_Pressure,Barrel_Temperature_6,-0.05281942087017933,1989
cn7_rh,spearman,Average_Back_Pressure,Hopper_Temperature,-0.3905002726118632,1989
cn7_rh,spearman,Average_Back_Pressure,Mold_Temperature_3,-0.3955160830417562,1989
cn7_rh,spearman,Average_Back_Pressure,Mold_Temperature_4,-0.3001700274832302,1989
cn7_rh,spearman,Barrel_Temperature_1,Barrel_Temperature_2,-0.007441180714655329,1989
cn7_rh,spearman,Barrel_Temperature_1,Barrel_Temperature_3,0.29414004972523466,1989
cn7_rh,spearman,Barrel_Temperature_1,Barrel_Temperature_4,-0.036028618938544546,1989
cn7_rh,spearman,Barrel_Temperature_1,Barrel_Temperature_5,0.10460112794760372,1989
cn7_rh,spearman,Barrel_Temperature_1,Barrel_Temperature_6,0.07253730259007239,1989
cn7_rh,spearman,Barrel_Temperature_1,Hopper_Temperature,0.020434700270435164,1989
cn7_rh,spearman,Barrel_Temperature_1,Mold_Temperature_3,0.0460685839390272,1989
cn7_rh,spearman,Barrel_Temperature_1,Mold_Temperature_4,0.03371533196628269,1989
cn7_rh,spearman,Barrel_Temperature_2,Barrel_Temperature_3,0.0684209748204315,1989
cn7_rh,spearman,Barrel_Temperature_2,Barrel_Temperature_4,-0.025801269091835447,1989
cn7_rh,spearman,Barrel_Temperature_2,Barrel_Temperature_5,0.0196727158159656,1989
cn7_rh,spearman,Barrel_Temperature_2,Barrel_Temperature_6,-0.05787040191309974,1989
cn7_rh,spearman,Barrel_Temperature_2,Hopper_Temperature,0.033754385019301426,1989
cn7_rh,spearman,Barrel_Temperature_2,Mold_Temperature_3,0.011159428693675802,1989
cn7_rh,spearman,Barrel_Temperature_2,Mold_Temperature_4,0.007897800961339912,1989
cn7_rh,spearman,Barrel_Temperature_3,Barrel_Temperature_4,0.14210167786706243,1989
cn7_rh,spearman,Barrel_Temperature_3,Barrel_Temperature_5,0.1291103161622902,1989
cn7_rh,spearman,Barrel_Temperature_3,Barrel_Temperature_6,0.07601792473669608,1989
cn7_rh,spearman,Barrel_Temperature_3,Hopper_Temperature,0.010545097823345036,1989
cn7_rh,spearman,Barrel_Temperature_3,Mold_Temperature_3,0.0497110728418236,1989
cn7_rh,spearman,Barrel_Temperature_3,Mold_Temperature_4,0.03720117898191863,1989
cn7_rh,spearman,Barrel_Temperature_4,Barrel_Temperature_5,-0.05884774132146781,1989
cn7_rh,spearman,Barrel_Temperature_4,Barrel_Temperature_6,-0.0341505221497679,1989
cn7_rh,spearman,Barrel_Temperature_4,Hopper_Temperature,-0.0036648322858027966,1989
cn7_rh,spearman,Barrel_Temperature_4,Mold_Temperature_3,0.009791064538770065,1989
cn7_rh,spearman,Barrel_Temperature_4,Mold_Temperature_4,0.009262845883673113,1989
cn7_rh,spearman,Barrel_Temperature_5,Barrel_Temperature_6,0.003767278140791848,1989
cn7_rh,spearman,Barrel_Temperature_5,Hopper_Temperature,-0.012939333211483292,1989
cn7_rh,spearman,Barrel_Temperature_5,Mold_Temperature_3,-0.010914324207862479,1989
cn7_rh,spearman,Barrel_Temperature_5,Mold_Temperature_4,-0.027308616754419892,1989
cn7_rh,spearman,Barrel_Temperature_6,Hopper_Temperature,0.04453558623937238,1989
cn7_rh,spearman,Barrel_Temperature_6,Mold_Temperature_3,0.05026830833928342,1989
cn7_rh,spearman,Barrel_Temperature_6,Mold_Temperature_4,0.03383190940711538,1989
cn7_rh,spearman,Hopper_Temperature,Mold_Temperature_3,0.5380849322308635,1989
cn7_rh,spearman,Hopper_Temperature,Mold_Temperature_4,0.39854117479529133,1989
cn7_rh,spearman,Mold_Temperature_3,Mold_Temperature_4,0.9639041738960715,1989
rg3,pearson,Injection_Time,Filling_Time,0.4930743770660783,1256
rg3,pearson,Injection_Time,Plasticizing_Time,0.6229832240926777,1256
rg3,pearson,Injection_Time,Cycle_Time,0.10224050497252687,1256
rg3,pearson,Injection_Time,Clamp_Close_Time,-0.40320370954133644,1256
rg3,pearson,Injection_Time,Cushion_Position,-0.11207537050801061,1256
rg3,pearson,Injection_Time,Switch_Over_Position,-0.013114206749946542,1256
rg3,pearson,Injection_Time,Plasticizing_Position,0.47701052022516044,1256
rg3,pearson,Injection_Time,Max_Injection_Speed,-0.8364193751920959,1256
rg3,pearson,Injection_Time,Max_Screw_RPM,0.2083975281184362,1256
rg3,pearson,Injection_Time,Average_Screw_RPM,-0.8882594061904472,1256
rg3,pearson,Injection_Time,Max_Injection_Pressure,0.7476083755943499,1256
rg3,pearson,Injection_Time,Max_Switch_Over_Pressure,0.7502832157541306,1256
rg3,pearson,Injection_Time,Max_Back_Pressure,0.7517299433582308,1256
rg3,pearson,Injection_Time,Average_Back_Pressure,0.6084099380844066,1256
rg3,pearson,Injection_Time,Barrel_Temperature_1,-0.03126829445042128,1256
rg3,pearson,Injection_Time,Barrel_Temperature_2,-0.03837818860509516,1256
rg3,pearson,Injection_Time,Barrel_Temperature_3,0.07338466610773835,1256
rg3,pearson,Injection_Time,Barrel_Temperature_4,-0.009833347737921059,1256
rg3,pearson,Injection_Time,Barrel_Temperature_5,-0.023389555668405462,1256
rg3,pearson,Injection_Time,Barrel_Temperature_6,-0.00015879548893846574,1256
rg3,pearson,Injection_Time,Hopper_Temperature,-0.37431586013485496,1256
rg3,pearson,Injection_Time,Mold_Temperature_3,-0.019897828474702454,1256
rg3,pearson,Injection_Time,Mold_Temperature_4,0.16431513480053728,1256
rg3,pearson,Filling_Time,Plasticizing_Time,0.17147242037953403,1256
rg3,pearson,Filling_Time,Cycle_Time,0.04598335457522272,1256
rg3,pearson,Filling_Time,Clamp_Close_Time,-0.48703311896239154,1256
rg3,pearson,Filling_Time,Cushion_Position,-0.7202957116157582,1256
rg3,pearson,Filling_Time,Switch_Over_Position,0.03456170589730567,1256
rg3,pearson,Filling_Time,Plasticizing_Position,0.43545253350986624,1256
rg3,pearson,Filling_Time,Max_Injection_Speed,-0.7516738182342366,1256
rg3,pearson,Filling_Time,Max_Screw_RPM,0.11905214691361293,1256
rg3,pearson,Filling_Time,Average_Screw_RPM,-0.4897037214462196,1256
rg3,pearson,Filling_Time,Max_Injection_Pressure,0.8217916659668505,1256
rg3,pearson,Filling_Time,Max_Switch_Over_Pressure,0.6173520591918902,1256
rg3,pearson,Filling_Time,Max_Back_Pressure,0.7315713853583563,1256
rg3,pearson,Filling_Time,Average_Back_Pressure,0.7313112767456088,1256
rg3,pearson,Filling_Time,Barrel_Temperature_1,-0.02132960601210408,1256
rg3,pearson,Filling_Time,Barrel_Temperature_2,0.007992656897803133,1256
rg3,pearson,Filling_Time,Barrel_Temperature_3,0.03691370742608852,1256
rg3,pearson,Filling_Time,Barrel_Temperature_4,0.12125948542513716,1256
rg3,pearson,Filling_Time,Barrel_Temperature_5,-0.09443296996081364,1256
rg3,pearson,Filling_Time,Barrel_Temperature_6,-0.05745806167550568,1256
rg3,pearson,Filling_Time,Hopper_Temperature,-0.4746558327597941,1256
rg3,pearson,Filling_Time,Mold_Temperature_3,0.26059994232694483,1256
rg3,pearson,Filling_Time,Mold_Temperature_4,0.4270122645450885,1256
rg3,pearson,Plasticizing_Time,Cycle_Time,0.06474332380085061,1256
rg3,pearson,Plasticizing_Time,Clamp_Close_Time,-0.06657599226990589,1256
rg3,pearson,Plasticizing_Time,Cushion_Position,0.01815130722328568,1256
rg3,pearson,Plasticizing_Time,Switch_Over_Position,-0.011899714894091383,1256
rg3,pearson,Plasticizing_Time,Plasticizing_Position,0.299200127040477,1256
rg3,pearson,Plasticizing_Time,Max_Injection_Speed,-0.48756049219393616,1256
rg3,pearson,Plasticizing_Time,Max_Screw_RPM,0.22164510778791213,1256
rg3,pearson,Plasticizing_Time,Average_Screw_RPM,-0.7244655901271595,1256
rg3,pearson,Plasticizing_Time,Max_Injection_Pressure,0.4087128590933934,1256
rg3,pearson,Plasticizing_Time,Max_Switch_Over_Pressure,0.493541926732927,1256
rg3,pearson,Plasticizing_Time,Max_Back_Pressure,0.4111670955810922,1256
rg3,pearson,Plasticizing_Time,Average_Back_Pressure,0.16437527039169256,1256
rg3,pearson,Plasticizing_Time,Barrel_Temperature_1,-0.03538912228128027,1256
rg3,pearson,Plasticizing_Time,Barrel_Temperature_2,-0.0255536790939013,1256
rg3,pearson,Plasticizing_Time,Barrel_Temperature_3,-0.01762955551515101,1256
rg3,pearson,Plasticizing_Time,Barrel_Temperature_4,-0.2065462380937158,1256
rg3,pearson,Plasticizing_Time,Barrel_Temperature_5,0.01919104894857573,1256
rg3,pearson,Plasticizing_Time,Barrel_Temperature_6,0.004827712500540036,1256
rg3,pearson,Plasticizing_Time,Hopper_Temperature,-0.13992404744330145,1256
rg3,pearson,Plasticizing_Time,Mold_Temperature_3,-0.399916096208285,1256
rg3,pearson,Plasticizing_Time,Mold_Temperature_4,-0.28885866525861253,1256
rg3,pearson,Cycle_Time,Clamp_Close_Time,0.03420267973264476,1256
rg3,pearson,Cycle_Time,Cushion_Position,0.010009037575327472,1256
rg3,pearson,Cycle_Time,Switch_Over_Position,0.011553963646700078,1256
rg3,pearson,Cycle_Time,Plasticizing_Position,0.010361635725193667,1256
rg3,pearson,Cycle_Time,Max_Injection_Speed,-0.0673191121526809,1256
rg3,pearson,Cycle_Time,Max_Screw_RPM,0.06804418754143605,1256
rg3,pearson,Cycle_Time,Average_Screw_RPM,-0.08723991658466529,1256
rg3,pearson,Cycle_Time,Max_Injection_Pressure,0.058283797585612244,1256
rg3,pearson,Cycle_Time,Max_Switch_Over_Pressure,0.058553506092727046,1256
rg3,pearson,Cycle_Time,Max_Back_Pressure,0.09101891436425764,1256
rg3,pearson,Cycle_Time,Average_Back_Pressure,0.06690213068628148,1256
rg3,pearson,Cycle_Time,Barrel_Temperature_1,-0.0968607717739926,1256
rg3,pearson,Cycle_Time,Barrel_Temperature_2,0.030432209639160317,1256
rg3,pearson,Cycle_Time,Barrel_Temperature_3,-0.06405190207623178,1256
rg3,pearson,Cycle_Time,Barrel_Temperature_4,-0.011285136206672134,1256
rg3,pearson,Cycle_Time,Barrel_Temperature_5,-0.011727015698561936,1256
rg3,pearson,Cycle_Time,Barrel_Temperature_6,0.0145692495663579,1256
rg3,pearson,Cycle_Time,Hopper_Temperature,-0.02651023298171976,1256
rg3,pearson,Cycle_Time,Mold_Temperature_3,-0.06758445836093584,1256
rg3,pearson,Cycle_Time,Mold_Temperature_4,-0.05373849309468717,1256
rg3,pearson,Clamp_Close_Time,Cushion_Position,0.48329110931911745,1256
rg3,pearson,Clamp_Close_Time,Switch_Over_Position,0.06080528521842243,1256
rg3,pearson,Clamp_Close_Time,Plasticizing_Position,-0.6583205620800506,1256
rg3,pearson,Clamp_Close_Time,Max_Injection_Speed,0.5880732977386944,1256
rg3,pearson,Clamp_Close_Time,Max_Screw_RPM,-0.10921929759448432,1256
rg3,pearson,Clamp_Close_Time,Average_Screw_RPM,0.4017765241628435,1256
rg3,pearson,Clamp_Close_Time,Max_Injection_Pressure,-0.5308030404219188,1256
rg3,pearson,Clamp_Close_Time,Max_Switch_Over_Pressure,-0.5097297365700693,1256
rg3,pearson,Clamp_Close_Time,Max_Back_Pressure,-0.5505181778100892,1256
rg3,pearson,Clamp_Close_Time,Average_Back_Pressure,-0.5824449704429492,1256
rg3,pearson,Clamp_Close_Time,Barrel_Temperature_1,0.03598814447839037,1256
rg3,pearson,Clamp_Close_Time,Barrel_Temperature_2,0.06568115709462155,1256
rg3,pearson,Clamp_Close_Time,Barrel_Temperature_3,-0.029058403933593848,1256
rg3,pearson,Clamp_Close_Time,Barrel_Temperature_4,0.026298989722558265,1256
rg3,pearson,Clamp_Close_Time,Barrel_Temperature_5,0.0005027936170221016,1256
rg3,pearson,Clamp_Close_Time,Barrel_Temperature_6,-0.04602783673232336,1256
rg3,pearson,Clamp_Close_Time,Hopper_Temperature,0.534931303349892,1256
rg3,pearson,Clamp_Close_Time,Mold_Temperature_3,-0.3016328956782481,1256
rg3,pearson,Clamp_Close_Time,Mold_Temperature_4,-0.5154208192932357,1256
rg3,pearson,Cushion_Position,Switch_Over_Position,0.029269891186121003,1256
rg3,pearson,Cushion_Position,Plasticizing_Position,-0.39319693220667234,1256
rg3,pearson,Cushion_Position,Max_Injection_Speed,0.5812236033008008,1256
rg3,pearson,Cushion_Position,Max_Screw_RPM,-0.07613460061610369,1256
rg3,pearson,Cushion_Position,Average_Screw_RPM,0.2531450774712268,1256
rg3,pearson,Cushion_Position,Max_Injection_Pressure,-0.6521938026375349,1256
rg3,pearson,Cushion_Position,Max_Switch_Over_Pressure,-0.4860903871300345,1256
rg3,pearson,Cushion_Position,Max_Back_Pressure,-0.5825974973948165,1256
rg3,pearson,Cushion_Position,Average_Back_Pressure,-0.6283712193218169,1256
rg3,pearson,Cushion_Position,Barrel_Temperature_1,0.03772094801784053,1256
rg3,pearson,Cushion_Position,Barrel_Temperature_2,0.043464437065294105,1256
rg3,pearson,Cushion_Position,Barrel_Temperature_3,0.04081089743093863,1256
rg3,pearson,Cushion_Position,Barrel_Temperature_4,-0.08656133009507959,1256
rg3,pearson,Cushion_Position,Barrel_Temperature_5,0.08712318761118862,1256
rg3,pearson,Cushion_Position,Barrel_Temperature_6,0.04027164126313116,1256
rg3,pearson,Cushion_Position,Hopper_Temperature,0.4420591377776259,1256
rg3,pearson,Cushion_Position,Mold_Temperature_3,-0.28829491273824276,1256
rg3,pearson,Cushion_Position,Mold_Temperature_4,-0.43163143177680385,1256
rg3,pearson,Switch_Over_Position,Plasticizing_Position,-0.03539356309630842,1256
rg3,pearson,Switch_Over_Position,Max_Injection_Speed,0.029101293366912206,1256
rg3,pearson,Switch_Over_Position,Max_Screw_RPM,-0.003191549977391428,1256
rg3,pearson,Switch_Over_Position,Average_Screw_RPM,0.014163512633166614,1256
rg3,pearson,Switch_Over_Position,Max_Injection_Pressure,-0.001726026159540302,1256
rg3,pearson,Switch_Over_Position,Max_Switch_Over_Pressure,-0.48425358616694686,1256
rg3,pearson,Switch_Over_Position,Max_Back_Pressure,-0.013993665219829603,1256
rg3,pearson,Switch_Over_Position,Average_Back_Pressure,-0.020162910399985048,1256
rg3,pearson,Switch_Over_Position,Barrel_Temperature_1,-0.05352059470794388,1256
rg3,pearson,Switch_Over_Position,Barrel_Temperature_2,-0.013586288162587204,1256
rg3,pearson,Switch_Over_Position,Barrel_Temperature_3,0.00774114612256016,1256
rg3,pearson,Switch_Over_Position,Barrel_Temperature_4,0.011631348309468941,1256
rg3,pearson,Switch_Over_Position,Barrel_Temperature_5,0.052047245842308375,1256
rg3,pearson,Switch_Over_Position,Barrel_Temperature_6,-0.020323173797553856,1256
rg3,pearson,Switch_Over_Position,Hopper_Temperature,0.026085937245815326,1256
rg3,pearson,Switch_Over_Position,Mold_Temperature_3,0.015191361643035887,1256
rg3,pearson,Switch_Over_Position,Mold_Temperature_4,-0.0017059629733973457,1256
rg3,pearson,Plasticizing_Position,Max_Injection_Speed,-0.5911093334905058,1256
rg3,pearson,Plasticizing_Position,Max_Screw_RPM,0.16401313692550565,1256
rg3,pearson,Plasticizing_Position,Average_Screw_RPM,-0.5227396644113643,1256
rg3,pearson,Plasticizing_Position,Max_Injection_Pressure,0.5720298686643609,1256
rg3,pearson,Plasticizing_Position,Max_Switch_Over_Pressure,0.5239875874724043,1256
rg3,pearson,Plasticizing_Position,Max_Back_Pressure,0.5574515381631053,1256
rg3,pearson,Plasticizing_Position,Average_Back_Pressure,0.5222436771789333,1256
rg3,pearson,Plasticizing_Position,Barrel_Temperature_1,-0.046710741518187854,1256
rg3,pearson,Plasticizing_Position,Barrel_Temperature_2,-0.05380481377068463,1256
rg3,pearson,Plasticizing_Position,Barrel_Temperature_3,0.02668478374242347,1256
rg3,pearson,Plasticizing_Position,Barrel_Temperature_4,0.028862861278358104,1256
rg3,pearson,Plasticizing_Position,Barrel_Temperature_5,-0.010135786006457188,1256
rg3,pearson,Plasticizing_Position,Barrel_Temperature_6,-0.08782050032756585,1256
rg3,pearson,Plasticizing_Position,Hopper_Temperature,-0.5304078067559879,1256
rg3,pearson,Plasticizing_Position,Mold_Temperature_3,0.011204470038355922,1256
rg3,pearson,Plasticizing_Position,Mold_Temperature_4,0.21754529626734245,1256
rg3,pearson,Max_Injection_Speed,Max_Screw_RPM,-0.2172219799550788,1256
rg3,pearson,Max_Injection_Speed,Average_Screw_RPM,0.8594865684966736,1256
rg3,pearson,Max_Injection_Speed,Max_Injection_Pressure,-0.9116363543007755,1256
rg3,pearson,Max_Injection_Speed,Max_Switch_Over_Pressure,-0.8608022896070839,1256
rg3,pearson,Max_Injection_Speed,Max_Back_Pressure,-0.9098515525904732,1256
rg3,pearson,Max_Injection_Speed,Average_Back_Pressure,-0.8224171630287609,1256
rg3,pearson,Max_Injection_Speed,Barrel_Temperature_1,0.033682222437021986,1256
rg3,pearson,Max_Injection_Speed,Barrel_Temperature_2,0.06321381261658902,1256
rg3,pearson,Max_Injection_Speed,Barrel_Temperature_3,-0.04561488109757397,1256
rg3,pearson,Max_Injection_Speed,Barrel_Temperature_4,-0.03289966557530621,1256
rg3,pearson,Max_Injection_Speed,Barrel_Temperature_5,0.04734238785431194,1256
rg3,pearson,Max_Injection_Speed,Barrel_Temperature_6,0.00738829514285519,1256
rg3,pearson,Max_Injection_Speed,Hopper_Temperature,0.5657363488014813,1256
rg3,pearson,Max_Injection_Speed,Mold_Temperature_3,-0.1317254330875915,1256
rg3,pearson,Max_Injection_Speed,Mold_Temperature_4,-0.36556317518918885,1256
rg3,pearson,Max_Screw_RPM,Average_Screw_RPM,-0.24674537251879017,1256
rg3,pearson,Max_Screw_RPM,Max_Injection_Pressure,0.19601098705644213,1256
rg3,pearson,Max_Screw_RPM,Max_Switch_Over_Pressure,0.18627412146830938,1256
rg3,pearson,Max_Screw_RPM,Max_Back_Pressure,0.17942886620826545,1256
rg3,pearson,Max_Screw_RPM,Average_Back_Pressure,0.10510482100003334,1256
rg3,pearson,Max_Screw_RPM,Barrel_Temperature_1,-0.001938353609005761,1256
rg3,pearson,Max_Screw_RPM,Barrel_Temperature_2,-0.00994283719885631,1256
rg3,pearson,Max_Screw_RPM,Barrel_Temperature_3,0.07015614274177084,1256
rg3,pearson,Max_Screw_RPM,Barrel_Temperature_4,-0.06761306222929651,1256
rg3,pearson,Max_Screw_RPM,Barrel_Temperature_5,0.0008866841222052564,1256
rg3,pearson,Max_Screw_RPM,Barrel_Temperature_6,-0.01399387995155312,1256
rg3,pearson,Max_Screw_RPM,Hopper_Temperature,-0.04086661054821891,1256
rg3,pearson,Max_Screw_RPM,Mold_Temperature_3,-0.007600600055521813,1256
rg3,pearson,Max_Screw_RPM,Mold_Temperature_4,0.03523331060481642,1256
rg3,pearson,Average_Screw_RPM,Max_Injection_Pressure,-0.7178963134808379,1256
rg3,pearson,Average_Screw_RPM,Max_Switch_Over_Pressure,-0.7843888442350493,1256
rg3,pearson,Average_Screw_RPM,Max_Back_Pressure,-0.7797283373856414,1256
rg3,pearson,Average_Screw_RPM,Average_Back_Pressure,-0.5971526318522102,1256
rg3,pearson,Average_Screw_RPM,Barrel_Temperature_1,0.05856649002914275,1256
rg3,pearson,Average_Screw_RPM,Barrel_Temperature_2,0.061872392677403285,1256
rg3,pearson,Average_Screw_RPM,Barrel_Temperature_3,-0.05283190451747063,1256
rg3,pearson,Average_Screw_RPM,Barrel_Temperature_4,0.040734951784340785,1256
rg3,pearson,Average_Screw_RPM,Barrel_Temperature_5,0.009289245446835707,1256
rg3,pearson,Average_Screw_RPM,Barrel_Temperature_6,-0.042551995763041105,1256
rg3,pearson,Average_Screw_RPM,Hopper_Temperature,0.40361312523131093,1256
rg3,pearson,Average_Screw_RPM,Mold_Temperature_3,0.06708117188544763,1256
rg3,pearson,Average_Screw_RPM,Mold_Temperature_4,-0.12936837760642758,1256
rg3,pearson,Max_Injection_Pressure,Max_Switch_Over_Pressure,0.7815779514796611,1256
rg3,pearson,Max_Injection_Pressure,Max_Back_Pressure,0.8562587073776465,1256
rg3,pearson,Max_Injection_Pressure,Average_Back_Pressure,0.7996981273546788,1256
rg3,pearson,Max_Injection_Pressure,Barrel_Temperature_1,-0.01659323282986113,1256
rg3,pearson,Max_Injection_Pressure,Barrel_Temperature_2,-0.04638258628341155,1256
rg3,pearson,Max_Injection_Pressure,Barrel_Temperature_3,0.030184442034554657,1256
rg3,pearson,Max_Injection_Pressure,Barrel_Temperature_4,0.08490916634881451,1256
rg3,pearson,Max_Injection_Pressure,Barrel_Temperature_5,-0.08057879227740775,1256
rg3,pearson,Max_Injection_Pressure,Barrel_Temperature_6,-0.08282851858750105,1256
rg3,pearson,Max_Injection_Pressure,Hopper_Temperature,-0.5166686528551135,1256
rg3,pearson,Max_Injection_Pressure,Mold_Temperature_3,0.13961783217508272,1256
rg3,pearson,Max_Injection_Pressure,Mold_Temperature_4,0.34468109483876386,1256
rg3,pearson,Max_Switch_Over_Pressure,Max_Back_Pressure,0.817633522398508,1256
rg3,pearson,Max_Switch_Over_Pressure,Average_Back_Pressure,0.719085350662249,1256
rg3,pearson,Max_Switch_Over_Pressure,Barrel_Temperature_1,-0.013627325203424197,1256
rg3,pearson,Max_Switch_Over_Pressure,Barrel_Temperature_2,-0.028865116288660033,1256
rg3,pearson,Max_Switch_Over_Pressure,Barrel_Temperature_3,0.037137789641958845,1256
rg3,pearson,Max_Switch_Over_Pressure,Barrel_Temperature_4,0.04293217113597642,1256
rg3,pearson,Max_Switch_Over_Pressure,Barrel_Temperature_5,-0.07243391087043671,1256
rg3,pearson,Max_Switch_Over_Pressure,Barrel_Temperature_6,0.0031493741578581085,1256
rg3,pearson,Max_Switch_Over_Pressure,Hopper_Temperature,-0.5030165584229038,1256
rg3,pearson,Max_Switch_Over_Pressure,Mold_Temperature_3,0.031094901869813892,1256
rg3,pearson,Max_Switch_Over_Pressure,Mold_Temperature_4,0.24273419485675204,1256
rg3,pearson,Max_Back_Pressure,Average_Back_Pressure,0.9387729325763922,1256
rg3,pearson,Max_Back_Pressure,Barrel_Temperature_1,-0.062254655616234174,1256
rg3,pearson,Max_Back_Pressure,Barrel_Temperature_2,-0.06380631780730392,1256
rg3,pearson,Max_Back_Pressure,Barrel_Temperature_3,0.08473618366922486,1256
rg3,pearson,Max_Back_Pressure,Barrel_Temperature_4,0.30809043927855556,1256
rg3,pearson,Max_Back_Pressure,Barrel_Temperature_5,-0.06187807534103846,1256
rg3,pearson,Max_Back_Pressure,Barrel_Temperature_6,0.013991471442293135,1256
rg3,pearson,Max_Back_Pressure,Hopper_Temperature,-0.5457769062259511,1256
rg3,pearson,Max_Back_Pressure,Mold_Temperature_3,0.10368282593126239,1256
rg3,pearson,Max_Back_Pressure,Mold_Temperature_4,0.32363127395326335,1256
rg3,pearson,Average_Back_Pressure,Barrel_Temperature_1,-0.0387014878112878,1256
rg3,pearson,Average_Back_Pressure,Barrel_Temperature_2,-0.06042181163138066,1256
rg3,pearson,Average_Back_Pressure,Barrel_Temperature_3,0.0954166158617663,1256
rg3,pearson,Average_Back_Pressure,Barrel_Temperature_4,0.3820978792332035,1256
rg3,pearson,Average_Back_Pressure,Barrel_Temperature_5,-0.057377045450609364,1256
rg3,pearson,Average_Back_Pressure,Barrel_Temperature_6,0.01681422866422195,1256
rg3,pearson,Average_Back_Pressure,Hopper_Temperature,-0.5448405122535036,1256
rg3,pearson,Average_Back_Pressure,Mold_Temperature_3,0.2609755061171246,1256
rg3,pearson,Average_Back_Pressure,Mold_Temperature_4,0.4634620930495477,1256
rg3,pearson,Barrel_Temperature_1,Barrel_Temperature_2,-0.02396490910819584,1256
rg3,pearson,Barrel_Temperature_1,Barrel_Temperature_3,0.3843358742109015,1256
rg3,pearson,Barrel_Temperature_1,Barrel_Temperature_4,-0.06910031460578744,1256
rg3,pearson,Barrel_Temperature_1,Barrel_Temperature_5,0.035077146943683205,1256
rg3,pearson,Barrel_Temperature_1,Barrel_Temperature_6,0.22209816038393676,1256
rg3,pearson,Barrel_Temperature_1,Hopper_Temperature,0.04445201431522088,1256
rg3,pearson,Barrel_Temperature_1,Mold_Temperature_3,0.06523849748702307,1256
rg3,pearson,Barrel_Temperature_1,Mold_Temperature_4,0.04744874966959882,1256
rg3,pearson,Barrel_Temperature_2,Barrel_Temperature_3,-0.045768714123848316,1256
rg3,pearson,Barrel_Temperature_2,Barrel_Temperature_4,-0.03331615611935541,1256
rg3,pearson,Barrel_Temperature_2,Barrel_Temperature_5,-0.02094047960969576,1256
rg3,pearson,Barrel_Temperature_2,Barrel_Temperature_6,-0.04565967013890345,1256
rg3,pearson,Barrel_Temperature_2,Hopper_Temperature,0.09465544249876696,1256
rg3,pearson,Barrel_Temperature_2,Mold_Temperature_3,0.05569130872739227,1256
rg3,pearson,Barrel_Temperature_2,Mold_Temperature_4,0.025560155249253765,1256
rg3,pearson,Barrel_Temperature_3,Barrel_Temperature_4,0.1582060907635675,1256
rg3,pearson,Barrel_Temperature_3,Barrel_Temperature_5,0.11839738784674642,1256
rg3,pearson,Barrel_Temperature_3,Barrel_Temperature_6,0.1196467863089039,1256
rg3,pearson,Barrel_Temperature_3,Hopper_Temperature,0.01805642595754086,1256
rg3,pearson,Barrel_Temperature_3,Mold_Temperature_3,0.05065713399942043,1256
rg3,pearson,Barrel_Temperature_3,Mold_Temperature_4,0.05148535507512745,1256
rg3,pearson,Barrel_Temperature_4,Barrel_Temperature_5,-0.12691585330158964,1256
rg3,pearson,Barrel_Temperature_4,Barrel_Temperature_6,-0.04549066350855939,1256
rg3,pearson,Barrel_Temperature_4,Hopper_Temperature,0.04787582132579146,1256
rg3,pearson,Barrel_Temperature_4,Mold_Temperature_3,0.03026352816642251,1256
rg3,pearson,Barrel_Temperature_4,Mold_Temperature_4,0.018629660294087358,1256
rg3,pearson,Barrel_Temperature_5,Barrel_Temperature_6,-0.024151541135268566,1256
rg3,pearson,Barrel_Temperature_5,Hopper_Temperature,0.027427382470234293,1256
rg3,pearson,Barrel_Temperature_5,Mold_Temperature_3,0.05178609438501668,1256
rg3,pearson,Barrel_Temperature_5,Mold_Temperature_4,0.04827141511612594,1256
rg3,pearson,Barrel_Temperature_6,Hopper_Temperature,0.0025672545331793446,1256
rg3,pearson,Barrel_Temperature_6,Mold_Temperature_3,0.10788703242829513,1256
rg3,pearson,Barrel_Temperature_6,Mold_Temperature_4,0.10567575562165721,1256
rg3,pearson,Hopper_Temperature,Mold_Temperature_3,0.1283084905833463,1256
rg3,pearson,Hopper_Temperature,Mold_Temperature_4,-0.10630967919804032,1256
rg3,pearson,Mold_Temperature_3,Mold_Temperature_4,0.9538840925557227,1256
rg3,spearman,Injection_Time,Filling_Time,0.4052277056722579,1256
rg3,spearman,Injection_Time,Plasticizing_Time,0.3272957078706666,1256
rg3,spearman,Injection_Time,Cycle_Time,0.008620396522694031,1256
rg3,spearman,Injection_Time,Clamp_Close_Time,-0.39765530273719013,1256
rg3,spearman,Injection_Time,Cushion_Position,-0.09911182060054066,1256
rg3,spearman,Injection_Time,Switch_Over_Position,-0.01360138643367501,1256
rg3,spearman,Injection_Time,Plasticizing_Position,0.3828125033167515,1256
rg3,spearman,Injection_Time,Max_Injection_Speed,-0.4513109425841383,1256
rg3,spearman,Injection_Time,Max_Screw_RPM,0.15318959308096422,1256
rg3,spearman,Injection_Time,Average_Screw_RPM,-0.4256569910649145,1256
rg3,spearman,Injection_Time,Max_Injection_Pressure,0.4517620318039605,1256
rg3,spearman,Injection_Time,Max_Switch_Over_Pressure,0.4426289901478939,1256
rg3,spearman,Injection_Time,Max_Back_Pressure,0.42408960919968225,1256
rg3,spearman,Injection_Time,Average_Back_Pressure,0.41336035159356266,1256
rg3,spearman,Injection_Time,Barrel_Temperature_1,-0.02700148461834673,1256
rg3,spearman,Injection_Time,Barrel_Temperature_2,-0.04115046941575735,1256
rg3,spearman,Injection_Time,Barrel_Temperature_3,0.057426672943007046,1256
rg3,spearman,Injection_Time,Barrel_Temperature_4,-0.022888292938582185,1256
rg3,spearman,Injection_Time,Barrel_Temperature_5,-0.009672819523819456,1256
rg3,spearman,Injection_Time,Barrel_Temperature_6,0.03190067779366055,1256
rg3,spearman,Injection_Time,Hopper_Temperature,-0.34725027395086727,1256
rg3,spearman,Injection_Time,Mold_Temperature_3,-0.029518112737896843,1256
rg3,spearman,Injection_Time,Mold_Temperature_4,0.20001900769831776,1256
rg3,spearman,Filling_Time,Plasticizing_Time,-0.12411825817868599,1256
rg3,spearman,Filling_Time,Cycle_Time,-0.07618976647252183,1256
rg3,spearman,Filling_Time,Clamp_Close_Time,-0.4607490724601583,1256
rg3,spearman,Filling_Time,Cushion_Position,-0.7498288598508375,1256
rg3,spearman,Filling_Time,Switch_Over_Position,0.038757631667743216,1256
rg3,spearman,Filling_Time,Plasticizing_Position,0.38754126763041896,1256
rg3,spearman,Filling_Time,Max_Injection_Speed,-0.8083630252809663,1256
rg3,spearman,Filling_Time,Max_Screw_RPM,0.057619191782599215,1256
rg3,spearman,Filling_Time,Average_Screw_RPM,-0.25499002437648827,1256
rg3,spearman,Filling_Time,Max_Injection_Pressure,0.8290958451373904,1256
rg3,spearman,Filling_Time,Max_Switch_Over_Pressure,0.7751083059816738,1256
rg3,spearman,Filling_Time,Max_Back_Pressure,0.6975844987542072,1256
rg3,spearman,Filling_Time,Average_Back_Pressure,0.6850581475549447,1256
rg3,spearman,Filling_Time,Barrel_Temperature_1,-0.013345852566105295,1256
rg3,spearman,Filling_Time,Barrel_Temperature_2,0.016323724541282062,1256
rg3,spearman,Filling_Time,Barrel_Temperature_3,0.02971238329002865,1256
rg3,spearman,Filling_Time,Barrel_Temperature_4,0.13095053166861317,1256
rg3,spearman,Filling_Time,Barrel_Temperature_5,-0.08535423029117115,1256
rg3,spearman,Filling_Time,Barrel_Temperature_6,-0.06384518493891965,1256
rg3,spearman,Filling_Time,Hopper_Temperature,-0.46066955128143827,1256
rg3,spearman,Filling_Time,Mold_Temperature_3,0.28229603844580164,1256
rg3,spearman,Filling_Time,Mold_Temperature_4,0.434948892897347,1256
rg3,spearman,Plasticizing_Time,Cycle_Time,0.10975585537413796,1256
rg3,spearman,Plasticizing_Time,Clamp_Close_Time,0.16715267773224796,1256
rg3,spearman,Plasticizing_Time,Cushion_Position,0.22531919041508722,1256
rg3,spearman,Plasticizing_Time,Switch_Over_Position,-0.004179845178184657,1256
rg3,spearman,Plasticizing_Time,Plasticizing_Position,0.023294382854313102,1256
rg3,spearman,Plasticizing_Time,Max_Injection_Speed,0.23585439037693762,1256
rg3,spearman,Plasticizing_Time,Max_Screw_RPM,0.10403555088049506,1256
rg3,spearman,Plasticizing_Time,Average_Screw_RPM,0.04934039754445723,1256
rg3,spearman,Plasticizing_Time,Max_Injection_Pressure,-0.04990021596627011,1256
rg3,spearman,Plasticizing_Time,Max_Switch_Over_Pressure,-0.1602240704957197,1256
rg3,spearman,Plasticizing_Time,Max_Back_Pressure,-0.2098159535327971,1256
rg3,spearman,Plasticizing_Time,Average_Back_Pressure,-0.3008017288329668,1256
rg3,spearman,Plasticizing_Time,Barrel_Temperature_1,-0.012977899436759699,1256
rg3,spearman,Plasticizing_Time,Barrel_Temperature_2,-0.014511423012115209,1256
rg3,spearman,Plasticizing_Time,Barrel_Temperature_3,-0.05747603121270981,1256
rg3,spearman,Plasticizing_Time,Barrel_Temperature_4,-0.25051024169701835,1256
rg3,spearman,Plasticizing_Time,Barrel_Temperature_5,0.02110692932410238,1256
rg3,spearman,Plasticizing_Time,Barrel_Temperature_6,-0.01977775359462672,1256
rg3,spearman,Plasticizing_Time,Hopper_Temperature,0.10367765443819602,1256
rg3,spearman,Plasticizing_Time,Mold_Temperature_3,-0.5113720435254707,1256
rg3,spearman,Plasticizing_Time,Mold_Temperature_4,-0.44643834871249477,1256
rg3,spearman,Cycle_Time,Clamp_Close_Time,0.204994959374073,1256
rg3,spearman,Cycle_Time,Cushion_Position,0.09349290717088649,1256
rg3,spearman,Cycle_Time,Switch_Over_Position,0.03937719586049569,1256
rg3,spearman,Cycle_Time,Plasticizing_Position,-0.08740627549645755,1256
rg3,spearman,Cycle_Time,Max_Injection_Speed,0.14119330819600198,1256
rg3,spearman,Cycle_Time,Max_Screw_RPM,0.055727110684885846,1256
rg3,spearman,Cycle_Time,Average_Screw_RPM,0.0772248918338626,1256
rg3,spearman,Cycle_Time,Max_Injection_Pressure,-0.08898229981714324,1256
rg3,spearman,Cycle_Time,Max_Switch_Over_Pressure,-0.10930155010739266,1256
rg3,spearman,Cycle_Time,Max_Back_Pressure,-0.06128032734868709,1256
rg3,spearman,Cycle_Time,Average_Back_Pressure,-0.09393408835831138,1256
rg3,spearman,Cycle_Time,Barrel_Temperature_1,-0.07590478960623132,1256
rg3,spearman,Cycle_Time,Barrel_Temperature_2,-0.015494941996342377,1256
rg3,spearman,Cycle_Time,Barrel_Temperature_3,0.0144461440658057,1256
rg3,spearman,Cycle_Time,Barrel_Temperature_4,0.04403699791323804,1256
rg3,spearman,Cycle_Time,Barrel_Temperature_5,-0.048000543725704455,1256
rg3,spearman,Cycle_Time,Barrel_Temperature_6,-0.03371690878057505,1256
rg3,spearman,Cycle_Time,Hopper_Temperature,0.09211928226769918,1256
rg3,spearman,Cycle_Time,Mold_Temperature_3,-0.19485072090010142,1256
rg3,spearman,Cycle_Time,Mold_Temperature_4,-0.20205688939562907,1256
rg3,spearman,Clamp_Close_Time,Cushion_Position,0.47937592143132585,1256
rg3,spearman,Clamp_Close_Time,Switch_Over_Position,0.0635780881938851,1256
rg3,spearman,Clamp_Close_Time,Plasticizing_Position,-0.6889465458497664,1256
rg3,spearman,Clamp_Close_Time,Max_Injection_Speed,0.6377400158864827,1256
rg3,spearman,Clamp_Close_Time,Max_Screw_RPM,-0.07186856272344348,1256
rg3,spearman,Clamp_Close_Time,Average_Screw_RPM,0.29725294362201915,1256
rg3,spearman,Clamp_Close_Time,Max_Injection_Pressure,-0.493446160490039,1256
rg3,spearman,Clamp_Close_Time,Max_Switch_Over_Pressure,-0.5801452213000313,1256
rg3,spearman,Clamp_Close_Time,Max_Back_Pressure,-0.5219233824807631,1256
rg3,spearman,Clamp_Close_Time,Average_Back_Pressure,-0.5606885565024728,1256
rg3,spearman,Clamp_Close_Time,Barrel_Temperature_1,0.04046595398413712,1256
rg3,spearman,Clamp_Close_Time,Barrel_Temperature_2,0.07515226644804948,1256
rg3,spearman,Clamp_Close_Time,Barrel_Temperature_3,-0.01629297087752979,1256
rg3,spearman,Clamp_Close_Time,Barrel_Temperature_4,0.027133555087516328,1256
rg3,spearman,Clamp_Close_Time,Barrel_Temperature_5,-0.008483684014281694,1256
rg3,spearman,Clamp_Close_Time,Barrel_Temperature_6,-0.04825889140468325,1256
rg3,spearman,Clamp_Close_Time,Hopper_Temperature,0.6005620955262788,1256
rg3,spearman,Clamp_Close_Time,Mold_Temperature_3,-0.27153444315637404,1256
rg3,spearman,Clamp_Close_Time,Mold_Temperature_4,-0.43106080743909814,1256
rg3,spearman,Cushion_Position,Switch_Over_Position,0.03575323814260903,1256
rg3,spearman,Cushion_Position,Plasticizing_Position,-0.4072087094426009,1256
rg3,spearman,Cushion_Position,Max_Injection_Speed,0.7919447797513113,1256
rg3,spearman,Cushion_Position,Max_Screw_RPM,-0.03963798344611673,1256
rg3,spearman,Cushion_Position,Average_Screw_RPM,0.15546204416744508,1256
rg3,spearman,Cushion_Position,Max_Injection_Pressure,-0.7762890423154639,1256
rg3,spearman,Cushion_Position,Max_Switch_Over_Pressure,-0.7693031730188508,1256
rg3,spearman,Cushion_Position,Max_Back_Pressure,-0.6752834425906582,1256
rg3,spearman,Cushion_Position,Average_Back_Pressure,-0.6647125934875793,1256
rg3,spearman,Cushion_Position,Barrel_Temperature_1,0.022351296565326074,1256
rg3,spearman,Cushion_Position,Barrel_Temperature_2,0.03688207766112266,1256
rg3,spearman,Cushion_Position,Barrel_Temperature_3,0.048052373339297336,1256
rg3,spearman,Cushion_Position,Barrel_Temperature_4,-0.09911846277204496,1256
rg3,spearman,Cushion_Position,Barrel_Temperature_5,0.09739864020022251,1256
rg3,spearman,Cushion_Position,Barrel_Temperature_6,0.062203109901745185,1256
rg3,spearman,Cushion_Position,Hopper_Temperature,0.45995834807583563,1256
rg3,spearman,Cushion_Position,Mold_Temperature_3,-0.30442322169825775,1256
rg3,spearman,Cushion_Position,Mold_Temperature_4,-0.42034173415811393,1256
rg3,spearman,Switch_Over_Position,Plasticizing_Position,-0.0417032675661786,1256
rg3,spearman,Switch_Over_Position,Max_Injection_Speed,0.04427698932498436,1256
rg3,spearman,Switch_Over_Position,Max_Screw_RPM,-0.0020216911083546923,1256
rg3,spearman,Switch_Over_Position,Average_Screw_RPM,0.026589710030239157,1256
rg3,spearman,Switch_Over_Position,Max_Injection_Pressure,0.004989025824306153,1256
rg3,spearman,Switch_Over_Position,Max_Switch_Over_Pressure,-0.09798196352118403,1256
rg3,spearman,Switch_Over_Position,Max_Back_Pressure,-0.011418141253520931,1256
rg3,spearman,Switch_Over_Position,Average_Back_Pressure,-0.02030442527979541,1256
rg3,spearman,Switch_Over_Position,Barrel_Temperature_1,-0.06354700697096687,1256
rg3,spearman,Switch_Over_Position,Barrel_Temperature_2,-0.011762399387869823,1256
rg3,spearman,Switch_Over_Position,Barrel_Temperature_3,0.016306462815886127,1256
rg3,spearman,Switch_Over_Position,Barrel_Temperature_4,0.014982199031259786,1256
rg3,spearman,Switch_Over_Position,Barrel_Temperature_5,0.06611128191290856,1256
rg3,spearman,Switch_Over_Position,Barrel_Temperature_6,-0.01935307416201892,1256
rg3,spearman,Switch_Over_Position,Hopper_Temperature,0.024573591058233448,1256
rg3,spearman,Switch_Over_Position,Mold_Temperature_3,0.01257323669167547,1256
rg3,spearman,Switch_Over_Position,Mold_Temperature_4,0.004294703243080809,1256
rg3,spearman,Plasticizing_Position,Max_Injection_Speed,-0.5338246301559462,1256
rg3,spearman,Plasticizing_Position,Max_Screw_RPM,0.09913461920797512,1256
rg3,spearman,Plasticizing_Position,Average_Screw_RPM,-0.2020954019275288,1256
rg3,spearman,Plasticizing_Position,Max_Injection_Pressure,0.485905400958059,1256
rg3,spearman,Plasticizing_Position,Max_Switch_Over_Pressure,0.5086573309832451,1256
rg3,spearman,Plasticizing_Position,Max_Back_Pressure,0.46500420523726055,1256
rg3,spearman,Plasticizing_Position,Average_Back_Pressure,0.47194504352548,1256
rg3,spearman,Plasticizing_Position,Barrel_Temperature_1,-0.04338359588360239,1256
rg3,spearman,Plasticizing_Position,Barrel_Temperature_2,-0.04067396912406755,1256
rg3,spearman,Plasticizing_Position,Barrel_Temperature_3,0.009891952811676787,1256
rg3,spearman,Plasticizing_Position,Barrel_Temperature_4,0.03165966919064676,1256
rg3,spearman,Plasticizing_Position,Barrel_Temperature_5,-0.0130318252805814,1256
rg3,spearman,Plasticizing_Position,Barrel_Temperature_6,-0.09574807308489168,1256
rg3,spearman,Plasticizing_Position,Hopper_Temperature,-0.5417014367929324,1256
rg3,spearman,Plasticizing_Position,Mold_Temperature_3,0.041179013450424795,1256
rg3,spearman,Plasticizing_Position,Mold_Temperature_4,0.19994449601787959,1256
rg3,spearman,Max_Injection_Speed,Max_Screw_RPM,-0.07414874740418212,1256
rg3,spearman,Max_Injection_Speed,Average_Screw_RPM,0.3241224027216076,1256
rg3,spearman,Max_Injection_Speed,Max_Injection_Pressure,-0.8502976588016197,1256
rg3,spearman,Max_Injection_Speed,Max_Switch_Over_Pressure,-0.8910300737717869,1256
rg3,spearman,Max_Injection_Speed,Max_Back_Pressure,-0.7851320007000531,1256
rg3,spearman,Max_Injection_Speed,Average_Back_Pressure,-0.7986525004819555,1256
rg3,spearman,Max_Injection_Speed,Barrel_Temperature_1,-0.004252743309682918,1256
rg3,spearman,Max_Injection_Speed,Barrel_Temperature_2,0.04444340302757491,1256
rg3,spearman,Max_Injection_Speed,Barrel_Temperature_3,-0.026270044281557044,1256
rg3,spearman,Max_Injection_Speed,Barrel_Temperature_4,-0.11012242480196707,1256
rg3,spearman,Max_Injection_Speed,Barrel_Temperature_5,0.08647226493251133,1256
rg3,spearman,Max_Injection_Speed,Barrel_Temperature_6,0.04682651552173439,1256
rg3,spearman,Max_Injection_Speed,Hopper_Temperature,0.6237512457293939,1256
rg3,spearman,Max_Injection_Speed,Mold_Temperature_3,-0.3386719748809575,1256
rg3,spearman,Max_Injection_Speed,Mold_Temperature_4,-0.5201302405104855,1256
rg3,spearman,Max_Screw_RPM,Average_Screw_RPM,-0.14000915886389903,1256
rg3,spearman,Max_Screw_RPM,Max_Injection_Pressure,0.08088522247937838,1256
rg3,spearman,Max_Screw_RPM,Max_Switch_Over_Pressure,0.04628379254847934,1256
rg3,spearman,Max_Screw_RPM,Max_Back_Pressure,0.05010627477107337,1256
rg3,spearman,Max_Screw_RPM,Average_Back_Pressure,0.025642800226971036,1256
rg3,spearman,Max_Screw_RPM,Barrel_Temperature_1,0.011136710091150621,1256
rg3,spearman,Max_Screw_RPM,Barrel_Temperature_2,-0.006084115626214442,1256
rg3,spearman,Max_Screw_RPM,Barrel_Temperature_3,0.05569231342671343,1256
rg3,spearman,Max_Screw_RPM,Barrel_Temperature_4,-0.06345260054523924,1256
rg3,spearman,Max_Screw_RPM,Barrel_Temperature_5,0.013948239618183976,1256
rg3,spearman,Max_Screw_RPM,Barrel_Temperature_6,-0.0062066795560273315,1256
rg3,spearman,Max_Screw_RPM,Hopper_Temperature,-0.018431814063711277,1256
rg3,spearman,Max_Screw_RPM,Mold_Temperature_3,-0.00012016323101240056,1256
rg3,spearman,Max_Screw_RPM,Mold_Temperature_4,0.04117988715451413,1256
rg3,spearman,Average_Screw_RPM,Max_Injection_Pressure,-0.24771003048762247,1256
rg3,spearman,Average_Screw_RPM,Max_Switch_Over_Pressure,-0.239716365580734,1256
rg3,spearman,Average_Screw_RPM,Max_Back_Pressure,-0.2342764934925905,1256
rg3,spearman,Average_Screw_RPM,Average_Back_Pressure,-0.42060409512001035,1256
rg3,spearman,Average_Screw_RPM,Barrel_Temperature_1,-0.0417771884801725,1256
rg3,spearman,Average_Screw_RPM,Barrel_Temperature_2,0.096742083720662,1256
rg3,spearman,Average_Screw_RPM,Barrel_Temperature_3,-0.039358790771883874,1256
rg3,spearman,Average_Screw_RPM,Barrel_Temperature_4,0.02056201687057218,1256
rg3,spearman,Average_Screw_RPM,Barrel_Temperature_5,-0.037195589755261875,1256
rg3,spearman,Average_Screw_RPM,Barrel_Temperature_6,-0.03700266593874776,1256
rg3,spearman,Average_Screw_RPM,Hopper_Temperature,0.18124463996854293,1256
rg3,spearman,Average_Screw_RPM,Mold_Temperature_3,-0.2626640172438362,1256
rg3,spearman,Average_Screw_RPM,Mold_Temperature_4,-0.37897077278860697,1256
rg3,spearman,Max_Injection_Pressure,Max_Switch_Over_Pressure,0.8263520447457107,1256
rg3,spearman,Max_Injection_Pressure,Max_Back_Pressure,0.731916718060436,1256
rg3,spearman,Max_Injection_Pressure,Average_Back_Pressure,0.7132106398056615,1256
rg3,spearman,Max_Injection_Pressure,Barrel_Temperature_1,0.0038520534385542904,1256
rg3,spearman,Max_Injection_Pressure,Barrel_Temperature_2,-0.030423063472198527,1256
rg3,spearman,Max_Injection_Pressure,Barrel_Temperature_3,0.004807862719750701,1256
rg3,spearman,Max_Injection_Pressure,Barrel_Temperature_4,0.13882317655975634,1256
rg3,spearman,Max_Injection_Pressure,Barrel_Temperature_5,-0.09529852953492361,1256
rg3,spearman,Max_Injection_Pressure,Barrel_Temperature_6,-0.12445599839874798,1256
rg3,spearman,Max_Injection_Pressure,Hopper_Temperature,-0.4883873874545541,1256
rg3,spearman,Max_Injection_Pressure,Mold_Temperature_3,0.22445866642909315,1256
rg3,spearman,Max_Injection_Pressure,Mold_Temperature_4,0.3846687051286089,1256
rg3,spearman,Max_Switch_Over_Pressure,Max_Back_Pressure,0.8305359956416005,1256
rg3,spearman,Max_Switch_Over_Pressure,Average_Back_Pressure,0.7910074206868529,1256
rg3,spearman,Max_Switch_Over_Pressure,Barrel_Temperature_1,-0.0073962877465663405,1256
rg3,spearman,Max_Switch_Over_Pressure,Barrel_Temperature_2,-0.003393895953928056,1256
rg3,spearman,Max_Switch_Over_Pressure,Barrel_Temperature_3,0.015308705708635696,1256
rg3,spearman,Max_Switch_Over_Pressure,Barrel_Temperature_4,0.17633351670638964,1256
rg3,spearman,Max_Switch_Over_Pressure,Barrel_Temperature_5,-0.10964684456986187,1256
rg3,spearman,Max_Switch_Over_Pressure,Barrel_Temperature_6,-0.06234024142175787,1256
rg3,spearman,Max_Switch_Over_Pressure,Hopper_Temperature,-0.6177281442129452,1256
rg3,spearman,Max_Switch_Over_Pressure,Mold_Temperature_3,0.20123853677957093,1256
rg3,spearman,Max_Switch_Over_Pressure,Mold_Temperature_4,0.38070334807502804,1256
rg3,spearman,Max_Back_Pressure,Average_Back_Pressure,0.9517596638029381,1256
rg3,spearman,Max_Back_Pressure,Barrel_Temperature_1,-0.04597569430297117,1256
rg3,spearman,Max_Back_Pressure,Barrel_Temperature_2,-0.052952344357257736,1256
rg3,spearman,Max_Back_Pressure,Barrel_Temperature_3,0.10386034822842706,1256
rg3,spearman,Max_Back_Pressure,Barrel_Temperature_4,0.49822437010073556,1256
rg3,spearman,Max_Back_Pressure,Barrel_Temperature_5,-0.07220343993538995,1256
rg3,spearman,Max_Back_Pressure,Barrel_Temperature_6,-0.007457194112659134,1256
rg3,spearman,Max_Back_Pressure,Hopper_Temperature,-0.5279644853282932,1256
rg3,spearman,Max_Back_Pressure,Mold_Temperature_3,0.2216489174696667,1256
rg3,spearman,Max_Back_Pressure,Mold_Temperature_4,0.3819858998129123,1256
rg3,spearman,Average_Back_Pressure,Barrel_Temperature_1,-0.0241736883853331,1256
rg3,spearman,Average_Back_Pressure,Barrel_Temperature_2,-0.055136895756524924,1256
rg3,spearman,Average_Back_Pressure,Barrel_Temperature_3,0.1117925154153008,1256
rg3,spearman,Average_Back_Pressure,Barrel_Temperature_4,0.45216895937086,1256
rg3,spearman,Average_Back_Pressure,Barrel_Temperature_5,-0.04234338504707095,1256
rg3,spearman,Average_Back_Pressure,Barrel_Temperature_6,0.006363911487326408,1256
rg3,spearman,Average_Back_Pressure,Hopper_Temperature,-0.5402461468562739,1256
rg3,spearman,Average_Back_Pressure,Mold_Temperature_3,0.33200581429395176,1256
rg3,spearman,Average_Back_Pressure,Mold_Temperature_4,0.4924049694203313,1256
rg3,spearman,Barrel_Temperature_1,Barrel_Temperature_2,-0.000680387362766018,1256
rg3,spearman,Barrel_Temperature_1,Barrel_Temperature_3,0.376380136137014,1256
rg3,spearman,Barrel_Temperature_1,Barrel_Temperature_4,-0.0649572058098555,1256
rg3,spearman,Barrel_Temperature_1,Barrel_Temperature_5,0.12203652127854099,1256
rg3,spearman,Barrel_Temperature_1,Barrel_Temperature_6,0.21440371805005415,1256
rg3,spearman,Barrel_Temperature_1,Hopper_Temperature,0.04778663940056352,1256
rg3,spearman,Barrel_Temperature_1,Mold_Temperature_3,0.06513820892586723,1256
rg3,spearman,Barrel_Temperature_1,Mold_Temperature_4,0.047334767997248374,1256
rg3,spearman,Barrel_Temperature_2,Barrel_Temperature_3,-0.032258018323169144,1256
rg3,spearman,Barrel_Temperature_2,Barrel_Temperature_4,-0.028359626814129773,1256
rg3,spearman,Barrel_Temperature_2,Barrel_Temperature_5,-0.023963855450600605,1256
rg3,spearman,Barrel_Temperature_2,Barrel_Temperature_6,-0.03441444021476712,1256
rg3,spearman,Barrel_Temperature_2,Hopper_Temperature,0.08007283669282632,1256
rg3,spearman,Barrel_Temperature_2,Mold_Temperature_3,0.059692392003283606,1256
rg3,spearman,Barrel_Temperature_2,Mold_Temperature_4,0.0356534649303215,1256
rg3,spearman,Barrel_Temperature_3,Barrel_Temperature_4,0.19279130091736105,1256
rg3,spearman,Barrel_Temperature_3,Barrel_Temperature_5,0.22995067861293345,1256
rg3,spearman,Barrel_Temperature_3,Barrel_Temperature_6,0.1444065719340314,1256
rg3,spearman,Barrel_Temperature_3,Hopper_Temperature,0.0070065573255891555,1256
rg3,spearman,Barrel_Temperature_3,Mold_Temperature_3,0.045257645287937125,1256
rg3,spearman,Barrel_Temperature_3,Mold_Temperature_4,0.05020279627129089,1256
rg3,spearman,Barrel_Temperature_4,Barrel_Temperature_5,-0.09129804037828058,1256
rg3,spearman,Barrel_Temperature_4,Barrel_Temperature_6,-0.03262001066207829,1256
rg3,spearman,Barrel_Temperature_4,Hopper_Temperature,0.05324701727742861,1256
rg3,spearman,Barrel_Temperature_4,Mold_Temperature_3,0.04083510875058459,1256
rg3,spearman,Barrel_Temperature_4,Mold_Temperature_4,0.023274468955566514,1256
rg3,spearman,Barrel_Temperature_5,Barrel_Temperature_6,0.019795177276219707,1256
rg3,spearman,Barrel_Temperature_5,Hopper_Temperature,0.004942069391067594,1256
rg3,spearman,Barrel_Temperature_5,Mold_Temperature_3,0.07335191751554097,1256
rg3,spearman,Barrel_Temperature_5,Mold_Temperature_4,0.06894032093818626,1256
rg3,spearman,Barrel_Temperature_6,Hopper_Temperature,-0.003620357291531561,1256
rg3,spearman,Barrel_Temperature_6,Mold_Temperature_3,0.09594464207066554,1256
rg3,spearman,Barrel_Temperature_6,Mold_Temperature_4,0.09916763745519952,1256
rg3,spearman,Hopper_Temperature,Mold_Temperature_3,0.03790821426541027,1256
rg3,spearman,Hopper_Temperature,Mold_Temperature_4,-0.14972809245286767,1256
rg3,spearman,Mold_Temperature_3,Mold_Temperature_4,0.9533955836488047,1256
rg3_lh,pearson,Injection_Time,Filling_Time,0.48381414209503437,628
rg3_lh,pearson,Injection_Time,Plasticizing_Time,0.6193448151513151,628
rg3_lh,pearson,Injection_Time,Cycle_Time,0.10733793360099243,628
rg3_lh,pearson,Injection_Time,Clamp_Close_Time,-0.4033304286220065,628
rg3_lh,pearson,Injection_Time,Cushion_Position,-0.10114622175332907,628
rg3_lh,pearson,Injection_Time,Switch_Over_Position,-0.013108317892285065,628
rg3_lh,pearson,Injection_Time,Plasticizing_Position,0.48306594940267183,628
rg3_lh,pearson,Injection_Time,Max_Injection_Speed,-0.8320682803848116,628
rg3_lh,pearson,Injection_Time,Max_Screw_RPM,0.2064082170312865,628
rg3_lh,pearson,Injection_Time,Average_Screw_RPM,-0.8874705980687579,628
rg3_lh,pearson,Injection_Time,Max_Injection_Pressure,0.7422457955867533,628
rg3_lh,pearson,Injection_Time,Max_Switch_Over_Pressure,0.7445939579068681,628
rg3_lh,pearson,Injection_Time,Max_Back_Pressure,0.7446250817246634,628
rg3_lh,pearson,Injection_Time,Average_Back_Pressure,0.5976562267198636,628
rg3_lh,pearson,Injection_Time,Barrel_Temperature_1,-0.034754642248975065,628
rg3_lh,pearson,Injection_Time,Barrel_Temperature_2,-0.0344823052889602,628
rg3_lh,pearson,Injection_Time,Barrel_Temperature_3,0.06075746599177041,628
rg3_lh,pearson,Injection_Time,Barrel_Temperature_4,-0.009747622747574005,628
rg3_lh,pearson,Injection_Time,Barrel_Temperature_5,-0.025631140613584794,628
rg3_lh,pearson,Injection_Time,Barrel_Temperature_6,-0.0036898199638556485,628
rg3_lh,pearson,Injection_Time,Hopper_Temperature,-0.37435113384927055,628
rg3_lh,pearson,Injection_Time,Mold_Temperature_3,-0.01977565993379947,628
rg3_lh,pearson,Injection_Time,Mold_Temperature_4,0.16157842804261527,628
rg3_lh,pearson,Filling_Time,Plasticizing_Time,0.16455611206037946,628
rg3_lh,pearson,Filling_Time,Cycle_Time,0.0508106183311843,628
rg3_lh,pearson,Filling_Time,Clamp_Close_Time,-0.485788038022403,628
rg3_lh,pearson,Filling_Time,Cushion_Position,-0.7183228774303787,628
rg3_lh,pearson,Filling_Time,Switch_Over_Position,0.03495910476046057,628
rg3_lh,pearson,Filling_Time,Plasticizing_Position,0.4333233353303457,628
rg3_lh,pearson,Filling_Time,Max_Injection_Speed,-0.7477184224159633,628
rg3_lh,pearson,Filling_Time,Max_Screw_RPM,0.11763481791019255,628
rg3_lh,pearson,Filling_Time,Average_Screw_RPM,-0.48166071340347627,628
rg3_lh,pearson,Filling_Time,Max_Injection_Pressure,0.8186463149435643,628
rg3_lh,pearson,Filling_Time,Max_Switch_Over_Pressure,0.6111547324097716,628
rg3_lh,pearson,Filling_Time,Max_Back_Pressure,0.7271950377060615,628
rg3_lh,pearson,Filling_Time,Average_Back_Pressure,0.7268963539707077,628
rg3_lh,pearson,Filling_Time,Barrel_Temperature_1,-0.02190858815055992,628
rg3_lh,pearson,Filling_Time,Barrel_Temperature_2,0.010147439368953006,628
rg3_lh,pearson,Filling_Time,Barrel_Temperature_3,0.029199509746569523,628
rg3_lh,pearson,Filling_Time,Barrel_Temperature_4,0.12199299317530597,628
rg3_lh,pearson,Filling_Time,Barrel_Temperature_5,-0.09620924216470833,628
rg3_lh,pearson,Filling_Time,Barrel_Temperature_6,-0.06010682253869429,628
rg3_lh,pearson,Filling_Time,Hopper_Temperature,-0.4729410893468016,628
rg3_lh,pearson,Filling_Time,Mold_Temperature_3,0.26362529433154147,628
rg3_lh,pearson,Filling_Time,Mold_Temperature_4,0.42773295069145817,628
rg3_lh,pearson,Plasticizing_Time,Cycle_Time,0.06797377155973722,628
rg3_lh,pearson,Plasticizing_Time,Clamp_Close_Time,-0.06359166670440039,628
rg3_lh,pearson,Plasticizing_Time,Cushion_Position,0.023415620273389583,628
rg3_lh,pearson,Plasticizing_Time,Switch_Over_Position,-0.011819693358687058,628
rg3_lh,pearson,Plasticizing_Time,Plasticizing_Position,0.29545829005224084,628
rg3_lh,pearson,Plasticizing_Time,Max_Injection_Speed,-0.4833078621869093,628
rg3_lh,pearson,Plasticizing_Time,Max_Screw_RPM,0.22100226644233356,628
rg3_lh,pearson,Plasticizing_Time,Average_Screw_RPM,-0.7185006932239347,628
rg3_lh,pearson,Plasticizing_Time,Max_Injection_Pressure,0.4029182505241898,628
rg3_lh,pearson,Plasticizing_Time,Max_Switch_Over_Pressure,0.48931990517041474,628
rg3_lh,pearson,Plasticizing_Time,Max_Back_Pressure,0.4058454067912059,628
rg3_lh,pearson,Plasticizing_Time,Average_Back_Pressure,0.155241019135057,628
rg3_lh,pearson,Plasticizing_Time,Barrel_Temperature_1,-0.03532682452309144,628
rg3_lh,pearson,Plasticizing_Time,Barrel_Temperature_2,-0.0245432638061151,628
rg3_lh,pearson,Plasticizing_Time,Barrel_Temperature_3,-0.022164233102239646,628
rg3_lh,pearson,Plasticizing_Time,Barrel_Temperature_4,-0.20718799710093855,628
rg3_lh,pearson,Plasticizing_Time,Barrel_Temperature_5,0.018624383468756965,628
rg3_lh,pearson,Plasticizing_Time,Barrel_Temperature_6,0.003542458853240488,628
rg3_lh,pearson,Plasticizing_Time,Hopper_Temperature,-0.136872141878952,628
rg3_lh,pearson,Plasticizing_Time,Mold_Temperature_3,-0.39983822322132495,628
rg3_lh,pearson,Plasticizing_Time,Mold_Temperature_4,-0.2905552000061765,628
rg3_lh,pearson,Cycle_Time,Clamp_Close_Time,0.033894441905033657,628
rg3_lh,pearson,Cycle_Time,Cushion_Position,0.006438596114276166,628
rg3_lh,pearson,Cycle_Time,Switch_Over_Position,0.011546001416816136,628
rg3_lh,pearson,Cycle_Time,Plasticizing_Position,0.006429043648329915,628
rg3_lh,pearson,Cycle_Time,Max_Injection_Speed,-0.07342926060508703,628
rg3_lh,pearson,Cycle_Time,Max_Screw_RPM,0.06944658482972454,628
rg3_lh,pearson,Cycle_Time,Average_Screw_RPM,-0.08805557688050086,628
rg3_lh,pearson,Cycle_Time,Max_Injection_Pressure,0.0637407902225823,628
rg3_lh,pearson,Cycle_Time,Max_Switch_Over_Pressure,0.06421381115747155,628
rg3_lh,pearson,Cycle_Time,Max_Back_Pressure,0.09847617559649088,628
rg3_lh,pearson,Cycle_Time,Average_Back_Pressure,0.07429547993566982,628
rg3_lh,pearson,Cycle_Time,Barrel_Temperature_1,-0.09510558816708418,628
rg3_lh,pearson,Cycle_Time,Barrel_Temperature_2,0.028834163912928583,628
rg3_lh,pearson,Cycle_Time,Barrel_Temperature_3,-0.05962032120910358,628
rg3_lh,pearson,Cycle_Time,Barrel_Temperature_4,-0.01142769640677401,628
rg3_lh,pearson,Cycle_Time,Barrel_Temperature_5,-0.011024275887901445,628
rg3_lh,pearson,Cycle_Time,Barrel_Temperature_6,0.015701855767843,628
rg3_lh,pearson,Cycle_Time,Hopper_Temperature,-0.026555294760581386,628
rg3_lh,pearson,Cycle_Time,Mold_Temperature_3,-0.06724149284348183,628
rg3_lh,pearson,Cycle_Time,Mold_Temperature_4,-0.05212051605658145,628
rg3_lh,pearson,Clamp_Close_Time,Cushion_Position,0.48058147785363775,628
rg3_lh,pearson,Clamp_Close_Time,Switch_Over_Position,0.060805285218414086,628
rg3_lh,pearson,Clamp_Close_Time,Plasticizing_Position,-0.6571491338474474,628
rg3_lh,pearson,Clamp_Close_Time,Max_Injection_Speed,0.5888539137291193,628
rg3_lh,pearson,Clamp_Close_Time,Max_Screw_RPM,-0.10762333835481883,628
rg3_lh,pearson,Clamp_Close_Time,Average_Screw_RPM,0.40177652416285375,628
rg3_lh,pearson,Clamp_Close_Time,Max_Injection_Pressure,-0.5319599530173359,628
rg3_lh,pearson,Clamp_Close_Time,Max_Switch_Over_Pressure,-0.5097000058085783,628
rg3_lh,pearson,Clamp_Close_Time,Max_Back_Pressure,-0.5511426455162722,628
rg3_lh,pearson,Clamp_Close_Time,Average_Back_Pressure,-0.5832512646466426,628
rg3_lh,pearson,Clamp_Close_Time,Barrel_Temperature_1,0.038046393318410913,628
rg3_lh,pearson,Clamp_Close_Time,Barrel_Temperature_2,0.06378968995659366,628
rg3_lh,pearson,Clamp_Close_Time,Barrel_Temperature_3,-0.024011067699073203,628
rg3_lh,pearson,Clamp_Close_Time,Barrel_Temperature_4,0.02611015136948071,628
rg3_lh,pearson,Clamp_Close_Time,Barrel_Temperature_5,0.0013118023339806315,628
rg3_lh,pearson,Clamp_Close_Time,Barrel_Temperature_6,-0.04478039752773684,628
rg3_lh,pearson,Clamp_Close_Time,Hopper_Temperature,0.535069298317659,628
rg3_lh,pearson,Clamp_Close_Time,Mold_Temperature_3,-0.30099181281389,628
rg3_lh,pearson,Clamp_Close_Time,Mold_Temperature_4,-0.5133524932861321,628
rg3_lh,pearson,Cushion_Position,Switch_Over_Position,0.029203795454749222,628
rg3_lh,pearson,Cushion_Position,Plasticizing_Position,-0.38633811016655173,628
rg3_lh,pearson,Cushion_Position,Max_Injection_Speed,0.5778337069533701,628
rg3_lh,pearson,Cushion_Position,Max_Screw_RPM,-0.0754620144061257,628
rg3_lh,pearson,Cushion_Position,Average_Screw_RPM,0.24412413069936556,628
rg3_lh,pearson,Cushion_Position,Max_Injection_Pressure,-0.6488389524962498,628
rg3_lh,pearson,Cushion_Position,Max_Switch_Over_Pressure,-0.4813462630889623,628
rg3_lh,pearson,Cushion_Position,Max_Back_Pressure,-0.5797214813059979,628
rg3_lh,pearson,Cushion_Position,Average_Back_Pressure,-0.6263580726784721,628
rg3_lh,pearson,Cushion_Position,Barrel_Temperature_1,0.03679129312560234,628
rg3_lh,pearson,Cushion_Position,Barrel_Temperature_2,0.042991550014256676,628
rg3_lh,pearson,Cushion_Position,Barrel_Temperature_3,0.044396352341514164,628
rg3_lh,pearson,Cushion_Position,Barrel_Temperature_4,-0.08656600432497649,628
rg3_lh,pearson,Cushion_Position,Barrel_Temperature_5,0.08776327013845213,628
rg3_lh,pearson,Cushion_Position,Barrel_Temperature_6,0.041462891040329894,628
rg3_lh,pearson,Cushion_Position,Hopper_Temperature,0.43867358245211724,628
rg3_lh,pearson,Cushion_Position,Mold_Temperature_3,-0.2903816349047761,628
rg3_lh,pearson,Cushion_Position,Mold_Temperature_4,-0.43201331166823137,628
rg3_lh,pearson,Switch_Over_Position,Plasticizing_Position,-0.03523714750843006,628
rg3_lh,pearson,Switch_Over_Position,Max_Injection_Speed,0.029217176282894223,628
rg3_lh,pearson,Switch_Over_Position,Max_Screw_RPM,-0.0031353857712652982,628
rg3_lh,pearson,Switch_Over_Position,Average_Screw_RPM,0.014163512633166746,628
rg3_lh,pearson,Switch_Over_Position,Max_Injection_Pressure,-0.0015824399835907535,628
rg3_lh,pearson,Switch_Over_Position,Max_Switch_Over_Pressure,-0.4888479119443034,628
rg3_lh,pearson,Switch_Over_Position,Max_Back_Pressure,-0.01394681150069346,628
rg3_lh,pearson,Switch_Over_Position,Average_Back_Pressure,-0.02018682286272101,628
rg3_lh,pearson,Switch_Over_Position,Barrel_Temperature_1,-0.05338024115741309,628
rg3_lh,pearson,Switch_Over_Position,Barrel_Temperature_2,-0.01364830330215585,628
rg3_lh,pearson,Switch_Over_Position,Barrel_Temperature_3,0.00792271253197581,628
rg3_lh,pearson,Switch_Over_Position,Barrel_Temperature_4,0.011624532628375655,628
rg3_lh,pearson,Switch_Over_Position,Barrel_Temperature_5,0.05207498770227811,628
rg3_lh,pearson,Switch_Over_Position,Barrel_Temperature_6,-0.020281152227284677,628
rg3_lh,pearson,Switch_Over_Position,Hopper_Temperature,0.026087742376608696,628
rg3_lh,pearson,Switch_Over_Position,Mold_Temperature_3,0.015207111461733947,628
rg3_lh,pearson,Switch_Over_Position,Mold_Temperature_4,-0.001638524079413938,628
rg3_lh,pearson,Plasticizing_Position,Max_Injection_Speed,-0.5914669691016458,628
rg3_lh,pearson,Plasticizing_Position,Max_Screw_RPM,0.15931899429210292,628
rg3_lh,pearson,Plasticizing_Position,Average_Screw_RPM,-0.5303518318948075,628
rg3_lh,pearson,Plasticizing_Position,Max_Injection_Pressure,0.5761364998381197,628
rg3_lh,pearson,Plasticizing_Position,Max_Switch_Over_Pressure,0.5246172371452736,628
rg3_lh,pearson,Plasticizing_Position,Max_Back_Pressure,0.5574169197569607,628
rg3_lh,pearson,Plasticizing_Position,Average_Back_Pressure,0.5212464860610067,628
rg3_lh,pearson,Plasticizing_Position,Barrel_Temperature_1,-0.05309713724200001,628
rg3_lh,pearson,Plasticizing_Position,Barrel_Temperature_2,-0.04901594854457983,628
rg3_lh,pearson,Plasticizing_Position,Barrel_Temperature_3,0.017450504157372496,628
rg3_lh,pearson,Plasticizing_Position,Barrel_Temperature_4,0.029355567399150493,628
rg3_lh,pearson,Plasticizing_Position,Barrel_Temperature_5,-0.011636972070337643,628
rg3_lh,pearson,Plasticizing_Position,Barrel_Temperature_6,-0.08892439329779644,628
rg3_lh,pearson,Plasticizing_Position,Hopper_Temperature,-0.5317007153107556,628
rg3_lh,pearson,Plasticizing_Position,Mold_Temperature_3,0.007677377168288247,628
rg3_lh,pearson,Plasticizing_Position,Mold_Temperature_4,0.21101374471439888,628
rg3_lh,pearson,Max_Injection_Speed,Max_Screw_RPM,-0.2165766244494325,628
rg3_lh,pearson,Max_Injection_Speed,Average_Screw_RPM,0.8550607553537466,628
rg3_lh,pearson,Max_Injection_Speed,Max_Injection_Pressure,-0.9094033517237419,628
rg3_lh,pearson,Max_Injection_Speed,Max_Switch_Over_Pressure,-0.8579483508207976,628
rg3_lh,pearson,Max_Injection_Speed,Max_Back_Pressure,-0.9077864907926808,628
rg3_lh,pearson,Max_Injection_Speed,Average_Back_Pressure,-0.818203801901994,628
rg3_lh,pearson,Max_Injection_Speed,Barrel_Temperature_1,0.03492075309327282,628
rg3_lh,pearson,Max_Injection_Speed,Barrel_Temperature_2,0.061033364039831006,628
rg3_lh,pearson,Max_Injection_Speed,Barrel_Temperature_3,-0.03575096277242332,628
rg3_lh,pearson,Max_Injection_Speed,Barrel_Temperature_4,-0.033169079034348806,628
rg3_lh,pearson,Max_Injection_Speed,Barrel_Temperature_5,0.049326672427392734,628
rg3_lh,pearson,Max_Injection_Speed,Barrel_Temperature_6,0.010356571858484803,628
rg3_lh,pearson,Max_Injection_Speed,Hopper_Temperature,0.5658895013679724,628
rg3_lh,pearson,Max_Injection_Speed,Mold_Temperature_3,-0.13452922027488134,628
rg3_lh,pearson,Max_Injection_Speed,Mold_Temperature_4,-0.36651246795413744,628
rg3_lh,pearson,Max_Screw_RPM,Average_Screw_RPM,-0.24277297941312545,628
rg3_lh,pearson,Max_Screw_RPM,Max_Injection_Pressure,0.19452299544961393,628
rg3_lh,pearson,Max_Screw_RPM,Max_Switch_Over_Pressure,0.1851595493942529,628
rg3_lh,pearson,Max_Screw_RPM,Max_Back_Pressure,0.17874294008853173,628
rg3_lh,pearson,Max_Screw_RPM,Average_Back_Pressure,0.10361040622733779,628
rg3_lh,pearson,Max_Screw_RPM,Barrel_Temperature_1,-0.0009264404829183381,628
rg3_lh,pearson,Max_Screw_RPM,Barrel_Temperature_2,-0.010249869020099184,628
rg3_lh,pearson,Max_Screw_RPM,Barrel_Temperature_3,0.07022204734312641,628
rg3_lh,pearson,Max_Screw_RPM,Barrel_Temperature_4,-0.06774557935403588,628
rg3_lh,pearson,Max_Screw_RPM,Barrel_Temperature_5,0.0009430364368452428,628
rg3_lh,pearson,Max_Screw_RPM,Barrel_Temperature_6,-0.014080286745528985,628
rg3_lh,pearson,Max_Screw_RPM,Hopper_Temperature,-0.03899134477629307,628
rg3_lh,pearson,Max_Screw_RPM,Mold_Temperature_3,-0.006829760046941747,628
rg3_lh,pearson,Max_Screw_RPM,Mold_Temperature_4,0.03556065285889009,628
rg3_lh,pearson,Average_Screw_RPM,Max_Injection_Pressure,-0.714217396639134,628
rg3_lh,pearson,Average_Screw_RPM,Max_Switch_Over_Pressure,-0.779537257620933,628
rg3_lh,pearson,Average_Screw_RPM,Max_Back_Pressure,-0.7737378871301087,628
rg3_lh,pearson,Average_Screw_RPM,Average_Back_Pressure,-0.5881591209861913,628
rg3_lh,pearson,Average_Screw_RPM,Barrel_Temperature_1,0.0637297929449228,628
rg3_lh,pearson,Average_Screw_RPM,Barrel_Temperature_2,0.057192175331085934,628
rg3_lh,pearson,Average_Screw_RPM,Barrel_Temperature_3,-0.04025597981075696,628
rg3_lh,pearson,Average_Screw_RPM,Barrel_Temperature_4,0.04026514530693375,628
rg3_lh,pearson,Average_Screw_RPM,Barrel_Temperature_5,0.011303486583422135,628
rg3_lh,pearson,Average_Screw_RPM,Barrel_Temperature_6,-0.039438644813023026,628
rg3_lh,pearson,Average_Screw_RPM,Hopper_Temperature,0.4043478660069595,628
rg3_lh,pearson,Average_Screw_RPM,Mold_Temperature_3,0.06846108419083052,628
rg3_lh,pearson,Average_Screw_RPM,Mold_Temperature_4,-0.1245970801616639,628
rg3_lh,pearson,Max_Injection_Pressure,Max_Switch_Over_Pressure,0.7768469899902456,628
rg3_lh,pearson,Max_Injection_Pressure,Max_Back_Pressure,0.8521886324492309,628
rg3_lh,pearson,Max_Injection_Pressure,Average_Back_Pressure,0.7940001713515056,628
rg3_lh,pearson,Max_Injection_Pressure,Barrel_Temperature_1,-0.019021207208735312,628
rg3_lh,pearson,Max_Injection_Pressure,Barrel_Temperature_2,-0.043146912386878185,628
rg3_lh,pearson,Max_Injection_Pressure,Barrel_Temperature_3,0.01813780325395937,628
rg3_lh,pearson,Max_Injection_Pressure,Barrel_Temperature_4,0.08589773115608466,628
rg3_lh,pearson,Max_Injection_Pressure,Barrel_Temperature_5,-0.08328827405454489,628
rg3_lh,pearson,Max_Injection_Pressure,Barrel_Temperature_6,-0.08707914644403145,628
rg3_lh,pearson,Max_Injection_Pressure,Hopper_Temperature,-0.5175788048490042,628
rg3_lh,pearson,Max_Injection_Pressure,Mold_Temperature_3,0.14193862591820883,628
rg3_lh,pearson,Max_Injection_Pressure,Mold_Temperature_4,0.344607684597861,628
rg3_lh,pearson,Max_Switch_Over_Pressure,Max_Back_Pressure,0.8135436277569642,628
rg3_lh,pearson,Max_Switch_Over_Pressure,Average_Back_Pressure,0.7126142048490485,628
rg3_lh,pearson,Max_Switch_Over_Pressure,Barrel_Temperature_1,-0.014890814068374938,628
rg3_lh,pearson,Max_Switch_Over_Pressure,Barrel_Temperature_2,-0.026250456163923665,628
rg3_lh,pearson,Max_Switch_Over_Pressure,Barrel_Temperature_3,0.02716676028717864,628
rg3_lh,pearson,Max_Switch_Over_Pressure,Barrel_Temperature_4,0.043308365485002324,628
rg3_lh,pearson,Max_Switch_Over_Pressure,Barrel_Temperature_5,-0.07464262657946062,628
rg3_lh,pearson,Max_Switch_Over_Pressure,Barrel_Temperature_6,0.00031538934682485466,628
rg3_lh,pearson,Max_Switch_Over_Pressure,Hopper_Temperature,-0.5026140890438796,628
rg3_lh,pearson,Max_Switch_Over_Pressure,Mold_Temperature_3,0.0326728649458786,628
rg3_lh,pearson,Max_Switch_Over_Pressure,Mold_Temperature_4,0.24219649652807773,628
rg3_lh,pearson,Max_Back_Pressure,Average_Back_Pressure,0.9371703737727395,628
rg3_lh,pearson,Max_Back_Pressure,Barrel_Temperature_1,-0.06341990500442911,628
rg3_lh,pearson,Max_Back_Pressure,Barrel_Temperature_2,-0.06183290192634298,628
rg3_lh,pearson,Max_Back_Pressure,Barrel_Temperature_3,0.07515047589215566,628
rg3_lh,pearson,Max_Back_Pressure,Barrel_Temperature_4,0.31187037525778716,628
rg3_lh,pearson,Max_Back_Pressure,Barrel_Temperature_5,-0.06417670129557967,628
rg3_lh,pearson,Max_Back_Pressure,Barrel_Temperature_6,0.01113809774825125,628
rg3_lh,pearson,Max_Back_Pressure,Hopper_Temperature,-0.5458171401521892,628
rg3_lh,pearson,Max_Back_Pressure,Mold_Temperature_3,0.1068687551165871,628
rg3_lh,pearson,Max_Back_Pressure,Mold_Temperature_4,0.3249512247748531,628
rg3_lh,pearson,Average_Back_Pressure,Barrel_Temperature_1,-0.03927506146866695,628
rg3_lh,pearson,Average_Back_Pressure,Barrel_Temperature_2,-0.05859247586011717,628
rg3_lh,pearson,Average_Back_Pressure,Barrel_Temperature_3,0.08631533356589699,628
rg3_lh,pearson,Average_Back_Pressure,Barrel_Temperature_4,0.3868327196285894,628
rg3_lh,pearson,Average_Back_Pressure,Barrel_Temperature_5,-0.059563251969076046,628
rg3_lh,pearson,Average_Back_Pressure,Barrel_Temperature_6,0.014063207187457216,628
rg3_lh,pearson,Average_Back_Pressure,Hopper_Temperature,-0.5445649802970409,628
rg3_lh,pearson,Average_Back_Pressure,Mold_Temperature_3,0.2663423920225628,628
rg3_lh,pearson,Average_Back_Pressure,Mold_Temperature_4,0.4667664780972881,628
rg3_lh,pearson,Barrel_Temperature_1,Barrel_Temperature_2,-0.025355036361152036,628
rg3_lh,pearson,Barrel_Temperature_1,Barrel_Temperature_3,0.38682503039805693,628
rg3_lh,pearson,Barrel_Temperature_1,Barrel_Temperature_4,-0.06929750520366873,628
rg3_lh,pearson,Barrel_Temperature_1,Barrel_Temperature_5,0.03554681773069579,628
rg3_lh,pearson,Barrel_Temperature_1,Barrel_Temperature_6,0.2224116703987123,628
rg3_lh,pearson,Barrel_Temperature_1,Hopper_Temperature,0.04702991854107267,628
rg3_lh,pearson,Barrel_Temperature_1,Mold_Temperature_3,0.06646136301926762,628
rg3_lh,pearson,Barrel_Temperature_1,Mold_Temperature_4,0.0488558489044018,628
rg3_lh,pearson,Barrel_Temperature_2,Barrel_Temperature_3,-0.04639407107293472,628
rg3_lh,pearson,Barrel_Temperature_2,Barrel_Temperature_4,-0.033122980811293105,628
rg3_lh,pearson,Barrel_Temperature_2,Barrel_Temperature_5,-0.02109210319182947,628
rg3_lh,pearson,Barrel_Temperature_2,Barrel_Temperature_6,-0.04569179995217271,628
rg3_lh,pearson,Barrel_Temperature_2,Hopper_Temperature,0.09236148814425119,628
rg3_lh,pearson,Barrel_Temperature_2,Mold_Temperature_3,0.05469200892624721,628
rg3_lh,pearson,Barrel_Temperature_2,Mold_Temperature_4,0.02492807805604936,628
rg3_lh,pearson,Barrel_Temperature_3,Barrel_Temperature_4,0.1578729098072054,628
rg3_lh,pearson,Barrel_Temperature_3,Barrel_Temperature_5,0.11846732057759998,628
rg3_lh,pearson,Barrel_Temperature_3,Barrel_Temperature_6,0.11919126085175342,628
rg3_lh,pearson,Barrel_Temperature_3,Hopper_Temperature,0.023891212179700565,628
rg3_lh,pearson,Barrel_Temperature_3,Mold_Temperature_3,0.053000643410124525,628
rg3_lh,pearson,Barrel_Temperature_3,Mold_Temperature_4,0.05220101696821127,628
rg3_lh,pearson,Barrel_Temperature_4,Barrel_Temperature_5,-0.12698193605165262,628
rg3_lh,pearson,Barrel_Temperature_4,Barrel_Temperature_6,-0.045582223625991763,628
rg3_lh,pearson,Barrel_Temperature_4,Hopper_Temperature,0.04760658446350771,628
rg3_lh,pearson,Barrel_Temperature_4,Mold_Temperature_3,0.03012014748808424,628
rg3_lh,pearson,Barrel_Temperature_4,Mold_Temperature_4,0.018434531983433408,628
rg3_lh,pearson,Barrel_Temperature_5,Barrel_Temperature_6,-0.0241972939559107,628
rg3_lh,pearson,Barrel_Temperature_5,Hopper_Temperature,0.028359738645795943,628
rg3_lh,pearson,Barrel_Temperature_5,Mold_Temperature_3,0.052162659190550846,628
rg3_lh,pearson,Barrel_Temperature_5,Mold_Temperature_4,0.04842832467577365,628
rg3_lh,pearson,Barrel_Temperature_6,Hopper_Temperature,0.003988399125279304,628
rg3_lh,pearson,Barrel_Temperature_6,Mold_Temperature_3,0.1084135543415626,628
rg3_lh,pearson,Barrel_Temperature_6,Mold_Temperature_4,0.10571354672267959,628
rg3_lh,pearson,Hopper_Temperature,Mold_Temperature_3,0.1290423918526753,628
rg3_lh,pearson,Hopper_Temperature,Mold_Temperature_4,-0.10396557351105343,628
rg3_lh,pearson,Mold_Temperature_3,Mold_Temperature_4,0.95431044524547,628
rg3_lh,spearman,Injection_Time,Filling_Time,0.4020800575992893,628
rg3_lh,spearman,Injection_Time,Plasticizing_Time,0.324150478806074,628
rg3_lh,spearman,Injection_Time,Cycle_Time,0.009303466973696191,628
rg3_lh,spearman,Injection_Time,Clamp_Close_Time,-0.397654712886939,628
rg3_lh,spearman,Injection_Time,Cushion_Position,-0.09210428258526539,628
rg3_lh,spearman,Injection_Time,Switch_Over_Position,-0.013601555258774796,628
rg3_lh,spearman,Injection_Time,Plasticizing_Position,0.38377036640538376,628
rg3_lh,spearman,Injection_Time,Max_Injection_Speed,-0.45129289149647545,628
rg3_lh,spearman,Injection_Time,Max_Screw_RPM,0.14868561300282332,628
rg3_lh,spearman,Injection_Time,Average_Screw_RPM,-0.42561808772356563,628
rg3_lh,spearman,Injection_Time,Max_Injection_Pressure,0.45175455907479045,628
rg3_lh,spearman,Injection_Time,Max_Switch_Over_Pressure,0.4426198203207258,628
rg3_lh,spearman,Injection_Time,Max_Back_Pressure,0.42331300398049637,628
rg3_lh,spearman,Injection_Time,Average_Back_Pressure,0.41107453935161525,628
rg3_lh,spearman,Injection_Time,Barrel_Temperature_1,-0.030889381671486978,628
rg3_lh,spearman,Injection_Time,Barrel_Temperature_2,-0.0366362478667824,628
rg3_lh,spearman,Injection_Time,Barrel_Temperature_3,0.04779995790084912,628
rg3_lh,spearman,Injection_Time,Barrel_Temperature_4,-0.02250910286752577,628
rg3_lh,spearman,Injection_Time,Barrel_Temperature_5,-0.012833127600625629,628
rg3_lh,spearman,Injection_Time,Barrel_Temperature_6,0.02837709737429811,628
rg3_lh,spearman,Injection_Time,Hopper_Temperature,-0.34732156607494424,628
rg3_lh,spearman,Injection_Time,Mold_Temperature_3,-0.031105012569988915,628
rg3_lh,spearman,Injection_Time,Mold_Temperature_4,0.19459241544800815,628
rg3_lh,spearman,Filling_Time,Plasticizing_Time,-0.12681978061521726,628
rg3_lh,spearman,Filling_Time,Cycle_Time,-0.07418730127118446,628
rg3_lh,spearman,Filling_Time,Clamp_Close_Time,-0.4598547680447939,628
rg3_lh,spearman,Filling_Time,Cushion_Position,-0.7486025034983812,628
rg3_lh,spearman,Filling_Time,Switch_Over_Position,0.03886689913810738,628
rg3_lh,spearman,Filling_Time,Plasticizing_Position,0.3867873270174498,628
rg3_lh,spearman,Filling_Time,Max_Injection_Speed,-0.8078016553887075,628
rg3_lh,spearman,Filling_Time,Max_Screw_RPM,0.05607410901621096,628
rg3_lh,spearman,Filling_Time,Average_Screw_RPM,-0.25349709733689874,628
rg3_lh,spearman,Filling_Time,Max_Injection_Pressure,0.8285714738381823,628
rg3_lh,spearman,Filling_Time,Max_Switch_Over_Pressure,0.7745307081860529,628
rg3_lh,spearman,Filling_Time,Max_Back_Pressure,0.6969069517314455,628
rg3_lh,spearman,Filling_Time,Average_Back_Pressure,0.6843410414493445,628
rg3_lh,spearman,Filling_Time,Barrel_Temperature_1,-0.013889216909926326,628
rg3_lh,spearman,Filling_Time,Barrel_Temperature_2,0.01768262110136957,628
rg3_lh,spearman,Filling_Time,Barrel_Temperature_3,0.02618320604290388,628
rg3_lh,spearman,Filling_Time,Barrel_Temperature_4,0.13118631490581564,628
rg3_lh,spearman,Filling_Time,Barrel_Temperature_5,-0.08667727890718262,628
rg3_lh,spearman,Filling_Time,Barrel_Temperature_6,-0.06537415870895298,628
rg3_lh,spearman,Filling_Time,Hopper_Temperature,-0.4597129467488455,628
rg3_lh,spearman,Filling_Time,Mold_Temperature_3,0.28281901626814115,628
rg3_lh,spearman,Filling_Time,Mold_Temperature_4,0.4335790838783535,628
rg3_lh,spearman,Plasticizing_Time,Cycle_Time,0.11163682574093788,628
rg3_lh,spearman,Plasticizing_Time,Clamp_Close_Time,0.16874602317978601,628
rg3_lh,spearman,Plasticizing_Time,Cushion_Position,0.22850007989118243,628
rg3_lh,spearman,Plasticizing_Time,Switch_Over_Position,-0.004140796397065774,628
rg3_lh,spearman,Plasticizing_Time,Plasticizing_Position,0.022084187958435388,628
rg3_lh,spearman,Plasticizing_Time,Max_Injection_Speed,0.2376682524103524,628
rg3_lh,spearman,Plasticizing_Time,Max_Screw_RPM,0.10274636734841931,628
rg3_lh,spearman,Plasticizing_Time,Average_Screw_RPM,0.05114442652286096,628
rg3_lh,spearman,Plasticizing_Time,Max_Injection_Pressure,-0.051522429208832536,628
rg3_lh,spearman,Plasticizing_Time,Max_Switch_Over_Pressure,-0.16190930528165975,628
rg3_lh,spearman,Plasticizing_Time,Max_Back_Pressure,-0.2118636376270777,628
rg3_lh,spearman,Plasticizing_Time,Average_Back_Pressure,-0.3034543492731221,628
rg3_lh,spearman,Plasticizing_Time,Barrel_Temperature_1,-0.013341477889960644,628
rg3_lh,spearman,Plasticizing_Time,Barrel_Temperature_2,-0.013422242876034923,628
rg3_lh,spearman,Plasticizing_Time,Barrel_Temperature_3,-0.060263595082337425,628
rg3_lh,spearman,Plasticizing_Time,Barrel_Temperature_4,-0.2507206209464835,628
rg3_lh,spearman,Plasticizing_Time,Barrel_Temperature_5,0.020135020202705155,628
rg3_lh,spearman,Plasticizing_Time,Barrel_Temperature_6,-0.02093133449421654,628
rg3_lh,spearman,Plasticizing_Time,Hopper_Temperature,0.1052256890457353,628
rg3_lh,spearman,Plasticizing_Time,Mold_Temperature_3,-0.5115046547031958,628
rg3_lh,spearman,Plasticizing_Time,Mold_Temperature_4,-0.44801399214176335,628
rg3_lh,spearman,Cycle_Time,Clamp_Close_Time,0.2049575560885451,628
rg3_lh,spearman,Cycle_Time,Cushion_Position,0.08989074432712972,628
rg3_lh,spearman,Cycle_Time,Switch_Over_Position,0.03937733753499523,628
rg3_lh,spearman,Cycle_Time,Plasticizing_Position,-0.08810628506181446,628
rg3_lh,spearman,Cycle_Time,Max_Injection_Speed,0.14078830140051424,628
rg3_lh,spearman,Cycle_Time,Max_Screw_RPM,0.058155195628513186,628
rg3_lh,spearman,Cycle_Time,Average_Screw_RPM,0.07709266847373124,628
rg3_lh,spearman,Cycle_Time,Max_Injection_Pressure,-0.08860723340704026,628
rg3_lh,spearman,Cycle_Time,Max_Switch_Over_Pressure,-0.10889556893173505,628
rg3_lh,spearman,Cycle_Time,Max_Back_Pressure,-0.060506327889791905,628
rg3_lh,spearman,Cycle_Time,Average_Back_Pressure,-0.09249662134269598,628
rg3_lh,spearman,Cycle_Time,Barrel_Temperature_1,-0.07375747109266906,628
rg3_lh,spearman,Cycle_Time,Barrel_Temperature_2,-0.017835032636874817,628
rg3_lh,spearman,Cycle_Time,Barrel_Temperature_3,0.01954128309582033,628
rg3_lh,spearman,Cycle_Time,Barrel_Temperature_4,0.043832130269246324,628
rg3_lh,spearman,Cycle_Time,Barrel_Temperature_5,-0.046315471409935915,628
rg3_lh,spearman,Cycle_Time,Barrel_Temperature_6,-0.03186732672068914,628
rg3_lh,spearman,Cycle_Time,Hopper_Temperature,0.0921205738923828,628
rg3_lh,spearman,Cycle_Time,Mold_Temperature_3,-0.19414330982012704,628
rg3_lh,spearman,Cycle_Time,Mold_Temperature_4,-0.19912924643816596,628
rg3_lh,spearman,Clamp_Close_Time,Cushion_Position,0.47701570763988926,628
rg3_lh,spearman,Clamp_Close_Time,Switch_Over_Position,0.0635780881938851,628
rg3_lh,spearman,Clamp_Close_Time,Plasticizing_Position,-0.6892284090409174,628
rg3_lh,spearman,Clamp_Close_Time,Max_Injection_Speed,0.6377349840957658,628
rg3_lh,spearman,Clamp_Close_Time,Max_Screw_RPM,-0.06998833347119063,628
rg3_lh,spearman,Clamp_Close_Time,Average_Screw_RPM,0.29725294362201915,628
rg3_lh,spearman,Clamp_Close_Time,Max_Injection_Pressure,-0.49344617205744956,628
rg3_lh,spearman,Clamp_Close_Time,Max_Switch_Over_Pressure,-0.5801452221855038,628
rg3_lh,spearman,Clamp_Close_Time,Max_Back_Pressure,-0.5217580801322584,628
rg3_lh,spearman,Clamp_Close_Time,Average_Back_Pressure,-0.5601454874316022,628
rg3_lh,spearman,Clamp_Close_Time,Barrel_Temperature_1,0.04205650231664458,628
rg3_lh,spearman,Clamp_Close_Time,Barrel_Temperature_2,0.07326523703586071,628
rg3_lh,spearman,Clamp_Close_Time,Barrel_Temperature_3,-0.012336297717698596,628
rg3_lh,spearman,Clamp_Close_Time,Barrel_Temperature_4,0.02696411708800333,628
rg3_lh,spearman,Clamp_Close_Time,Barrel_Temperature_5,-0.007223773842214317,628
rg3_lh,spearman,Clamp_Close_Time,Barrel_Temperature_6,-0.046819827532668695,628
rg3_lh,spearman,Clamp_Close_Time,Hopper_Temperature,0.6006031149613427,628
rg3_lh,spearman,Clamp_Close_Time,Mold_Temperature_3,-0.2710398738787406,628
rg3_lh,spearman,Clamp_Close_Time,Mold_Temperature_4,-0.4281413721380531,628
rg3_lh,spearman,Cushion_Position,Switch_Over_Position,0.035676719614542836,628
rg3_lh,spearman,Cushion_Position,Plasticizing_Position,-0.4047423425337511,628
rg3_lh,spearman,Cushion_Position,Max_Injection_Speed,0.7896555848493126,628
rg3_lh,spearman,Cushion_Position,Max_Screw_RPM,-0.03898921197621791,628
rg3_lh,spearman,Cushion_Position,Average_Screw_RPM,0.1521370501434371,628
rg3_lh,spearman,Cushion_Position,Max_Injection_Pressure,-0.7739738073436112,628
rg3_lh,spearman,Cushion_Position,Max_Switch_Over_Pressure,-0.7670264355028692,628
rg3_lh,spearman,Cushion_Position,Max_Back_Pressure,-0.6732670964311049,628
rg3_lh,spearman,Cushion_Position,Average_Back_Pressure,-0.6632308400385821,628
rg3_lh,spearman,Cushion_Position,Barrel_Temperature_1,0.021225820914863917,628
rg3_lh,spearman,Cushion_Position,Barrel_Temperature_2,0.036858965586101,628
rg3_lh,spearman,Cushion_Position,Barrel_Temperature_3,0.04963223326973207,628
rg3_lh,spearman,Cushion_Position,Barrel_Temperature_4,-0.09914875266425736,628
rg3_lh,spearman,Cushion_Position,Barrel_Temperature_5,0.09815412681181243,628
rg3_lh,spearman,Cushion_Position,Barrel_Temperature_6,0.06303101310907545,628
rg3_lh,spearman,Cushion_Position,Hopper_Temperature,0.45740854585341106,628
rg3_lh,spearman,Cushion_Position,Mold_Temperature_3,-0.30602698013033897,628
rg3_lh,spearman,Cushion_Position,Mold_Temperature_4,-0.4201735054803132,628
rg3_lh,spearman,Switch_Over_Position,Plasticizing_Position,-0.04170230721134205,628
rg3_lh,spearman,Switch_Over_Position,Max_Injection_Speed,0.04427699037460084,628
rg3_lh,spearman,Switch_Over_Position,Max_Screw_RPM,-0.0019374771838675503,628
rg3_lh,spearman,Switch_Over_Position,Average_Screw_RPM,0.026589710030239157,628
rg3_lh,spearman,Switch_Over_Position,Max_Injection_Pressure,0.004989025941259359,628
rg3_lh,spearman,Switch_Over_Position,Max_Switch_Over_Pressure,-0.09798196367073335,628
rg3_lh,spearman,Switch_Over_Position,Max_Back_Pressure,-0.011418190853661862,628
rg3_lh,spearman,Switch_Over_Position,Average_Back_Pressure,-0.020304517949634997,628
rg3_lh,spearman,Switch_Over_Position,Barrel_Temperature_1,-0.06339049764987384,628
rg3_lh,spearman,Switch_Over_Position,Barrel_Temperature_2,-0.011879614105235923,628
rg3_lh,spearman,Switch_Over_Position,Barrel_Temperature_3,0.016464050608518972,628
rg3_lh,spearman,Switch_Over_Position,Barrel_Temperature_4,0.014982200145233788,628
rg3_lh,spearman,Switch_Over_Position,Barrel_Temperature_5,0.06611204571811947,628
rg3_lh,spearman,Switch_Over_Position,Barrel_Temperature_6,-0.01931317550424617,628
rg3_lh,spearman,Switch_Over_Position,Hopper_Temperature,0.024573584908967844,628
rg3_lh,spearman,Switch_Over_Position,Mold_Temperature_3,0.012573290962369024,628
rg3_lh,spearman,Switch_Over_Position,Mold_Temperature_4,0.004450883035007676,628
rg3_lh,spearman,Plasticizing_Position,Max_Injection_Speed,-0.5341862583072032,628
rg3_lh,spearman,Plasticizing_Position,Max_Screw_RPM,0.09701433327722232,628
rg3_lh,spearman,Plasticizing_Position,Average_Screw_RPM,-0.20258462841431893,628
rg3_lh,spearman,Plasticizing_Position,Max_Injection_Pressure,0.4862414642604954,628
rg3_lh,spearman,Plasticizing_Position,Max_Switch_Over_Pressure,0.5090044205406706,628
rg3_lh,spearman,Plasticizing_Position,Max_Back_Pressure,0.46509855797867805,628
rg3_lh,spearman,Plasticizing_Position,Average_Back_Pressure,0.47151502198109996,628
rg3_lh,spearman,Plasticizing_Position,Barrel_Temperature_1,-0.04536219608728122,628
rg3_lh,spearman,Plasticizing_Position,Barrel_Temperature_2,-0.038618733471514836,628
rg3_lh,spearman,Plasticizing_Position,Barrel_Temperature_3,0.005880874609844436,628
rg3_lh,spearman,Plasticizing_Position,Barrel_Temperature_4,0.03183678504861019,628
rg3_lh,spearman,Plasticizing_Position,Barrel_Temperature_5,-0.014279081281213192,628
rg3_lh,spearman,Plasticizing_Position,Barrel_Temperature_6,-0.09705838835195865,628
rg3_lh,spearman,Plasticizing_Position,Hopper_Temperature,-0.5420873741022472,628
rg3_lh,spearman,Plasticizing_Position,Mold_Temperature_3,0.04036121628623528,628
rg3_lh,spearman,Plasticizing_Position,Mold_Temperature_4,0.1967796671738142,628
rg3_lh,spearman,Max_Injection_Speed,Max_Screw_RPM,-0.0721732617044493,628
rg3_lh,spearman,Max_Injection_Speed,Average_Screw_RPM,0.3241121730465948,628
rg3_lh,spearman,Max_Injection_Speed,Max_Injection_Pressure,-0.8502955521292057,628
rg3_lh,spearman,Max_Injection_Speed,Max_Switch_Over_Pressure,-0.8910300248115774,628
rg3_lh,spearman,Max_Injection_Speed,Max_Back_Pressure,-0.7850258901464091,628
rg3_lh,spearman,Max_Injection_Speed,Average_Back_Pressure,-0.7982246736976747,628
rg3_lh,spearman,Max_Injection_Speed,Barrel_Temperature_1,-0.0025350572556992143,628
rg3_lh,spearman,Max_Injection_Speed,Barrel_Temperature_2,0.04246867534133241,628
rg3_lh,spearman,Max_Injection_Speed,Barrel_Temperature_3,-0.021872086221379615,628
rg3_lh,spearman,Max_Injection_Speed,Barrel_Temperature_4,-0.11026952239227333,628
rg3_lh,spearman,Max_Injection_Speed,Barrel_Temperature_5,0.08790875311326071,628
rg3_lh,spearman,Max_Injection_Speed,Barrel_Temperature_6,0.0484440908113613,628
rg3_lh,spearman,Max_Injection_Speed,Hopper_Temperature,0.6237519435320422,628
rg3_lh,spearman,Max_Injection_Speed,Mold_Temperature_3,-0.33794213456697986,628
rg3_lh,spearman,Max_Injection_Speed,Mold_Temperature_4,-0.5173149400596155,628
rg3_lh,spearman,Max_Screw_RPM,Average_Screw_RPM,-0.13774152676484774,628
rg3_lh,spearman,Max_Screw_RPM,Max_Injection_Pressure,0.0788858659512658,628
rg3_lh,spearman,Max_Screw_RPM,Max_Switch_Over_Pressure,0.044356255684618526,628
rg3_lh,spearman,Max_Screw_RPM,Max_Back_Pressure,0.04837515445561602,628
rg3_lh,spearman,Max_Screw_RPM,Average_Back_Pressure,0.024200205376476297,628
rg3_lh,spearman,Max_Screw_RPM,Barrel_Temperature_1,0.012203795249317625,628
rg3_lh,spearman,Max_Screw_RPM,Barrel_Temperature_2,-0.006514708195440166,628
rg3_lh,spearman,Max_Screw_RPM,Barrel_Temperature_3,0.0557160536532113,628
rg3_lh,spearman,Max_Screw_RPM,Barrel_Temperature_4,-0.06352726276687293,628
rg3_lh,spearman,Max_Screw_RPM,Barrel_Temperature_5,0.0138885439286183,628
rg3_lh,spearman,Max_Screw_RPM,Barrel_Temperature_6,-0.006393580215910591,628
rg3_lh,spearman,Max_Screw_RPM,Hopper_Temperature,-0.016458473752115045,628
rg3_lh,spearman,Max_Screw_RPM,Mold_Temperature_3,0.0008671540242941032,628
rg3_lh,spearman,Max_Screw_RPM,Mold_Temperature_4,0.04154500881357379,628
rg3_lh,spearman,Average_Screw_RPM,Max_Injection_Pressure,-0.24771003629446395,628
rg3_lh,spearman,Average_Screw_RPM,Max_Switch_Over_Pressure,-0.23971636594661183,628
rg3_lh,spearman,Average_Screw_RPM,Max_Back_Pressure,-0.2339011057729406,628
rg3_lh,spearman,Average_Screw_RPM,Average_Back_Pressure,-0.41965487592543693,628
rg3_lh,spearman,Average_Screw_RPM,Barrel_Temperature_1,-0.03976229463504375,628
rg3_lh,spearman,Average_Screw_RPM,Barrel_Temperature_2,0.09445385242723359,628
rg3_lh,spearman,Average_Screw_RPM,Barrel_Temperature_3,-0.03460917654027737,628
rg3_lh,spearman,Average_Screw_RPM,Barrel_Temperature_4,0.02036628935984183,628
rg3_lh,spearman,Average_Screw_RPM,Barrel_Temperature_5,-0.03572148268176175,628
rg3_lh,spearman,Average_Screw_RPM,Barrel_Temperature_6,-0.035283650112702666,628
rg3_lh,spearman,Average_Screw_RPM,Hopper_Temperature,0.1813041873045956,628
rg3_lh,spearman,Average_Screw_RPM,Mold_Temperature_3,-0.26173272077197896,628
rg3_lh,spearman,Average_Screw_RPM,Mold_Temperature_4,-0.3761388112304362,628
rg3_lh,spearman,Max_Injection_Pressure,Max_Switch_Over_Pressure,0.8263509379354234,628
rg3_lh,spearman,Max_Injection_Pressure,Max_Back_Pressure,0.7317765094610522,628
rg3_lh,spearman,Max_Injection_Pressure,Average_Back_Pressure,0.7126682620290837,628
rg3_lh,spearman,Max_Injection_Pressure,Barrel_Temperature_1,0.002107686363720986,628
rg3_lh,spearman,Max_Injection_Pressure,Barrel_Temperature_2,-0.028385215565395434,628
rg3_lh,spearman,Max_Injection_Pressure,Barrel_Temperature_3,0.00039913574224893664,628
rg3_lh,spearman,Max_Injection_Pressure,Barrel_Temperature_4,0.13896884706070214,628
rg3_lh,spearman,Max_Injection_Pressure,Barrel_Temperature_5,-0.09672912171291911,628
rg3_lh,spearman,Max_Injection_Pressure,Barrel_Temperature_6,-0.12603733252001598,628
rg3_lh,spearman,Max_Injection_Pressure,Hopper_Temperature,-0.488409122606464,628
rg3_lh,spearman,Max_Injection_Pressure,Mold_Temperature_3,0.22373982993847982,628
rg3_lh,spearman,Max_Injection_Pressure,Mold_Temperature_4,0.3819859274437777,628
rg3_lh,spearman,Max_Switch_Over_Pressure,Max_Back_Pressure,0.8304545507136758,628
rg3_lh,spearman,Max_Switch_Over_Pressure,Average_Back_Pressure,0.7905980067239406,628
rg3_lh,spearman,Max_Switch_Over_Pressure,Barrel_Temperature_1,-0.009081930083632402,628
rg3_lh,spearman,Max_Switch_Over_Pressure,Barrel_Temperature_2,-0.0014197077322736205,628
rg3_lh,spearman,Max_Switch_Over_Pressure,Barrel_Temperature_3,0.01099113771377203,628
rg3_lh,spearman,Max_Switch_Over_Pressure,Barrel_Temperature_4,0.17648425072853438,628
rg3_lh,spearman,Max_Switch_Over_Pressure,Barrel_Temperature_5,-0.11106551661593253,628
rg3_lh,spearman,Max_Switch_Over_Pressure,Barrel_Temperature_6,-0.06392382395743296,628
rg3_lh,spearman,Max_Switch_Over_Pressure,Hopper_Temperature,-0.6177276710741019,628
rg3_lh,spearman,Max_Switch_Over_Pressure,Mold_Temperature_3,0.20052155888526893,628
rg3_lh,spearman,Max_Switch_Over_Pressure,Mold_Temperature_4,0.3778675071054039,628
rg3_lh,spearman,Max_Back_Pressure,Average_Back_Pressure,0.9515959688958975,628
rg3_lh,spearman,Max_Back_Pressure,Barrel_Temperature_1,-0.04733311193859695,628
rg3_lh,spearman,Max_Back_Pressure,Barrel_Temperature_2,-0.05123111677235411,628
rg3_lh,spearman,Max_Back_Pressure,Barrel_Temperature_3,0.09992251486532724,628
rg3_lh,spearman,Max_Back_Pressure,Barrel_Temperature_4,0.49852421727435325,628
rg3_lh,spearman,Max_Back_Pressure,Barrel_Temperature_5,-0.07349579775188854,628
rg3_lh,spearman,Max_Back_Pressure,Barrel_Temperature_6,-0.009012465361056996,628
rg3_lh,spearman,Max_Back_Pressure,Hopper_Temperature,-0.5277969764131423,628
rg3_lh,spearman,Max_Back_Pressure,Mold_Temperature_3,0.22131344940274858,628
rg3_lh,spearman,Max_Back_Pressure,Mold_Temperature_4,0.379638615941953,628
rg3_lh,spearman,Average_Back_Pressure,Barrel_Temperature_1,-0.02490345207553543,628
rg3_lh,spearman,Average_Back_Pressure,Barrel_Temperature_2,-0.05388108852469902,628
rg3_lh,spearman,Average_Back_Pressure,Barrel_Temperature_3,0.10856371465692592,628
rg3_lh,spearman,Average_Back_Pressure,Barrel_Temperature_4,0.45261738445693983,628
rg3_lh,spearman,Average_Back_Pressure,Barrel_Temperature_5,-0.04342588123308577,628
rg3_lh,spearman,Average_Back_Pressure,Barrel_Temperature_6,0.005007995628312613,628
rg3_lh,spearman,Average_Back_Pressure,Hopper_Temperature,-0.5396458054740417,628
rg3_lh,spearman,Average_Back_Pressure,Mold_Temperature_3,0.3323002370547667,628
rg3_lh,spearman,Average_Back_Pressure,Mold_Temperature_4,0.490776388683602,628
rg3_lh,spearman,Barrel_Temperature_1,Barrel_Temperature_2,-0.002316431881145251,628
rg3_lh,spearman,Barrel_Temperature_1,Barrel_Temperature_3,0.3783594600720108,628
rg3_lh,spearman,Barrel_Temperature_1,Barrel_Temperature_4,-0.06508518102823094,628
rg3_lh,spearman,Barrel_Temperature_1,Barrel_Temperature_5,0.1227358460593232,628
rg3_lh,spearman,Barrel_Temperature_1,Barrel_Temperature_6,0.21496750930799763,628
rg3_lh,spearman,Barrel_Temperature_1,Hopper_Temperature,0.04951872025695567,628
rg3_lh,spearman,Barrel_Temperature_1,Mold_Temperature_3,0.06632961944249198,628
rg3_lh,spearman,Barrel_Temperature_1,Mold_Temperature_4,0.049043052039305514,628
rg3_lh,spearman,Barrel_Temperature_2,Barrel_Temperature_3,-0.03314100264535661,628
rg3_lh,spearman,Barrel_Temperature_2,Barrel_Temperature_4,-0.028212574043305585,628
rg3_lh,spearman,Barrel_Temperature_2,Barrel_Temperature_5,-0.024178552606498364,628
rg3_lh,spearman,Barrel_Temperature_2,Barrel_Temperature_6,-0.034607658890070475,628
rg3_lh,spearman,Barrel_Temperature_2,Hopper_Temperature,0.07811833958025188,628
rg3_lh,spearman,Barrel_Temperature_2,Mold_Temperature_3,0.058438705306008025,628
rg3_lh,spearman,Barrel_Temperature_2,Mold_Temperature_4,0.03472686261539279,628
rg3_lh,spearman,Barrel_Temperature_3,Barrel_Temperature_4,0.19256925371683462,628
rg3_lh,spearman,Barrel_Temperature_3,Barrel_Temperature_5,0.22989222696593545,628
rg3_lh,spearman,Barrel_Temperature_3,Barrel_Temperature_6,0.14411777044972288,628
rg3_lh,spearman,Barrel_Temperature_3,Hopper_Temperature,0.011134358411371741,628
rg3_lh,spearman,Barrel_Temperature_3,Mold_Temperature_3,0.04728928724539571,628
rg3_lh,spearman,Barrel_Temperature_3,Mold_Temperature_4,0.0509428035010255,628
rg3_lh,spearman,Barrel_Temperature_4,Barrel_Temperature_5,-0.09123865075119747,628
rg3_lh,spearman,Barrel_Temperature_4,Barrel_Temperature_6,-0.03273106291444404,628
rg3_lh,spearman,Barrel_Temperature_4,Hopper_Temperature,0.053089072515710475,628
rg3_lh,spearman,Barrel_Temperature_4,Mold_Temperature_3,0.040748504380407315,628
rg3_lh,spearman,Barrel_Temperature_4,Mold_Temperature_4,0.023113925286692257,628
rg3_lh,spearman,Barrel_Temperature_5,Barrel_Temperature_6,0.01975045443565826,628
rg3_lh,spearman,Barrel_Temperature_5,Hopper_Temperature,0.006259987666504471,628
rg3_lh,spearman,Barrel_Temperature_5,Mold_Temperature_3,0.07395733360134328,628
rg3_lh,spearman,Barrel_Temperature_5,Mold_Temperature_4,0.06911223115397364,628
rg3_lh,spearman,Barrel_Temperature_6,Hopper_Temperature,-0.00212660627188773,628
rg3_lh,spearman,Barrel_Temperature_6,Mold_Temperature_3,0.09658941998177761,628
rg3_lh,spearman,Barrel_Temperature_6,Mold_Temperature_4,0.09926015122624733,628
rg3_lh,spearman,Hopper_Temperature,Mold_Temperature_3,0.038553212644921724,628
rg3_lh,spearman,Hopper_Temperature,Mold_Temperature_4,-0.14677243226894804,628
rg3_lh,spearman,Mold_Temperature_3,Mold_Temperature_4,0.9539857798019016,628
rg3_rh,pearson,Injection_Time,Filling_Time,0.5020369042711782,628
rg3_rh,pearson,Injection_Time,Plasticizing_Time,0.6265603562963157,628
rg3_rh,pearson,Injection_Time,Cycle_Time,0.09725078560818137,628
rg3_rh,pearson,Injection_Time,Clamp_Close_Time,-0.4031168274484571,628
rg3_rh,pearson,Injection_Time,Cushion_Position,-0.1227455672247638,628
rg3_rh,pearson,Injection_Time,Switch_Over_Position,-0.013121204674101794,628
rg3_rh,pearson,Injection_Time,Plasticizing_Position,0.471146903364541,628
rg3_rh,pearson,Injection_Time,Max_Injection_Speed,-0.8406009250126553,628
rg3_rh,pearson,Injection_Time,Max_Screw_RPM,0.21036525070240583,628
rg3_rh,pearson,Injection_Time,Average_Screw_RPM,-0.8891160642941383,628
rg3_rh,pearson,Injection_Time,Max_Injection_Pressure,0.7527578634244987,628
rg3_rh,pearson,Injection_Time,Max_Switch_Over_Pressure,0.7557561024217136,628
rg3_rh,pearson,Injection_Time,Max_Back_Pressure,0.758534607481325,628
rg3_rh,pearson,Injection_Time,Average_Back_Pressure,0.6187005705613892,628
rg3_rh,pearson,Injection_Time,Barrel_Temperature_1,-0.027848149952711454,628
rg3_rh,pearson,Injection_Time,Barrel_Temperature_2,-0.042202170012345844,628
rg3_rh,pearson,Injection_Time,Barrel_Temperature_3,0.08575838212340792,628
rg3_rh,pearson,Injection_Time,Barrel_Temperature_4,-0.00991785966431266,628
rg3_rh,pearson,Injection_Time,Barrel_Temperature_5,-0.02119417904458242,628
rg3_rh,pearson,Injection_Time,Barrel_Temperature_6,0.0033021286395092686,628
rg3_rh,pearson,Injection_Time,Hopper_Temperature,-0.37432007917122434,628
rg3_rh,pearson,Injection_Time,Mold_Temperature_3,-0.02002132718614782,628
rg3_rh,pearson,Injection_Time,Mold_Temperature_4,0.16701372804911432,628
rg3_rh,pearson,Filling_Time,Plasticizing_Time,0.178254186044063,628
rg3_rh,pearson,Filling_Time,Cycle_Time,0.04122701387692722,628
rg3_rh,pearson,Filling_Time,Clamp_Close_Time,-0.4882874783448097,628
rg3_rh,pearson,Filling_Time,Cushion_Position,-0.7222428511908653,628
rg3_rh,pearson,Filling_Time,Switch_Over_Position,0.034171492446037316,628
rg3_rh,pearson,Filling_Time,Plasticizing_Position,0.4377361381229685,628
rg3_rh,pearson,Filling_Time,Max_Injection_Speed,-0.7555011643286018,628
rg3_rh,pearson,Filling_Time,Max_Screw_RPM,0.12045158075587725,628
rg3_rh,pearson,Filling_Time,Average_Screw_RPM,-0.49766480826218334,628
rg3_rh,pearson,Filling_Time,Max_Injection_Pressure,0.8248387417744485,628
rg3_rh,pearson,Filling_Time,Max_Switch_Over_Pressure,0.6233472205689237,628
rg3_rh,pearson,Filling_Time,Max_Back_Pressure,0.7358009393100957,628
rg3_rh,pearson,Filling_Time,Average_Back_Pressure,0.7355779536600993,628
rg3_rh,pearson,Filling_Time,Barrel_Temperature_1,-0.02076593482852971,628
rg3_rh,pearson,Filling_Time,Barrel_Temperature_2,0.0058726300566346494,628
rg3_rh,pearson,Filling_Time,Barrel_Temperature_3,0.044502099203281124,628
rg3_rh,pearson,Filling_Time,Barrel_Temperature_4,0.12054297392977686,628
rg3_rh,pearson,Filling_Time,Barrel_Temperature_5,-0.09268843413239605,628
rg3_rh,pearson,Filling_Time,Barrel_Temperature_6,-0.05485283358819911,628
rg3_rh,pearson,Filling_Time,Hopper_Temperature,-0.4763783933850113,628
rg3_rh,pearson,Filling_Time,Mold_Temperature_3,0.2576265904359486,628
rg3_rh,pearson,Filling_Time,Mold_Temperature_4,0.42631947478752097,628
rg3_rh,pearson,Plasticizing_Time,Cycle_Time,0.06153287599741372,628
rg3_rh,pearson,Plasticizing_Time,Clamp_Close_Time,-0.06954548053134199,628
rg3_rh,pearson,Plasticizing_Time,Cushion_Position,0.012948867786431582,628
rg3_rh,pearson,Plasticizing_Time,Switch_Over_Position,-0.011979446249230218,628
rg3_rh,pearson,Plasticizing_Time,Plasticizing_Position,0.30305585710494004,628
rg3_rh,pearson,Plasticizing_Time,Max_Injection_Speed,-0.4917273872314152,628
rg3_rh,pearson,Plasticizing_Time,Max_Screw_RPM,0.22228343473721127,628
rg3_rh,pearson,Plasticizing_Time,Average_Screw_RPM,-0.7304071263342731,628
rg3_rh,pearson,Plasticizing_Time,Max_Injection_Pressure,0.414375479677999,628
rg3_rh,pearson,Plasticizing_Time,Max_Switch_Over_Pressure,0.4976802706194417,628
rg3_rh,pearson,Plasticizing_Time,Max_Back_Pressure,0.41636251315609507,628
rg3_rh,pearson,Plasticizing_Time,Average_Back_Pressure,0.17323874616828736,628
rg3_rh,pearson,Plasticizing_Time,Barrel_Temperature_1,-0.035457113909967156,628
rg3_rh,pearson,Plasticizing_Time,Barrel_Temperature_2,-0.026555190240659856,628
rg3_rh,pearson,Plasticizing_Time,Barrel_Temperature_3,-0.013135050660750184,628
rg3_rh,pearson,Plasticizing_Time,Barrel_Temperature_4,-0.2059095608949279,628
rg3_rh,pearson,Plasticizing_Time,Barrel_Temperature_5,0.01975301586452984,628
rg3_rh,pearson,Plasticizing_Time,Barrel_Temperature_6,0.006103009147148417,628
rg3_rh,pearson,Plasticizing_Time,Hopper_Temperature,-0.14296533302094966,628
rg3_rh,pearson,Plasticizing_Time,Mold_Temperature_3,-0.39999986079340544,628
rg3_rh,pearson,Plasticizing_Time,Mold_Temperature_4,-0.28717849933480033,628
rg3_rh,pearson,Cycle_Time,Clamp_Close_Time,0.03451074942793004,628
rg3_rh,pearson,Cycle_Time,Cushion_Position,0.013559679033905854,628
rg3_rh,pearson,Cycle_Time,Switch_Over_Position,0.011561922783580765,628
rg3_rh,pearson,Cycle_Time,Plasticizing_Position,0.014367857446431893,628
rg3_rh,pearson,Cycle_Time,Max_Injection_Speed,-0.061346481022519335,628
rg3_rh,pearson,Cycle_Time,Max_Screw_RPM,0.06664288574690241,628
rg3_rh,pearson,Cycle_Time,Average_Screw_RPM,-0.08642472202462928,628
rg3_rh,pearson,Cycle_Time,Max_Injection_Pressure,0.05295302095301885,628
rg3_rh,pearson,Cycle_Time,Max_Switch_Over_Pressure,0.05301207741895922,628
rg3_rh,pearson,Cycle_Time,Max_Back_Pressure,0.08376655209359322,628
rg3_rh,pearson,Cycle_Time,Average_Back_Pressure,0.05971027480938539,628
rg3_rh,pearson,Cycle_Time,Barrel_Temperature_1,-0.09861921335491675,628
rg3_rh,pearson,Cycle_Time,Barrel_Temperature_2,0.032029878764533636,628
rg3_rh,pearson,Cycle_Time,Barrel_Temperature_3,-0.06847657993724804,628
rg3_rh,pearson,Cycle_Time,Barrel_Temperature_4,-0.011142699241548992,628
rg3_rh,pearson,Cycle_Time,Barrel_Temperature_5,-0.0124291883723658,628
rg3_rh,pearson,Cycle_Time,Barrel_Temperature_6,0.013437824414178635,628
rg3_rh,pearson,Cycle_Time,Hopper_Temperature,-0.026465084128417974,628
rg3_rh,pearson,Cycle_Time,Mold_Temperature_3,-0.06792730621501052,628
rg3_rh,pearson,Cycle_Time,Mold_Temperature_4,-0.05535625958308499,628
rg3_rh,pearson,Clamp_Close_Time,Cushion_Position,0.4859933825602532,628
rg3_rh,pearson,Clamp_Close_Time,Switch_Over_Position,0.06080528521841386,628
rg3_rh,pearson,Clamp_Close_Time,Plasticizing_Position,-0.6595822047086612,628
rg3_rh,pearson,Clamp_Close_Time,Max_Injection_Speed,0.5873776929631053,628
rg3_rh,pearson,Clamp_Close_Time,Max_Screw_RPM,-0.11081554289143195,628
rg3_rh,pearson,Clamp_Close_Time,Average_Screw_RPM,0.4017765241628587,628
rg3_rh,pearson,Clamp_Close_Time,Max_Injection_Pressure,-0.529734819418321,628
rg3_rh,pearson,Clamp_Close_Time,Max_Switch_Over_Pressure,-0.5098113711271822,628
rg3_rh,pearson,Clamp_Close_Time,Max_Back_Pressure,-0.5500028272400064,628
rg3_rh,pearson,Clamp_Close_Time,Average_Back_Pressure,-0.5817605472610152,628
rg3_rh,pearson,Clamp_Close_Time,Barrel_Temperature_1,0.03392489409447274,628
rg3_rh,pearson,Clamp_Close_Time,Barrel_Temperature_2,0.06757381502424183,628
rg3_rh,pearson,Clamp_Close_Time,Barrel_Temperature_3,-0.034101679455800275,628
rg3_rh,pearson,Clamp_Close_Time,Barrel_Temperature_4,0.026487834299147847,628
rg3_rh,pearson,Clamp_Close_Time,Barrel_Temperature_5,-0.0003062384002364563,628
rg3_rh,pearson,Clamp_Close_Time,Barrel_Temperature_6,-0.04727505096900967,628
rg3_rh,pearson,Clamp_Close_Time,Hopper_Temperature,0.5347933145573719,628
rg3_rh,pearson,Clamp_Close_Time,Mold_Temperature_3,-0.302274375910764,628
rg3_rh,pearson,Clamp_Close_Time,Mold_Temperature_4,-0.5174912847249786,628
rg3_rh,pearson,Cushion_Position,Switch_Over_Position,0.02933600707644657,628
rg3_rh,pearson,Cushion_Position,Plasticizing_Position,-0.40023329691989096,628
rg3_rh,pearson,Cushion_Position,Max_Injection_Speed,0.5845586052579193,628
rg3_rh,pearson,Cushion_Position,Max_Screw_RPM,-0.0768002801038074,628
rg3_rh,pearson,Cushion_Position,Average_Screw_RPM,0.2621260422733591,628
rg3_rh,pearson,Cushion_Position,Max_Injection_Pressure,-0.6555019348210498,628
rg3_rh,pearson,Cushion_Position,Max_Switch_Over_Pressure,-0.49073958618262276,628
rg3_rh,pearson,Cushion_Position,Max_Back_Pressure,-0.5854416258872821,628
rg3_rh,pearson,Cushion_Position,Average_Back_Pressure,-0.6303845311688391,628
rg3_rh,pearson,Cushion_Position,Barrel_Temperature_1,0.03865555990175124,628
rg3_rh,pearson,Cushion_Position,Barrel_Temperature_2,0.043930371936434294,628
rg3_rh,pearson,Cushion_Position,Barrel_Temperature_3,0.037261456817202915,628
rg3_rh,pearson,Cushion_Position,Barrel_Temperature_4,-0.08655823702605205,628
rg3_rh,pearson,Cushion_Position,Barrel_Temperature_5,0.08648956848414543,628
rg3_rh,pearson,Cushion_Position,Barrel_Temperature_6,0.039090498632110754,628
rg3_rh,pearson,Cushion_Position,Hopper_Temperature,0.44543856996461917,628
rg3_rh,pearson,Cushion_Position,Mold_Temperature_3,-0.28621904256020597,628
rg3_rh,pearson,Cushion_Position,Mold_Temperature_4,-0.43125169633837607,628
rg3_rh,pearson,Switch_Over_Position,Plasticizing_Position,-0.03555663495339829,628
rg3_rh,pearson,Switch_Over_Position,Max_Injection_Speed,0.028991202153587012,628
rg3_rh,pearson,Switch_Over_Position,Max_Screw_RPM,-0.003247723608422534,628
rg3_rh,pearson,Switch_Over_Position,Average_Screw_RPM,0.014163512633166725,628
rg3_rh,pearson,Switch_Over_Position,Max_Injection_Pressure,-0.0018667845311012763,628
rg3_rh,pearson,Switch_Over_Position,Max_Switch_Over_Pressure,-0.47979745216153474,628
rg3_rh,pearson,Switch_Over_Position,Max_Back_Pressure,-0.01404174123209335,628
rg3_rh,pearson,Switch_Over_Position,Average_Back_Pressure,-0.020143116952036803,628
rg3_rh,pearson,Switch_Over_Position,Barrel_Temperature_1,-0.05366147219907982,628
rg3_rh,pearson,Switch_Over_Position,Barrel_Temperature_2,-0.013524256739853711,628
rg3_rh,pearson,Switch_Over_Position,Barrel_Temperature_3,0.007559814627848076,628
rg3_rh,pearson,Switch_Over_Position,Barrel_Temperature_4,0.011638164364936898,628
rg3_rh,pearson,Switch_Over_Position,Barrel_Temperature_5,0.052019516412329284,628
rg3_rh,pearson,Switch_Over_Position,Barrel_Temperature_6,-0.020365199403428288,628
rg3_rh,pearson,Switch_Over_Position,Hopper_Temperature,0.026084136570399402,628
rg3_rh,pearson,Switch_Over_Position,Mold_Temperature_3,0.01517560641092074,628
rg3_rh,pearson,Switch_Over_Position,Mold_Temperature_4,-0.0017734488295252115,628
rg3_rh,pearson,Plasticizing_Position,Max_Injection_Speed,-0.5910206726456017,628
rg3_rh,pearson,Plasticizing_Position,Max_Screw_RPM,0.16882170792275164,628
rg3_rh,pearson,Plasticizing_Position,Average_Screw_RPM,-0.515034015102732,628
rg3_rh,pearson,Plasticizing_Position,Max_Injection_Pressure,0.5681952713403843,628
rg3_rh,pearson,Plasticizing_Position,Max_Switch_Over_Pressure,0.5235829671514228,628
rg3_rh,pearson,Plasticizing_Position,Max_Back_Pressure,0.5577963754993372,628
rg3_rh,pearson,Plasticizing_Position,Average_Back_Pressure,0.523531901438527,628
rg3_rh,pearson,Plasticizing_Position,Barrel_Temperature_1,-0.04018014059209136,628
rg3_rh,pearson,Plasticizing_Position,Barrel_Temperature_2,-0.058701841216884314,628
rg3_rh,pearson,Plasticizing_Position,Barrel_Temperature_3,0.03611281730359841,628
rg3_rh,pearson,Plasticizing_Position,Barrel_Temperature_4,0.028362819264185633,628
rg3_rh,pearson,Plasticizing_Position,Barrel_Temperature_5,-0.008603354394496346,628
rg3_rh,pearson,Plasticizing_Position,Barrel_Temperature_6,-0.0866997493985486,628
rg3_rh,pearson,Plasticizing_Position,Hopper_Temperature,-0.5291376092749883,628
rg3_rh,pearson,Plasticizing_Position,Mold_Temperature_3,0.014804975514238471,628
rg3_rh,pearson,Plasticizing_Position,Mold_Temperature_4,0.2242363388223739,628
rg3_rh,pearson,Max_Injection_Speed,Max_Screw_RPM,-0.21787357062526952,628
rg3_rh,pearson,Max_Injection_Speed,Average_Screw_RPM,0.863922427274488,628
rg3_rh,pearson,Max_Injection_Speed,Max_Injection_Pressure,-0.9137759628410689,628
rg3_rh,pearson,Max_Injection_Speed,Max_Switch_Over_Pressure,-0.8635414957654955,628
rg3_rh,pearson,Max_Injection_Speed,Max_Back_Pressure,-0.9118263672043349,628
rg3_rh,pearson,Max_Injection_Speed,Average_Back_Pressure,-0.8264409257992469,628
rg3_rh,pearson,Max_Injection_Speed,Barrel_Temperature_1,0.032479684337265356,628
rg3_rh,pearson,Max_Injection_Speed,Barrel_Temperature_2,0.0653509403630361,628
rg3_rh,pearson,Max_Injection_Speed,Barrel_Temperature_3,-0.05525270039995037,628
rg3_rh,pearson,Max_Injection_Speed,Barrel_Temperature_4,-0.032640417510331386,628
rg3_rh,pearson,Max_Injection_Speed,Barrel_Temperature_5,0.04540766496676216,628
rg3_rh,pearson,Max_Injection_Speed,Barrel_Temperature_6,0.004487511567190741,628
rg3_rh,pearson,Max_Injection_Speed,Hopper_Temperature,0.5656591366745246,628
rg3_rh,pearson,Max_Injection_Speed,Mold_Temperature_3,-0.1289915996608736,628
rg3_rh,pearson,Max_Injection_Speed,Mold_Temperature_4,-0.364670842046984,628
rg3_rh,pearson,Max_Screw_RPM,Average_Screw_RPM,-0.2507184529164458,628
rg3_rh,pearson,Max_Screw_RPM,Max_Injection_Pressure,0.197486243213383,628
rg3_rh,pearson,Max_Screw_RPM,Max_Switch_Over_Pressure,0.18738082729951316,628
rg3_rh,pearson,Max_Screw_RPM,Max_Back_Pressure,0.18012114878344093,628
rg3_rh,pearson,Max_Screw_RPM,Average_Back_Pressure,0.10657261866554366,628
rg3_rh,pearson,Max_Screw_RPM,Barrel_Temperature_1,-0.002955506989992164,628
rg3_rh,pearson,Max_Screw_RPM,Barrel_Temperature_2,-0.00963330436031791,628
rg3_rh,pearson,Max_Screw_RPM,Barrel_Temperature_3,0.0700848290926117,628
rg3_rh,pearson,Max_Screw_RPM,Barrel_Temperature_4,-0.0674803609691322,628
rg3_rh,pearson,Max_Screw_RPM,Barrel_Temperature_5,0.0008293263481532506,628
rg3_rh,pearson,Max_Screw_RPM,Barrel_Temperature_6,-0.01390904886516308,628
rg3_rh,pearson,Max_Screw_RPM,Hopper_Temperature,-0.04274416493658902,628
rg3_rh,pearson,Max_Screw_RPM,Mold_Temperature_3,-0.008372636302712623,628
rg3_rh,pearson,Max_Screw_RPM,Mold_Temperature_4,0.03490345706111622,628
rg3_rh,pearson,Average_Screw_RPM,Max_Injection_Pressure,-0.721584288302932,628
rg3_rh,pearson,Average_Screw_RPM,Max_Switch_Over_Pressure,-0.7892278962001128,628
rg3_rh,pearson,Average_Screw_RPM,Max_Back_Pressure,-0.7857033059464528,628
rg3_rh,pearson,Average_Screw_RPM,Average_Back_Pressure,-0.6060258549818206,628
rg3_rh,pearson,Average_Screw_RPM,Barrel_Temperature_1,0.05339053667704377,628
rg3_rh,pearson,Average_Screw_RPM,Barrel_Temperature_2,0.06655541096773925,628
rg3_rh,pearson,Average_Screw_RPM,Barrel_Temperature_3,-0.06539751369566428,628
rg3_rh,pearson,Average_Screw_RPM,Barrel_Temperature_4,0.04120477339964085,628
rg3_rh,pearson,Average_Screw_RPM,Barrel_Temperature_5,0.007274948338929626,628
rg3_rh,pearson,Average_Screw_RPM,Barrel_Temperature_6,-0.04566474049761732,628
rg3_rh,pearson,Average_Screw_RPM,Hopper_Temperature,0.4028778570968586,628
rg3_rh,pearson,Average_Screw_RPM,Mold_Temperature_3,0.06570054209172194,628
rg3_rh,pearson,Average_Screw_RPM,Mold_Temperature_4,-0.13414301071078744,628
rg3_rh,pearson,Max_Injection_Pressure,Max_Switch_Over_Pressure,0.78611681950523,628
rg3_rh,pearson,Max_Injection_Pressure,Max_Back_Pressure,0.8601448508787012,628
rg3_rh,pearson,Max_Injection_Pressure,Average_Back_Pressure,0.8051359863436772,628
rg3_rh,pearson,Max_Injection_Pressure,Barrel_Temperature_1,-0.014220580342353895,628
rg3_rh,pearson,Max_Injection_Pressure,Barrel_Temperature_2,-0.04955106634859309,628
rg3_rh,pearson,Max_Injection_Pressure,Barrel_Temperature_3,0.04195210570870128,628
rg3_rh,pearson,Max_Injection_Pressure,Barrel_Temperature_4,0.0839524411313526,628
rg3_rh,pearson,Max_Injection_Pressure,Barrel_Temperature_5,-0.0779391641373896,628
rg3_rh,pearson,Max_Injection_Pressure,Barrel_Temperature_6,-0.07868290965713046,628
rg3_rh,pearson,Max_Injection_Pressure,Hopper_Temperature,-0.5158455387030854,628
rg3_rh,pearson,Max_Injection_Pressure,Mold_Temperature_3,0.13736065574755377,628
rg3_rh,pearson,Max_Injection_Pressure,Mold_Temperature_4,0.34479097487478416,628
rg3_rh,pearson,Max_Switch_Over_Pressure,Max_Back_Pressure,0.8215480598975259,628
rg3_rh,pearson,Max_Switch_Over_Pressure,Average_Back_Pressure,0.7252732887654978,628
rg3_rh,pearson,Max_Switch_Over_Pressure,Barrel_Temperature_1,-0.012394933001215061,628
rg3_rh,pearson,Max_Switch_Over_Pressure,Barrel_Temperature_2,-0.03142695448284351,628
rg3_rh,pearson,Max_Switch_Over_Pressure,Barrel_Temperature_3,0.0468930963564379,628
rg3_rh,pearson,Max_Switch_Over_Pressure,Barrel_Temperature_4,0.04256835691861574,628
rg3_rh,pearson,Max_Switch_Over_Pressure,Barrel_Temperature_5,-0.07027820915998302,628
rg3_rh,pearson,Max_Switch_Over_Pressure,Barrel_Temperature_6,0.005923806684116915,628
rg3_rh,pearson,Max_Switch_Over_Pressure,Hopper_Temperature,-0.5034690215456653,628
rg3_rh,pearson,Max_Switch_Over_Pressure,Mold_Temperature_3,0.02954766600236453,628
rg3_rh,pearson,Max_Switch_Over_Pressure,Mold_Temperature_4,0.24328148625055768,628
rg3_rh,pearson,Max_Back_Pressure,Average_Back_Pressure,0.9402949311049172,628
rg3_rh,pearson,Max_Back_Pressure,Barrel_Temperature_1,-0.06113834057850208,628
rg3_rh,pearson,Max_Back_Pressure,Barrel_Temperature_2,-0.06573436709754059,628
rg3_rh,pearson,Max_Back_Pressure,Barrel_Temperature_3,0.09406659620331136,628
rg3_rh,pearson,Max_Back_Pressure,Barrel_Temperature_4,0.30445733377664325,628
rg3_rh,pearson,Max_Back_Pressure,Barrel_Temperature_5,-0.05965072299132124,628
rg3_rh,pearson,Max_Back_Pressure,Barrel_Temperature_6,0.016769994789450897,628
rg3_rh,pearson,Max_Back_Pressure,Hopper_Temperature,-0.5458381201011887,628
rg3_rh,pearson,Max_Back_Pressure,Mold_Temperature_3,0.1005896685795537,628
rg3_rh,pearson,Max_Back_Pressure,Mold_Temperature_4,0.3223921089165436,628
rg3_rh,pearson,Average_Back_Pressure,Barrel_Temperature_1,-0.038159639876922426,628
rg3_rh,pearson,Average_Back_Pressure,Barrel_Temperature_2,-0.06220806969266779,628
rg3_rh,pearson,Average_Back_Pressure,Barrel_Temperature_3,0.10427388664041966,628
rg3_rh,pearson,Average_Back_Pressure,Barrel_Temperature_4,0.3775489890738233,628
rg3_rh,pearson,Average_Back_Pressure,Barrel_Temperature_5,-0.05525953570265164,628
rg3_rh,pearson,Average_Back_Pressure,Barrel_Temperature_6,0.019492556052360544,628
rg3_rh,pearson,Average_Back_Pressure,Hopper_Temperature,-0.5452123058213549,628
rg3_rh,pearson,Average_Back_Pressure,Mold_Temperature_3,0.25578439713374546,628
rg3_rh,pearson,Average_Back_Pressure,Mold_Temperature_4,0.46031394203893855,628
rg3_rh,pearson,Barrel_Temperature_1,Barrel_Temperature_2,-0.0225675468441169,628
rg3_rh,pearson,Barrel_Temperature_1,Barrel_Temperature_3,0.38183996519107155,628
rg3_rh,pearson,Barrel_Temperature_1,Barrel_Temperature_4,-0.06890254315467602,628
rg3_rh,pearson,Barrel_Temperature_1,Barrel_Temperature_5,0.0346050927359366,628
rg3_rh,pearson,Barrel_Temperature_1,Barrel_Temperature_6,0.22178280515049617,628
rg3_rh,pearson,Barrel_Temperature_1,Hopper_Temperature,0.04186503198572075,628
rg3_rh,pearson,Barrel_Temperature_1,Mold_Temperature_3,0.06401120543568474,628
rg3_rh,pearson,Barrel_Temperature_1,Mold_Temperature_4,0.04603430039384505,628
rg3_rh,pearson,Barrel_Temperature_2,Barrel_Temperature_3,-0.04513672223462718,628
rg3_rh,pearson,Barrel_Temperature_2,Barrel_Temperature_4,-0.033509771741622334,628
rg3_rh,pearson,Barrel_Temperature_2,Barrel_Temperature_5,-0.020787622553013786,628
rg3_rh,pearson,Barrel_Temperature_2,Barrel_Temperature_6,-0.04562580447222359,628
rg3_rh,pearson,Barrel_Temperature_2,Hopper_Temperature,0.09695332669794406,628
rg3_rh,pearson,Barrel_Temperature_2,Mold_Temperature_3,0.05669261626841935,628
rg3_rh,pearson,Barrel_Temperature_2,Mold_Temperature_4,0.026195849619106728,628
rg3_rh,pearson,Barrel_Temperature_3,Barrel_Temperature_4,0.15854133810197307,628
rg3_rh,pearson,Barrel_Temperature_3,Barrel_Temperature_5,0.1183255670187139,628
rg3_rh,pearson,Barrel_Temperature_3,Barrel_Temperature_6,0.12009818638666549,628
rg3_rh,pearson,Barrel_Temperature_3,Hopper_Temperature,0.01222052142069404,628
rg3_rh,pearson,Barrel_Temperature_3,Mold_Temperature_3,0.04831273658189571,628
rg3_rh,pearson,Barrel_Temperature_3,Mold_Temperature_4,0.05076299460583634,628
rg3_rh,pearson,Barrel_Temperature_4,Barrel_Temperature_5,-0.12684968223708776,628
rg3_rh,pearson,Barrel_Temperature_4,Barrel_Temperature_6,-0.04539896495924381,628
rg3_rh,pearson,Barrel_Temperature_4,Hopper_Temperature,0.048145357899719354,628
rg3_rh,pearson,Barrel_Temperature_4,Mold_Temperature_3,0.030407077337106514,628
rg3_rh,pearson,Barrel_Temperature_4,Mold_Temperature_4,0.01882522927715158,628
rg3_rh,pearson,Barrel_Temperature_5,Barrel_Temperature_6,-0.02410660365448896,628
rg3_rh,pearson,Barrel_Temperature_5,Hopper_Temperature,0.026493997214106932,628
rg3_rh,pearson,Barrel_Temperature_5,Mold_Temperature_3,0.05140898937075756,628
rg3_rh,pearson,Barrel_Temperature_5,Mold_Temperature_4,0.04811328887943909,628
rg3_rh,pearson,Barrel_Temperature_6,Hopper_Temperature,0.0011448489472216147,628
rg3_rh,pearson,Barrel_Temperature_6,Mold_Temperature_3,0.10735988639511392,628
rg3_rh,pearson,Barrel_Temperature_6,Mold_Temperature_4,0.10563633246572694,628
rg3_rh,pearson,Hopper_Temperature,Mold_Temperature_3,0.12757344828367664,628
rg3_rh,pearson,Hopper_Temperature,Mold_Temperature_4,-0.10865799856492261,628
rg3_rh,pearson,Mold_Temperature_3,Mold_Temperature_4,0.953457862737083,628
rg3_rh,spearman,Injection_Time,Filling_Time,0.40836704755722814,628
rg3_rh,spearman,Injection_Time,Plasticizing_Time,0.33043551447974284,628
rg3_rh,spearman,Injection_Time,Cycle_Time,0.007938452850946333,628
rg3_rh,spearman,Injection_Time,Clamp_Close_Time,-0.39765614574341446,628
rg3_rh,spearman,Injection_Time,Cushion_Position,-0.10610642894869342,628
rg3_rh,spearman,Injection_Time,Switch_Over_Position,-0.01360122627208367,628
rg3_rh,spearman,Injection_Time,Plasticizing_Position,0.38185703269832233,628
rg3_rh,spearman,Injection_Time,Max_Injection_Speed,-0.45132868963465245,628
rg3_rh,spearman,Injection_Time,Max_Screw_RPM,0.15768586706083357,628
rg3_rh,spearman,Injection_Time,Average_Screw_RPM,-0.4256961644630171,628
rg3_rh,spearman,Injection_Time,Max_Injection_Pressure,0.45176921807945547,628
rg3_rh,spearman,Injection_Time,Max_Switch_Over_Pressure,0.44263787157456697,628
rg3_rh,spearman,Injection_Time,Max_Back_Pressure,0.4248647000984919,628
rg3_rh,spearman,Injection_Time,Average_Back_Pressure,0.41564215136847077,628
rg3_rh,spearman,Injection_Time,Barrel_Temperature_1,-0.023120608118804686,628
rg3_rh,spearman,Injection_Time,Barrel_Temperature_2,-0.04565685078352046,628
rg3_rh,spearman,Injection_Time,Barrel_Temperature_3,0.06703746489541065,628
rg3_rh,spearman,Injection_Time,Barrel_Temperature_4,-0.023266298223551155,628
rg3_rh,spearman,Injection_Time,Barrel_Temperature_5,-0.006518129312422123,628
rg3_rh,spearman,Injection_Time,Barrel_Temperature_6,0.0354182927141213,628
rg3_rh,spearman,Injection_Time,Hopper_Temperature,-0.34717997974729103,628
rg3_rh,spearman,Injection_Time,Mold_Temperature_3,-0.027934558581080654,628
rg3_rh,spearman,Injection_Time,Mold_Temperature_4,0.20543618513603495,628
rg3_rh,spearman,Filling_Time,Plasticizing_Time,-0.12142411429029278,628
rg3_rh,spearman,Filling_Time,Cycle_Time,-0.07818698878419122,628
rg3_rh,spearman,Filling_Time,Clamp_Close_Time,-0.4616432447181695,628
rg3_rh,spearman,Filling_Time,Cushion_Position,-0.7510516650189056,628
rg3_rh,spearman,Filling_Time,Switch_Over_Position,0.03864854025083853,628
rg3_rh,spearman,Filling_Time,Plasticizing_Position,0.3882980682662329,628
rg3_rh,spearman,Filling_Time,Max_Injection_Speed,-0.8089226578541792,628
rg3_rh,spearman,Filling_Time,Max_Screw_RPM,0.05915836806124908,628
rg3_rh,spearman,Filling_Time,Average_Screw_RPM,-0.2564818658095038,628
rg3_rh,spearman,Filling_Time,Max_Injection_Pressure,0.8296185657769966,628
rg3_rh,spearman,Filling_Time,Max_Switch_Over_Pressure,0.7756841325519321,628
rg3_rh,spearman,Filling_Time,Max_Back_Pressure,0.6982601140358679,628
rg3_rh,spearman,Filling_Time,Average_Back_Pressure,0.6857732221643295,628
rg3_rh,spearman,Filling_Time,Barrel_Temperature_1,-0.01280704746014446,628
rg3_rh,spearman,Filling_Time,Barrel_Temperature_2,0.014970471754949565,628
rg3_rh,spearman,Filling_Time,Barrel_Temperature_3,0.0332322367349647,628
rg3_rh,spearman,Filling_Time,Barrel_Temperature_4,0.1307182266644979,628
rg3_rh,spearman,Filling_Time,Barrel_Temperature_5,-0.08403648443376664,628
rg3_rh,spearman,Filling_Time,Barrel_Temperature_6,-0.062321845949853946,628
rg3_rh,spearman,Filling_Time,Hopper_Temperature,-0.46162879950448166,628
rg3_rh,spearman,Filling_Time,Mold_Temperature_3,0.281770586605741,628
rg3_rh,spearman,Filling_Time,Mold_Temperature_4,0.4363130596984161,628
rg3_rh,spearman,Plasticizing_Time,Cycle_Time,0.1078778210828192,628
rg3_rh,spearman,Plasticizing_Time,Clamp_Close_Time,0.16555936211101266,628
rg3_rh,spearman,Plasticizing_Time,Cushion_Position,0.22214425541094615,628
rg3_rh,spearman,Plasticizing_Time,Switch_Over_Position,-0.004218894134879733,628
rg3_rh,spearman,Plasticizing_Time,Plasticizing_Position,0.02450744716104706,628
rg3_rh,spearman,Plasticizing_Time,Max_Injection_Speed,0.23404323019755427,628
rg3_rh,spearman,Plasticizing_Time,Max_Screw_RPM,0.10532106194998636,628
rg3_rh,spearman,Plasticizing_Time,Average_Screw_RPM,0.047536387010772035,628
rg3_rh,spearman,Plasticizing_Time,Max_Injection_Pressure,-0.04828066004669997,628
rg3_rh,spearman,Plasticizing_Time,Max_Switch_Over_Pressure,-0.1585414745163357,628
rg3_rh,spearman,Plasticizing_Time,Max_Back_Pressure,-0.20777149791822236,628
rg3_rh,spearman,Plasticizing_Time,Average_Back_Pressure,-0.29815325840962026,628
rg3_rh,spearman,Plasticizing_Time,Barrel_Temperature_1,-0.012617934140411286,628
rg3_rh,spearman,Plasticizing_Time,Barrel_Temperature_2,-0.015596788331758218,628
rg3_rh,spearman,Plasticizing_Time,Barrel_Temperature_3,-0.05469355032473559,628
rg3_rh,spearman,Plasticizing_Time,Barrel_Temperature_4,-0.25029747352556664,628
rg3_rh,spearman,Plasticizing_Time,Barrel_Temperature_5,0.02207541010370515,628
rg3_rh,spearman,Plasticizing_Time,Barrel_Temperature_6,-0.018627445633026974,628
rg3_rh,spearman,Plasticizing_Time,Hopper_Temperature,0.10212716746923169,628
rg3_rh,spearman,Plasticizing_Time,Mold_Temperature_3,-0.5112420157844247,628
rg3_rh,spearman,Plasticizing_Time,Mold_Temperature_4,-0.4448662421374608,628
rg3_rh,spearman,Cycle_Time,Clamp_Close_Time,0.2050323873989784,628
rg3_rh,spearman,Cycle_Time,Cushion_Position,0.0970885310689197,628
rg3_rh,spearman,Cycle_Time,Switch_Over_Position,0.039377058989973845,628
rg3_rh,spearman,Cycle_Time,Plasticizing_Position,-0.08670768721220119,628
rg3_rh,spearman,Cycle_Time,Max_Injection_Speed,0.1415975994066265,628
rg3_rh,spearman,Cycle_Time,Max_Screw_RPM,0.053303187430527796,628
rg3_rh,spearman,Cycle_Time,Average_Screw_RPM,0.07735712367807293,628
rg3_rh,spearman,Cycle_Time,Max_Injection_Pressure,-0.0893567478698132,628
rg3_rh,spearman,Cycle_Time,Max_Switch_Over_Pressure,-0.1097068375244122,628
rg3_rh,spearman,Cycle_Time,Max_Back_Pressure,-0.06205304083291647,628
rg3_rh,spearman,Cycle_Time,Average_Back_Pressure,-0.09536910822885566,628
rg3_rh,spearman,Cycle_Time,Barrel_Temperature_1,-0.07804849935346904,628
rg3_rh,spearman,Cycle_Time,Barrel_Temperature_2,-0.013158904954277493,628
rg3_rh,spearman,Cycle_Time,Barrel_Temperature_3,0.009359251221977314,628
rg3_rh,spearman,Cycle_Time,Barrel_Temperature_4,0.04424133510356137,628
rg3_rh,spearman,Cycle_Time,Barrel_Temperature_5,-0.04968269736560257,628
rg3_rh,spearman,Cycle_Time,Barrel_Temperature_6,-0.03556350810871192,628
rg3_rh,spearman,Cycle_Time,Hopper_Temperature,0.0921183712808707,628
rg3_rh,spearman,Cycle_Time,Mold_Temperature_3,-0.1955565795005476,628
rg3_rh,spearman,Cycle_Time,Mold_Temperature_4,-0.20497966193748998,628
rg3_rh,spearman,Clamp_Close_Time,Cushion_Position,0.4817359622232936,628
rg3_rh,spearman,Clamp_Close_Time,Switch_Over_Position,0.0635780881938851,628
rg3_rh,spearman,Clamp_Close_Time,Plasticizing_Position,-0.6886648577345311,628
rg3_rh,spearman,Clamp_Close_Time,Max_Injection_Speed,0.637745053724235,628
rg3_rh,spearman,Clamp_Close_Time,Max_Screw_RPM,-0.07374888283415079,628
rg3_rh,spearman,Clamp_Close_Time,Average_Screw_RPM,0.29725294362201915,628
rg3_rh,spearman,Clamp_Close_Time,Max_Injection_Pressure,-0.493446153549593,628
rg3_rh,spearman,Clamp_Close_Time,Max_Switch_Over_Pressure,-0.5801452221855038,628
rg3_rh,spearman,Clamp_Close_Time,Max_Back_Pressure,-0.5220887438805143,628
rg3_rh,spearman,Clamp_Close_Time,Average_Back_Pressure,-0.5612316871586454,628
rg3_rh,spearman,Clamp_Close_Time,Barrel_Temperature_1,0.03887540089263305,628
rg3_rh,spearman,Clamp_Close_Time,Barrel_Temperature_2,0.07703932354970344,628
rg3_rh,spearman,Clamp_Close_Time,Barrel_Temperature_3,-0.020249628678756702,628
rg3_rh,spearman,Clamp_Close_Time,Barrel_Temperature_4,0.02730299712196103,628
rg3_rh,spearman,Clamp_Close_Time,Barrel_Temperature_5,-0.009743569866063203,628
rg3_rh,spearman,Clamp_Close_Time,Barrel_Temperature_6,-0.04969805654041601,628
rg3_rh,spearman,Clamp_Close_Time,Hopper_Temperature,0.6005211033932335,628
rg3_rh,spearman,Clamp_Close_Time,Mold_Temperature_3,-0.27202904124453753,628
rg3_rh,spearman,Clamp_Close_Time,Mold_Temperature_4,-0.43398029454823767,628
rg3_rh,spearman,Cushion_Position,Switch_Over_Position,0.03582976304435403,628
rg3_rh,spearman,Cushion_Position,Plasticizing_Position,-0.4096798668874724,628
rg3_rh,spearman,Cushion_Position,Max_Injection_Speed,0.7942288847427968,628
rg3_rh,spearman,Cushion_Position,Max_Screw_RPM,-0.04028227910472015,628
rg3_rh,spearman,Cushion_Position,Average_Screw_RPM,0.15878648627724976,628
rg3_rh,spearman,Cushion_Position,Max_Injection_Pressure,-0.778599138252516,628
rg3_rh,spearman,Cushion_Position,Max_Switch_Over_Pressure,-0.7715748929746976,628
rg3_rh,spearman,Cushion_Position,Max_Back_Pressure,-0.677295369844048,628
rg3_rh,spearman,Cushion_Position,Average_Back_Pressure,-0.666190995042172,628
rg3_rh,spearman,Cushion_Position,Barrel_Temperature_1,0.023480670613883044,628
rg3_rh,spearman,Cushion_Position,Barrel_Temperature_2,0.036901198818109986,628
rg3_rh,spearman,Cushion_Position,Barrel_Temperature_3,0.0464756871867668,628
rg3_rh,spearman,Cushion_Position,Barrel_Temperature_4,-0.09909336584719444,628
rg3_rh,spearman,Cushion_Position,Barrel_Temperature_5,0.09664782911696575,628
rg3_rh,spearman,Cushion_Position,Barrel_Temperature_6,0.061379741782331375,628
rg3_rh,spearman,Cushion_Position,Hopper_Temperature,0.46251306363681594,628
rg3_rh,spearman,Cushion_Position,Mold_Temperature_3,-0.3028151797635645,628
rg3_rh,spearman,Cushion_Position,Mold_Temperature_4,-0.42050580142522953,628
rg3_rh,spearman,Switch_Over_Position,Plasticizing_Position,-0.0417042393536942,628
rg3_rh,spearman,Switch_Over_Position,Max_Injection_Speed,0.044276988695214514,628
rg3_rh,spearman,Switch_Over_Position,Max_Screw_RPM,-0.0021059068961605952,628
rg3_rh,spearman,Switch_Over_Position,Average_Screw_RPM,0.026589710030239157,628
rg3_rh,spearman,Switch_Over_Position,Max_Injection_Pressure,0.0049890257541342345,628
rg3_rh,spearman,Switch_Over_Position,Max_Switch_Over_Pressure,-0.09798196367073335,628
rg3_rh,spearman,Switch_Over_Position,Max_Back_Pressure,-0.011418092976671177,628
rg3_rh,spearman,Switch_Over_Position,Average_Back_Pressure,-0.02030433501818446,628
rg3_rh,spearman,Switch_Over_Position,Barrel_Temperature_1,-0.06370352436919648,628
rg3_rh,spearman,Switch_Over_Position,Barrel_Temperature_2,-0.011645187602591374,628
rg3_rh,spearman,Switch_Over_Position,Barrel_Temperature_3,0.016148877837562442,628
rg3_rh,spearman,Switch_Over_Position,Barrel_Temperature_4,0.014982200145233788,628
rg3_rh,spearman,Switch_Over_Position,Barrel_Temperature_5,0.06611055063485384,628
rg3_rh,spearman,Switch_Over_Position,Barrel_Temperature_6,-0.01939298624077795,628
rg3_rh,spearman,Switch_Over_Position,Hopper_Temperature,0.024573598325553295,628
rg3_rh,spearman,Switch_Over_Position,Mold_Temperature_3,0.012573183950407178,628
rg3_rh,spearman,Switch_Over_Position,Mold_Temperature_4,0.004138524669968692,628
rg3_rh,spearman,Plasticizing_Position,Max_Injection_Speed,-0.5334638830285506,628
rg3_rh,spearman,Plasticizing_Position,Max_Screw_RPM,0.10125902967961384,628
rg3_rh,spearman,Plasticizing_Position,Average_Screw_RPM,-0.2016062079615156,628
rg3_rh,spearman,Plasticizing_Position,Max_Injection_Pressure,0.4855702461694419,628
rg3_rh,spearman,Plasticizing_Position,Max_Switch_Over_Pressure,0.5083110873938346,628
rg3_rh,spearman,Plasticizing_Position,Max_Back_Pressure,0.46491121720035505,628
rg3_rh,spearman,Plasticizing_Position,Average_Back_Pressure,0.472377271036712,628
rg3_rh,spearman,Plasticizing_Position,Barrel_Temperature_1,-0.04140159763340137,628
rg3_rh,spearman,Plasticizing_Position,Barrel_Temperature_2,-0.0427328954713184,628
rg3_rh,spearman,Plasticizing_Position,Barrel_Temperature_3,0.013909665042204405,628
rg3_rh,spearman,Plasticizing_Position,Barrel_Temperature_4,0.031481280762858214,628
rg3_rh,spearman,Plasticizing_Position,Barrel_Temperature_5,-0.011781847334819467,628
rg3_rh,spearman,Plasticizing_Position,Barrel_Temperature_6,-0.0944346365406328,628
rg3_rh,spearman,Plasticizing_Position,Hopper_Temperature,-0.5413145378043532,628
rg3_rh,spearman,Plasticizing_Position,Mold_Temperature_3,0.04199899937188224,628
rg3_rh,spearman,Plasticizing_Position,Mold_Temperature_4,0.2031143472848445,628
rg3_rh,spearman,Max_Injection_Speed,Max_Screw_RPM,-0.07612060883546791,628
rg3_rh,spearman,Max_Injection_Speed,Average_Screw_RPM,0.32413263546965,628
rg3_rh,spearman,Max_Injection_Speed,Max_Injection_Pressure,-0.850299687215652,628
rg3_rh,spearman,Max_Injection_Speed,Max_Switch_Over_Pressure,-0.8910301152637189,628
rg3_rh,spearman,Max_Injection_Speed,Max_Back_Pressure,-0.7852376065617349,628
rg3_rh,spearman,Max_Injection_Speed,Average_Back_Pressure,-0.799078689893631,628
rg3_rh,spearman,Max_Injection_Speed,Barrel_Temperature_1,-0.0059673251002175225,628
rg3_rh,spearman,Max_Injection_Speed,Barrel_Temperature_2,0.046414595408615485,628
rg3_rh,spearman,Max_Injection_Speed,Barrel_Temperature_3,-0.030660982761686266,628
rg3_rh,spearman,Max_Injection_Speed,Barrel_Temperature_4,-0.10997606937062926,628
rg3_rh,spearman,Max_Injection_Speed,Barrel_Temperature_5,0.08503837064705749,628
rg3_rh,spearman,Max_Injection_Speed,Barrel_Temperature_6,0.04521176508478321,628
rg3_rh,spearman,Max_Injection_Speed,Hopper_Temperature,0.6237510714394006,628
rg3_rh,spearman,Max_Injection_Speed,Mold_Temperature_3,-0.3394001671618449,628
rg3_rh,spearman,Max_Injection_Speed,Mold_Temperature_4,-0.5229412224338772,628
rg3_rh,spearman,Max_Screw_RPM,Average_Screw_RPM,-0.14227699881810577,628
rg3_rh,spearman,Max_Screw_RPM,Max_Injection_Pressure,0.08288102730487522,628
rg3_rh,spearman,Max_Screw_RPM,Max_Switch_Over_Pressure,0.04820772511292096,628
rg3_rh,spearman,Max_Screw_RPM,Max_Back_Pressure,0.05183371015258245,628
rg3_rh,spearman,Max_Screw_RPM,Average_Back_Pressure,0.027081544743384128,628
rg3_rh,spearman,Max_Screw_RPM,Barrel_Temperature_1,0.010065772038847981,628
rg3_rh,spearman,Max_Screw_RPM,Barrel_Temperature_2,-0.005649389940930833,628
rg3_rh,spearman,Max_Screw_RPM,Barrel_Temperature_3,0.05566392118753865,628
rg3_rh,spearman,Max_Screw_RPM,Barrel_Temperature_4,-0.0633746198684636,628
rg3_rh,spearman,Max_Screw_RPM,Barrel_Temperature_5,0.014004114976881067,628
rg3_rh,spearman,Max_Screw_RPM,Barrel_Temperature_6,-0.006023680917290449,628
rg3_rh,spearman,Max_Screw_RPM,Hopper_Temperature,-0.020408598717708958,628
rg3_rh,spearman,Max_Screw_RPM,Mold_Temperature_3,-0.0011110373996502194,628
rg3_rh,spearman,Max_Screw_RPM,Mold_Temperature_4,0.040810660569851255,628
rg3_rh,spearman,Average_Screw_RPM,Max_Injection_Pressure,-0.24771002700351774,628
rg3_rh,spearman,Average_Screw_RPM,Max_Switch_Over_Pressure,-0.23971636594661183,628
rg3_rh,spearman,Average_Screw_RPM,Max_Back_Pressure,-0.2346519051368654,628
rg3_rh,spearman,Average_Screw_RPM,Average_Back_Pressure,-0.42155335563160706,628
rg3_rh,spearman,Average_Screw_RPM,Barrel_Temperature_1,-0.04379209883720093,628
rg3_rh,spearman,Average_Screw_RPM,Barrel_Temperature_2,0.09903035017947494,628
rg3_rh,spearman,Average_Screw_RPM,Barrel_Temperature_3,-0.044108389139141724,628
rg3_rh,spearman,Average_Screw_RPM,Barrel_Temperature_4,0.02075774743900483,628
rg3_rh,spearman,Average_Screw_RPM,Barrel_Temperature_5,-0.038669681783477024,628
rg3_rh,spearman,Average_Screw_RPM,Barrel_Temperature_6,-0.03872179056566379,628
rg3_rh,spearman,Average_Screw_RPM,Hopper_Temperature,0.18118510084625955,628
rg3_rh,spearman,Average_Screw_RPM,Mold_Temperature_3,-0.26359533773053023,628
rg3_rh,spearman,Average_Screw_RPM,Mold_Temperature_4,-0.38180277888806435,628
rg3_rh,spearman,Max_Injection_Pressure,Max_Switch_Over_Pressure,0.8263530815160349,628
rg3_rh,spearman,Max_Injection_Pressure,Max_Back_Pressure,0.7320563503762231,628
rg3_rh,spearman,Max_Injection_Pressure,Average_Back_Pressure,0.7137512976952209,628
rg3_rh,spearman,Max_Injection_Pressure,Barrel_Temperature_1,0.00559332755225366,628
rg3_rh,spearman,Max_Injection_Pressure,Barrel_Temperature_2,-0.03245740433975197,628
rg3_rh,spearman,Max_Injection_Pressure,Barrel_Temperature_3,0.009209531505586031,628
rg3_rh,spearman,Max_Injection_Pressure,Barrel_Temperature_4,0.1386781747853685,628
rg3_rh,spearman,Max_Injection_Pressure,Barrel_Temperature_5,-0.09387052769129921,628
rg3_rh,spearman,Max_Injection_Pressure,Barrel_Temperature_6,-0.1228774840329179,628
rg3_rh,spearman,Max_Injection_Pressure,Hopper_Temperature,-0.48836607936955373,628
rg3_rh,spearman,Max_Injection_Pressure,Mold_Temperature_3,0.22517593569173042,628
rg3_rh,spearman,Max_Injection_Pressure,Mold_Temperature_4,0.38734721748847517,628
rg3_rh,spearman,Max_Switch_Over_Pressure,Max_Back_Pressure,0.8306169529387872,628
rg3_rh,spearman,Max_Switch_Over_Pressure,Average_Back_Pressure,0.7914152152621703,628
rg3_rh,spearman,Max_Switch_Over_Pressure,Barrel_Temperature_1,-0.005713691311464658,628
rg3_rh,spearman,Max_Switch_Over_Pressure,Barrel_Temperature_2,-0.005364586075072894,628
rg3_rh,spearman,Max_Switch_Over_Pressure,Barrel_Temperature_3,0.019619361613081934,628
rg3_rh,spearman,Max_Switch_Over_Pressure,Barrel_Temperature_4,0.17618350949385977,628
rg3_rh,spearman,Max_Switch_Over_Pressure,Barrel_Temperature_5,-0.10823072116069628,628
rg3_rh,spearman,Max_Switch_Over_Pressure,Barrel_Temperature_6,-0.060759432298246194,628
rg3_rh,spearman,Max_Switch_Over_Pressure,Hopper_Temperature,-0.6177291159465436,628
rg3_rh,spearman,Max_Switch_Over_Pressure,Mold_Temperature_3,0.2019538887568689,628
rg3_rh,spearman,Max_Switch_Over_Pressure,Mold_Temperature_4,0.3835349221849273,628
rg3_rh,spearman,Max_Back_Pressure,Average_Back_Pressure,0.9519224161094019,628
rg3_rh,spearman,Max_Back_Pressure,Barrel_Temperature_1,-0.0446213985038646,628
rg3_rh,spearman,Max_Back_Pressure,Barrel_Temperature_2,-0.05466998332981173,628
rg3_rh,spearman,Max_Back_Pressure,Barrel_Temperature_3,0.10779178153898646,628
rg3_rh,spearman,Max_Back_Pressure,Barrel_Temperature_4,0.4979258982749307,628
rg3_rh,spearman,Max_Back_Pressure,Barrel_Temperature_5,-0.0709138962002086,628
rg3_rh,spearman,Max_Back_Pressure,Barrel_Temperature_6,-0.005904923255583025,628
rg3_rh,spearman,Max_Back_Pressure,Hopper_Temperature,-0.5281330997884662,628
rg3_rh,spearman,Max_Back_Pressure,Mold_Temperature_3,0.2219823685977177,628
rg3_rh,spearman,Max_Back_Pressure,Mold_Temperature_4,0.38432861001732965,628
rg3_rh,spearman,Average_Back_Pressure,Barrel_Temperature_1,-0.023447193960131413,628
rg3_rh,spearman,Average_Back_Pressure,Barrel_Temperature_2,-0.05638899467248409,628
rg3_rh,spearman,Average_Back_Pressure,Barrel_Temperature_3,0.11501595329210106,628
rg3_rh,spearman,Average_Back_Pressure,Barrel_Temperature_4,0.45172289456113046,628
rg3_rh,spearman,Average_Back_Pressure,Barrel_Temperature_5,-0.041264059978616756,628
rg3_rh,spearman,Average_Back_Pressure,Barrel_Temperature_6,0.007716457805996586,628
rg3_rh,spearman,Average_Back_Pressure,Hopper_Temperature,-0.5408486911971812,628
rg3_rh,spearman,Average_Back_Pressure,Mold_Temperature_3,0.3317086434889004,628
rg3_rh,spearman,Average_Back_Pressure,Mold_Temperature_4,0.4940284501951204,628
rg3_rh,spearman,Barrel_Temperature_1,Barrel_Temperature_2,0.0009596423760158119,628
rg3_rh,spearman,Barrel_Temperature_1,Barrel_Temperature_3,0.37439632189572697,628
rg3_rh,spearman,Barrel_Temperature_1,Barrel_Temperature_4,-0.06482609744327553,628
rg3_rh,spearman,Barrel_Temperature_1,Barrel_Temperature_5,0.12133356250008025,628
rg3_rh,spearman,Barrel_Temperature_1,Barrel_Temperature_6,0.21383639687733405,628
rg3_rh,spearman,Barrel_Temperature_1,Hopper_Temperature,0.046051406474464165,628
rg3_rh,spearman,Barrel_Temperature_1,Mold_Temperature_3,0.06394360410432162,628
rg3_rh,spearman,Barrel_Temperature_1,Mold_Temperature_4,0.04562248938335937,628
rg3_rh,spearman,Barrel_Temperature_2,Barrel_Temperature_3,-0.031370905680476666,628
rg3_rh,spearman,Barrel_Temperature_2,Barrel_Temperature_4,-0.028510200052785567,628
rg3_rh,spearman,Barrel_Temperature_2,Barrel_Temperature_5,-0.02374549859789941,628
rg3_rh,spearman,Barrel_Temperature_2,Barrel_Temperature_6,-0.03421760526809235,628
rg3_rh,spearman,Barrel_Temperature_2,Hopper_Temperature,0.08203083206744548,628
rg3_rh,spearman,Barrel_Temperature_2,Mold_Temperature_3,0.06094974080920942,628
rg3_rh,spearman,Barrel_Temperature_2,Mold_Temperature_4,0.036583859950886144,628
rg3_rh,spearman,Barrel_Temperature_3,Barrel_Temperature_4,0.19302038610819278,628
rg3_rh,spearman,Barrel_Temperature_3,Barrel_Temperature_5,0.23000415432773627,628
rg3_rh,spearman,Barrel_Temperature_3,Barrel_Temperature_6,0.1446905693101267,628
rg3_rh,spearman,Barrel_Temperature_3,Hopper_Temperature,0.0028716675415557196,628
rg3_rh,spearman,Barrel_Temperature_3,Mold_Temperature_3,0.04321992708517046,628
rg3_rh,spearman,Barrel_Temperature_3,Mold_Temperature_4,0.049459313956611524,628
rg3_rh,spearman,Barrel_Temperature_4,Barrel_Temperature_5,-0.09135497093527449,628
rg3_rh,spearman,Barrel_Temperature_4,Barrel_Temperature_6,-0.03250632785533722,628
rg3_rh,spearman,Barrel_Temperature_4,Hopper_Temperature,0.05340539115981252,628
rg3_rh,spearman,Barrel_Temperature_4,Mold_Temperature_3,0.04092315092245621,628
rg3_rh,spearman,Barrel_Temperature_4,Mold_Temperature_4,0.023439100448868627,628
rg3_rh,spearman,Barrel_Temperature_5,Barrel_Temperature_6,0.019836609503432294,628
rg3_rh,spearman,Barrel_Temperature_5,Hopper_Temperature,0.0036217222800554467,628
rg3_rh,spearman,Barrel_Temperature_5,Mold_Temperature_3,0.07274375367552607,628
rg3_rh,spearman,Barrel_Temperature_5,Mold_Temperature_4,0.06876452345369205,628
rg3_rh,spearman,Barrel_Temperature_6,Hopper_Temperature,-0.005116835318716068,628
rg3_rh,spearman,Barrel_Temperature_6,Mold_Temperature_3,0.09529697182574838,628
rg3_rh,spearman,Barrel_Temperature_6,Mold_Temperature_4,0.09907130195116207,628
rg3_rh,spearman,Hopper_Temperature,Mold_Temperature_3,0.03726192776891768,628
rg3_rh,spearman,Hopper_Temperature,Mold_Temperature_4,-0.15268787039665768,628
rg3_rh,spearman,Mold_Temperature_3,Mold_Temperature_4,0.9528026104522715,628
